OTBLOCK|Rodopoli|HEAD|Land_i_House_Big_01_V1_F|[18723.176,16600.572,33.800]|234.79|150
OTBLOCK|Rodopoli|ROAD|ROAD|10.0|[18808.31,16480.70,29.78]|[18809.38,16501.62,30.14]
OTBLOCK|Rodopoli|ROAD|TRACK|10.0|[18800.40,16499.62,30.24]|[18787.17,16494.80,29.73]
OTBLOCK|Rodopoli|ROAD|TRACK|10.0|[18611.39,16549.29,38.59]|[18587.26,16540.85,39.95]
OTBLOCK|Rodopoli|ROAD|TRACK|10.0|[18630.33,16556.84,37.44]|[18611.39,16549.29,38.59]
OTBLOCK|Rodopoli|ROAD|TRACK|10.0|[18730.67,16532.10,31.17]|[18710.15,16562.12,33.01]
OTBLOCK|Rodopoli|ROAD|TRACK|10.0|[18648.21,16608.87,37.15]|[18654.92,16603.80,36.64]
OTBLOCK|Rodopoli|ROAD|TRACK|10.0|[18647.31,16617.08,37.61]|[18648.21,16608.87,37.15]
OTBLOCK|Rodopoli|ROAD|TRACK|10.0|[18685.46,16598.73,34.89]|[18671.25,16583.35,35.14]
OTBLOCK|Rodopoli|ROAD|TRACK|10.0|[18654.92,16603.80,36.64]|[18670.59,16593.03,35.41]
OTBLOCK|Rodopoli|ROAD|TRACK|10.0|[18690.00,16589.62,34.69]|[18684.38,16597.17,34.88]
OTBLOCK|Rodopoli|ROAD|TRACK|10.0|[18670.59,16593.03,35.41]|[18678.50,16587.69,34.98]
OTBLOCK|Rodopoli|ROAD|TRACK|10.0|[18706.97,16616.06,34.57]|[18685.46,16598.73,34.89]
OTBLOCK|Rodopoli|ROAD|TRACK|10.0|[18715.16,16622.22,34.28]|[18706.97,16616.06,34.57]
OTBLOCK|Rodopoli|ROAD|TRACK|10.0|[18716.01,16621.99,34.20]|[18708.00,16617.10,34.56]
OTBLOCK|Rodopoli|ROAD|TRACK|10.0|[18739.12,16625.74,32.78]|[18750.26,16608.47,32.63]
OTBLOCK|Rodopoli|ROAD|TRACK|10.0|[18750.26,16608.47,32.63]|[18761.30,16591.36,31.83]
OTBLOCK|Rodopoli|ROAD|MAIN ROAD|14.0|[18848.37,16643.11,31.36]|[18830.22,16674.50,32.29]
OTBLOCK|Rodopoli|ROAD|ROAD|10.0|[18835.12,16646.80,31.46]|[18841.08,16654.60,31.51]
OTBLOCK|Rodopoli|ROAD|TRACK|10.0|[18742.04,16503.38,30.21]|[18730.67,16532.10,31.17]
OTBLOCK|Rodopoli|ROAD|TRACK|10.0|[18810.26,16503.39,30.10]|[18800.40,16499.62,30.24]
OTBLOCK|Rodopoli|ROAD|ROAD|10.0|[18809.38,16501.62,30.14]|[18812.51,16521.76,30.33]
OTBLOCK|Rodopoli|ROAD|TRACK|10.0|[18823.03,16505.56,29.99]|[18841.02,16506.24,28.60]
OTBLOCK|Rodopoli|ROAD|TRACK|10.0|[18809.26,16504.48,30.12]|[18819.47,16505.35,30.06]
OTBLOCK|Rodopoli|ROAD|TRACK|10.0|[18819.47,16505.35,30.06]|[18823.03,16505.56,29.99]
OTBLOCK|Rodopoli|ROAD|TRACK|10.0|[18739.38,16636.36,32.87]|[18716.01,16621.99,34.20]
OTBLOCK|Rodopoli|ROAD|TRACK|10.0|[18733.61,16634.29,33.17]|[18739.12,16625.74,32.78]
OTBLOCK|Rodopoli|ROAD|TRACK|10.0|[18762.92,16651.08,33.29]|[18739.38,16636.36,32.87]
OTBLOCK|Rodopoli|ROAD|TRACK|10.0|[18787.06,16637.00,32.73]|[18776.26,16646.94,32.89]
OTBLOCK|Rodopoli|ROAD|TRACK|10.0|[18797.38,16627.93,32.28]|[18787.06,16637.00,32.73]
OTBLOCK|Rodopoli|ROAD|ROAD|10.0|[18826.76,16630.97,31.29]|[18831.77,16641.85,31.45]
OTBLOCK|Rodopoli|ROAD|ROAD|10.0|[18831.77,16641.85,31.45]|[18835.12,16646.80,31.46]
OTBLOCK|Rodopoli|ROAD|MAIN ROAD|14.0|[18861.24,16637.40,31.09]|[18848.37,16643.11,31.36]
OTBLOCK|Rodopoli|ROAD|TRACK|10.0|[18751.13,16490.97,29.70]|[18742.04,16503.38,30.21]
OTBLOCK|Rodopoli|ROAD|TRACK|10.0|[18787.17,16494.80,29.73]|[18765.30,16488.17,29.72]
OTBLOCK|Rodopoli|ROAD|TRACK|10.0|[18765.30,16488.17,29.72]|[18751.13,16490.97,29.70]
OTBLOCK|Rodopoli|ROAD|TRACK|10.0|[18671.25,16583.35,35.14]|[18653.34,16569.79,35.95]
OTBLOCK|Rodopoli|ROAD|TRACK|10.0|[18710.15,16562.12,33.01]|[18690.00,16589.62,34.69]
OTBLOCK|Rodopoli|ROAD|TRACK|10.0|[18761.30,16591.36,31.83]|[18766.49,16583.29,31.43]
OTBLOCK|Rodopoli|ROAD|ROAD|10.0|[18815.30,16546.56,30.25]|[18818.94,16575.79,30.23]
OTBLOCK|Rodopoli|ROAD|ROAD|10.0|[18818.94,16575.79,30.23]|[18822.45,16602.83,30.37]
OTBLOCK|Rodopoli|ROAD|TRACK|10.0|[18868.46,16555.98,27.68]|[18850.92,16573.95,28.70]
OTBLOCK|Rodopoli|ROAD|TRACK|10.0|[18850.92,16573.95,28.70]|[18833.75,16591.46,29.77]
OTBLOCK|Rodopoli|ROAD|TRACK|10.0|[18818.25,16607.19,30.63]|[18797.38,16627.93,32.28]
OTBLOCK|Rodopoli|ROAD|TRACK|10.0|[18833.75,16591.46,29.77]|[18818.25,16607.19,30.63]
OTBLOCK|Rodopoli|ROAD|ROAD|10.0|[18822.45,16602.83,30.37]|[18826.76,16630.97,31.29]
OTBLOCK|Rodopoli|ROAD|TRACK|10.0|[18664.47,16640.95,38.18]|[18650.59,16624.24,37.64]
OTBLOCK|Rodopoli|ROAD|TRACK|10.0|[18650.59,16624.24,37.64]|[18647.31,16617.08,37.61]
OTBLOCK|Rodopoli|ROAD|TRACK|10.0|[18698.93,16734.63,37.19]|[18694.01,16725.53,37.85]
OTBLOCK|Rodopoli|ROAD|TRACK|10.0|[18704.60,16740.90,36.98]|[18698.93,16734.63,37.19]
OTBLOCK|Rodopoli|ROAD|TRACK|10.0|[18742.69,16708.67,34.70]|[18730.68,16731.61,35.20]
OTBLOCK|Rodopoli|ROAD|ROAD|10.0|[18812.51,16521.76,30.33]|[18815.30,16546.56,30.25]
OTBLOCK|Rodopoli|ROAD|TRACK|10.0|[18653.34,16569.79,35.95]|[18630.33,16556.84,37.44]
OTBLOCK|Rodopoli|ROAD|TRACK|10.0|[18694.01,16725.53,37.85]|[18694.73,16694.21,38.55]
OTBLOCK|Rodopoli|ROAD|TRACK|10.0|[18694.73,16694.21,38.55]|[18690.44,16675.21,38.77]
OTBLOCK|Rodopoli|ROAD|TRACK|10.0|[18753.99,16686.11,34.13]|[18742.69,16708.67,34.70]
OTBLOCK|Rodopoli|ROAD|MAIN ROAD|14.0|[18830.22,16674.50,32.29]|[18820.71,16695.99,32.79]
OTBLOCK|Rodopoli|ROAD|MAIN ROAD|14.0|[18820.71,16695.99,32.79]|[18811.75,16715.90,33.12]
OTBLOCK|Rodopoli|ROAD|TRACK|10.0|[18681.08,16661.56,38.87]|[18664.47,16640.95,38.18]
OTBLOCK|Rodopoli|ROAD|TRACK|10.0|[18690.44,16675.21,38.77]|[18681.08,16661.56,38.87]
OTBLOCK|Rodopoli|ROAD|TRACK|10.0|[18761.43,16668.63,33.65]|[18753.99,16686.11,34.13]
OTBLOCK|Rodopoli|ROAD|TRACK|10.0|[18769.48,16654.67,33.23]|[18761.43,16668.63,33.65]
OTBLOCK|Rodopoli|ROAD|TRACK|10.0|[18772.06,16656.83,33.20]|[18762.92,16651.08,33.29]
OTBLOCK|Rodopoli|ROAD|TRACK|10.0|[18776.26,16646.94,32.89]|[18769.48,16654.67,33.23]
OTBLOCK|Rodopoli|ROAD|TRACK|10.0|[18711.64,16749.09,36.78]|[18704.60,16740.90,36.98]
OTBLOCK|Rodopoli|ROAD|TRACK|10.0|[18730.68,16731.61,35.20]|[18719.47,16752.30,36.36]
OTBLOCK|Rodopoli|BLD|Land_i_Addon_02_V1_F|[18729.98,16497.98,30.23]|179.1|[-4.54,-4.94,4.54,4.94,-3.71,3.71]|[[2.5,-0.5]]|6
OTBLOCK|Rodopoli|BLD|Land_Slum_House02_F|[18772.50,16477.97,29.31]|113.8|[-3.79,-4.42,3.79,4.42,-2.36,2.36]|[[-0.0,-1.7],[-0.6,2.7]]|2
OTBLOCK|Rodopoli|BLD|Land_u_Addon_02_V1_F|[18820.89,16493.01,29.78]|272.6|[-4.57,-4.94,4.57,4.94,-3.72,3.72]|[]|6
OTBLOCK|Rodopoli|BLD|Land_i_House_Small_02_V2_F|[18725.92,16514.64,30.67]|154.9|[-8.20,-4.64,8.20,4.64,-4.71,4.71]|[[-3.8,-2.1],[1.0,1.7]]|6
OTBLOCK|Rodopoli|BLD|Land_i_House_Big_01_V1_F|[18753.73,16513.11,30.21]|333.8|[-7.89,-8.48,7.89,8.48,-6.61,6.61]|[[-1.8,-6.1],[4.9,5.5],[-1.3,3.0]]|10
OTBLOCK|Rodopoli|BLD|Land_i_Garage_V2_F|[18768.24,16504.16,30.11]|263.3|[-9.00,-3.69,9.00,3.69,-3.37,3.37]|[[5.4,1.5]]|6
OTBLOCK|Rodopoli|BLD|Land_i_Stone_HouseSmall_V1_F|[18785.18,16523.51,29.60]|228.5|[-10.21,-5.82,10.21,5.82,-4.28,4.28]|[[6.9,-1.2],[-7.7,-1.2],[0.8,1.8]]|6
OTBLOCK|Rodopoli|BLD|Land_u_House_Big_02_V1_F|[18837.70,16528.84,29.58]|243.5|[-5.27,-12.09,5.27,12.09,-5.90,5.90]|[]|8
OTBLOCK|Rodopoli|BLD|Land_i_Stone_HouseBig_V2_F|[18821.36,16519.33,30.07]|89.5|[-6.78,-6.16,6.78,6.16,-5.84,5.84]|[]|10
OTBLOCK|Rodopoli|BLD|Land_i_Stone_HouseSmall_V1_F|[18659.65,16536.51,32.23]|149.7|[-10.21,-5.82,10.21,5.82,-4.28,4.28]|[[6.9,-1.2],[-7.7,-1.2],[0.8,1.8]]|6
OTBLOCK|Rodopoli|BLD|Land_i_Garage_V2_F|[18705.36,16545.76,32.45]|145.7|[-9.00,-3.69,9.00,3.69,-3.37,3.37]|[[5.4,1.5]]|6
OTBLOCK|Rodopoli|BLD|Land_i_House_Small_02_V2_F|[18738.07,16543.12,30.98]|311.3|[-8.20,-4.64,8.20,4.64,-4.71,4.71]|[[-3.8,-2.1],[1.0,1.7]]|6
OTBLOCK|Rodopoli|BLD|Land_i_Stone_HouseSmall_V1_F|[18751.63,16555.09,29.86]|310.9|[-10.21,-5.82,10.21,5.82,-4.28,4.28]|[[6.9,-1.2],[-7.7,-1.2],[0.8,1.8]]|6
OTBLOCK|Rodopoli|BLD|Land_i_Stone_HouseBig_V2_F|[18773.80,16547.63,30.34]|39.3|[-6.78,-6.16,6.78,6.16,-5.84,5.84]|[]|10
OTBLOCK|Rodopoli|BLD|water_source_f.p3d|[18756.20,16544.77,30.66]|42.6|[-1.31,-0.87,1.31,0.87,-1.53,1.53]|[]|0
OTBLOCK|Rodopoli|BLD|Land_i_Stone_Shed_V3_F|[18789.92,16544.32,30.33]|38.2|[-4.53,-4.96,4.53,4.96,-3.80,3.80]|[[2.3,-0.8]]|6
OTBLOCK|Rodopoli|BLD|Land_u_Addon_01_V1_F|[18826.12,16541.56,30.19]|319.6|[-6.50,-4.51,6.50,4.51,-3.42,3.42]|[]|10
OTBLOCK|Rodopoli|BLD|Land_i_Shop_01_V2_F|[18859.09,16549.88,27.99]|225.3|[-4.75,-9.79,4.75,9.79,-6.46,6.46]|[[1.2,-2.9],[3.1,-2.9],[2.3,6.8],[-0.6,4.5],[-0.6,-2.7]]|10
OTBLOCK|Rodopoli|BLD|Land_u_Shop_02_V1_F|[18852.12,16555.79,28.26]|315.0|[-8.56,-5.44,8.56,5.44,-6.24,6.24]|[]|0
OTBLOCK|Rodopoli|BLD|Land_u_House_Big_02_V1_F|[18691.04,16567.50,34.27]|234.7|[-5.27,-12.09,5.27,12.09,-5.90,5.90]|[]|8
OTBLOCK|Rodopoli|BLD|Land_i_House_Big_02_V2_F|[18748.22,16587.07,32.14]|235.7|[-5.33,-12.09,5.33,12.09,-6.09,6.09]|[[-2.9,-4.3],[-1.3,-0.4],[0.1,5.3],[-2.9,-4.3],[-1.3,-0.4],[-2.9,5.3]]|8
OTBLOCK|Rodopoli|BLD|Land_i_Garage_V2_F|[18723.29,16567.17,32.79]|325.2|[-9.00,-3.69,9.00,3.69,-3.37,3.37]|[[5.4,1.5]]|6
OTBLOCK|Rodopoli|BLD|tank_rust_f.p3d|[18734.95,16579.03,31.72]|236.9|[-3.05,-1.27,3.05,1.27,-1.43,1.43]|[]|0
OTBLOCK|Rodopoli|BLD|Land_i_House_Big_02_V3_F|[18753.72,16578.96,32.26]|235.7|[-5.33,-12.09,5.33,12.09,-6.09,6.09]|[[-2.9,-4.3],[-1.3,-0.4],[0.1,5.3],[-2.9,-4.3],[-1.3,-0.4],[-2.9,5.3]]|8
OTBLOCK|Rodopoli|BLD|Land_i_House_Big_01_V1_F|[18783.41,16569.58,30.44]|47.6|[-7.89,-8.48,7.89,8.48,-6.61,6.61]|[[-1.8,-6.1],[4.9,5.5],[-1.3,3.0]]|10
OTBLOCK|Rodopoli|BLD|Land_i_Shop_01_V2_F|[18807.98,16578.26,30.51]|275.6|[-4.75,-9.79,4.75,9.79,-6.46,6.46]|[[1.2,-2.9],[3.1,-2.9],[2.3,6.8],[-0.6,4.5],[-0.6,-2.7]]|10
OTBLOCK|Rodopoli|BLD|Land_u_Shop_02_V1_F|[18807.59,16587.66,30.62]|5.7|[-8.56,-5.44,8.56,5.44,-6.24,6.24]|[]|0
OTBLOCK|Rodopoli|BLD|Land_i_House_Big_01_V1_F|[18836.40,16570.64,29.49]|133.2|[-7.89,-8.48,7.89,8.48,-6.61,6.61]|[[-1.8,-6.1],[4.9,5.5],[-1.3,3.0]]|10
OTBLOCK|Rodopoli|BLD|treebin_f.p3d|[18829.23,16582.44,29.72]|0.0|[-1.24,-1.26,1.24,1.26,-0.43,0.43]|[]|0
OTBLOCK|Rodopoli|BLD|Land_i_Stone_HouseBig_V2_F|[18855.70,16580.67,28.98]|47.0|[-6.78,-6.16,6.78,6.16,-5.84,5.84]|[]|10
OTBLOCK|Rodopoli|BLD|Land_i_Addon_02_V1_F|[18713.45,16593.49,34.31]|325.2|[-4.54,-4.94,4.54,4.94,-3.71,3.71]|[[2.5,-0.5]]|6
OTBLOCK|Rodopoli|BLD|treebin_f.p3d|[18713.55,16608.59,34.30]|0.0|[-1.24,-1.26,1.24,1.26,-0.43,0.43]|[]|0
OTBLOCK|Rodopoli|BLD|treebin_f.p3d|[18703.38,16601.50,34.61]|0.0|[-1.24,-1.26,1.24,1.26,-0.43,0.43]|[]|0
OTBLOCK|Rodopoli|BLD|Land_i_House_Big_01_V1_F|[18723.18,16600.57,33.80]|234.8|[-7.89,-8.48,7.89,8.48,-6.61,6.61]|[[-1.8,-6.1],[4.9,5.5],[-1.3,3.0]]|10
OTBLOCK|Rodopoli|BLD|Land_u_House_Small_02_V1_F|[18735.13,16610.40,33.32]|144.7|[-8.20,-4.64,8.20,4.64,-4.71,4.71]|[]|6
OTBLOCK|Rodopoli|BLD|Land_i_Addon_02_V1_F|[18741.96,16606.49,32.94]|233.5|[-4.54,-4.94,4.54,4.94,-3.71,3.71]|[[2.5,-0.5]]|6
OTBLOCK|Rodopoli|BLD|treebin_f.p3d|[18724.12,16616.27,33.54]|0.0|[-1.24,-1.26,1.24,1.26,-0.43,0.43]|[]|0
OTBLOCK|Rodopoli|BLD|Land_u_House_Small_02_V1_F|[18758.15,16614.43,32.52]|237.6|[-8.20,-4.64,8.20,4.64,-4.71,4.71]|[]|6
OTBLOCK|Rodopoli|BLD|Land_u_Shop_02_V1_F|[18790.28,16617.82,32.17]|313.9|[-8.56,-5.44,8.56,5.44,-6.24,6.24]|[]|0
OTBLOCK|Rodopoli|BLD|Land_i_House_Small_02_V3_F|[18802.82,16605.92,31.40]|43.9|[-8.20,-4.64,8.20,4.64,-4.71,4.71]|[[-3.8,-2.1],[1.0,1.7]]|6
OTBLOCK|Rodopoli|BLD|Land_i_Stone_Shed_V3_F|[18835.66,16612.84,30.57]|10.9|[-4.53,-4.96,4.53,4.96,-3.80,3.80]|[[2.3,-0.8]]|6
OTBLOCK|Rodopoli|BLD|Land_Unfinished_Building_02_F|[18866.99,16603.22,29.60]|227.9|[-8.79,-11.69,8.79,11.69,-5.48,5.48]|[]|10
OTBLOCK|Rodopoli|BLD|Land_i_Stone_HouseSmall_V1_F|[18841.90,16606.36,29.55]|136.3|[-10.21,-5.82,10.21,5.82,-4.28,4.28]|[[6.9,-1.2],[-7.7,-1.2],[0.8,1.8]]|6
OTBLOCK|Rodopoli|BLD|Land_i_Stone_HouseSmall_V1_F|[18675.43,16620.44,35.94]|40.6|[-10.21,-5.82,10.21,5.82,-4.28,4.28]|[[6.9,-1.2],[-7.7,-1.2],[0.8,1.8]]|6
OTBLOCK|Rodopoli|BLD|Land_u_Shop_01_V1_F|[18711.46,16632.80,34.55]|327.2|[-4.75,-10.13,4.75,10.13,-6.58,6.58]|[]|10
OTBLOCK|Rodopoli|BLD|Land_u_Shop_02_V1_F|[18718.61,16638.90,33.93]|57.4|[-8.56,-5.44,8.56,5.44,-6.24,6.24]|[]|0
OTBLOCK|Rodopoli|BLD|Land_i_House_Small_01_V1_F|[18700.48,16627.78,34.82]|326.9|[-5.43,-7.64,5.43,7.64,-5.08,5.08]|[[3.0,-4.4],[1.6,0.3],[1.6,3.0],[-3.4,4.9]]|10
OTBLOCK|Rodopoli|BLD|Land_i_Garage_V1_dam_F|[18692.59,16624.00,35.17]|236.6|[-9.00,-4.46,9.00,4.46,-3.41,3.41]|[]|6
OTBLOCK|Rodopoli|BLD|Land_u_House_Big_02_V1_F|[18726.73,16644.66,33.52]|327.2|[-5.27,-12.09,5.27,12.09,-5.90,5.90]|[]|8
OTBLOCK|Rodopoli|BLD|Land_i_Garage_V2_F|[18733.81,16649.05,33.19]|237.6|[-9.00,-3.69,9.00,3.69,-3.37,3.37]|[[5.4,1.5]]|6
OTBLOCK|Rodopoli|BLD|Land_i_House_Big_01_V1_F|[18753.65,16630.20,32.53]|57.0|[-7.89,-8.48,7.89,8.48,-6.61,6.61]|[[-1.8,-6.1],[4.9,5.5],[-1.3,3.0]]|10
OTBLOCK|Rodopoli|BLD|Land_i_House_Big_01_V1_F|[18774.31,16631.93,32.72]|133.9|[-7.89,-8.48,7.89,8.48,-6.61,6.61]|[[-1.8,-6.1],[4.9,5.5],[-1.3,3.0]]|10
OTBLOCK|Rodopoli|BLD|Land_u_Shop_01_V1_F|[18784.54,16625.10,32.44]|223.8|[-4.75,-10.13,4.75,10.13,-6.58,6.58]|[]|10
OTBLOCK|Rodopoli|BLD|Land_i_House_Big_01_V1_F|[18851.59,16622.10,30.83]|229.0|[-7.89,-8.48,7.89,8.48,-6.61,6.61]|[[-1.8,-6.1],[4.9,5.5],[-1.3,3.0]]|10
OTBLOCK|Rodopoli|BLD|treebin_f.p3d|[18860.97,16649.06,31.36]|0.0|[-1.24,-1.26,1.24,1.26,-0.43,0.43]|[]|0
OTBLOCK|Rodopoli|BLD|Land_i_Windmill01_F|[18598.03,16672.15,54.04]|311.4|[-5.18,-5.79,5.18,5.79,-7.84,7.84]|[[2.6,0.8]]|6
OTBLOCK|Rodopoli|BLD|Land_i_House_Big_01_V1_F|[18666.92,16665.52,39.07]|216.7|[-7.89,-8.48,7.89,8.48,-6.61,6.61]|[[-1.8,-6.1],[4.9,5.5],[-1.3,3.0]]|10
OTBLOCK|Rodopoli|BLD|Land_i_Addon_02_V1_F|[18689.96,16663.44,38.76]|123.7|[-4.54,-4.94,4.54,4.94,-3.71,3.71]|[[2.5,-0.5]]|6
OTBLOCK|Rodopoli|BLD|Land_Unfinished_Building_02_F|[18743.46,16666.26,33.79]|64.1|[-8.79,-11.69,8.79,11.69,-5.48,5.48]|[]|10
OTBLOCK|Rodopoli|BLD|Land_u_Shop_01_V1_F|[18774.75,16669.57,33.68]|56.2|[-4.75,-10.13,4.75,10.13,-6.58,6.58]|[]|10
OTBLOCK|Rodopoli|BLD|Land_u_House_Big_02_V1_F|[18781.29,16662.82,33.44]|56.7|[-5.27,-12.09,5.27,12.09,-5.90,5.90]|[]|8
OTBLOCK|Rodopoli|BLD|Land_i_House_Big_01_V1_F|[18816.21,16666.99,32.34]|64.3|[-7.89,-8.48,7.89,8.48,-6.61,6.61]|[[-1.8,-6.1],[4.9,5.5],[-1.3,3.0]]|10
OTBLOCK|Rodopoli|BLD|Land_i_Addon_04_V1_F|[18817.90,16657.76,32.07]|334.9|[-5.02,-3.98,5.02,3.98,-2.94,2.94]|[]|3
OTBLOCK|Rodopoli|BLD|Land_i_House_Small_02_V2_F|[18851.34,16665.83,31.75]|338.8|[-8.20,-4.64,8.20,4.64,-4.71,4.71]|[[-3.8,-2.1],[1.0,1.7]]|6
OTBLOCK|Rodopoli|BLD|treebin_f.p3d|[18855.15,16652.12,31.43]|209.7|[-1.24,-1.26,1.24,1.26,-0.43,0.43]|[]|0
OTBLOCK|Rodopoli|BLD|treebin_f.p3d|[18850.73,16657.87,31.53]|137.5|[-1.24,-1.26,1.24,1.26,-0.43,0.43]|[]|0
OTBLOCK|Rodopoli|BLD|Land_i_Windmill01_F|[18627.52,16696.27,50.97]|300.0|[-5.18,-5.79,5.18,5.79,-7.84,7.84]|[[2.6,0.8]]|6
OTBLOCK|Rodopoli|BLD|Land_i_Stone_Shed_V2_F|[18680.15,16685.30,39.38]|305.2|[-4.53,-4.96,4.53,4.96,-3.80,3.80]|[[2.3,-0.8]]|6
OTBLOCK|Rodopoli|BLD|Land_i_House_Small_01_V1_F|[18705.24,16706.86,38.17]|89.2|[-5.43,-7.64,5.43,7.64,-5.08,5.08]|[[3.0,-4.4],[1.6,0.3],[1.6,3.0],[-3.4,4.9]]|10
OTBLOCK|Rodopoli|BLD|Land_i_Stone_Shed_V3_F|[18713.60,16698.24,36.35]|145.6|[-4.53,-4.96,4.53,4.96,-3.80,3.80]|[[2.3,-0.8]]|6
OTBLOCK|Rodopoli|BLD|Land_i_Stone_HouseSmall_V1_F|[18723.85,16680.95,33.86]|317.2|[-10.21,-5.82,10.21,5.82,-4.28,4.28]|[[6.9,-1.2],[-7.7,-1.2],[0.8,1.8]]|6
OTBLOCK|Rodopoli|BLD|Land_u_House_Small_02_V1_F|[18735.84,16694.29,34.75]|137.3|[-8.20,-4.64,8.20,4.64,-4.71,4.71]|[]|6
OTBLOCK|Rodopoli|BLD|Land_i_Stone_Shed_V2_F|[18767.84,16695.95,34.08]|220.9|[-4.53,-4.96,4.53,4.96,-3.80,3.80]|[[2.3,-0.8]]|6
OTBLOCK|Rodopoli|BLD|Land_Slum_House02_F|[18778.31,16699.22,33.84]|44.2|[-3.79,-4.42,3.79,4.42,-2.36,2.36]|[[-0.0,-1.7],[-0.6,2.7]]|2
OTBLOCK|Rodopoli|BLD|Land_i_Stone_HouseBig_V2_F|[18799.13,16690.37,33.34]|327.8|[-6.78,-6.16,6.78,6.16,-5.84,5.84]|[]|10
OTBLOCK|Rodopoli|BLD|Land_i_Addon_02_V1_F|[18794.78,16700.52,33.36]|148.4|[-4.54,-4.94,4.54,4.94,-3.71,3.71]|[[2.5,-0.5]]|6
OTBLOCK|Rodopoli|BLD|Land_Unfinished_Building_02_F|[18845.64,16685.38,32.61]|65.1|[-8.79,-11.69,8.79,11.69,-5.48,5.48]|[]|10
OTBLOCK|Rodopoli|BLD|Land_u_House_Small_02_V1_F|[18679.83,16738.12,38.43]|180.4|[-8.20,-4.64,8.20,4.64,-4.71,4.71]|[]|6
OTBLOCK|Rodopoli|BLD|Land_i_Garage_V2_F|[18726.18,16713.48,34.78]|153.8|[-9.00,-3.69,9.00,3.69,-3.37,3.37]|[[5.4,1.5]]|6
OTBLOCK|Rodopoli|BLD|Land_Slum_House03_F|[18757.09,16733.30,34.79]|46.8|[-4.75,-3.61,4.75,3.61,-2.37,2.37]|[[2.9,-0.9]]|2
OTBLOCK|Rodopoli|BLD|Land_Kiosk_redburger_F|[18790.87,16723.98,33.42]|225.4|[-4.19,-4.24,4.19,4.24,-4.12,4.12]|[[0.0,1.9]]|0
OTBLOCK|Rodopoli|BLD|Land_i_Stone_Shed_V2_F|[18744.59,16742.86,35.21]|140.3|[-4.53,-4.96,4.53,4.96,-3.80,3.80]|[[2.3,-0.8]]|6
OTBLOCK|Rodopoli|WALL|wired_fence_8m_f.p3d|[18673.85,16466.02,29.73]|63.1|[-4.10,-0.08,4.10,0.08,-0.89,0.89]
OTBLOCK|Rodopoli|WALL|stone_8md_f.p3d|[18753.52,16463.86,29.04]|259.5|[-4.14,-0.76,4.14,0.76,-1.28,1.28]
OTBLOCK|Rodopoli|WALL|stone_8m_f.p3d|[18755.02,16456.38,28.83]|257.9|[-4.26,-0.35,4.26,0.35,-1.30,1.30]
OTBLOCK|Rodopoli|WALL|wired_fence_8m_f.p3d|[18662.39,16487.13,30.16]|63.1|[-4.10,-0.08,4.10,0.08,-0.89,0.89]
OTBLOCK|Rodopoli|WALL|wired_fence_8m_f.p3d|[18670.06,16473.34,29.85]|63.1|[-4.10,-0.08,4.10,0.08,-0.89,0.89]
OTBLOCK|Rodopoli|WALL|wired_fence_8m_f.p3d|[18666.12,16479.94,30.00]|63.1|[-4.10,-0.08,4.10,0.08,-0.89,0.89]
OTBLOCK|Rodopoli|WALL|wired_fence_8m_f.p3d|[18700.15,16479.00,29.86]|66.2|[-4.10,-0.08,4.10,0.08,-0.89,0.89]
OTBLOCK|Rodopoli|WALL|wired_fence_8m_f.p3d|[18712.00,16470.37,29.80]|172.4|[-4.10,-0.08,4.10,0.08,-0.89,0.89]
OTBLOCK|Rodopoli|WALL|wired_fence_8m_f.p3d|[18693.40,16493.76,30.15]|64.8|[-4.10,-0.08,4.10,0.08,-0.89,0.89]
OTBLOCK|Rodopoli|WALL|wired_fence_8m_f.p3d|[18719.95,16471.77,29.82]|166.7|[-4.10,-0.08,4.10,0.08,-0.89,0.89]
OTBLOCK|Rodopoli|WALL|wired_fence_8m_f.p3d|[18696.85,16486.40,29.82]|66.2|[-4.10,-0.08,4.10,0.08,-0.89,0.89]
OTBLOCK|Rodopoli|WALL|wired_fence_8m_f.p3d|[18742.56,16491.74,30.14]|60.1|[-4.10,-0.08,4.10,0.08,-0.89,0.89]
OTBLOCK|Rodopoli|WALL|wired_fence_8m_f.p3d|[18738.53,16498.77,30.15]|60.1|[-4.10,-0.08,4.10,0.08,-0.89,0.89]
OTBLOCK|Rodopoli|WALL|wired_fence_8m_f.p3d|[18727.64,16474.29,29.83]|157.8|[-4.10,-0.08,4.10,0.08,-0.89,0.89]
OTBLOCK|Rodopoli|WALL|wired_fence_8m_f.p3d|[18737.03,16478.99,29.98]|147.0|[-4.10,-0.08,4.10,0.08,-0.89,0.89]
OTBLOCK|Rodopoli|WALL|wired_fence_8m_f.p3d|[18742.50,16484.64,30.03]|120.9|[-4.10,-0.08,4.10,0.08,-0.89,0.89]
OTBLOCK|Rodopoli|WALL|city_8m_f.p3d|[18762.27,16499.61,29.88]|358.2|[-3.53,-0.25,3.53,0.25,-2.08,2.08]
OTBLOCK|Rodopoli|WALL|stone_8md_f.p3d|[18789.14,16485.21,29.77]|185.5|[-4.14,-0.76,4.14,0.76,-1.28,1.28]
OTBLOCK|Rodopoli|WALL|stone_8m_f.p3d|[18796.81,16484.55,29.87]|4.7|[-4.26,-0.35,4.26,0.35,-1.30,1.30]
OTBLOCK|Rodopoli|WALL|stone_8m_f.p3d|[18800.68,16480.26,29.90]|92.4|[-4.26,-0.35,4.26,0.35,-1.30,1.30]
OTBLOCK|Rodopoli|WALL|stone_8m_f.p3d|[18800.35,16472.32,29.83]|92.4|[-4.26,-0.35,4.26,0.35,-1.30,1.30]
OTBLOCK|Rodopoli|WALL|stone_pillar_f.p3d|[18800.85,16484.07,29.95]|91.7|[-0.45,-0.44,0.45,0.44,-1.79,1.79]
OTBLOCK|Rodopoli|WALL|wired_fence_8m_f.p3d|[18654.74,16502.40,31.10]|64.4|[-4.10,-0.08,4.10,0.08,-0.89,0.89]
OTBLOCK|Rodopoli|WALL|wired_fence_8m_f.p3d|[18651.18,16508.87,31.71]|64.4|[-4.10,-0.08,4.10,0.08,-0.89,0.89]
OTBLOCK|Rodopoli|WALL|wired_fence_8m_f.p3d|[18683.44,16517.29,31.05]|69.7|[-4.10,-0.08,4.10,0.08,-0.89,0.89]
OTBLOCK|Rodopoli|WALL|wired_fence_8m_f.p3d|[18686.34,16509.73,30.75]|69.2|[-4.10,-0.08,4.10,0.08,-0.89,0.89]
OTBLOCK|Rodopoli|WALL|wired_fence_8m_f.p3d|[18689.94,16501.08,30.15]|64.8|[-4.10,-0.08,4.10,0.08,-0.89,0.89]
OTBLOCK|Rodopoli|WALL|city_8m_f.p3d|[18746.64,16526.30,30.83]|139.3|[-3.53,-0.25,3.53,0.25,-2.08,2.08]
OTBLOCK|Rodopoli|WALL|wired_fence_8m_f.p3d|[18724.59,16526.15,31.21]|61.7|[-4.10,-0.08,4.10,0.08,-0.89,0.89]
OTBLOCK|Rodopoli|WALL|city_pillar_f.p3d|[18743.85,16523.90,30.88]|322.3|[-0.23,-0.24,0.23,0.24,-2.14,2.14]
OTBLOCK|Rodopoli|WALL|stone_8md_f.p3d|[18777.60,16517.78,30.64]|226.3|[-4.14,-0.76,4.14,0.76,-1.28,1.28]
OTBLOCK|Rodopoli|WALL|stone_8m_f.p3d|[18771.75,16523.63,30.68]|225.5|[-4.26,-0.35,4.26,0.35,-1.30,1.30]
OTBLOCK|Rodopoli|WALL|stone_8m_f.p3d|[18766.18,16529.30,30.81]|225.5|[-4.26,-0.35,4.26,0.35,-1.30,1.30]
OTBLOCK|Rodopoli|WALL|city_8m_f.p3d|[18778.34,16501.92,29.87]|342.8|[-3.53,-0.25,3.53,0.25,-2.08,2.08]
OTBLOCK|Rodopoli|WALL|city_8m_f.p3d|[18757.46,16502.78,30.01]|63.3|[-3.53,-0.25,3.53,0.25,-2.08,2.08]
OTBLOCK|Rodopoli|WALL|city_8m_f.p3d|[18761.48,16525.08,30.90]|228.0|[-3.53,-0.25,3.53,0.25,-2.08,2.08]
OTBLOCK|Rodopoli|WALL|city_8m_f.p3d|[18779.45,16505.49,30.05]|228.0|[-3.53,-0.25,3.53,0.25,-2.08,2.08]
OTBLOCK|Rodopoli|WALL|city_8m_f.p3d|[18774.81,16510.69,30.36]|228.0|[-3.53,-0.25,3.53,0.25,-2.08,2.08]
OTBLOCK|Rodopoli|WALL|city_8m_f.p3d|[18766.11,16519.98,30.65]|228.0|[-3.53,-0.25,3.53,0.25,-2.08,2.08]
OTBLOCK|Rodopoli|WALL|city_4m_f.p3d|[18773.31,16500.56,29.91]|170.9|[-1.79,-0.24,1.79,0.24,-2.08,2.08]
OTBLOCK|Rodopoli|WALL|city_pillar_f.p3d|[18772.40,16513.42,30.35]|320.3|[-0.23,-0.24,0.23,0.24,-2.14,2.14]
OTBLOCK|Rodopoli|WALL|Land_Stone_Gate_F|[18797.63,16507.21,30.34]|332.7|[-2.96,-1.47,2.96,1.47,-1.71,1.71]
OTBLOCK|Rodopoli|WALL|stone_8m_f.p3d|[18782.92,16512.28,30.42]|225.5|[-4.26,-0.35,4.26,0.35,-1.30,1.30]
OTBLOCK|Rodopoli|WALL|stone_8m_f.p3d|[18788.52,16506.58,30.20]|225.5|[-4.26,-0.35,4.26,0.35,-1.30,1.30]
OTBLOCK|Rodopoli|WALL|stone_8m_f.p3d|[18805.70,16522.72,30.32]|98.0|[-4.26,-0.35,4.26,0.35,-1.30,1.30]
OTBLOCK|Rodopoli|WALL|stone_8m_f.p3d|[18804.58,16514.82,30.34]|98.0|[-4.26,-0.35,4.26,0.35,-1.30,1.30]
OTBLOCK|Rodopoli|WALL|stone_4m_f.p3d|[18793.38,16504.88,30.22]|331.0|[-2.22,-0.36,2.22,0.36,-1.29,1.29]
OTBLOCK|Rodopoli|WALL|stone_4m_f.p3d|[18801.97,16509.50,30.33]|331.0|[-2.22,-0.36,2.22,0.36,-1.29,1.29]
OTBLOCK|Rodopoli|WALL|stone_pillar_f.p3d|[18791.42,16503.66,30.13]|135.9|[-0.45,-0.44,0.45,0.44,-1.79,1.79]
OTBLOCK|Rodopoli|WALL|stone_pillar_f.p3d|[18803.79,16510.64,30.31]|121.3|[-0.45,-0.44,0.45,0.44,-1.79,1.79]
OTBLOCK|Rodopoli|WALL|city_8m_f.p3d|[18834.87,16514.11,29.14]|180.0|[-3.53,-0.25,3.53,0.25,-2.08,2.08]
OTBLOCK|Rodopoli|WALL|city2_8md_f.p3d|[18829.12,16514.18,29.62]|181.6|[-2.30,-0.28,2.30,0.28,-2.11,2.11]
OTBLOCK|Rodopoli|WALL|city_4m_f.p3d|[18819.68,16523.52,30.20]|272.2|[-1.79,-0.24,1.79,0.24,-2.08,2.08]
OTBLOCK|Rodopoli|WALL|city_8m_f.p3d|[18851.54,16528.51,28.36]|64.0|[-3.53,-0.25,3.53,0.25,-2.08,2.08]
OTBLOCK|Rodopoli|WALL|city_8m_f.p3d|[18841.75,16514.15,28.60]|180.0|[-3.53,-0.25,3.53,0.25,-2.08,2.08]
OTBLOCK|Rodopoli|WALL|city_4m_f.p3d|[18846.27,16526.10,28.65]|63.2|[-1.79,-0.24,1.79,0.24,-2.08,2.08]
OTBLOCK|Rodopoli|WALL|city2_8m_f.p3d|[18679.74,16538.97,33.03]|237.7|[-3.51,-0.25,3.51,0.25,-2.09,2.09]
OTBLOCK|Rodopoli|WALL|wired_fence_8m_f.p3d|[18667.76,16547.82,33.44]|61.0|[-4.10,-0.08,4.10,0.08,-0.89,0.89]
OTBLOCK|Rodopoli|WALL|wired_fence_8m_f.p3d|[18671.69,16540.73,33.05]|61.0|[-4.10,-0.08,4.10,0.08,-0.89,0.89]
OTBLOCK|Rodopoli|WALL|wired_fence_8m_f.p3d|[18677.14,16531.82,32.15]|62.1|[-4.10,-0.08,4.10,0.08,-0.89,0.89]
OTBLOCK|Rodopoli|WALL|city_pillar_f.p3d|[18677.97,16541.91,32.75]|329.8|[-0.23,-0.24,0.23,0.24,-2.14,2.14]
OTBLOCK|Rodopoli|WALL|city_pillar_f.p3d|[18670.77,16553.49,34.10]|323.3|[-0.23,-0.24,0.23,0.24,-2.14,2.14]
OTBLOCK|Rodopoli|WALL|city_pillar_f.p3d|[18675.56,16545.76,33.15]|324.4|[-0.23,-0.24,0.23,0.24,-2.14,2.14]
OTBLOCK|Rodopoli|WALL|city_pillar_f.p3d|[18673.05,16549.81,33.66]|325.2|[-0.23,-0.24,0.23,0.24,-2.14,2.14]
OTBLOCK|Rodopoli|WALL|city2_8m_f.p3d|[18698.99,16548.97,32.73]|55.2|[-3.51,-0.25,3.51,0.25,-2.09,2.09]
OTBLOCK|Rodopoli|WALL|city2_8m_f.p3d|[18692.68,16558.55,33.74]|236.0|[-3.51,-0.25,3.51,0.25,-2.09,2.09]
OTBLOCK|Rodopoli|WALL|wired_fence_8m_f.p3d|[18716.32,16541.52,31.86]|64.5|[-4.10,-0.08,4.10,0.08,-0.89,0.89]
OTBLOCK|Rodopoli|WALL|city2_8m_f.p3d|[18737.86,16558.93,31.88]|146.4|[-3.51,-0.25,3.51,0.25,-2.09,2.09]
OTBLOCK|Rodopoli|WALL|city2_8m_f.p3d|[18732.08,16555.08,31.94]|146.4|[-3.51,-0.25,3.51,0.25,-2.09,2.09]
OTBLOCK|Rodopoli|WALL|wired_fence_8m_f.p3d|[18720.62,16533.21,31.47]|60.1|[-4.10,-0.08,4.10,0.08,-0.89,0.89]
OTBLOCK|Rodopoli|WALL|city_pillar_f.p3d|[18729.00,16553.01,31.56]|326.3|[-0.23,-0.24,0.23,0.24,-2.14,2.14]
OTBLOCK|Rodopoli|WALL|stone_8md_f.p3d|[18779.41,16557.98,30.31]|129.3|[-4.14,-0.76,4.14,0.76,-1.28,1.28]
OTBLOCK|Rodopoli|WALL|stone_8m_f.p3d|[18763.29,16538.36,30.71]|309.6|[-4.26,-0.35,4.26,0.35,-1.30,1.30]
OTBLOCK|Rodopoli|WALL|stone_8m_f.p3d|[18768.38,16544.51,30.42]|309.6|[-4.26,-0.35,4.26,0.35,-1.30,1.30]
OTBLOCK|Rodopoli|WALL|city_8m_f.p3d|[18751.90,16530.82,30.83]|139.3|[-3.53,-0.25,3.53,0.25,-2.08,2.08]
OTBLOCK|Rodopoli|WALL|city_8m_f.p3d|[18756.85,16530.24,30.85]|228.0|[-3.53,-0.25,3.53,0.25,-2.08,2.08]
OTBLOCK|Rodopoli|WALL|stone_4m_f.p3d|[18762.05,16533.48,30.87]|45.3|[-2.22,-0.36,2.22,0.36,-1.29,1.29]
OTBLOCK|Rodopoli|WALL|stone_pillar_f.p3d|[18760.54,16535.13,30.88]|131.9|[-0.45,-0.44,0.45,0.44,-1.79,1.79]
OTBLOCK|Rodopoli|WALL|stone_8md_f.p3d|[18784.79,16558.94,29.91]|35.5|[-4.14,-0.76,4.14,0.76,-1.28,1.28]
OTBLOCK|Rodopoli|WALL|stone_8md_f.p3d|[18792.43,16553.75,30.52]|215.9|[-4.14,-0.76,4.14,0.76,-1.28,1.28]
OTBLOCK|Rodopoli|WALL|stone_8m_f.p3d|[18798.74,16549.33,30.34]|34.5|[-4.26,-0.35,4.26,0.35,-1.30,1.30]
OTBLOCK|Rodopoli|WALL|stone_8m_f.p3d|[18806.80,16530.63,30.23]|98.0|[-4.26,-0.35,4.26,0.35,-1.30,1.30]
OTBLOCK|Rodopoli|WALL|stone_8m_f.p3d|[18805.31,16544.81,30.17]|34.5|[-4.26,-0.35,4.26,0.35,-1.30,1.30]
OTBLOCK|Rodopoli|WALL|stone_8m_f.p3d|[18807.92,16538.52,30.16]|98.0|[-4.26,-0.35,4.26,0.35,-1.30,1.30]
OTBLOCK|Rodopoli|WALL|stone_pillar_f.p3d|[18808.53,16542.37,30.15]|83.2|[-0.45,-0.44,0.45,0.44,-1.79,1.79]
OTBLOCK|Rodopoli|WALL|city_8m_f.p3d|[18820.64,16533.14,30.30]|277.8|[-3.53,-0.25,3.53,0.25,-2.08,2.08]
OTBLOCK|Rodopoli|WALL|city_8m_f.p3d|[18821.65,16539.98,30.41]|277.8|[-3.53,-0.25,3.53,0.25,-2.08,2.08]
OTBLOCK|Rodopoli|WALL|city_8m_f.p3d|[18836.81,16537.89,29.42]|49.1|[-3.53,-0.25,3.53,0.25,-2.08,2.08]
OTBLOCK|Rodopoli|WALL|city2_8m_f.p3d|[18836.04,16549.29,30.16]|225.7|[-3.51,-0.25,3.51,0.25,-2.09,2.09]
OTBLOCK|Rodopoli|WALL|city2_8m_f.p3d|[18826.48,16559.11,30.68]|225.7|[-3.51,-0.25,3.51,0.25,-2.09,2.09]
OTBLOCK|Rodopoli|WALL|city2_8m_f.p3d|[18831.29,16554.21,30.52]|225.7|[-3.51,-0.25,3.51,0.25,-2.09,2.09]
OTBLOCK|Rodopoli|WALL|city_4m_f.p3d|[18831.84,16544.12,29.91]|48.6|[-1.79,-0.24,1.79,0.24,-2.08,2.08]
OTBLOCK|Rodopoli|WALL|city_8m_f.p3d|[18848.54,16534.67,28.69]|64.0|[-3.53,-0.25,3.53,0.25,-2.08,2.08]
OTBLOCK|Rodopoli|WALL|city2_8m_f.p3d|[18840.81,16544.46,29.76]|225.7|[-3.51,-0.25,3.51,0.25,-2.09,2.09]
OTBLOCK|Rodopoli|WALL|city2_8m_f.p3d|[18685.25,16582.03,35.25]|52.7|[-3.51,-0.25,3.51,0.25,-2.09,2.09]
OTBLOCK|Rodopoli|WALL|city2_8m_f.p3d|[18669.33,16574.72,35.38]|324.9|[-3.51,-0.25,3.51,0.25,-2.09,2.09]
OTBLOCK|Rodopoli|WALL|city2_8m_f.p3d|[18663.04,16565.82,35.33]|237.7|[-3.51,-0.25,3.51,0.25,-2.09,2.09]
OTBLOCK|Rodopoli|WALL|city2_8m_f.p3d|[18674.96,16578.68,35.38]|324.9|[-3.51,-0.25,3.51,0.25,-2.09,2.09]
OTBLOCK|Rodopoli|WALL|city2_8m_f.p3d|[18689.38,16576.64,35.17]|52.7|[-3.51,-0.25,3.51,0.25,-2.09,2.09]
OTBLOCK|Rodopoli|WALL|city2_8m_f.p3d|[18666.67,16560.13,34.52]|237.7|[-3.51,-0.25,3.51,0.25,-2.09,2.09]
OTBLOCK|Rodopoli|WALL|city2_8m_f.p3d|[18680.50,16582.60,35.35]|324.9|[-3.51,-0.25,3.51,0.25,-2.09,2.09]
OTBLOCK|Rodopoli|WALL|city2_8m_f.p3d|[18663.80,16570.81,35.39]|324.9|[-3.51,-0.25,3.51,0.25,-2.09,2.09]
OTBLOCK|Rodopoli|WALL|city2_8m_f.p3d|[18716.19,16570.26,33.64]|144.2|[-3.51,-0.25,3.51,0.25,-2.09,2.09]
OTBLOCK|Rodopoli|WALL|city2_8m_f.p3d|[18699.97,16586.14,34.91]|233.6|[-3.51,-0.25,3.51,0.25,-2.09,2.09]
OTBLOCK|Rodopoli|WALL|city2_8m_f.p3d|[18704.03,16580.67,34.71]|233.6|[-3.51,-0.25,3.51,0.25,-2.09,2.09]
OTBLOCK|Rodopoli|WALL|city2_8m_f.p3d|[18711.48,16570.86,33.85]|233.4|[-3.51,-0.25,3.51,0.25,-2.09,2.09]
OTBLOCK|Rodopoli|WALL|city2_4m_f.p3d|[18717.04,16568.70,33.02]|232.4|[-1.76,-0.25,1.76,0.25,-2.09,2.09]
OTBLOCK|Rodopoli|WALL|city_pillar_f.p3d|[18709.39,16573.66,33.77]|323.3|[-0.23,-0.24,0.23,0.24,-2.14,2.14]
OTBLOCK|Rodopoli|WALL|city2_8m_f.p3d|[18732.93,16582.17,32.54]|144.9|[-3.51,-0.25,3.51,0.25,-2.09,2.09]
OTBLOCK|Rodopoli|WALL|city2_8m_f.p3d|[18738.52,16586.05,32.49]|144.9|[-3.51,-0.25,3.51,0.25,-2.09,2.09]
OTBLOCK|Rodopoli|WALL|city2_8m_f.p3d|[18727.36,16578.18,32.89]|144.6|[-3.51,-0.25,3.51,0.25,-2.09,2.09]
OTBLOCK|Rodopoli|WALL|city2_8m_f.p3d|[18721.80,16574.26,33.18]|144.9|[-3.51,-0.25,3.51,0.25,-2.09,2.09]
OTBLOCK|Rodopoli|WALL|city2_8m_f.p3d|[18724.21,16560.05,32.59]|235.1|[-3.51,-0.25,3.51,0.25,-2.09,2.09]
OTBLOCK|Rodopoli|WALL|city2_8m_f.p3d|[18749.45,16566.58,31.76]|146.4|[-3.51,-0.25,3.51,0.25,-2.09,2.09]
OTBLOCK|Rodopoli|WALL|city2_8m_f.p3d|[18743.68,16562.79,31.72]|146.4|[-3.51,-0.25,3.51,0.25,-2.09,2.09]
OTBLOCK|Rodopoli|WALL|city2_8m_f.p3d|[18766.68,16578.08,31.65]|146.4|[-3.51,-0.25,3.51,0.25,-2.09,2.09]
OTBLOCK|Rodopoli|WALL|city2_8m_f.p3d|[18760.98,16574.26,31.70]|146.4|[-3.51,-0.25,3.51,0.25,-2.09,2.09]
OTBLOCK|Rodopoli|WALL|city2_8m_f.p3d|[18755.22,16570.44,31.71]|146.4|[-3.51,-0.25,3.51,0.25,-2.09,2.09]
OTBLOCK|Rodopoli|WALL|city2_8m_f.p3d|[18778.00,16585.61,31.66]|325.3|[-3.51,-0.25,3.51,0.25,-2.09,2.09]
OTBLOCK|Rodopoli|WALL|city2_8m_f.p3d|[18783.64,16589.54,31.56]|325.3|[-3.51,-0.25,3.51,0.25,-2.09,2.09]
OTBLOCK|Rodopoli|WALL|city_4m_f.p3d|[18795.89,16574.87,30.28]|136.7|[-1.79,-0.24,1.79,0.24,-2.08,2.08]
OTBLOCK|Rodopoli|WALL|city_4m_f.p3d|[18798.86,16575.81,30.38]|186.1|[-1.79,-0.24,1.79,0.24,-2.08,2.08]
OTBLOCK|Rodopoli|WALL|stone_pillar_f.p3d|[18781.89,16560.77,30.40]|42.5|[-0.45,-0.44,0.45,0.44,-1.79,1.79]
OTBLOCK|Rodopoli|WALL|city2_8m_f.p3d|[18824.42,16565.03,30.69]|95.9|[-3.51,-0.25,3.51,0.25,-2.09,2.09]
OTBLOCK|Rodopoli|WALL|city2_8m_f.p3d|[18825.81,16578.55,30.38]|95.9|[-3.51,-0.25,3.51,0.25,-2.09,2.09]
OTBLOCK|Rodopoli|WALL|city2_8m_f.p3d|[18825.09,16571.87,30.59]|95.9|[-3.51,-0.25,3.51,0.25,-2.09,2.09]
OTBLOCK|Rodopoli|WALL|city2_pillard_f.p3d|[18823.94,16561.00,30.75]|279.1|[-0.84,-0.25,0.84,0.25,-2.10,2.10]
OTBLOCK|Rodopoli|WALL|stone_8md_f.p3d|[18866.15,16583.59,28.50]|318.6|[-4.14,-0.76,4.14,0.76,-1.28,1.28]
OTBLOCK|Rodopoli|WALL|stone_8m_f.p3d|[18849.96,16584.15,29.22]|45.5|[-4.26,-0.35,4.26,0.35,-1.30,1.30]
OTBLOCK|Rodopoli|WALL|city_8m_f.p3d|[18847.33,16566.39,28.61]|225.5|[-3.53,-0.25,3.53,0.25,-2.08,2.08]
OTBLOCK|Rodopoli|WALL|stone_pillar_f.p3d|[18844.46,16589.96,29.56]|47.4|[-0.45,-0.44,0.45,0.44,-1.79,1.79]
OTBLOCK|Rodopoli|WALL|stone_pillar_f.p3d|[18847.05,16587.09,29.41]|47.4|[-0.45,-0.44,0.45,0.44,-1.79,1.79]
OTBLOCK|Rodopoli|WALL|city_pillar_f.p3d|[18870.32,16587.27,28.90]|231.9|[-0.23,-0.24,0.23,0.24,-2.14,2.14]
OTBLOCK|Rodopoli|WALL|stone_8m_f.p3d|[18659.49,16618.98,37.26]|88.6|[-4.26,-0.35,4.26,0.35,-1.30,1.30]
OTBLOCK|Rodopoli|WALL|stone_pillar_f.p3d|[18659.73,16614.90,37.06]|151.3|[-0.45,-0.44,0.45,0.44,-1.79,1.79]
OTBLOCK|Rodopoli|WALL|Land_Stone_Gate_F|[18667.64,16607.46,36.18]|42.9|[-2.96,-1.47,2.96,1.47,-1.71,1.71]
OTBLOCK|Rodopoli|WALL|stone_8m_f.p3d|[18662.72,16611.97,36.72]|42.7|[-4.26,-0.35,4.26,0.35,-1.30,1.30]
OTBLOCK|Rodopoli|WALL|stone_8m_f.p3d|[18672.81,16603.17,35.76]|37.2|[-4.26,-0.35,4.26,0.35,-1.30,1.30]
OTBLOCK|Rodopoli|WALL|stone_8m_f.p3d|[18685.01,16608.61,35.24]|318.6|[-4.26,-0.35,4.26,0.35,-1.30,1.30]
OTBLOCK|Rodopoli|WALL|stone_8m_f.p3d|[18679.03,16603.34,35.42]|318.6|[-4.26,-0.35,4.26,0.35,-1.30,1.30]
OTBLOCK|Rodopoli|WALL|stone_pillar_f.p3d|[18676.06,16600.68,35.48]|131.9|[-0.45,-0.44,0.45,0.44,-1.79,1.79]
OTBLOCK|Rodopoli|WALL|stone_8m_f.p3d|[18691.30,16613.52,35.01]|325.1|[-4.26,-0.35,4.26,0.35,-1.30,1.30]
OTBLOCK|Rodopoli|WALL|city2_8m_f.p3d|[18700.57,16590.89,34.87]|323.0|[-3.51,-0.25,3.51,0.25,-2.09,2.09]
OTBLOCK|Rodopoli|WALL|concrete_smallwall_8m_f.p3d|[18695.27,16599.60,34.34]|324.4|[-4.00,-0.26,4.00,0.26,-1.15,1.15]
OTBLOCK|Rodopoli|WALL|concrete_smallwall_8m_f.p3d|[18701.72,16604.23,34.33]|324.4|[-4.00,-0.26,4.00,0.26,-1.15,1.15]
OTBLOCK|Rodopoli|WALL|concrete_smallwall_8m_f.p3d|[18708.17,16608.89,34.17]|323.8|[-4.00,-0.26,4.00,0.26,-1.15,1.15]
OTBLOCK|Rodopoli|WALL|concrete_smallwall_8m_f.p3d|[18714.62,16613.53,33.98]|325.0|[-4.00,-0.26,4.00,0.26,-1.15,1.15]
OTBLOCK|Rodopoli|WALL|stone_pillar_f.p3d|[18694.34,16615.60,34.92]|148.5|[-0.45,-0.44,0.45,0.44,-1.79,1.79]
OTBLOCK|Rodopoli|WALL|city_pillar_f.p3d|[18703.37,16592.98,34.44]|323.3|[-0.23,-0.24,0.23,0.24,-2.14,2.14]
OTBLOCK|Rodopoli|WALL|city_pillar_f.p3d|[18692.20,16597.38,34.74]|322.4|[-0.23,-0.24,0.23,0.24,-2.14,2.14]
OTBLOCK|Rodopoli|WALL|city_pillar_f.p3d|[18712.96,16612.35,34.35]|322.4|[-0.23,-0.24,0.23,0.24,-2.14,2.14]
OTBLOCK|Rodopoli|WALL|city_pillar_f.p3d|[18719.62,16616.94,33.92]|326.4|[-0.23,-0.24,0.23,0.24,-2.14,2.14]
OTBLOCK|Rodopoli|WALL|city_pillar_f.p3d|[18706.55,16607.73,34.52]|322.4|[-0.23,-0.24,0.23,0.24,-2.14,2.14]
OTBLOCK|Rodopoli|WALL|city_pillar_f.p3d|[18700.10,16603.05,34.66]|322.0|[-0.23,-0.24,0.23,0.24,-2.14,2.14]
OTBLOCK|Rodopoli|WALL|city2_8m_f.p3d|[18747.00,16596.50,32.83]|57.2|[-3.51,-0.25,3.51,0.25,-2.09,2.09]
OTBLOCK|Rodopoli|WALL|concrete_smallwall_8m_f.p3d|[18721.17,16618.02,33.65]|325.6|[-4.00,-0.26,4.00,0.26,-1.15,1.15]
OTBLOCK|Rodopoli|WALL|city2_8m_f.p3d|[18771.07,16614.07,32.89]|235.5|[-3.51,-0.25,3.51,0.25,-2.09,2.09]
OTBLOCK|Rodopoli|WALL|city2_8m_f.p3d|[18774.99,16608.42,32.70]|235.5|[-3.51,-0.25,3.51,0.25,-2.09,2.09]
OTBLOCK|Rodopoli|WALL|city2_8m_f.p3d|[18766.27,16615.26,32.92]|146.6|[-3.51,-0.25,3.51,0.25,-2.09,2.09]
OTBLOCK|Rodopoli|WALL|city_pillar_f.p3d|[18778.77,16602.84,32.02]|55.0|[-0.23,-0.24,0.23,0.24,-2.14,2.14]
OTBLOCK|Rodopoli|WALL|city2_8m_f.p3d|[18780.81,16599.88,32.31]|236.0|[-3.51,-0.25,3.51,0.25,-2.09,2.09]
OTBLOCK|Rodopoli|WALL|city2_8m_f.p3d|[18784.68,16594.20,31.66]|236.0|[-3.51,-0.25,3.51,0.25,-2.09,2.09]
OTBLOCK|Rodopoli|WALL|city_4m_f.p3d|[18797.47,16615.68,31.96]|43.8|[-1.79,-0.24,1.79,0.24,-2.08,2.08]
OTBLOCK|Rodopoli|WALL|city_8m_f.p3d|[18831.93,16603.16,30.15]|49.1|[-3.53,-0.25,3.53,0.25,-2.08,2.08]
OTBLOCK|Rodopoli|WALL|city_8m_f.p3d|[18831.37,16614.40,30.56]|281.5|[-3.53,-0.25,3.53,0.25,-2.08,2.08]
OTBLOCK|Rodopoli|WALL|city_4m_f.p3d|[18811.01,16600.94,30.75]|255.5|[-1.79,-0.24,1.79,0.24,-2.08,2.08]
OTBLOCK|Rodopoli|WALL|city_4m_f.p3d|[18811.65,16597.52,30.56]|262.3|[-1.79,-0.24,1.79,0.24,-2.08,2.08]
OTBLOCK|Rodopoli|WALL|city_4m_f.p3d|[18811.89,16594.04,30.52]|271.1|[-1.79,-0.24,1.79,0.24,-2.08,2.08]
OTBLOCK|Rodopoli|WALL|stone_8m_f.p3d|[18841.70,16592.90,29.72]|46.3|[-4.26,-0.35,4.26,0.35,-1.30,1.30]
OTBLOCK|Rodopoli|WALL|concrete_smallwall_8m_f.p3d|[18868.46,16613.80,29.77]|48.8|[-4.00,-0.26,4.00,0.26,-1.15,1.15]
OTBLOCK|Rodopoli|WALL|concrete_smallwall_4m_f.p3d|[18864.52,16618.28,30.25]|49.3|[-2.01,-0.26,2.01,0.26,-1.16,1.16]
OTBLOCK|Rodopoli|WALL|city_pillar_f.p3d|[18865.89,16616.71,30.20]|318.9|[-0.23,-0.24,0.23,0.24,-2.14,2.14]
OTBLOCK|Rodopoli|WALL|city_pillar_f.p3d|[18863.19,16619.80,30.40]|141.2|[-0.23,-0.24,0.23,0.24,-2.14,2.14]
OTBLOCK|Rodopoli|WALL|city_pillar_f.p3d|[18871.17,16610.71,29.81]|231.3|[-0.23,-0.24,0.23,0.24,-2.14,2.14]
OTBLOCK|Rodopoli|WALL|stone_pillar_f.p3d|[18659.47,16623.18,37.45]|193.6|[-0.45,-0.44,0.45,0.44,-1.79,1.79]
OTBLOCK|Rodopoli|WALL|stone_8md_f.p3d|[18670.01,16637.30,37.24]|128.3|[-4.14,-0.76,4.14,0.76,-1.28,1.28]
OTBLOCK|Rodopoli|WALL|stone_8md_f.p3d|[18666.43,16632.59,37.37]|306.4|[-4.14,-0.76,4.14,0.76,-1.28,1.28]
OTBLOCK|Rodopoli|WALL|stone_8m_f.p3d|[18661.88,16626.49,37.36]|306.8|[-4.26,-0.35,4.26,0.35,-1.30,1.30]
OTBLOCK|Rodopoli|WALL|stone_4m_f.p3d|[18673.54,16641.73,37.55]|308.6|[-2.22,-0.36,2.22,0.36,-1.29,1.29]
OTBLOCK|Rodopoli|WALL|stone_4m_f.p3d|[18679.05,16648.08,38.39]|128.1|[-2.22,-0.36,2.22,0.36,-1.29,1.29]
OTBLOCK|Rodopoli|WALL|stone_pillar_f.p3d|[18677.66,16646.28,38.25]|37.3|[-0.45,-0.44,0.45,0.44,-1.79,1.79]
OTBLOCK|Rodopoli|WALL|stone_pillar_f.p3d|[18674.94,16643.50,38.17]|217.9|[-0.45,-0.44,0.45,0.44,-1.79,1.79]
OTBLOCK|Rodopoli|WALL|city2_8m_f.p3d|[18695.83,16648.34,36.68]|301.4|[-3.51,-0.25,3.51,0.25,-2.09,2.09]
OTBLOCK|Rodopoli|WALL|city2_8m_f.p3d|[18696.79,16643.20,36.33]|221.9|[-3.51,-0.25,3.51,0.25,-2.09,2.09]
OTBLOCK|Rodopoli|WALL|city2_8m_f.p3d|[18701.79,16638.61,36.01]|222.3|[-3.51,-0.25,3.51,0.25,-2.09,2.09]
OTBLOCK|Rodopoli|WALL|concrete_smallwall_8m_f.p3d|[18727.63,16622.54,33.13]|324.7|[-4.00,-0.26,4.00,0.26,-1.15,1.15]
OTBLOCK|Rodopoli|WALL|concrete_smallwall_8m_f.p3d|[18742.31,16648.55,32.56]|328.1|[-4.00,-0.26,4.00,0.26,-1.15,1.15]
OTBLOCK|Rodopoli|WALL|city_pillar_f.p3d|[18730.74,16624.70,33.17]|325.3|[-0.23,-0.24,0.23,0.24,-2.14,2.14]
OTBLOCK|Rodopoli|WALL|city_pillar_f.p3d|[18726.06,16621.42,33.57]|325.3|[-0.23,-0.24,0.23,0.24,-2.14,2.14]
OTBLOCK|Rodopoli|WALL|city_pillar_f.p3d|[18738.90,16646.37,33.07]|325.3|[-0.23,-0.24,0.23,0.24,-2.14,2.14]
OTBLOCK|Rodopoli|WALL|city_pillar_f.p3d|[18744.01,16649.61,33.08]|145.7|[-0.23,-0.24,0.23,0.24,-2.14,2.14]
OTBLOCK|Rodopoli|WALL|concrete_smallwall_4m_f.p3d|[18766.73,16641.88,32.54]|357.9|[-2.01,-0.26,2.01,0.26,-1.16,1.16]
OTBLOCK|Rodopoli|WALL|concrete_smallwall_4m_f.p3d|[18759.43,16639.50,32.47]|328.0|[-2.01,-0.26,2.01,0.26,-1.16,1.16]
OTBLOCK|Rodopoli|WALL|concrete_smallwall_4m_f.p3d|[18770.51,16641.33,32.43]|18.7|[-2.01,-0.26,2.01,0.26,-1.16,1.16]
OTBLOCK|Rodopoli|WALL|concrete_smallwall_4m_f.p3d|[18762.95,16641.18,32.51]|340.8|[-2.01,-0.26,2.01,0.26,-1.16,1.16]
OTBLOCK|Rodopoli|WALL|city_pillar_f.p3d|[18764.70,16641.81,33.08]|82.7|[-0.23,-0.24,0.23,0.24,-2.14,2.14]
OTBLOCK|Rodopoli|WALL|city_pillar_f.p3d|[18761.01,16640.47,32.93]|156.4|[-0.23,-0.24,0.23,0.24,-2.14,2.14]
OTBLOCK|Rodopoli|WALL|city_pillar_f.p3d|[18768.66,16641.91,32.96]|1.9|[-0.23,-0.24,0.23,0.24,-2.14,2.14]
OTBLOCK|Rodopoli|WALL|city_pillar_f.p3d|[18757.88,16638.46,32.77]|57.3|[-0.23,-0.24,0.23,0.24,-2.14,2.14]
OTBLOCK|Rodopoli|WALL|city_pillar_f.p3d|[18772.30,16640.75,32.86]|42.1|[-0.23,-0.24,0.23,0.24,-2.14,2.14]
OTBLOCK|Rodopoli|WALL|stone_8md_f.p3d|[18802.14,16645.87,32.26]|178.2|[-4.14,-0.76,4.14,0.76,-1.28,1.28]
OTBLOCK|Rodopoli|WALL|stone_8md_f.p3d|[18794.87,16648.68,32.54]|50.4|[-4.14,-0.76,4.14,0.76,-1.28,1.28]
OTBLOCK|Rodopoli|WALL|stone_8m_f.p3d|[18809.87,16646.05,31.84]|358.6|[-4.26,-0.35,4.26,0.35,-1.30,1.30]
OTBLOCK|Rodopoli|WALL|stone_pillar_f.p3d|[18797.63,16645.85,32.67]|192.0|[-0.45,-0.44,0.45,0.44,-1.79,1.79]
OTBLOCK|Rodopoli|WALL|stone_8m_f.p3d|[18817.25,16647.95,31.62]|151.9|[-4.26,-0.35,4.26,0.35,-1.30,1.30]
OTBLOCK|Rodopoli|WALL|city_8m_f.p3d|[18832.65,16621.31,30.80]|281.5|[-3.53,-0.25,3.53,0.25,-2.08,2.08]
OTBLOCK|Rodopoli|WALL|city_4m_f.p3d|[18836.53,16628.60,31.14]|140.5|[-1.79,-0.24,1.79,0.24,-2.08,2.08]
OTBLOCK|Rodopoli|WALL|city_4m_f.p3d|[18839.29,16630.75,31.21]|144.0|[-1.79,-0.24,1.79,0.24,-2.08,2.08]
OTBLOCK|Rodopoli|WALL|city_4m_f.p3d|[18834.25,16626.04,31.04]|122.5|[-1.79,-0.24,1.79,0.24,-2.08,2.08]
OTBLOCK|Rodopoli|WALL|stone_pillar_f.p3d|[18813.84,16646.19,31.90]|174.0|[-0.45,-0.44,0.45,0.44,-1.79,1.79]
OTBLOCK|Rodopoli|WALL|city_4m_f.p3d|[18852.10,16631.52,31.09]|216.8|[-1.79,-0.24,1.79,0.24,-2.08,2.08]
OTBLOCK|Rodopoli|WALL|city_4m_f.p3d|[18849.00,16633.01,31.19]|196.2|[-1.79,-0.24,1.79,0.24,-2.08,2.08]
OTBLOCK|Rodopoli|WALL|city_4m_f.p3d|[18842.29,16632.48,31.25]|155.9|[-1.79,-0.24,1.79,0.24,-2.08,2.08]
OTBLOCK|Rodopoli|WALL|city_4m_f.p3d|[18845.60,16633.33,31.25]|176.8|[-1.79,-0.24,1.79,0.24,-2.08,2.08]
OTBLOCK|Rodopoli|WALL|city_8m_f.p3d|[18651.62,16663.16,40.37]|216.1|[-3.53,-0.25,3.53,0.25,-2.08,2.08]
OTBLOCK|Rodopoli|WALL|city_8m_f.p3d|[18657.28,16659.05,39.86]|216.1|[-3.53,-0.25,3.53,0.25,-2.08,2.08]
OTBLOCK|Rodopoli|WALL|city_8m_f.p3d|[18657.09,16675.72,40.62]|308.9|[-3.53,-0.25,3.53,0.25,-2.08,2.08]
OTBLOCK|Rodopoli|WALL|city_8m_f.p3d|[18650.82,16668.20,40.43]|127.3|[-3.53,-0.25,3.53,0.25,-2.08,2.08]
OTBLOCK|Rodopoli|WALL|city_pillar_f.p3d|[18648.63,16665.33,40.31]|36.2|[-0.23,-0.24,0.23,0.24,-2.14,2.14]
OTBLOCK|Rodopoli|WALL|stone_8md_f.p3d|[18688.39,16653.84,37.56]|33.4|[-4.14,-0.76,4.14,0.76,-1.28,1.28]
OTBLOCK|Rodopoli|WALL|stone_8m_f.p3d|[18682.82,16652.74,38.47]|128.7|[-4.26,-0.35,4.26,0.35,-1.30,1.30]
OTBLOCK|Rodopoli|WALL|city_8m_f.p3d|[18678.29,16673.99,39.17]|214.7|[-3.53,-0.25,3.53,0.25,-2.08,2.08]
OTBLOCK|Rodopoli|WALL|city_8m_f.p3d|[18662.81,16654.88,39.28]|217.7|[-3.53,-0.25,3.53,0.25,-2.08,2.08]
OTBLOCK|Rodopoli|WALL|city_8m_f.p3d|[18672.55,16678.00,39.60]|214.7|[-3.53,-0.25,3.53,0.25,-2.08,2.08]
OTBLOCK|Rodopoli|WALL|stone_pillar_f.p3d|[18685.41,16655.83,38.43]|35.1|[-0.45,-0.44,0.45,0.44,-1.79,1.79]
OTBLOCK|Rodopoli|WALL|city2_8m_f.p3d|[18699.40,16654.13,36.76]|301.7|[-3.51,-0.25,3.51,0.25,-2.09,2.09]
OTBLOCK|Rodopoli|WALL|city2_8m_f.p3d|[18710.49,16670.58,36.33]|126.3|[-3.51,-0.25,3.51,0.25,-2.09,2.09]
OTBLOCK|Rodopoli|WALL|city2_8m_f.p3d|[18706.44,16665.06,36.79]|126.3|[-3.51,-0.25,3.51,0.25,-2.09,2.09]
OTBLOCK|Rodopoli|WALL|city2_8m_f.p3d|[18714.90,16670.99,36.06]|221.9|[-3.51,-0.25,3.51,0.25,-2.09,2.09]
OTBLOCK|Rodopoli|WALL|city2_8md_f.p3d|[18702.26,16658.91,36.75]|300.1|[-2.30,-0.28,2.30,0.28,-2.11,2.11]
OTBLOCK|Rodopoli|WALL|city2_pillard_f.p3d|[18703.97,16661.68,36.84]|303.7|[-0.84,-0.25,0.84,0.25,-2.10,2.10]
OTBLOCK|Rodopoli|WALL|city_8m_f.p3d|[18731.80,16673.83,33.97]|137.3|[-3.53,-0.25,3.53,0.25,-2.08,2.08]
OTBLOCK|Rodopoli|WALL|city_8m_f.p3d|[18726.62,16669.10,33.78]|137.3|[-3.53,-0.25,3.53,0.25,-2.08,2.08]
OTBLOCK|Rodopoli|WALL|city_8m_f.p3d|[18736.93,16678.54,34.16]|137.3|[-3.53,-0.25,3.53,0.25,-2.08,2.08]
OTBLOCK|Rodopoli|WALL|city2_8m_f.p3d|[18725.13,16661.92,34.66]|221.9|[-3.51,-0.25,3.51,0.25,-2.09,2.09]
OTBLOCK|Rodopoli|WALL|city2_8m_f.p3d|[18730.15,16657.35,33.78]|221.9|[-3.51,-0.25,3.51,0.25,-2.09,2.09]
OTBLOCK|Rodopoli|WALL|city2_8md_f.p3d|[18720.86,16665.67,35.34]|221.3|[-2.30,-0.28,2.30,0.28,-2.11,2.11]
OTBLOCK|Rodopoli|WALL|concrete_smallwall_4m_f.p3d|[18749.80,16674.52,33.36]|244.9|[-2.01,-0.26,2.01,0.26,-1.16,1.16]
OTBLOCK|Rodopoli|WALL|concrete_smallwall_4m_f.p3d|[18747.27,16651.73,32.56]|327.4|[-2.01,-0.26,2.01,0.26,-1.16,1.16]
OTBLOCK|Rodopoli|WALL|city2_pillard_f.p3d|[18723.52,16666.26,34.32]|314.3|[-0.84,-0.25,0.84,0.25,-2.10,2.10]
OTBLOCK|Rodopoli|WALL|city_pillar_f.p3d|[18749.04,16676.22,34.02]|246.5|[-0.23,-0.24,0.23,0.24,-2.14,2.14]
OTBLOCK|Rodopoli|WALL|city_pillar_f.p3d|[18747.88,16678.56,34.10]|64.5|[-0.23,-0.24,0.23,0.24,-2.14,2.14]
OTBLOCK|Rodopoli|WALL|city_pillar_f.p3d|[18748.86,16652.70,33.28]|324.7|[-0.23,-0.24,0.23,0.24,-2.14,2.14]
OTBLOCK|Rodopoli|WALL|concrete_smallwall_8m_f.p3d|[18752.38,16669.17,33.34]|244.1|[-4.00,-0.26,4.00,0.26,-1.15,1.15]
OTBLOCK|Rodopoli|WALL|concrete_smallwall_4m_f.p3d|[18753.18,16656.49,32.92]|300.4|[-2.01,-0.26,2.01,0.26,-1.16,1.16]
OTBLOCK|Rodopoli|WALL|concrete_smallwall_4m_f.p3d|[18754.70,16663.67,33.03]|254.7|[-2.01,-0.26,2.01,0.26,-1.16,1.16]
OTBLOCK|Rodopoli|WALL|concrete_smallwall_4m_f.p3d|[18754.71,16660.04,33.00]|286.2|[-2.01,-0.26,2.01,0.26,-1.16,1.16]
OTBLOCK|Rodopoli|WALL|concrete_smallwall_4m_f.p3d|[18750.59,16653.76,32.72]|328.0|[-2.01,-0.26,2.01,0.26,-1.16,1.16]
OTBLOCK|Rodopoli|WALL|city_pillar_f.p3d|[18754.17,16658.10,33.57]|204.8|[-0.23,-0.24,0.23,0.24,-2.14,2.14]
OTBLOCK|Rodopoli|WALL|city_pillar_f.p3d|[18755.19,16661.73,33.60]|88.8|[-0.23,-0.24,0.23,0.24,-2.14,2.14]
OTBLOCK|Rodopoli|WALL|city_pillar_f.p3d|[18754.16,16665.47,33.65]|68.2|[-0.23,-0.24,0.23,0.24,-2.14,2.14]
OTBLOCK|Rodopoli|WALL|city_pillar_f.p3d|[18751.50,16670.95,33.81]|64.0|[-0.23,-0.24,0.23,0.24,-2.14,2.14]
OTBLOCK|Rodopoli|WALL|city_pillar_f.p3d|[18752.15,16654.75,33.47]|46.2|[-0.23,-0.24,0.23,0.24,-2.14,2.14]
OTBLOCK|Rodopoli|WALL|stone_8md_f.p3d|[18804.87,16677.02,32.75]|57.5|[-4.14,-0.76,4.14,0.76,-1.28,1.28]
OTBLOCK|Rodopoli|WALL|stone_8m_f.p3d|[18789.98,16654.68,32.63]|230.8|[-4.26,-0.35,4.26,0.35,-1.30,1.30]
OTBLOCK|Rodopoli|WALL|stone_pillar_f.p3d|[18787.51,16657.98,32.91]|230.8|[-0.45,-0.44,0.45,0.44,-1.79,1.79]
OTBLOCK|Rodopoli|WALL|stone_8md_f.p3d|[18824.10,16651.56,31.47]|331.5|[-4.14,-0.76,4.14,0.76,-1.28,1.28]
OTBLOCK|Rodopoli|WALL|city_8m_f.p3d|[18819.44,16677.64,32.47]|65.0|[-3.53,-0.25,3.53,0.25,-2.08,2.08]
OTBLOCK|Rodopoli|WALL|concrete_smallwall_8m_f.p3d|[18837.69,16679.02,32.34]|64.7|[-4.00,-0.26,4.00,0.26,-1.15,1.15]
OTBLOCK|Rodopoli|WALL|stone_4m_f.p3d|[18829.05,16656.65,31.59]|241.8|[-2.22,-0.36,2.22,0.36,-1.29,1.29]
OTBLOCK|Rodopoli|WALL|stone_pillar_f.p3d|[18828.02,16658.68,31.62]|242.4|[-0.45,-0.44,0.45,0.44,-1.79,1.79]
OTBLOCK|Rodopoli|WALL|stone_pillar_f.p3d|[18830.15,16654.79,31.56]|332.8|[-0.45,-0.44,0.45,0.44,-1.79,1.79]
OTBLOCK|Rodopoli|WALL|city_pillar_f.p3d|[18839.28,16675.57,32.28]|333.8|[-0.23,-0.24,0.23,0.24,-2.14,2.14]
OTBLOCK|Rodopoli|WALL|city2_8m_f.p3d|[18850.79,16672.32,32.53]|335.4|[-3.51,-0.25,3.51,0.25,-2.09,2.09]
OTBLOCK|Rodopoli|WALL|concrete_smallwall_8m_f.p3d|[18841.06,16671.90,32.13]|64.2|[-4.00,-0.26,4.00,0.26,-1.15,1.15]
OTBLOCK|Rodopoli|WALL|city_pillar_f.p3d|[18842.68,16668.47,31.94]|333.8|[-0.23,-0.24,0.23,0.24,-2.14,2.14]
OTBLOCK|Rodopoli|WALL|city_8m_f.p3d|[18666.80,16681.97,39.89]|214.7|[-3.53,-0.25,3.53,0.25,-2.08,2.08]
OTBLOCK|Rodopoli|WALL|city_8m_f.p3d|[18661.50,16681.17,40.55]|308.9|[-3.53,-0.25,3.53,0.25,-2.08,2.08]
OTBLOCK|Rodopoli|WALL|city_pillar_f.p3d|[18663.82,16684.02,40.56]|36.2|[-0.23,-0.24,0.23,0.24,-2.14,2.14]
OTBLOCK|Rodopoli|WALL|city_8m_f.p3d|[18734.32,16702.71,34.87]|61.8|[-3.53,-0.25,3.53,0.25,-2.08,2.08]
OTBLOCK|Rodopoli|WALL|city_8m_f.p3d|[18742.20,16683.41,34.31]|137.3|[-3.53,-0.25,3.53,0.25,-2.08,2.08]
OTBLOCK|Rodopoli|WALL|city_8m_f.p3d|[18731.06,16708.75,34.79]|61.8|[-3.53,-0.25,3.53,0.25,-2.08,2.08]
OTBLOCK|Rodopoli|WALL|concrete_smallwall_8m_f.p3d|[18746.20,16682.03,33.57]|244.4|[-4.00,-0.26,4.00,0.26,-1.15,1.15]
OTBLOCK|Rodopoli|WALL|stone_8md_f.p3d|[18770.49,16690.01,34.04]|311.4|[-4.14,-0.76,4.14,0.76,-1.28,1.28]
OTBLOCK|Rodopoli|WALL|stone_8m_f.p3d|[18763.73,16705.53,33.90]|132.0|[-4.26,-0.35,4.26,0.35,-1.30,1.30]
OTBLOCK|Rodopoli|WALL|stone_8m_f.p3d|[18753.81,16700.04,34.13]|65.7|[-4.26,-0.35,4.26,0.35,-1.30,1.30]
OTBLOCK|Rodopoli|WALL|stone_8m_f.p3d|[18779.36,16690.57,33.60]|232.3|[-4.26,-0.35,4.26,0.35,-1.30,1.30]
OTBLOCK|Rodopoli|WALL|stone_8m_f.p3d|[18750.47,16707.27,34.34]|65.7|[-4.26,-0.35,4.26,0.35,-1.30,1.30]
OTBLOCK|Rodopoli|WALL|stone_8m_f.p3d|[18758.40,16699.59,34.04]|132.0|[-4.26,-0.35,4.26,0.35,-1.30,1.30]
OTBLOCK|Rodopoli|WALL|stone_8m_f.p3d|[18765.35,16684.26,33.68]|131.8|[-4.26,-0.35,4.26,0.35,-1.30,1.30]
OTBLOCK|Rodopoli|WALL|stone_pillar_f.p3d|[18755.52,16696.46,34.24]|132.4|[-0.45,-0.44,0.45,0.44,-1.79,1.79]
OTBLOCK|Rodopoli|WALL|stone_pillar_f.p3d|[18762.45,16681.19,33.90]|134.9|[-0.45,-0.44,0.45,0.44,-1.79,1.79]
OTBLOCK|Rodopoli|WALL|stone_pillar_f.p3d|[18775.36,16695.75,33.97]|139.9|[-0.45,-0.44,0.45,0.44,-1.79,1.79]
OTBLOCK|Rodopoli|WALL|stone_8m_f.p3d|[18784.04,16684.56,33.38]|232.3|[-4.26,-0.35,4.26,0.35,-1.30,1.30]
OTBLOCK|Rodopoli|WALL|stone_8m_f.p3d|[18800.76,16683.58,33.00]|237.9|[-4.26,-0.35,4.26,0.35,-1.30,1.30]
OTBLOCK|Rodopoli|WALL|stone_8m_f.p3d|[18790.26,16683.23,33.20]|150.0|[-4.26,-0.35,4.26,0.35,-1.30,1.30]
OTBLOCK|Rodopoli|WALL|stone_pillar_f.p3d|[18793.85,16685.28,33.39]|150.4|[-0.45,-0.44,0.45,0.44,-1.79,1.79]
OTBLOCK|Rodopoli|WALL|stone_pillar_f.p3d|[18786.55,16681.15,33.46]|150.4|[-0.45,-0.44,0.45,0.44,-1.79,1.79]
OTBLOCK|Rodopoli|WALL|stone_pillar_f.p3d|[18798.56,16687.21,33.36]|238.3|[-0.45,-0.44,0.45,0.44,-1.79,1.79]
OTBLOCK|Rodopoli|WALL|city_8m_f.p3d|[18813.52,16690.00,32.82]|65.0|[-3.53,-0.25,3.53,0.25,-2.08,2.08]
OTBLOCK|Rodopoli|WALL|city_8m_f.p3d|[18816.50,16683.82,32.66]|65.0|[-3.53,-0.25,3.53,0.25,-2.08,2.08]
OTBLOCK|Rodopoli|WALL|city_pillar_f.p3d|[18835.95,16682.72,32.49]|333.8|[-0.23,-0.24,0.23,0.24,-2.14,2.14]
OTBLOCK|Rodopoli|WALL|city_8m_f.p3d|[18709.49,16730.09,37.36]|156.2|[-3.53,-0.25,3.53,0.25,-2.08,2.08]
OTBLOCK|Rodopoli|WALL|city_8m_f.p3d|[18702.49,16719.47,38.09]|90.7|[-3.53,-0.25,3.53,0.25,-2.08,2.08]
OTBLOCK|Rodopoli|WALL|city_8m_f.p3d|[18704.43,16725.77,37.77]|123.8|[-3.53,-0.25,3.53,0.25,-2.08,2.08]
OTBLOCK|Rodopoli|WALL|city_8m_f.p3d|[18715.86,16732.92,36.92]|156.2|[-3.53,-0.25,3.53,0.25,-2.08,2.08]
OTBLOCK|Rodopoli|WALL|city2_pillard_f.p3d|[18702.42,16715.25,38.66]|272.1|[-0.84,-0.25,0.84,0.25,-2.10,2.10]
OTBLOCK|Rodopoli|WALL|stone_8md_f.p3d|[18749.16,16736.72,34.74]|319.1|[-4.14,-0.76,4.14,0.76,-1.28,1.28]
OTBLOCK|Rodopoli|WALL|stone_8m_f.p3d|[18741.95,16725.26,34.66]|64.2|[-4.26,-0.35,4.26,0.35,-1.30,1.30]
OTBLOCK|Rodopoli|WALL|stone_8m_f.p3d|[18745.48,16718.12,34.43]|64.2|[-4.26,-0.35,4.26,0.35,-1.30,1.30]
OTBLOCK|Rodopoli|WALL|stone_8m_f.p3d|[18737.96,16732.71,34.83]|61.7|[-4.26,-0.35,4.26,0.35,-1.30,1.30]
OTBLOCK|Rodopoli|WALL|stone_8m_f.p3d|[18743.29,16731.71,34.69]|139.5|[-4.26,-0.35,4.26,0.35,-1.30,1.30]
OTBLOCK|Rodopoli|WALL|city_8m_f.p3d|[18720.43,16730.92,36.46]|245.3|[-3.53,-0.25,3.53,0.25,-2.08,2.08]
OTBLOCK|Rodopoli|WALL|city_8m_f.p3d|[18723.36,16724.61,35.89]|245.3|[-3.53,-0.25,3.53,0.25,-2.08,2.08]
OTBLOCK|Rodopoli|WALL|stone_pillar_f.p3d|[18736.00,16736.28,35.08]|148.7|[-0.45,-0.44,0.45,0.44,-1.79,1.79]
OTBLOCK|Rodopoli|WALL|stone_pillar_f.p3d|[18747.17,16714.53,34.57]|155.3|[-0.45,-0.44,0.45,0.44,-1.79,1.79]
OTBLOCK|Rodopoli|WALL|stone_pillar_f.p3d|[18748.90,16710.87,34.60]|155.3|[-0.45,-0.44,0.45,0.44,-1.79,1.79]
OTBLOCK|Rodopoli|WALL|stone_pillar_f.p3d|[18740.01,16728.97,34.96]|139.9|[-0.45,-0.44,0.45,0.44,-1.79,1.79]
OTBLOCK|Rodopoli|WALL|stone_8md_f.p3d|[18779.60,16723.17,33.20]|312.6|[-4.14,-0.76,4.14,0.76,-1.28,1.28]
OTBLOCK|Rodopoli|WALL|stone_8m_f.p3d|[18768.81,16729.21,33.86]|46.4|[-4.26,-0.35,4.26,0.35,-1.30,1.30]
OTBLOCK|Rodopoli|WALL|stone_8m_f.p3d|[18774.30,16723.42,33.41]|46.4|[-4.26,-0.35,4.26,0.35,-1.30,1.30]
OTBLOCK|Rodopoli|WALL|stone_8m_f.p3d|[18763.29,16735.00,34.27]|46.4|[-4.26,-0.35,4.26,0.35,-1.30,1.30]
OTBLOCK|Rodopoli|WALL|stone_8m_f.p3d|[18769.07,16711.48,33.60]|132.0|[-4.26,-0.35,4.26,0.35,-1.30,1.30]
OTBLOCK|Rodopoli|WALL|stone_8m_f.p3d|[18774.41,16717.43,33.34]|132.0|[-4.26,-0.35,4.26,0.35,-1.30,1.30]
OTBLOCK|Rodopoli|WALL|stone_pillar_f.p3d|[18777.04,16720.49,33.43]|134.6|[-0.45,-0.44,0.45,0.44,-1.79,1.79]
OTBLOCK|Rodopoli|WALL|stone_8md_f.p3d|[18784.17,16727.96,33.28]|135.6|[-4.14,-0.76,4.14,0.76,-1.28,1.28]
OTBLOCK|Rodopoli|WALL|stone_8m_f.p3d|[18789.73,16733.32,33.34]|316.0|[-4.26,-0.35,4.26,0.35,-1.30,1.30]
OTBLOCK|Rodopoli|WALL|pipe_fence_4m_f.p3d|[18788.66,16717.22,33.22]|314.5|[-2.08,-0.09,2.08,0.09,-0.85,0.85]
OTBLOCK|Rodopoli|WALL|pipe_fence_4m_f.p3d|[18782.89,16711.34,33.19]|314.5|[-2.08,-0.09,2.08,0.09,-0.85,0.85]
OTBLOCK|Rodopoli|WALL|pipe_fence_4m_f.p3d|[18785.76,16714.28,33.15]|314.5|[-2.08,-0.09,2.08,0.09,-0.85,0.85]
OTBLOCK|Rodopoli|WALL|stone_8m_f.p3d|[18731.09,16746.04,35.32]|61.7|[-4.26,-0.35,4.26,0.35,-1.30,1.30]
OTBLOCK|Rodopoli|WALL|stone_pillar_f.p3d|[18729.18,16749.52,35.69]|139.9|[-0.45,-0.44,0.45,0.44,-1.79,1.79]
OTBLOCK|Rodopoli|WALL|stone_pillar_f.p3d|[18733.02,16742.37,35.31]|148.7|[-0.45,-0.44,0.45,0.44,-1.79,1.79]
OTBLOCK|Rodopoli|WALL|stone_8md_f.p3d|[18757.95,16740.60,34.49]|226.5|[-4.14,-0.76,4.14,0.76,-1.28,1.28]
OTBLOCK|Rodopoli|WALL|stone_8md_f.p3d|[18752.87,16746.46,34.69]|50.0|[-4.14,-0.76,4.14,0.76,-1.28,1.28]
OTBLOCK|Rodopoli|H|0|[32.3,32.1,32.0,32.0,31.9,32.0,32.0,32.1,32.1,32.1,32.0,31.8,31.6,31.4,31.2,31.1,31.0,30.9,30.8,30.7,30.6,30.4,30.2,29.9,29.8,29.5,29.3,29.2,29.3,29.2,29.4,29.5,29.5,29.4,29.4,29.4,29.3,29.4,29.5,29.6,29.8,29.8,29.9,29.9,29.9,29.8,29.8,29.7,29.6,29.5,29.4,29.2,29.2,29.1,29.1,29.0,28.9,28.9,28.9,28.8,28.8,28.8,28.8,28.7,28.7,28.9,29.0,29.1,29.1,29.2,29.1,29.1,29.2,29.3,29.3,29.4,29.5,29.5,29.4,29.3,29.2,29.2,29.2,29.2,29.3,29.2,29.1,29.0,28.8,28.6,28.5,28.4,28.3,28.2,28.2,28.1,28.1,28.0,28.0,27.9,27.8]
OTBLOCK|Rodopoli|H|1|[32.5,32.3,32.2,32.1,32.1,32.1,32.2,32.2,32.2,32.2,32.0,31.9,31.7,31.5,31.4,31.3,31.2,31.1,31.0,30.8,30.7,30.6,30.4,30.3,30.2,30.0,29.8,29.8,29.7,29.5,29.6,29.6,29.6,29.5,29.4,29.4,29.4,29.5,29.6,29.7,29.8,29.8,29.9,29.8,29.8,29.8,29.8,29.7,29.7,29.6,29.4,29.3,29.2,29.1,29.1,29.0,29.0,29.0,28.9,28.8,28.8,28.7,28.7,28.7,28.7,28.9,29.1,29.2,29.3,29.4,29.4,29.4,29.5,29.4,29.3,29.4,29.5,29.5,29.4,29.3,29.3,29.2,29.3,29.3,29.4,29.3,29.2,29.0,28.8,28.5,28.4,28.3,28.2,28.2,28.2,28.1,28.0,28.0,27.9,27.8,27.8]
OTBLOCK|Rodopoli|H|2|[32.7,32.5,32.4,32.3,32.3,32.3,32.4,32.3,32.3,32.3,32.1,31.9,31.7,31.6,31.5,31.4,31.3,31.2,31.1,30.9,30.8,30.7,30.6,30.5,30.4,30.3,30.2,30.0,29.9,29.8,29.7,29.7,29.6,29.5,29.5,29.5,29.5,29.5,29.7,29.7,29.8,29.8,29.8,29.8,29.8,29.8,29.8,29.8,29.7,29.6,29.5,29.3,29.2,29.2,29.1,29.1,29.1,29.0,28.9,28.8,28.8,28.8,28.7,28.7,28.8,28.9,29.1,29.3,29.4,29.5,29.5,29.5,29.5,29.4,29.4,29.5,29.6,29.6,29.5,29.4,29.4,29.3,29.3,29.4,29.5,29.3,29.2,29.0,28.7,28.5,28.4,28.2,28.1,28.1,28.1,28.0,28.0,27.9,27.9,27.8,27.7]
OTBLOCK|Rodopoli|H|3|[32.8,32.7,32.6,32.5,32.4,32.5,32.5,32.4,32.4,32.3,32.1,31.9,31.7,31.6,31.4,31.3,31.3,31.2,31.1,31.0,30.9,30.7,30.6,30.6,30.5,30.4,30.2,30.1,30.0,29.8,29.8,29.7,29.6,29.6,29.6,29.6,29.6,29.6,29.7,29.7,29.8,29.7,29.7,29.7,29.7,29.7,29.8,29.8,29.7,29.7,29.5,29.4,29.2,29.2,29.2,29.2,29.2,29.2,29.1,28.9,28.9,28.8,28.8,28.8,28.8,29.0,29.2,29.3,29.4,29.4,29.4,29.4,29.4,29.4,29.5,29.6,29.7,29.7,29.6,29.4,29.4,29.4,29.4,29.5,29.5,29.4,29.2,28.9,28.7,28.5,28.3,28.2,28.1,28.0,28.0,28.0,27.9,27.9,27.8,27.7,27.6]
OTBLOCK|Rodopoli|H|4|[33.0,32.9,32.8,32.7,32.6,32.6,32.6,32.5,32.4,32.3,32.1,31.8,31.7,31.5,31.4,31.4,31.3,31.2,31.1,31.0,30.9,30.8,30.7,30.6,30.6,30.4,30.3,30.2,30.1,29.9,29.8,29.7,29.7,29.7,29.7,29.7,29.7,29.7,29.7,29.8,29.7,29.7,29.6,29.6,29.6,29.7,29.8,29.8,29.8,29.7,29.6,29.4,29.3,29.3,29.3,29.4,29.4,29.3,29.2,29.0,29.0,28.9,28.9,28.9,28.9,29.1,29.2,29.3,29.3,29.4,29.4,29.4,29.4,29.5,29.6,29.7,29.8,29.7,29.6,29.5,29.5,29.4,29.4,29.5,29.5,29.3,29.1,28.9,28.7,28.4,28.3,28.1,28.0,28.0,27.9,27.9,27.9,27.8,27.7,27.6,27.5]
OTBLOCK|Rodopoli|H|5|[33.2,33.0,32.9,32.9,32.8,32.8,32.7,32.6,32.5,32.4,32.1,31.9,31.7,31.6,31.4,31.4,31.3,31.2,31.1,31.0,30.8,30.7,30.6,30.6,30.6,30.5,30.4,30.2,30.1,30.0,29.9,29.8,29.7,29.7,29.7,29.7,29.7,29.7,29.7,29.7,29.6,29.6,29.6,29.6,29.6,29.7,29.8,29.8,29.8,29.8,29.6,29.5,29.5,29.5,29.5,29.5,29.5,29.4,29.3,29.2,29.1,29.0,28.9,29.0,29.0,29.2,29.3,29.3,29.3,29.4,29.4,29.4,29.4,29.5,29.6,29.7,29.8,29.8,29.6,29.5,29.5,29.4,29.4,29.5,29.5,29.3,29.1,28.9,28.7,28.4,28.2,28.1,28.0,28.0,27.9,27.9,27.8,27.7,27.7,27.6,27.5]
OTBLOCK|Rodopoli|H|6|[33.4,33.2,33.1,33.0,32.9,32.9,32.8,32.8,32.6,32.4,32.2,31.9,31.7,31.5,31.4,31.3,31.2,31.1,31.0,30.9,30.8,30.7,30.6,30.6,30.6,30.5,30.4,30.3,30.1,30.0,29.9,29.8,29.7,29.8,29.8,29.7,29.6,29.6,29.6,29.6,29.6,29.6,29.6,29.6,29.6,29.7,29.8,29.8,29.8,29.8,29.7,29.6,29.6,29.6,29.6,29.6,29.6,29.5,29.4,29.3,29.2,29.0,29.0,29.0,29.1,29.2,29.2,29.3,29.3,29.4,29.4,29.4,29.4,29.6,29.7,29.8,29.8,29.8,29.7,29.6,29.5,29.5,29.5,29.5,29.5,29.4,29.2,29.0,28.7,28.4,28.2,28.1,28.1,28.0,27.9,27.8,27.8,27.7,27.6,27.5,27.4]
OTBLOCK|Rodopoli|H|7|[33.6,33.5,33.3,33.2,33.1,33.0,33.0,32.9,32.7,32.6,32.3,32.0,31.8,31.7,31.5,31.4,31.3,31.1,31.0,30.9,30.8,30.7,30.6,30.6,30.4,30.3,30.2,30.3,30.2,30.0,29.9,29.8,29.8,29.8,29.8,29.8,29.7,29.6,29.6,29.6,29.6,29.6,29.6,29.6,29.6,29.7,29.8,29.9,29.9,29.8,29.8,29.7,29.7,29.7,29.7,29.7,29.7,29.6,29.5,29.3,29.2,29.1,29.1,29.1,29.1,29.2,29.2,29.3,29.4,29.4,29.4,29.4,29.5,29.6,29.7,29.8,29.9,29.8,29.7,29.6,29.5,29.5,29.5,29.5,29.5,29.4,29.2,28.9,28.6,28.4,28.3,28.2,28.1,28.0,27.9,27.8,27.8,27.7,27.6,27.5,27.4]
OTBLOCK|Rodopoli|H|8|[33.8,33.7,33.5,33.4,33.2,33.2,33.1,33.0,32.9,32.7,32.5,32.2,32.0,31.8,31.6,31.5,31.3,31.2,31.0,30.9,30.8,30.6,30.6,30.3,29.9,29.8,30.2,30.3,30.2,30.0,29.9,29.9,29.9,29.9,30.0,29.9,29.7,29.7,29.7,29.7,29.7,29.7,29.7,29.7,29.7,29.8,29.8,29.9,29.8,29.8,29.7,29.8,29.9,29.9,29.8,29.8,29.8,29.7,29.5,29.3,29.2,29.1,29.1,29.1,29.1,29.2,29.2,29.3,29.4,29.4,29.4,29.5,29.6,29.7,29.8,29.8,29.9,29.8,29.7,29.7,29.6,29.5,29.5,29.5,29.5,29.4,29.1,28.7,28.6,28.4,28.3,28.3,28.2,28.1,28.0,27.9,27.8,27.7,27.6,27.6,27.4]
OTBLOCK|Rodopoli|H|9|[34.0,33.8,33.7,33.5,33.4,33.3,33.2,33.1,33.0,32.9,32.7,32.5,32.2,32.0,31.7,31.5,31.3,31.2,31.0,30.9,30.8,30.6,30.3,29.9,29.5,29.9,30.2,30.3,30.2,30.0,30.0,30.0,30.0,30.0,30.1,29.9,29.8,29.7,29.7,29.7,29.7,29.7,29.7,29.7,29.7,29.8,29.9,29.9,29.8,29.8,29.9,30.0,30.0,30.0,30.0,29.9,29.8,29.7,29.5,29.3,29.2,29.1,29.1,29.1,29.2,29.2,29.3,29.3,29.4,29.4,29.5,29.6,29.6,29.7,29.8,29.8,29.9,29.8,29.8,29.7,29.6,29.5,29.5,29.5,29.5,29.2,28.9,28.7,28.6,28.5,28.4,28.3,28.2,28.2,28.1,27.9,27.8,27.7,27.7,27.6,27.3]
OTBLOCK|Rodopoli|H|10|[34.2,34.1,33.9,33.8,33.6,33.5,33.4,33.3,33.2,33.1,32.9,32.6,32.4,32.1,31.8,31.6,31.4,31.2,31.1,30.9,30.8,30.6,30.3,29.9,29.9,30.3,30.4,30.3,30.2,30.0,30.0,30.0,30.1,30.1,30.1,30.0,29.8,29.8,29.8,29.8,29.8,29.8,29.8,29.8,29.8,29.8,29.9,29.9,29.9,29.9,30.0,30.1,30.1,30.1,30.1,30.0,30.0,29.8,29.6,29.4,29.3,29.2,29.2,29.3,29.4,29.4,29.4,29.5,29.5,29.5,29.6,29.6,29.7,29.7,29.8,29.9,29.9,29.9,29.8,29.7,29.6,29.6,29.5,29.6,29.6,29.3,29.1,29.0,28.9,28.7,28.6,28.4,28.3,28.2,28.1,28.0,27.9,27.8,27.7,27.5,27.3]
OTBLOCK|Rodopoli|H|11|[34.5,34.3,34.1,33.9,33.8,33.7,33.6,33.5,33.4,33.3,33.0,32.8,32.5,32.2,31.9,31.7,31.4,31.2,31.1,30.9,30.7,30.6,30.3,30.3,30.3,30.5,30.4,30.4,30.2,30.0,30.0,30.1,30.2,30.2,30.2,30.0,29.9,29.8,29.8,29.8,29.9,29.9,29.9,29.9,29.8,29.9,30.0,30.0,30.0,30.0,30.1,30.2,30.2,30.2,30.2,30.1,30.1,29.9,29.7,29.5,29.4,29.4,29.4,29.5,29.6,29.6,29.6,29.6,29.6,29.6,29.6,29.6,29.7,29.8,29.9,29.9,29.9,29.9,29.8,29.8,29.7,29.6,29.6,29.6,29.6,29.5,29.4,29.3,29.1,28.8,28.7,28.5,28.4,28.3,28.1,28.0,27.9,27.8,27.6,27.5,27.2]
OTBLOCK|Rodopoli|H|12|[34.8,34.6,34.4,34.2,34.0,33.9,33.8,33.7,33.6,33.4,33.2,32.9,32.6,32.3,32.0,31.7,31.5,31.3,31.1,30.9,30.8,30.6,30.5,30.5,30.6,30.5,30.5,30.4,30.2,30.1,30.2,30.2,30.2,30.2,30.2,30.1,29.9,29.9,29.9,29.9,29.9,30.0,30.0,29.9,29.9,30.0,30.0,30.1,30.1,30.1,30.2,30.2,30.3,30.2,30.2,30.2,30.1,30.0,29.8,29.6,29.5,29.5,29.6,29.7,29.7,29.7,29.7,29.7,29.7,29.7,29.7,29.7,29.7,29.8,29.9,29.9,30.0,30.0,29.9,29.8,29.7,29.6,29.6,29.7,29.7,29.7,29.6,29.4,29.1,28.9,28.7,28.6,28.4,28.3,28.1,28.0,27.8,27.7,27.6,27.4,27.2]
OTBLOCK|Rodopoli|H|13|[35.2,34.9,34.7,34.5,34.3,34.2,34.0,33.9,33.7,33.5,33.3,33.0,32.7,32.4,32.1,31.9,31.6,31.4,31.2,30.9,30.8,30.7,30.6,30.6,30.7,30.6,30.6,30.5,30.3,30.2,30.3,30.3,30.3,30.3,30.2,30.1,30.0,29.9,29.9,29.9,30.0,30.0,30.0,30.0,29.9,30.0,30.1,30.1,30.1,30.1,30.2,30.3,30.3,30.2,30.2,30.2,30.1,30.0,29.8,29.6,29.6,29.6,29.7,29.8,29.8,29.7,29.7,29.7,29.7,29.7,29.7,29.7,29.7,29.8,29.9,30.0,30.0,30.0,29.9,29.8,29.8,29.7,29.7,29.8,29.8,29.8,29.6,29.4,29.1,28.9,28.7,28.5,28.4,28.2,28.0,27.9,27.8,27.6,27.5,27.3,27.1]
OTBLOCK|Rodopoli|H|14|[35.5,35.3,35.0,34.8,34.6,34.4,34.2,34.0,33.9,33.7,33.4,33.1,32.8,32.5,32.3,32.0,31.8,31.5,31.2,31.0,30.8,30.7,30.7,30.7,30.8,30.7,30.7,30.6,30.5,30.4,30.4,30.3,30.3,30.3,30.3,30.1,30.0,30.0,30.0,30.0,30.0,30.0,30.0,30.0,30.0,30.1,30.1,30.2,30.2,30.2,30.2,30.3,30.3,30.2,30.2,30.2,30.1,30.0,29.8,29.7,29.7,29.8,29.8,29.8,29.8,29.8,29.8,29.8,29.8,29.7,29.7,29.7,29.7,29.8,30.0,30.0,30.1,30.0,30.0,29.9,29.8,29.7,29.8,29.9,29.9,29.8,29.6,29.4,29.1,28.9,28.7,28.5,28.3,28.1,27.9,27.8,27.7,27.6,27.4,27.2,27.0]
OTBLOCK|Rodopoli|H|15|[36.0,35.8,35.7,35.4,35.1,34.9,34.6,34.3,34.1,33.8,33.5,33.3,33.0,32.7,32.5,32.3,32.0,31.7,31.5,31.2,31.0,30.9,30.9,30.9,30.9,30.9,30.8,30.8,30.6,30.5,30.5,30.4,30.4,30.4,30.3,30.2,30.1,30.1,30.1,30.1,30.1,30.1,30.1,30.1,30.1,30.2,30.3,30.3,30.3,30.2,30.3,30.3,30.2,30.2,30.3,30.2,30.2,30.1,29.9,29.7,29.8,29.8,29.9,29.9,29.8,29.8,29.8,29.8,29.8,29.8,29.7,29.7,29.8,29.9,30.0,30.1,30.1,30.1,30.1,30.0,29.9,29.8,29.9,30.0,29.9,29.7,29.5,29.3,29.0,28.8,28.6,28.4,28.1,28.0,27.8,27.7,27.6,27.4,27.2,27.1,26.9]
OTBLOCK|Rodopoli|H|16|[36.6,36.5,36.3,35.9,35.5,35.3,34.9,34.6,34.2,33.9,33.7,33.4,33.2,33.0,32.7,32.5,32.2,32.0,31.7,31.4,31.2,31.1,31.0,31.1,31.1,31.1,31.0,30.9,30.8,30.6,30.5,30.5,30.4,30.4,30.4,30.3,30.2,30.2,30.2,30.2,30.2,30.2,30.3,30.3,30.3,30.3,30.4,30.4,30.3,30.3,30.3,30.2,30.2,30.3,30.3,30.3,30.2,30.1,29.9,29.7,29.8,29.9,29.9,29.9,29.9,29.9,29.9,29.9,29.8,29.8,29.8,29.8,29.9,30.0,30.1,30.1,30.2,30.2,30.1,30.1,30.0,30.0,30.0,29.9,29.9,29.7,29.4,29.2,29.0,28.7,28.5,28.2,28.0,27.8,27.7,27.6,27.4,27.3,27.1,27.0,26.8]
OTBLOCK|Rodopoli|H|17|[37.2,37.0,36.8,36.4,36.1,35.7,35.3,35.0,34.6,34.2,34.0,33.8,33.4,33.2,33.0,32.7,32.4,32.1,31.8,31.6,31.5,31.3,31.3,31.3,31.3,31.3,31.2,31.1,30.9,30.7,30.7,30.6,30.6,30.5,30.5,30.4,30.4,30.3,30.3,30.3,30.3,30.4,30.4,30.4,30.4,30.4,30.5,30.4,30.4,30.3,30.3,30.3,30.2,30.3,30.4,30.3,30.3,30.2,29.9,29.8,29.9,29.9,30.0,30.0,29.9,29.9,29.9,29.9,29.9,29.9,29.9,29.9,30.0,30.1,30.1,30.2,30.3,30.3,30.2,30.1,30.1,30.0,30.0,30.0,29.9,29.6,29.4,29.1,28.9,28.7,28.4,28.2,28.0,27.8,27.6,27.5,27.4,27.2,27.1,26.9,26.8]
OTBLOCK|Rodopoli|H|18|[37.7,37.5,37.2,36.9,36.6,36.3,36.0,35.6,35.2,34.8,34.5,34.1,33.7,33.5,33.1,32.9,32.6,32.3,32.1,31.9,31.7,31.6,31.5,31.6,31.6,31.5,31.4,31.3,31.1,30.9,30.9,30.8,30.7,30.7,30.6,30.5,30.4,30.4,30.4,30.4,30.4,30.4,30.4,30.5,30.5,30.6,30.6,30.5,30.5,30.4,30.4,30.3,30.3,30.3,30.4,30.4,30.3,30.2,30.0,29.8,29.9,30.0,30.1,30.0,30.0,30.0,30.0,30.0,30.0,30.0,30.0,30.0,30.1,30.2,30.2,30.3,30.3,30.3,30.2,30.1,30.1,30.1,30.1,30.0,29.9,29.7,29.4,29.2,28.9,28.7,28.4,28.2,28.0,27.8,27.6,27.5,27.4,27.2,27.1,26.9,26.8]
OTBLOCK|Rodopoli|H|19|[38.2,38.0,37.8,37.5,37.2,36.9,36.6,36.2,35.7,35.3,34.8,34.3,34.0,33.7,33.3,33.1,32.8,32.5,32.3,32.1,32.0,31.9,31.8,31.8,31.8,31.7,31.6,31.5,31.3,31.1,31.0,30.9,30.9,30.8,30.7,30.6,30.5,30.5,30.5,30.5,30.5,30.5,30.5,30.6,30.6,30.6,30.7,30.6,30.6,30.5,30.4,30.3,30.3,30.4,30.5,30.4,30.3,30.2,30.0,29.9,30.0,30.1,30.2,30.1,30.1,30.1,30.1,30.1,30.2,30.2,30.2,30.2,30.2,30.3,30.4,30.3,30.3,30.3,30.2,30.1,30.1,30.1,30.1,30.0,29.9,29.7,29.4,29.2,28.9,28.6,28.4,28.2,28.0,27.8,27.7,27.5,27.3,27.2,27.0,26.9,26.8]
OTBLOCK|Rodopoli|H|20|[38.7,38.5,38.2,37.9,37.6,37.3,37.0,36.6,36.2,35.8,35.4,35.0,34.7,34.4,33.9,33.6,33.3,32.9,32.7,32.5,32.3,32.2,32.1,32.1,32.0,32.0,31.9,31.7,31.6,31.4,31.3,31.2,31.1,31.0,30.9,30.9,30.8,30.7,30.7,30.6,30.6,30.6,30.7,30.7,30.7,30.7,30.8,30.7,30.7,30.6,30.5,30.4,30.5,30.5,30.5,30.4,30.3,30.2,30.0,30.0,30.1,30.3,30.3,30.3,30.2,30.2,30.2,30.3,30.3,30.3,30.3,30.3,30.3,30.4,30.4,30.4,30.4,30.3,30.2,30.2,30.2,30.2,30.1,30.0,29.9,29.6,29.4,29.1,28.9,28.7,28.5,28.3,28.1,27.9,27.7,27.5,27.4,27.2,27.0,26.9,26.8]
OTBLOCK|Rodopoli|H|21|[39.2,38.9,38.6,38.3,37.9,37.7,37.4,37.0,36.7,36.4,36.0,35.8,35.4,35.0,34.5,34.1,33.6,33.3,33.0,32.8,32.6,32.5,32.4,32.3,32.3,32.2,32.1,32.0,31.8,31.6,31.5,31.4,31.3,31.2,31.2,31.1,31.0,31.0,30.9,30.8,30.8,30.8,30.8,30.8,30.8,30.8,30.9,30.8,30.8,30.7,30.7,30.6,30.6,30.6,30.5,30.4,30.3,30.2,30.1,30.1,30.3,30.4,30.5,30.4,30.3,30.4,30.4,30.5,30.4,30.4,30.4,30.4,30.5,30.5,30.5,30.5,30.4,30.3,30.3,30.2,30.2,30.2,30.1,30.0,29.8,29.6,29.4,29.1,28.9,28.7,28.5,28.3,28.1,27.9,27.7,27.6,27.4,27.2,27.1,26.9,26.8]
OTBLOCK|Rodopoli|H|22|[39.6,39.3,39.0,38.6,38.3,38.1,37.8,37.5,37.2,36.9,36.6,36.4,36.0,35.5,35.1,34.6,34.1,33.8,33.5,33.2,33.0,32.8,32.7,32.6,32.6,32.5,32.4,32.2,32.0,31.9,31.8,31.7,31.6,31.5,31.4,31.3,31.2,31.1,31.0,30.9,30.9,30.9,30.9,30.9,31.0,31.0,31.0,31.0,30.9,30.9,30.8,30.8,30.7,30.6,30.5,30.4,30.3,30.3,30.2,30.2,30.3,30.5,30.6,30.5,30.5,30.5,30.6,30.5,30.5,30.5,30.5,30.5,30.5,30.5,30.5,30.5,30.4,30.4,30.3,30.3,30.2,30.2,30.1,30.0,29.8,29.6,29.4,29.2,29.0,28.8,28.5,28.3,28.2,28.0,27.8,27.6,27.4,27.2,27.0,26.9,26.9]
OTBLOCK|Rodopoli|H|23|[40.0,39.6,39.3,39.0,38.7,38.4,38.2,37.9,37.6,37.4,37.1,36.9,36.5,36.1,35.6,35.2,34.7,34.4,34.1,33.7,33.5,33.2,33.0,32.9,32.8,32.7,32.6,32.5,32.3,32.2,32.1,31.9,31.8,31.7,31.5,31.4,31.4,31.3,31.2,31.0,31.0,31.0,31.1,31.1,31.1,31.1,31.2,31.2,31.1,31.1,31.0,30.9,30.8,30.7,30.6,30.5,30.4,30.3,30.3,30.2,30.4,30.6,30.7,30.6,30.6,30.7,30.6,30.6,30.6,30.6,30.6,30.6,30.6,30.5,30.5,30.4,30.4,30.4,30.3,30.3,30.3,30.3,30.2,30.0,29.9,29.7,29.5,29.3,29.0,28.8,28.6,28.5,28.3,28.1,27.9,27.7,27.4,27.2,27.0,26.9,26.9]
OTBLOCK|Rodopoli|H|24|[40.3,39.9,39.6,39.3,39.1,38.8,38.5,38.3,38.1,37.8,37.6,37.4,37.0,36.6,36.2,35.8,35.4,35.0,34.6,34.2,33.9,33.5,33.3,33.2,33.1,33.0,32.9,32.8,32.6,32.5,32.4,32.2,32.0,31.8,31.6,31.6,31.5,31.4,31.3,31.1,31.2,31.2,31.2,31.3,31.3,31.3,31.3,31.3,31.3,31.2,31.1,31.0,30.9,30.8,30.6,30.5,30.4,30.3,30.3,30.2,30.5,30.7,30.8,30.8,30.8,30.7,30.7,30.6,30.6,30.6,30.6,30.6,30.5,30.5,30.4,30.4,30.4,30.4,30.4,30.4,30.3,30.3,30.2,30.1,30.0,29.7,29.5,29.3,29.0,28.8,28.7,28.6,28.4,28.2,28.0,27.7,27.4,27.2,27.1,27.0,27.0]
OTBLOCK|Rodopoli|H|25|[40.3,40.1,39.8,39.5,39.4,39.1,38.9,38.7,38.5,38.2,38.0,37.8,37.4,37.0,36.6,36.2,35.8,35.4,35.0,34.6,34.3,33.9,33.7,33.6,33.3,33.2,33.0,32.9,32.8,32.8,32.6,32.5,32.3,32.1,31.9,31.9,31.8,31.6,31.4,31.2,31.3,31.3,31.3,31.3,31.4,31.4,31.4,31.4,31.3,31.3,31.2,31.1,31.0,30.9,30.8,30.7,30.5,30.4,30.3,30.3,30.5,30.7,30.8,30.9,30.8,30.8,30.7,30.6,30.5,30.5,30.5,30.5,30.5,30.4,30.3,30.3,30.3,30.3,30.3,30.3,30.3,30.3,30.2,30.1,30.1,29.9,29.6,29.4,29.1,28.9,28.8,28.7,28.5,28.3,28.0,27.7,27.4,27.2,27.1,27.1,27.1]
OTBLOCK|Rodopoli|H|26|[40.5,40.2,40.0,39.8,39.7,39.5,39.3,39.1,38.9,38.6,38.4,38.1,37.8,37.4,37.0,36.6,36.2,35.8,35.4,35.1,34.7,34.3,34.1,33.8,33.4,33.3,33.2,33.1,33.1,33.0,32.9,32.8,32.6,32.4,32.2,32.1,31.9,31.8,31.5,31.3,31.4,31.4,31.4,31.4,31.5,31.5,31.4,31.4,31.4,31.4,31.3,31.2,31.1,31.0,30.9,30.8,30.6,30.5,30.4,30.4,30.6,30.8,30.9,30.9,30.8,30.7,30.6,30.5,30.4,30.4,30.4,30.4,30.4,30.2,30.1,30.2,30.2,30.2,30.2,30.2,30.2,30.3,30.3,30.2,30.2,30.0,29.7,29.5,29.2,29.0,28.9,28.7,28.5,28.3,28.1,27.8,27.5,27.3,27.2,27.1,27.1]
OTBLOCK|Rodopoli|H|27|[40.6,40.3,40.1,40.0,39.8,39.7,39.5,39.4,39.1,38.9,38.6,38.4,38.1,37.7,37.3,36.9,36.5,36.2,35.9,35.5,35.2,34.8,34.5,34.1,33.6,33.5,33.4,33.3,33.2,33.2,33.1,32.9,32.8,32.6,32.4,32.2,32.1,31.8,31.6,31.5,31.5,31.5,31.5,31.6,31.6,31.6,31.5,31.5,31.5,31.4,31.3,31.3,31.2,31.1,31.0,30.8,30.7,30.5,30.5,30.4,30.7,30.9,30.9,30.9,30.8,30.7,30.5,30.5,30.4,30.4,30.4,30.4,30.3,30.2,30.1,30.2,30.2,30.2,30.2,30.2,30.2,30.3,30.3,30.3,30.3,30.1,29.8,29.6,29.3,29.1,28.9,28.7,28.6,28.4,28.1,27.8,27.5,27.3,27.3,27.2,27.2]
OTBLOCK|Rodopoli|H|28|[40.6,40.4,40.2,40.1,39.9,39.8,39.7,39.5,39.3,39.0,38.8,38.6,38.3,37.9,37.6,37.2,37.0,36.7,36.3,36.0,35.7,35.4,35.0,34.5,33.8,33.7,33.5,33.4,33.3,33.2,33.1,33.1,32.9,32.7,32.5,32.3,32.1,31.9,31.8,31.7,31.7,31.7,31.7,31.7,31.7,31.7,31.6,31.6,31.5,31.5,31.4,31.4,31.3,31.2,31.1,31.0,30.8,30.6,30.6,30.6,30.8,30.9,30.9,30.8,30.7,30.6,30.5,30.4,30.4,30.4,30.4,30.4,30.3,30.3,30.2,30.3,30.2,30.2,30.2,30.1,30.2,30.3,30.3,30.3,30.4,30.2,29.9,29.6,29.3,29.1,28.9,28.8,28.6,28.4,28.1,27.8,27.5,27.3,27.3,27.2,27.2]
OTBLOCK|Rodopoli|H|29|[40.7,40.5,40.3,40.2,40.0,39.9,39.8,39.6,39.4,39.2,39.0,38.8,38.5,38.2,37.9,37.7,37.4,37.2,36.8,36.5,36.2,35.9,35.4,34.7,34.0,33.8,33.6,33.4,33.4,33.3,33.3,33.2,33.1,32.8,32.6,32.4,32.2,32.0,31.9,31.8,31.9,31.9,31.9,31.8,31.8,31.8,31.7,31.7,31.6,31.6,31.5,31.5,31.4,31.3,31.2,31.0,30.8,30.7,30.7,30.7,30.8,30.9,30.9,30.8,30.7,30.6,30.5,30.5,30.4,30.4,30.4,30.4,30.4,30.4,30.3,30.3,30.2,30.2,30.1,30.1,30.2,30.3,30.4,30.4,30.5,30.2,29.9,29.6,29.4,29.1,29.0,28.9,28.7,28.4,28.1,27.8,27.5,27.3,27.3,27.2,27.2]
OTBLOCK|Rodopoli|H|30|[40.7,40.5,40.3,40.2,40.0,39.9,39.8,39.6,39.4,39.2,39.0,38.8,38.5,38.2,38.0,37.8,37.6,37.4,37.0,36.8,36.5,36.3,35.7,35.0,34.5,34.3,33.9,33.6,33.5,33.4,33.4,33.3,33.2,33.0,32.8,32.5,32.3,32.2,32.1,32.0,32.0,32.0,32.0,32.0,32.0,31.9,31.9,31.9,31.8,31.8,31.8,31.6,31.5,31.4,31.2,31.0,30.8,30.8,30.7,30.7,30.8,30.8,30.8,30.7,30.6,30.5,30.5,30.4,30.4,30.4,30.4,30.4,30.4,30.4,30.4,30.4,30.3,30.2,30.1,30.1,30.2,30.3,30.3,30.4,30.4,30.1,29.9,29.7,29.4,29.2,29.1,28.9,28.7,28.4,28.1,27.8,27.5,27.4,27.3,27.3,27.3]
OTBLOCK|Rodopoli|H|31|[40.7,40.5,40.3,40.2,40.0,39.9,39.8,39.6,39.4,39.3,39.1,38.8,38.6,38.4,38.2,38.0,37.8,37.6,37.3,37.1,36.9,36.6,36.1,35.5,34.9,34.5,34.0,33.8,33.6,33.5,33.5,33.4,33.3,33.1,32.9,32.7,32.5,32.3,32.2,32.1,32.2,32.1,32.1,32.2,32.2,32.1,32.1,32.1,32.1,32.0,31.9,31.7,31.5,31.4,31.2,31.0,30.9,30.8,30.8,30.7,30.7,30.7,30.6,30.6,30.5,30.5,30.4,30.4,30.4,30.5,30.5,30.5,30.5,30.5,30.5,30.4,30.3,30.2,30.2,30.2,30.2,30.3,30.3,30.3,30.3,30.1,29.9,29.7,29.5,29.3,29.1,28.9,28.6,28.3,28.0,27.8,27.6,27.5,27.4,27.3,27.3]
OTBLOCK|Rodopoli|H|32|[40.7,40.5,40.3,40.2,40.0,39.9,39.8,39.6,39.5,39.3,39.1,38.8,38.7,38.5,38.2,38.1,37.9,37.7,37.5,37.3,37.1,36.8,36.4,35.8,35.4,34.9,34.3,34.0,33.9,33.7,33.6,33.6,33.5,33.3,33.2,33.0,32.7,32.5,32.4,32.4,32.4,32.4,32.4,32.4,32.4,32.3,32.3,32.2,32.2,32.2,32.0,31.8,31.5,31.4,31.2,31.1,30.9,30.8,30.8,30.7,30.7,30.7,30.6,30.5,30.4,30.4,30.3,30.4,30.4,30.5,30.5,30.5,30.5,30.5,30.5,30.4,30.3,30.2,30.2,30.2,30.2,30.3,30.3,30.3,30.3,30.1,30.0,29.8,29.6,29.3,29.1,28.8,28.6,28.3,28.0,27.8,27.6,27.5,27.4,27.4,27.4]
OTBLOCK|Rodopoli|H|33|[40.7,40.5,40.3,40.1,40.0,39.9,39.8,39.6,39.4,39.3,39.0,38.9,38.8,38.5,38.3,38.1,37.9,37.7,37.6,37.4,37.1,37.0,36.6,36.2,35.8,35.3,34.7,34.3,34.1,33.9,33.8,33.8,33.7,33.6,33.6,33.4,33.0,32.8,32.7,32.7,32.7,32.6,32.6,32.6,32.5,32.5,32.4,32.4,32.4,32.3,32.1,31.8,31.6,31.4,31.3,31.2,31.0,30.9,30.8,30.7,30.7,30.6,30.5,30.4,30.2,30.2,30.2,30.3,30.3,30.5,30.5,30.5,30.5,30.5,30.5,30.4,30.2,30.1,30.2,30.2,30.3,30.3,30.3,30.3,30.3,30.1,30.0,29.9,29.6,29.2,29.0,28.7,28.4,28.2,28.0,27.8,27.7,27.6,27.5,27.5,27.5]
OTBLOCK|Rodopoli|H|34|[40.7,40.4,40.2,40.1,40.0,39.8,39.7,39.6,39.4,39.3,39.1,39.0,38.8,38.6,38.3,38.1,37.9,37.8,37.6,37.5,37.4,37.2,37.0,36.6,36.2,35.6,35.0,34.6,34.3,34.0,34.0,34.0,34.0,34.0,34.0,33.6,33.2,33.1,33.0,33.0,32.9,32.9,32.8,32.7,32.7,32.6,32.5,32.5,32.5,32.4,32.1,31.8,31.6,31.5,31.4,31.2,31.1,30.9,30.8,30.7,30.6,30.5,30.3,30.2,30.1,30.1,30.1,30.2,30.3,30.4,30.5,30.5,30.5,30.5,30.5,30.3,30.2,30.1,30.2,30.3,30.3,30.3,30.3,30.3,30.3,30.2,30.1,29.8,29.5,29.1,28.9,28.6,28.4,28.2,28.0,27.9,27.8,27.7,27.6,27.6,27.5]
OTBLOCK|Rodopoli|H|35|[40.9,40.6,40.4,40.3,40.1,39.9,39.8,39.6,39.4,39.2,39.1,39.0,38.8,38.5,38.3,38.1,37.9,37.7,37.6,37.5,37.3,37.2,36.9,36.5,36.3,35.7,35.2,35.0,34.7,34.4,34.4,34.2,34.1,34.1,34.2,33.8,33.6,33.6,33.5,33.3,33.3,33.1,33.0,32.9,32.8,32.7,32.7,32.7,32.6,32.5,32.2,31.9,31.7,31.6,31.4,31.2,31.1,31.0,30.9,30.8,30.7,30.5,30.4,30.3,30.0,30.0,30.1,30.2,30.3,30.4,30.4,30.5,30.5,30.5,30.4,30.3,30.1,30.1,30.2,30.3,30.3,30.3,30.3,30.3,30.3,30.2,30.0,29.8,29.4,29.0,28.8,28.5,28.4,28.2,28.0,27.9,27.8,27.7,27.7,27.6,27.6]
OTBLOCK|Rodopoli|H|36|[41.2,40.9,40.7,40.4,40.2,40.0,39.7,39.5,39.3,39.1,39.0,38.9,38.7,38.5,38.3,38.1,37.9,37.7,37.6,37.4,37.3,37.0,36.8,36.6,36.4,35.9,35.6,35.4,35.0,34.7,34.6,34.4,34.3,34.4,34.4,34.2,34.2,34.1,33.9,33.7,33.5,33.3,33.1,33.1,33.0,32.9,32.9,32.8,32.7,32.6,32.3,32.0,31.8,31.6,31.4,31.3,31.2,31.0,30.9,30.9,30.7,30.6,30.5,30.2,29.9,30.0,30.0,30.1,30.3,30.4,30.4,30.5,30.5,30.4,30.4,30.2,30.1,30.1,30.2,30.3,30.3,30.3,30.3,30.3,30.3,30.1,30.0,29.7,29.3,28.9,28.7,28.5,28.3,28.2,28.0,27.9,27.8,27.7,27.7,27.7,27.6]
OTBLOCK|Rodopoli|H|37|[41.5,41.2,40.9,40.7,40.4,40.1,39.9,39.6,39.4,39.1,39.0,38.9,38.7,38.5,38.3,38.1,37.9,37.7,37.6,37.4,37.2,37.0,36.8,36.6,36.4,36.1,35.8,35.6,35.2,35.0,34.8,34.6,34.5,34.6,34.6,34.5,34.5,34.2,34.0,33.9,33.7,33.4,33.3,33.2,33.1,33.1,33.0,32.9,32.8,32.6,32.4,32.1,31.9,31.7,31.5,31.3,31.2,31.1,31.0,31.0,30.8,30.7,30.5,30.2,30.0,30.1,30.2,30.2,30.3,30.4,30.4,30.5,30.4,30.4,30.4,30.2,30.1,30.1,30.2,30.3,30.3,30.3,30.3,30.3,30.3,30.1,29.9,29.6,29.2,28.9,28.7,28.5,28.4,28.2,28.1,28.0,27.9,27.8,27.8,27.7,27.7]
OTBLOCK|Rodopoli|H|38|[41.9,41.7,41.4,41.1,40.7,40.4,40.0,39.7,39.4,39.2,39.0,38.9,38.8,38.6,38.4,38.2,38.0,37.8,37.6,37.4,37.2,37.0,36.8,36.6,36.4,36.1,36.0,35.7,35.5,35.3,35.1,34.9,34.8,34.8,34.7,34.6,34.3,34.1,34.0,34.0,33.8,33.7,33.5,33.4,33.3,33.3,33.1,33.0,32.9,32.7,32.5,32.2,32.0,31.8,31.5,31.4,31.3,31.2,31.1,31.1,31.0,30.8,30.6,30.5,30.3,30.4,30.3,30.3,30.4,30.5,30.5,30.4,30.4,30.4,30.4,30.2,30.1,30.1,30.2,30.3,30.3,30.3,30.3,30.2,30.2,30.1,29.9,29.6,29.2,28.8,28.7,28.6,28.5,28.3,28.2,28.1,27.9,27.8,27.8,27.7,27.7]
OTBLOCK|Rodopoli|H|39|[42.4,42.1,41.8,41.4,41.0,40.6,40.1,39.8,39.5,39.2,39.1,39.0,38.8,38.6,38.4,38.3,38.1,37.8,37.6,37.3,37.2,37.0,36.8,36.6,36.4,36.2,36.1,35.9,35.7,35.5,35.3,35.1,35.0,34.9,34.7,34.4,34.2,34.1,34.1,34.2,34.0,33.9,33.7,33.6,33.5,33.3,33.2,33.1,33.0,32.8,32.6,32.3,32.0,31.8,31.6,31.5,31.4,31.3,31.3,31.2,31.1,31.0,30.9,30.7,30.6,30.5,30.5,30.5,30.5,30.5,30.4,30.4,30.4,30.4,30.4,30.2,30.1,30.0,30.2,30.3,30.2,30.2,30.2,30.2,30.2,30.0,29.8,29.5,29.2,28.8,28.7,28.7,28.6,28.4,28.3,28.1,27.9,27.8,27.8,27.8,27.7]
OTBLOCK|Rodopoli|H|40|[43.0,42.7,42.3,41.9,41.5,41.0,40.5,40.2,39.9,39.5,39.4,39.2,39.0,38.8,38.6,38.4,38.1,37.9,37.6,37.3,37.1,36.9,36.7,36.5,36.4,36.2,36.1,35.9,35.7,35.5,35.3,35.2,35.1,35.0,34.8,34.5,34.3,34.2,34.3,34.3,34.1,34.0,33.9,33.8,33.7,33.6,33.4,33.2,33.1,32.8,32.6,32.3,32.1,31.8,31.6,31.5,31.4,31.4,31.4,31.3,31.2,31.2,31.1,30.9,30.8,30.7,30.7,30.6,30.7,30.6,30.5,30.4,30.3,30.3,30.3,30.2,30.1,30.2,30.3,30.3,30.3,30.3,30.2,30.2,30.1,29.9,29.7,29.4,29.1,29.0,28.9,28.8,28.6,28.5,28.4,28.2,28.1,27.9,27.9,27.8,27.7]
OTBLOCK|Rodopoli|H|41|[43.6,43.3,42.9,42.4,41.9,41.5,40.9,40.5,40.2,39.8,39.7,39.4,39.2,39.0,38.8,38.5,38.2,37.9,37.5,37.2,37.0,36.8,36.7,36.5,36.4,36.2,36.1,35.9,35.7,35.6,35.4,35.3,35.2,35.0,34.9,34.7,34.4,34.4,34.4,34.3,34.3,34.2,34.2,34.1,34.0,33.8,33.6,33.4,33.1,32.9,32.6,32.4,32.1,31.9,31.7,31.6,31.5,31.5,31.5,31.5,31.4,31.4,31.3,31.1,31.0,31.0,30.9,30.8,30.7,30.6,30.5,30.3,30.3,30.3,30.3,30.3,30.3,30.4,30.3,30.3,30.3,30.3,30.2,30.2,30.1,29.9,29.6,29.3,29.2,29.1,29.0,28.8,28.7,28.6,28.6,28.4,28.2,28.1,27.9,27.8,27.8]
OTBLOCK|Rodopoli|H|42|[44.2,43.8,43.4,42.9,42.4,41.9,41.4,41.0,40.7,40.3,40.0,39.8,39.4,39.2,38.9,38.6,38.3,38.0,37.6,37.2,37.0,36.9,36.7,36.6,36.4,36.3,36.1,35.9,35.7,35.6,35.4,35.3,35.2,35.1,35.0,34.7,34.5,34.5,34.5,34.4,34.4,34.4,34.3,34.2,34.1,33.9,33.6,33.4,33.1,32.9,32.7,32.4,32.2,32.0,31.8,31.7,31.6,31.6,31.6,31.6,31.5,31.5,31.4,31.3,31.2,31.1,31.0,30.9,30.8,30.7,30.5,30.3,30.3,30.3,30.3,30.4,30.5,30.5,30.4,30.4,30.3,30.3,30.3,30.2,30.0,29.8,29.5,29.4,29.3,29.2,29.1,28.9,28.8,28.8,28.7,28.5,28.3,28.1,28.0,27.9,27.9]
OTBLOCK|Rodopoli|H|43|[44.8,44.4,43.9,43.5,43.0,42.5,42.0,41.6,41.2,40.8,40.6,40.0,39.7,39.4,39.1,38.8,38.5,38.1,37.7,37.3,37.1,36.9,36.8,36.6,36.5,36.3,36.1,35.9,35.7,35.5,35.4,35.3,35.2,35.1,35.0,34.8,34.7,34.7,34.6,34.5,34.5,34.4,34.3,34.2,34.1,33.9,33.6,33.4,33.2,32.9,32.7,32.5,32.3,32.1,31.8,31.7,31.7,31.7,31.7,31.7,31.6,31.6,31.5,31.4,31.3,31.2,31.1,31.1,30.9,30.8,30.6,30.4,30.3,30.4,30.4,30.5,30.6,30.6,30.5,30.5,30.5,30.4,30.3,30.2,29.9,29.7,29.6,29.5,29.4,29.3,29.2,29.1,29.0,29.0,28.9,28.7,28.4,28.2,28.1,28.1,28.0]
OTBLOCK|Rodopoli|H|44|[45.3,44.9,44.5,44.0,43.6,43.1,42.7,42.2,41.8,41.4,40.8,40.3,39.9,39.6,39.3,39.0,38.6,38.3,37.8,37.4,37.2,37.0,36.8,36.7,36.6,36.3,36.1,35.9,35.7,35.5,35.4,35.3,35.2,35.1,35.0,34.9,34.9,34.8,34.7,34.6,34.5,34.4,34.4,34.3,34.2,33.9,33.7,33.4,33.2,33.0,32.8,32.6,32.4,32.1,31.9,31.8,31.8,31.8,31.8,31.8,31.8,31.7,31.6,31.5,31.4,31.3,31.3,31.2,31.0,30.9,30.7,30.5,30.4,30.5,30.5,30.6,30.7,30.7,30.6,30.6,30.5,30.5,30.3,30.1,29.9,29.8,29.6,29.6,29.5,29.4,29.3,29.2,29.2,29.1,29.1,28.8,28.5,28.3,28.3,28.2,28.1]
OTBLOCK|Rodopoli|H|45|[45.6,45.3,45.0,44.5,44.1,43.6,43.2,42.7,42.3,41.8,41.3,40.8,40.4,40.1,39.6,39.3,38.9,38.5,38.0,37.4,37.2,37.0,36.8,36.7,36.7,36.4,36.2,35.9,35.7,35.5,35.3,35.3,35.2,35.1,35.1,35.0,34.9,34.8,34.7,34.6,34.5,34.5,34.4,34.3,34.2,33.9,33.7,33.5,33.3,33.2,33.0,32.7,32.5,32.2,32.0,32.0,31.9,31.9,31.9,31.9,31.8,31.8,31.7,31.6,31.5,31.5,31.5,31.4,31.2,31.1,30.9,30.7,30.5,30.6,30.5,30.6,30.7,30.7,30.7,30.6,30.5,30.4,30.3,30.1,30.0,29.8,29.7,29.6,29.5,29.5,29.4,29.3,29.3,29.3,29.2,28.9,28.7,28.6,28.5,28.6,28.5]
OTBLOCK|Rodopoli|H|46|[46.0,45.8,45.4,45.0,44.6,44.1,43.7,43.2,42.8,42.3,41.8,41.3,40.9,40.4,40.0,39.6,39.1,38.7,38.1,37.5,37.3,37.0,36.9,36.8,36.8,36.5,36.2,35.9,35.7,35.4,35.3,35.3,35.3,35.2,35.2,35.1,34.9,34.8,34.7,34.6,34.6,34.6,34.5,34.3,34.2,34.0,33.8,33.6,33.5,33.3,33.1,32.9,32.6,32.4,32.1,32.1,32.0,32.0,32.0,31.9,31.9,31.8,31.7,31.7,31.7,31.7,31.7,31.6,31.5,31.4,31.1,30.8,30.6,30.6,30.6,30.6,30.7,30.7,30.6,30.6,30.5,30.4,30.2,30.1,30.0,29.9,29.7,29.6,29.6,29.6,29.5,29.5,29.5,29.4,29.4,29.1,28.9,28.8,28.9,29.0,28.9]
OTBLOCK|Rodopoli|H|47|[46.5,46.3,45.9,45.4,45.0,44.6,44.1,43.7,43.2,42.7,42.2,41.8,41.3,40.8,40.3,39.9,39.4,39.0,38.3,37.8,37.5,37.3,36.9,36.9,36.8,36.5,36.2,36.0,35.7,35.5,35.5,35.5,35.4,35.4,35.3,35.1,34.9,34.8,34.7,34.7,34.7,34.6,34.5,34.4,34.3,34.1,33.9,33.8,33.6,33.4,33.2,33.0,32.7,32.5,32.3,32.2,32.1,32.1,32.1,32.0,32.0,31.9,31.9,31.8,31.8,31.8,31.8,31.7,31.7,31.6,31.2,30.9,30.8,30.7,30.6,30.7,30.8,30.7,30.6,30.6,30.5,30.4,30.3,30.2,30.1,29.9,29.8,29.7,29.7,29.7,29.7,29.6,29.6,29.6,29.5,29.2,29.0,29.1,29.2,29.3,29.1]
OTBLOCK|Rodopoli|H|48|[47.0,46.6,46.2,45.9,45.5,45.0,44.5,44.1,43.6,43.1,42.6,42.1,41.6,41.1,40.7,40.2,39.9,39.5,38.9,38.3,38.0,37.3,37.0,36.9,36.8,36.5,36.4,36.1,35.9,35.7,35.7,35.6,35.6,35.5,35.3,35.1,34.9,34.8,34.7,34.7,34.7,34.7,34.6,34.5,34.4,34.3,34.1,33.9,33.7,33.5,33.3,33.1,32.8,32.6,32.5,32.4,32.3,32.3,32.2,32.2,32.1,32.0,31.9,31.9,31.9,31.9,31.8,31.8,31.7,31.7,31.3,31.1,31.0,30.9,30.7,30.8,30.8,30.7,30.7,30.6,30.5,30.4,30.3,30.2,30.2,30.0,29.9,29.8,29.8,29.8,29.8,29.7,29.7,29.6,29.5,29.3,29.2,29.2,29.3,29.3,29.2]
OTBLOCK|Rodopoli|H|49|[47.4,47.0,46.7,46.3,45.9,45.4,44.9,44.5,44.0,43.5,43.0,42.4,42.0,41.5,41.0,40.8,40.5,40.0,39.4,38.8,38.1,37.4,37.0,36.9,36.9,36.7,36.5,36.3,36.1,35.9,35.9,35.8,35.7,35.5,35.4,35.1,34.9,34.8,34.8,34.8,34.7,34.7,34.7,34.6,34.6,34.4,34.2,34.0,33.8,33.6,33.4,33.2,33.0,32.8,32.7,32.6,32.5,32.4,32.4,32.3,32.2,32.1,32.0,32.0,32.0,31.9,31.9,31.9,31.8,31.8,31.6,31.4,31.2,31.0,30.8,30.8,30.8,30.8,30.7,30.6,30.5,30.4,30.4,30.3,30.3,30.1,30.0,30.0,30.0,30.0,29.9,29.8,29.7,29.6,29.5,29.4,29.3,29.3,29.3,29.4,29.3]
OTBLOCK|Rodopoli|H|50|[47.8,47.5,47.1,46.7,46.3,45.8,45.3,44.8,44.3,43.9,43.4,42.9,42.5,42.0,41.7,41.4,41.0,40.5,39.9,39.1,38.4,37.7,37.3,37.3,37.0,36.8,36.7,36.5,36.3,36.1,36.1,35.9,35.8,35.7,35.5,35.3,35.1,35.0,35.0,34.8,34.8,34.7,34.7,34.6,34.6,34.4,34.3,34.1,33.9,33.7,33.5,33.3,33.2,33.0,32.8,32.7,32.7,32.6,32.6,32.4,32.3,32.2,32.1,32.1,32.1,32.0,32.0,32.0,31.9,31.9,31.7,31.6,31.5,31.2,31.1,31.2,31.1,31.1,31.0,30.8,30.7,30.5,30.4,30.3,30.3,30.2,30.1,30.1,30.1,30.1,30.0,29.9,29.7,29.6,29.6,29.4,29.4,29.4,29.5,29.5,29.4]
OTBLOCK|Rodopoli|H|51|[48.3,47.9,47.6,47.2,46.7,46.2,45.6,45.1,44.7,44.3,43.8,43.4,43.0,42.7,42.3,41.9,41.5,40.9,40.2,39.4,38.7,38.0,37.7,37.4,37.1,37.0,36.9,36.7,36.5,36.3,36.2,36.1,35.9,35.8,35.7,35.5,35.3,35.2,35.0,34.8,34.8,34.7,34.7,34.6,34.6,34.4,34.3,34.2,34.0,33.9,33.7,33.5,33.3,33.1,32.8,32.8,32.9,32.8,32.7,32.6,32.5,32.3,32.3,32.2,32.2,32.1,32.1,32.1,32.1,32.0,31.9,31.9,31.7,31.6,31.5,31.5,31.4,31.4,31.1,30.9,30.8,30.5,30.4,30.4,30.4,30.3,30.2,30.2,30.2,30.2,30.1,29.9,29.7,29.7,29.6,29.6,29.5,29.6,29.5,29.5,29.4]
OTBLOCK|Rodopoli|H|52|[48.8,48.5,48.0,47.6,47.1,46.5,46.0,45.5,45.1,44.7,44.3,43.9,43.5,43.2,42.8,42.3,41.9,41.3,40.5,39.8,39.1,38.3,37.8,37.5,37.2,37.1,37.0,36.8,36.6,36.5,36.4,36.2,36.1,36.0,35.9,35.7,35.5,35.2,35.1,34.9,34.8,34.8,34.7,34.6,34.6,34.5,34.4,34.3,34.1,33.9,33.8,33.6,33.3,33.1,32.9,32.9,32.9,32.9,32.7,32.7,32.5,32.4,32.4,32.3,32.3,32.2,32.2,32.2,32.2,32.1,32.1,32.0,32.0,31.9,31.8,31.7,31.6,31.5,31.2,31.0,30.8,30.6,30.5,30.5,30.5,30.4,30.3,30.3,30.3,30.3,30.1,30.0,29.9,29.9,29.8,29.7,29.7,29.7,29.6,29.6,29.6]
OTBLOCK|Rodopoli|H|53|[49.4,49.0,48.6,48.1,47.5,46.9,46.4,45.9,45.5,45.0,44.6,44.3,43.9,43.5,43.1,42.7,42.3,41.7,40.9,40.1,39.4,38.5,37.9,37.6,37.3,37.1,37.1,36.9,36.8,36.7,36.6,36.4,36.2,36.1,36.1,35.9,35.6,35.3,35.1,34.9,34.9,34.8,34.7,34.6,34.6,34.5,34.4,34.3,34.1,33.9,33.7,33.5,33.2,33.0,32.8,32.9,32.8,32.7,32.7,32.6,32.5,32.5,32.5,32.4,32.3,32.3,32.3,32.3,32.2,32.2,32.1,32.1,32.1,32.0,31.9,31.8,31.7,31.5,31.3,31.2,31.0,30.8,30.7,30.7,30.7,30.6,30.5,30.4,30.4,30.5,30.3,30.2,30.2,30.1,29.9,29.9,29.9,29.8,29.8,29.7,29.7]
OTBLOCK|Rodopoli|H|54|[49.9,49.5,49.0,48.4,47.8,47.3,46.8,46.3,45.9,45.4,45.1,44.7,44.3,43.9,43.4,43.1,42.7,42.1,41.3,40.5,39.5,38.6,38.0,37.7,37.3,37.2,37.1,37.1,37.0,36.9,36.7,36.5,36.4,36.3,36.3,36.0,35.7,35.4,35.2,35.0,34.9,34.8,34.7,34.6,34.6,34.5,34.4,34.3,34.1,33.9,33.7,33.4,33.2,33.0,32.8,32.8,32.7,32.7,32.6,32.6,32.6,32.6,32.5,32.5,32.4,32.4,32.4,32.4,32.3,32.2,32.2,32.2,32.2,32.1,32.0,31.9,31.7,31.6,31.5,31.3,31.1,30.9,30.9,30.8,30.8,30.7,30.6,30.5,30.6,30.6,30.6,30.5,30.4,30.3,30.1,30.1,30.0,30.0,29.9,29.8,29.8]
OTBLOCK|Rodopoli|H|55|[50.1,49.8,49.3,48.7,48.4,47.8,47.4,46.9,46.5,45.8,45.4,45.0,44.5,44.1,43.6,43.3,42.9,42.3,41.5,40.6,39.7,39.2,38.9,38.5,37.4,37.3,37.2,37.2,37.1,37.1,36.9,36.6,36.4,36.3,36.3,36.0,35.8,35.6,35.4,35.1,35.0,34.8,34.7,34.7,34.6,34.5,34.5,34.4,34.2,33.9,33.6,33.4,33.3,33.1,32.8,32.8,32.7,32.6,32.6,32.6,32.6,32.6,32.5,32.5,32.5,32.5,32.5,32.4,32.4,32.3,32.3,32.2,32.2,32.1,32.1,31.9,31.8,31.7,31.6,31.3,31.1,31.0,30.9,30.9,30.9,30.7,30.6,30.6,30.7,30.8,30.7,30.7,30.7,30.5,30.3,30.3,30.2,30.1,30.1,29.9,29.8]
OTBLOCK|Rodopoli|H|56|[50.4,50.1,49.6,49.3,48.9,48.4,48.0,47.6,46.8,46.1,45.7,45.2,44.8,44.3,43.8,43.4,43.1,42.4,41.6,40.7,40.3,40.1,39.8,38.6,37.5,37.4,37.4,37.3,37.3,37.3,37.0,36.6,36.4,36.4,36.3,36.1,36.0,35.9,35.5,35.2,35.0,34.9,34.8,34.7,34.6,34.6,34.5,34.4,34.1,33.8,33.6,33.5,33.3,33.1,32.9,32.8,32.6,32.6,32.6,32.6,32.6,32.6,32.5,32.5,32.5,32.5,32.5,32.5,32.4,32.3,32.3,32.3,32.2,32.2,32.1,32.0,32.0,31.9,31.6,31.3,31.2,31.0,30.9,30.9,30.9,30.8,30.8,30.8,30.8,30.9,30.9,31.0,30.9,30.7,30.5,30.4,30.4,30.3,30.1,30.0,29.9]
OTBLOCK|Rodopoli|H|57|[50.8,50.5,50.0,49.7,49.3,48.8,48.4,47.9,47.2,46.5,46.0,45.5,45.0,44.5,44.0,43.6,43.3,42.6,41.7,41.1,41.0,40.8,39.9,38.7,37.6,37.5,37.5,37.5,37.5,37.4,37.0,36.6,36.5,36.5,36.4,36.3,36.2,35.9,35.6,35.2,35.0,34.9,34.8,34.7,34.7,34.6,34.6,34.4,34.1,33.8,33.7,33.5,33.3,33.1,32.9,32.8,32.7,32.6,32.6,32.6,32.6,32.6,32.5,32.5,32.6,32.6,32.6,32.5,32.4,32.4,32.4,32.3,32.3,32.3,32.2,32.1,32.1,31.9,31.6,31.3,31.2,31.0,31.0,31.0,31.0,30.9,30.9,30.9,31.0,31.0,31.1,31.1,31.0,30.8,30.7,30.6,30.5,30.4,30.2,30.1,30.0]
OTBLOCK|Rodopoli|H|58|[51.3,50.8,50.4,50.0,49.5,49.0,48.7,48.1,47.5,46.9,46.4,45.9,45.3,44.8,44.2,43.9,43.4,42.8,42.1,41.6,41.4,40.9,40.0,38.8,37.7,37.6,37.7,37.7,37.6,37.4,37.1,36.8,36.7,36.6,36.4,36.3,36.2,35.9,35.5,35.1,35.0,34.9,34.8,34.7,34.6,34.6,34.5,34.4,34.1,33.8,33.7,33.5,33.2,33.1,33.0,32.9,32.7,32.6,32.6,32.6,32.6,32.5,32.4,32.5,32.6,32.6,32.7,32.6,32.5,32.5,32.5,32.5,32.4,32.3,32.2,32.2,32.1,31.9,31.7,31.4,31.2,31.1,31.1,31.1,31.1,31.0,31.0,31.0,31.0,31.1,31.1,31.1,31.0,30.9,30.8,30.7,30.6,30.5,30.4,30.3,30.2]
OTBLOCK|Rodopoli|H|59|[51.7,51.2,50.7,50.2,49.7,49.3,49.0,48.5,47.9,47.3,46.7,46.2,45.6,45.0,44.5,44.0,43.6,43.1,42.6,42.0,41.5,40.9,40.1,38.9,37.8,37.8,37.9,37.8,37.6,37.5,37.3,37.0,36.8,36.6,36.4,36.3,36.2,35.9,35.5,35.0,35.0,34.9,34.8,34.7,34.6,34.6,34.5,34.3,34.1,33.8,33.6,33.4,33.3,33.2,33.1,32.9,32.7,32.6,32.6,32.6,32.5,32.4,32.4,32.5,32.7,32.7,32.7,32.7,32.7,32.6,32.6,32.6,32.5,32.4,32.3,32.2,32.2,32.0,31.7,31.4,31.3,31.2,31.2,31.2,31.2,31.1,31.1,31.1,31.1,31.1,31.1,31.1,31.1,31.0,30.9,30.8,30.7,30.7,30.6,30.5,30.4]
OTBLOCK|Rodopoli|H|60|[52.2,51.7,51.2,50.7,50.0,49.7,49.2,48.5,48.0,47.3,46.8,46.4,46.0,45.4,44.9,44.4,44.0,43.4,42.9,42.3,41.8,41.2,40.2,39.1,38.0,38.0,38.0,37.8,37.7,37.6,37.4,37.2,37.0,36.9,36.7,36.6,36.4,36.0,35.6,35.2,35.1,35.0,34.9,34.8,34.7,34.6,34.5,34.3,34.0,33.8,33.6,33.5,33.3,33.3,33.1,32.9,32.7,32.7,32.7,32.7,32.6,32.5,32.5,32.7,32.8,32.8,32.8,32.8,32.7,32.7,32.7,32.7,32.6,32.5,32.4,32.3,32.2,32.0,31.7,31.5,31.5,31.3,31.3,31.3,31.3,31.3,31.2,31.2,31.2,31.2,31.2,31.2,31.1,31.1,31.0,30.9,30.9,30.8,30.7,30.7,30.6]
OTBLOCK|Rodopoli|H|61|[52.8,52.3,51.8,51.1,50.4,49.9,49.2,48.6,48.0,47.4,47.0,46.7,46.3,45.8,45.2,44.8,44.3,43.7,43.2,42.6,42.0,41.3,40.4,39.3,38.2,38.1,38.0,37.8,37.8,37.8,37.6,37.5,37.3,37.1,36.9,36.7,36.5,36.2,35.7,35.3,35.2,35.0,34.9,34.8,34.8,34.6,34.4,34.2,34.0,33.9,33.7,33.5,33.4,33.2,33.1,32.9,32.8,32.7,32.8,32.8,32.7,32.6,32.6,32.7,32.8,32.8,32.8,32.8,32.8,32.8,32.7,32.7,32.6,32.6,32.5,32.4,32.3,32.1,31.9,31.7,31.6,31.5,31.5,31.5,31.4,31.4,31.3,31.3,31.3,31.3,31.3,31.3,31.2,31.2,31.1,31.0,31.0,30.9,30.9,30.8,30.7]
OTBLOCK|Rodopoli|H|62|[53.3,52.8,52.1,51.4,50.8,50.1,49.5,48.8,48.2,47.6,47.3,47.0,46.6,46.1,45.5,45.0,44.5,44.0,43.4,42.9,42.2,41.5,40.6,39.5,38.5,38.4,38.2,38.0,38.0,38.0,37.8,37.7,37.6,37.4,37.2,37.0,36.8,36.5,36.0,35.5,35.4,35.2,35.0,34.9,34.8,34.6,34.4,34.2,34.0,33.8,33.7,33.5,33.4,33.2,33.1,32.9,32.8,32.8,32.9,32.9,32.8,32.7,32.7,32.8,32.9,32.9,32.9,32.8,32.8,32.8,32.8,32.7,32.7,32.6,32.6,32.5,32.3,32.2,32.0,31.8,31.7,31.6,31.6,31.6,31.5,31.5,31.4,31.3,31.3,31.3,31.3,31.3,31.3,31.2,31.2,31.1,31.1,31.1,31.0,31.0,30.9]
OTBLOCK|Rodopoli|H|63|[53.8,53.2,52.5,51.8,51.2,50.5,49.8,49.1,48.5,47.9,47.6,47.2,46.8,46.3,45.7,45.2,44.7,44.2,43.6,43.1,42.5,41.8,40.9,39.9,38.9,38.8,38.3,38.1,38.1,38.2,38.0,38.1,37.9,37.8,37.7,37.4,37.3,37.0,36.5,35.9,35.7,35.3,35.1,35.0,34.8,34.6,34.4,34.2,34.0,33.8,33.6,33.5,33.4,33.2,33.0,32.9,32.9,32.9,32.9,32.9,32.8,32.8,32.9,32.9,33.0,33.0,32.9,32.8,32.8,32.8,32.8,32.8,32.7,32.7,32.6,32.5,32.4,32.3,32.1,31.9,31.8,31.7,31.6,31.6,31.6,31.5,31.4,31.4,31.4,31.4,31.3,31.3,31.3,31.3,31.2,31.2,31.2,31.1,31.1,31.1,31.0]
OTBLOCK|Rodopoli|H|64|[54.1,53.5,52.9,52.3,51.6,50.8,50.1,49.4,48.8,48.2,47.8,47.5,47.0,46.5,46.0,45.4,44.9,44.4,43.9,43.4,42.8,42.2,41.3,40.3,39.3,38.9,38.5,38.3,38.4,38.4,38.4,38.4,38.3,38.2,38.1,37.9,37.8,37.4,36.8,36.2,35.8,35.5,35.2,35.0,34.8,34.6,34.4,34.1,33.9,33.7,33.6,33.5,33.3,33.2,33.0,33.0,33.0,33.0,33.0,33.0,33.0,32.9,33.0,33.0,33.1,33.0,32.9,32.9,32.8,32.8,32.8,32.8,32.8,32.7,32.7,32.6,32.6,32.4,32.2,31.9,31.8,31.8,31.7,31.7,31.6,31.5,31.4,31.4,31.4,31.4,31.4,31.4,31.4,31.3,31.3,31.3,31.3,31.3,31.3,31.2,31.2]
OTBLOCK|Rodopoli|H|65|[54.6,54.0,53.3,52.7,51.9,51.1,50.5,49.9,49.3,48.9,48.6,48.0,47.5,47.0,46.5,46.0,45.5,44.9,44.4,43.8,43.2,42.7,41.9,40.9,40.3,39.9,39.1,38.7,38.7,38.5,38.5,38.5,38.5,38.3,38.3,38.2,38.1,37.7,37.1,36.6,36.2,35.7,35.5,35.2,34.8,34.6,34.4,34.3,34.1,33.7,33.6,33.4,33.2,33.1,33.1,33.0,33.0,33.0,33.0,33.0,33.0,33.0,33.1,33.1,33.1,33.1,33.0,32.9,32.9,32.8,32.8,32.8,32.8,32.8,32.7,32.7,32.6,32.4,32.2,32.0,31.9,31.8,31.8,31.7,31.6,31.5,31.5,31.4,31.4,31.4,31.4,31.4,31.4,31.4,31.3,31.3,31.3,31.3,31.3,31.3,31.3]
OTBLOCK|Rodopoli|H|66|[55.1,54.4,53.8,53.0,52.2,51.5,50.9,50.4,50.0,49.6,49.1,48.5,48.0,47.6,47.1,46.6,45.9,45.4,44.8,44.3,43.7,43.2,42.4,41.8,41.2,40.5,39.5,39.0,38.8,38.7,38.7,38.6,38.6,38.6,38.6,38.4,38.4,38.0,37.4,36.9,36.5,36.0,35.7,35.2,34.8,34.7,34.6,34.4,34.1,33.8,33.6,33.3,33.1,33.1,33.1,33.1,33.0,33.0,33.0,33.0,33.1,33.1,33.2,33.2,33.2,33.1,33.0,33.0,32.9,32.9,32.9,32.8,32.8,32.8,32.8,32.7,32.6,32.4,32.2,32.1,32.0,31.9,31.8,31.7,31.6,31.6,31.5,31.5,31.5,31.4,31.4,31.4,31.4,31.4,31.4,31.4,31.3,31.3,31.4,31.4,31.3]
OTBLOCK|Rodopoli|H|67|[55.4,54.8,54.1,53.3,52.5,52.0,51.5,51.3,50.9,50.5,49.9,49.3,48.9,48.5,47.7,47.1,46.4,45.8,45.3,44.7,44.2,43.6,43.1,42.5,41.7,40.7,39.7,39.3,39.1,38.8,38.8,38.8,38.7,38.7,38.7,38.6,38.6,38.2,37.7,37.4,36.9,36.5,35.9,35.5,34.9,34.9,34.8,34.4,34.1,33.8,33.5,33.3,33.2,33.2,33.1,33.1,33.1,33.2,33.2,33.2,33.2,33.3,33.3,33.3,33.3,33.2,33.1,33.0,33.0,32.9,32.9,32.9,32.8,32.8,32.8,32.7,32.6,32.4,32.2,32.2,32.1,32.0,31.9,31.8,31.6,31.6,31.5,31.5,31.5,31.5,31.5,31.5,31.5,31.4,31.4,31.4,31.4,31.4,31.4,31.4,31.4]
OTBLOCK|Rodopoli|H|68|[55.7,55.1,54.4,53.7,53.0,52.5,52.6,52.4,52.0,51.6,51.0,50.5,50.0,49.2,48.2,47.5,46.8,46.2,45.6,45.0,44.5,44.0,43.5,42.7,41.7,40.7,40.1,39.7,39.4,39.1,39.1,38.9,38.9,38.8,38.8,38.7,38.7,38.4,38.1,38.1,37.6,36.9,36.4,35.8,35.2,35.1,34.7,34.3,34.0,33.8,33.6,33.4,33.3,33.2,33.1,33.1,33.3,33.4,33.4,33.4,33.4,33.4,33.4,33.4,33.3,33.3,33.2,33.1,33.0,32.9,32.9,32.9,32.9,32.8,32.8,32.7,32.5,32.4,32.3,32.3,32.2,32.1,31.9,31.8,31.6,31.6,31.5,31.5,31.5,31.5,31.5,31.5,31.5,31.5,31.5,31.4,31.4,31.4,31.4,31.5,31.4]
OTBLOCK|Rodopoli|H|69|[56.1,55.5,54.8,54.2,53.5,53.6,53.7,53.5,53.1,52.6,52.1,51.6,50.8,49.7,48.7,47.9,47.2,46.6,45.9,45.3,44.9,44.4,43.7,42.7,41.8,41.1,40.5,40.0,39.7,39.3,39.2,39.0,38.9,38.9,38.9,38.9,38.9,38.8,38.8,38.7,38.0,37.3,36.7,36.1,35.4,35.0,34.6,34.3,34.1,33.9,33.7,33.5,33.4,33.2,33.1,33.4,33.6,33.7,33.6,33.6,33.5,33.5,33.5,33.4,33.4,33.3,33.2,33.1,33.0,32.9,32.9,32.9,32.9,32.8,32.8,32.6,32.5,32.4,32.4,32.4,32.3,32.1,32.0,31.8,31.6,31.6,31.6,31.6,31.6,31.6,31.5,31.5,31.5,31.5,31.5,31.5,31.4,31.4,31.5,31.5,31.4]
OTBLOCK|Rodopoli|H|70|[56.2,55.8,55.2,54.5,54.2,54.3,54.2,53.9,53.4,53.0,52.5,52.1,51.4,50.4,49.5,48.8,47.7,46.8,46.2,45.6,45.1,44.7,44.0,43.0,41.7,41.1,40.5,40.0,39.7,39.4,39.2,39.1,39.0,39.0,38.9,38.9,38.9,38.8,38.8,38.7,38.0,37.7,37.3,36.6,35.7,35.3,34.9,34.6,34.3,33.8,33.7,33.6,33.5,33.4,33.4,33.6,33.7,33.7,33.6,33.6,33.6,33.5,33.5,33.5,33.5,33.4,33.3,33.2,33.1,33.1,33.1,33.1,33.0,33.0,32.8,32.6,32.5,32.4,32.4,32.5,32.3,32.2,32.0,31.9,31.7,31.7,31.6,31.6,31.6,31.6,31.6,31.6,31.6,31.6,31.6,31.5,31.5,31.6,31.6,31.7,31.7]
OTBLOCK|Rodopoli|H|71|[56.5,56.1,55.6,55.3,55.0,54.9,54.6,54.3,53.8,53.3,53.0,52.7,52.1,51.2,50.4,49.3,48.0,47.1,46.4,45.8,45.4,45.0,44.2,42.9,41.6,41.0,40.4,40.0,39.7,39.4,39.3,39.2,39.1,39.0,38.9,38.9,38.9,38.9,38.8,38.7,38.4,38.2,37.8,36.8,35.9,35.5,35.1,34.8,34.3,33.8,33.7,33.7,33.6,33.6,33.6,33.7,33.7,33.7,33.7,33.7,33.6,33.6,33.5,33.5,33.5,33.5,33.4,33.4,33.3,33.3,33.3,33.2,33.2,33.0,32.7,32.6,32.5,32.4,32.5,32.5,32.4,32.3,32.1,31.9,31.7,31.7,31.7,31.7,31.7,31.7,31.7,31.7,31.7,31.7,31.7,31.7,31.7,31.7,31.9,32.0,31.9]
OTBLOCK|Rodopoli|H|72|[56.8,56.4,56.0,55.7,55.5,55.2,54.9,54.4,53.9,53.5,53.3,53.0,52.4,51.5,50.9,49.6,48.3,47.6,47.0,46.2,45.8,45.4,44.4,43.1,41.7,41.2,40.6,40.2,39.9,39.4,39.3,39.2,39.1,39.0,39.0,39.0,39.0,38.9,38.8,38.8,38.6,38.5,37.9,37.0,36.3,35.8,35.4,34.8,34.3,33.9,33.8,33.8,33.7,33.7,33.7,33.7,33.7,33.7,33.7,33.7,33.7,33.6,33.6,33.6,33.6,33.6,33.5,33.5,33.4,33.4,33.4,33.4,33.2,33.0,32.8,32.6,32.5,32.5,32.6,32.6,32.5,32.4,32.2,32.0,31.9,31.9,31.8,31.8,31.8,31.8,31.8,31.8,31.8,31.8,31.8,31.8,31.9,32.0,32.1,32.1,32.0]
OTBLOCK|Rodopoli|H|73|[57.1,56.6,56.3,56.0,55.8,55.5,54.9,54.3,53.9,53.6,53.3,52.8,52.2,51.6,51.1,49.8,49.1,48.4,47.7,46.8,46.4,45.8,44.8,43.4,42.1,41.5,40.9,40.5,40.0,39.5,39.4,39.2,39.0,39.0,39.1,39.1,39.0,38.9,38.9,38.8,38.6,38.6,38.0,37.2,36.6,36.2,35.5,35.0,34.5,34.0,33.9,33.8,33.8,33.8,33.8,33.8,33.8,33.7,33.8,33.8,33.7,33.7,33.7,33.7,33.7,33.6,33.6,33.5,33.5,33.6,33.5,33.4,33.2,33.0,32.8,32.7,32.6,32.6,32.7,32.7,32.6,32.5,32.3,32.2,32.1,32.1,32.0,32.0,32.0,32.0,32.0,32.0,31.9,31.9,32.0,32.0,32.1,32.2,32.2,32.1,32.0]
OTBLOCK|Rodopoli|H|74|[57.3,56.9,56.5,56.3,56.1,55.4,54.8,54.3,54.0,53.6,53.1,52.7,52.2,51.8,51.3,50.6,49.9,49.1,48.3,47.4,46.8,46.2,45.2,43.8,42.4,41.9,41.3,40.7,40.2,39.6,39.4,39.2,39.1,39.1,39.2,39.1,39.0,38.9,38.9,38.8,38.7,38.6,38.2,37.6,37.0,36.3,35.7,35.1,34.6,34.1,34.0,33.9,33.9,33.9,33.9,33.8,33.8,33.8,33.8,33.8,33.8,33.8,33.8,33.8,33.7,33.7,33.6,33.6,33.7,33.7,33.6,33.4,33.2,33.0,32.8,32.8,32.8,32.7,32.8,32.8,32.7,32.6,32.5,32.4,32.3,32.2,32.2,32.2,32.2,32.2,32.1,32.1,32.1,32.1,32.1,32.2,32.3,32.3,32.2,32.1,32.0]
OTBLOCK|Rodopoli|H|75|[57.5,57.0,56.7,56.5,56.2,55.5,54.9,54.4,54.0,53.6,53.2,52.6,52.1,51.6,51.3,50.6,50.1,49.5,48.7,48.1,47.5,47.0,46.0,44.7,43.7,43.1,42.3,41.5,41.0,40.0,39.8,39.4,39.3,39.3,39.3,39.2,39.1,38.9,38.9,38.8,38.7,38.6,38.2,37.6,37.4,36.8,35.8,35.0,34.5,34.3,34.2,34.2,34.2,34.2,34.0,34.0,33.9,33.9,33.9,34.0,33.9,33.9,33.8,33.8,33.8,33.7,33.6,33.6,33.7,33.7,33.5,33.4,33.3,33.1,33.0,32.9,32.9,32.9,32.9,32.8,32.7,32.6,32.5,32.4,32.4,32.3,32.3,32.3,32.3,32.3,32.2,32.2,32.2,32.3,32.3,32.4,32.4,32.4,32.3,32.1,32.0]
OTBLOCK|Rodopoli|H|76|[57.6,57.2,56.9,56.6,56.3,55.6,54.9,54.4,54.0,53.6,53.1,52.4,51.9,51.6,51.3,50.8,50.5,49.9,49.3,48.8,48.3,47.9,46.9,46.0,45.0,44.2,43.2,42.4,41.3,40.4,40.0,39.6,39.5,39.5,39.4,39.3,39.1,38.9,38.8,38.7,38.7,38.6,38.3,38.1,37.9,36.9,35.6,34.8,34.7,34.5,34.5,34.5,34.5,34.4,34.2,34.2,34.1,34.1,34.1,34.1,34.0,33.9,33.9,33.9,33.8,33.8,33.7,33.7,33.7,33.7,33.5,33.4,33.3,33.2,33.1,33.1,33.1,33.0,32.9,32.8,32.7,32.6,32.5,32.5,32.5,32.4,32.4,32.4,32.4,32.4,32.4,32.4,32.4,32.4,32.5,32.5,32.5,32.4,32.3,32.1,32.1]
OTBLOCK|Rodopoli|H|77|[57.6,57.2,56.8,56.5,56.2,55.5,54.8,54.4,54.1,53.6,52.9,52.3,52.0,51.7,51.2,50.9,50.5,50.2,49.7,49.4,49.0,48.6,47.8,46.9,46.0,44.9,43.9,42.9,41.9,41.0,40.6,40.2,39.8,39.7,39.5,39.3,39.1,38.9,38.8,38.7,38.7,38.6,38.5,38.3,38.1,36.9,35.6,35.0,34.9,34.6,34.7,34.7,34.6,34.4,34.4,34.3,34.2,34.2,34.2,34.2,34.1,34.0,33.9,33.9,33.9,33.8,33.7,33.7,33.7,33.7,33.6,33.5,33.4,33.3,33.2,33.2,33.2,33.1,33.0,32.9,32.8,32.7,32.6,32.6,32.5,32.5,32.5,32.5,32.5,32.5,32.5,32.5,32.5,32.5,32.6,32.6,32.6,32.5,32.3,32.2,32.2]
OTBLOCK|Rodopoli|H|78|[57.4,57.0,56.6,56.3,55.9,55.3,54.9,54.5,54.0,53.5,52.9,52.4,52.0,51.6,50.9,50.6,50.6,50.3,50.1,50.0,49.6,49.1,48.4,47.5,46.6,45.5,44.6,43.6,42.7,41.9,41.5,40.6,40.2,39.9,39.5,39.3,39.1,39.0,38.8,38.7,38.6,38.6,38.5,38.3,38.2,36.9,35.8,35.2,35.0,34.7,34.7,34.7,34.6,34.5,34.5,34.5,34.4,34.4,34.4,34.2,34.1,34.0,34.0,34.0,34.0,33.9,33.8,33.7,33.7,33.7,33.6,33.6,33.5,33.4,33.3,33.3,33.2,33.2,33.0,32.9,32.8,32.7,32.7,32.6,32.6,32.6,32.5,32.5,32.5,32.5,32.5,32.5,32.5,32.6,32.6,32.6,32.6,32.6,32.4,32.4,32.3]
OTBLOCK|Rodopoli|H|79|[57.2,56.7,56.3,56.0,55.7,55.3,54.9,54.4,53.9,53.4,52.9,52.5,51.9,51.3,50.7,50.7,50.7,50.7,50.7,50.6,50.1,49.7,49.0,48.1,47.2,46.2,45.3,44.4,43.6,42.8,41.9,41.1,40.4,40.0,39.5,39.3,39.2,39.0,38.8,38.6,38.6,38.6,38.5,38.4,38.2,37.1,36.0,35.4,35.0,34.7,34.7,34.6,34.6,34.7,34.7,34.7,34.6,34.6,34.4,34.3,34.2,34.1,34.1,34.1,34.1,33.9,33.8,33.7,33.8,33.8,33.7,33.6,33.6,33.5,33.4,33.4,33.3,33.2,33.1,32.9,32.9,32.8,32.7,32.7,32.6,32.6,32.6,32.6,32.6,32.6,32.6,32.5,32.6,32.6,32.7,32.7,32.7,32.7,32.6,32.5,32.4]
OTBLOCK|Rodopoli|H|80|[56.5,56.1,55.8,55.5,55.0,54.6,54.2,53.7,53.2,52.8,52.3,52.0,51.6,51.0,50.8,50.8,50.8,50.8,50.8,50.6,50.1,49.8,49.2,48.3,47.7,46.7,45.8,44.9,44.1,43.4,42.5,41.6,41.0,40.5,39.8,39.6,39.3,39.1,38.9,38.7,38.6,38.5,38.4,38.4,38.2,37.1,36.1,35.5,35.1,34.9,34.8,34.8,34.8,34.8,34.7,34.7,34.7,34.6,34.4,34.3,34.2,34.1,34.1,34.1,34.1,33.9,33.9,33.9,33.9,33.8,33.7,33.6,33.6,33.5,33.5,33.4,33.3,33.2,33.1,33.0,32.9,32.8,32.7,32.7,32.7,32.7,32.6,32.6,32.6,32.6,32.6,32.6,32.6,32.7,32.7,32.7,32.7,32.7,32.6,32.5,32.4]
OTBLOCK|Rodopoli|H|81|[55.9,55.6,55.3,54.8,54.3,53.9,53.5,53.1,52.6,52.2,51.9,51.7,51.3,51.1,51.0,51.0,51.0,51.0,50.8,50.5,50.2,50.0,49.4,48.8,48.2,47.2,46.3,45.5,44.7,44.0,43.1,42.2,41.5,40.8,40.0,39.8,39.4,39.2,38.9,38.7,38.6,38.5,38.4,38.4,38.2,37.2,36.2,35.5,35.3,35.0,35.0,35.0,34.9,34.9,34.8,34.7,34.7,34.6,34.5,34.4,34.3,34.2,34.1,34.1,34.1,34.0,34.0,34.0,33.9,33.8,33.7,33.6,33.6,33.5,33.5,33.4,33.3,33.2,33.1,33.0,32.9,32.8,32.8,32.7,32.7,32.7,32.7,32.6,32.6,32.6,32.6,32.6,32.6,32.7,32.7,32.7,32.7,32.7,32.6,32.6,32.5]
OTBLOCK|Rodopoli|H|82|[55.5,55.2,54.8,54.3,54.0,53.6,53.2,52.8,52.4,52.0,51.8,51.6,51.4,51.2,51.2,51.2,51.2,51.1,50.8,50.5,50.3,50.1,49.6,49.0,48.4,47.5,46.6,45.9,45.2,44.5,43.6,42.7,42.0,41.2,40.4,40.1,39.8,39.3,39.1,38.7,38.6,38.5,38.4,38.3,38.2,37.2,36.2,35.9,35.6,35.1,35.0,35.0,34.9,34.8,34.8,34.8,34.7,34.6,34.5,34.4,34.3,34.2,34.2,34.2,34.1,34.1,34.1,34.0,33.9,33.8,33.7,33.6,33.5,33.5,33.4,33.3,33.2,33.2,33.1,33.0,32.9,32.8,32.8,32.8,32.7,32.7,32.7,32.7,32.6,32.6,32.6,32.6,32.6,32.7,32.7,32.7,32.7,32.6,32.6,32.6,32.5]
OTBLOCK|Rodopoli|H|83|[55.2,54.9,54.6,54.2,54.0,53.6,53.3,52.9,52.5,52.2,52.0,51.7,51.5,51.4,51.4,51.4,51.4,51.2,50.9,50.6,50.4,50.0,49.6,49.0,48.4,47.6,46.9,46.2,45.5,44.8,43.9,43.4,42.7,41.9,41.0,40.6,40.0,39.6,39.2,38.7,38.6,38.5,38.4,38.3,38.2,37.2,36.7,36.3,35.7,35.0,34.9,34.9,34.8,34.8,34.8,34.8,34.7,34.7,34.6,34.5,34.4,34.3,34.2,34.2,34.2,34.2,34.1,34.0,33.8,33.6,33.5,33.4,33.4,33.4,33.4,33.3,33.2,33.2,33.1,32.9,32.9,32.8,32.8,32.8,32.8,32.7,32.7,32.7,32.6,32.6,32.6,32.6,32.6,32.6,32.6,32.6,32.6,32.5,32.5,32.5,32.5]
OTBLOCK|Rodopoli|H|84|[54.9,54.7,54.5,54.3,54.0,53.7,53.4,53.1,52.7,52.3,52.1,51.8,51.7,51.7,51.6,51.6,51.6,51.4,51.0,50.7,50.3,50.0,49.6,49.0,48.5,47.8,47.2,46.6,45.9,45.2,44.6,44.1,43.3,42.4,41.5,40.9,40.3,39.8,39.2,38.7,38.6,38.4,38.3,38.3,38.2,37.6,37.1,36.4,35.6,34.9,34.8,34.7,34.7,34.8,34.8,34.8,34.8,34.7,34.6,34.5,34.4,34.3,34.3,34.3,34.2,34.1,34.0,33.9,33.7,33.5,33.4,33.3,33.3,33.3,33.3,33.3,33.2,33.2,33.0,32.9,32.9,32.8,32.8,32.8,32.8,32.7,32.7,32.7,32.7,32.6,32.6,32.6,32.6,32.5,32.5,32.5,32.5,32.4,32.5,32.5,32.5]
OTBLOCK|Rodopoli|H|85|[55.2,55.1,54.9,54.7,54.5,54.2,53.8,53.5,53.1,52.7,52.5,52.0,51.7,51.7,51.4,51.4,51.4,51.2,50.8,50.0,49.7,49.4,49.0,48.4,47.8,47.2,46.7,46.2,45.6,45.0,44.5,43.8,42.9,42.1,41.7,41.1,40.4,39.7,39.1,38.7,38.5,38.4,38.3,38.2,38.1,37.6,37.3,36.8,36.0,34.7,34.7,34.6,34.6,34.7,34.9,34.8,34.8,34.6,34.6,34.5,34.5,34.4,34.3,34.3,34.1,34.0,33.9,33.8,33.6,33.4,33.3,33.2,33.2,33.2,33.2,33.2,33.2,33.2,33.1,33.0,32.9,32.9,32.9,32.8,32.8,32.8,32.7,32.7,32.7,32.7,32.6,32.6,32.5,32.5,32.5,32.5,32.4,32.4,32.5,32.5,32.5]
OTBLOCK|Rodopoli|H|86|[55.6,55.5,55.4,55.2,55.1,54.7,54.3,53.9,53.5,53.2,52.7,52.1,51.8,51.5,51.2,51.2,51.2,50.9,50.1,49.4,49.1,48.8,48.4,47.8,47.1,46.7,46.4,45.9,45.4,44.8,44.2,43.4,42.6,42.2,41.9,41.1,40.3,39.6,39.1,38.6,38.5,38.3,38.2,38.2,38.1,37.8,37.7,37.2,35.8,34.6,34.5,34.5,34.5,34.7,34.9,34.8,34.7,34.6,34.6,34.6,34.5,34.4,34.3,34.2,34.0,33.9,33.8,33.6,33.5,33.3,33.2,33.2,33.1,33.2,33.2,33.2,33.3,33.2,33.1,33.0,33.0,32.9,32.9,32.9,32.8,32.8,32.8,32.8,32.7,32.7,32.6,32.5,32.4,32.4,32.4,32.4,32.4,32.4,32.5,32.5,32.4]
OTBLOCK|Rodopoli|H|87|[55.6,55.5,55.2,55.1,54.7,54.3,53.9,53.5,53.1,52.7,52.1,51.5,51.1,50.8,50.5,50.5,50.4,49.8,49.0,48.4,48.2,47.9,47.4,46.8,46.4,46.1,45.8,45.2,44.6,44.2,43.5,42.8,42.5,42.2,41.9,41.0,40.2,39.6,39.1,38.6,38.4,38.3,38.2,38.1,38.1,38.0,37.9,37.1,35.8,34.6,34.5,34.5,34.6,34.8,34.9,34.8,34.7,34.6,34.6,34.6,34.5,34.4,34.3,34.1,34.0,33.9,33.7,33.6,33.4,33.3,33.2,33.1,33.1,33.2,33.2,33.3,33.3,33.2,33.1,33.1,33.0,33.0,32.9,32.9,32.9,32.9,32.8,32.8,32.8,32.7,32.6,32.5,32.5,32.5,32.5,32.5,32.5,32.5,32.5,32.5,32.4]
OTBLOCK|Rodopoli|H|88|[55.2,54.7,54.4,54.1,53.7,53.2,52.8,52.4,51.9,51.5,50.9,50.3,50.0,49.7,49.3,49.3,48.8,48.2,47.6,47.2,46.9,46.6,46.1,45.7,45.5,45.2,44.5,43.9,43.6,43.3,42.6,42.5,42.2,42.0,41.7,40.9,40.1,39.5,39.0,38.5,38.3,38.2,38.1,38.0,38.0,37.9,37.8,37.0,35.8,34.7,34.7,34.7,34.8,34.9,34.9,34.8,34.7,34.6,34.6,34.5,34.4,34.4,34.3,34.1,34.0,33.9,33.7,33.5,33.4,33.2,33.2,33.1,33.2,33.2,33.3,33.3,33.3,33.2,33.2,33.1,33.1,33.0,33.0,33.0,33.0,32.9,32.9,32.9,32.8,32.7,32.6,32.5,32.5,32.5,32.6,32.5,32.5,32.5,32.5,32.5,32.5]
OTBLOCK|Rodopoli|H|89|[54.4,54.0,53.5,53.0,52.6,52.1,51.7,51.2,50.7,50.3,49.8,49.3,48.8,48.5,48.2,47.7,47.3,46.8,46.4,45.9,45.6,45.3,45.0,44.8,44.5,43.9,43.2,42.8,42.6,42.4,42.3,42.1,42.0,41.8,41.6,40.8,40.1,39.4,38.9,38.4,38.2,38.1,38.0,38.0,38.0,37.9,37.8,37.1,35.9,34.9,34.9,34.9,34.9,34.9,35.0,34.8,34.7,34.6,34.5,34.4,34.4,34.4,34.3,34.2,34.1,33.9,33.7,33.5,33.4,33.2,33.2,33.2,33.2,33.3,33.3,33.3,33.3,33.3,33.2,33.2,33.1,33.1,33.0,33.0,33.0,33.0,33.0,32.9,32.8,32.7,32.6,32.6,32.6,32.6,32.6,32.6,32.6,32.6,32.6,32.6,32.5]
OTBLOCK|Rodopoli|H|90|[53.4,53.0,52.6,52.1,51.7,51.3,50.9,50.5,50.1,49.7,49.1,48.7,48.3,47.9,47.5,47.0,46.5,45.9,45.5,44.9,44.6,44.3,44.0,43.8,43.5,42.8,42.2,41.8,41.6,41.6,41.5,41.5,41.5,41.3,41.1,40.4,39.7,39.1,38.6,38.2,38.1,38.0,37.9,37.9,37.8,37.7,37.6,36.9,35.8,35.4,35.4,35.2,35.1,35.1,35.0,34.9,34.8,34.7,34.6,34.6,34.5,34.5,34.5,34.3,34.2,34.0,33.7,33.6,33.4,33.3,33.3,33.3,33.3,33.4,33.4,33.3,33.3,33.3,33.2,33.2,33.2,33.1,33.1,33.1,33.1,33.1,33.0,33.0,32.8,32.7,32.7,32.7,32.7,32.7,32.7,32.7,32.6,32.6,32.6,32.6,32.5]
OTBLOCK|Rodopoli|H|91|[52.4,52.0,51.6,51.2,50.9,50.5,50.2,49.8,49.4,49.0,48.6,48.1,47.7,47.2,46.7,46.2,45.6,45.1,44.5,44.0,43.6,43.3,43.0,42.7,42.4,41.8,41.1,40.7,40.8,40.8,40.9,41.0,41.0,40.8,40.7,40.0,39.4,38.8,38.4,38.1,38.0,37.9,37.8,37.8,37.7,37.6,37.5,36.8,36.3,35.9,35.7,35.4,35.2,35.1,35.0,34.9,34.9,34.8,34.7,34.7,34.7,34.7,34.6,34.4,34.2,34.0,33.8,33.6,33.5,33.4,33.4,33.4,33.4,33.4,33.4,33.4,33.3,33.3,33.3,33.3,33.2,33.2,33.2,33.2,33.2,33.1,33.1,33.0,32.9,32.7,32.7,32.8,32.8,32.8,32.8,32.8,32.7,32.7,32.6,32.6,32.5]
OTBLOCK|Rodopoli|H|92|[51.7,51.3,51.1,50.7,50.3,50.0,49.7,49.2,48.8,48.3,47.8,47.4,47.0,46.5,46.0,45.4,44.8,44.2,43.7,43.2,42.8,42.5,42.2,41.9,41.7,41.0,40.4,40.3,40.3,40.3,40.5,40.6,40.5,40.4,40.1,39.4,38.9,38.7,38.3,37.9,37.8,37.7,37.6,37.6,37.5,37.4,37.3,37.0,36.5,36.1,35.8,35.5,35.2,35.1,35.0,35.0,34.9,34.9,34.8,34.7,34.7,34.8,34.7,34.5,34.3,34.1,33.9,33.7,33.6,33.5,33.5,33.5,33.5,33.5,33.4,33.4,33.4,33.3,33.3,33.3,33.3,33.3,33.2,33.2,33.2,33.2,33.1,33.0,32.9,32.8,32.8,32.8,32.9,32.9,32.9,32.8,32.8,32.7,32.7,32.6,32.5]
OTBLOCK|Rodopoli|H|93|[51.2,51.0,50.8,50.3,49.9,49.5,49.0,48.5,48.0,47.4,47.0,46.6,46.2,45.7,45.2,44.6,44.1,43.5,43.1,42.6,42.3,41.9,41.6,41.4,41.1,40.5,40.3,40.2,40.1,40.0,40.2,40.1,40.0,39.7,39.3,38.8,38.7,38.5,38.1,37.7,37.6,37.5,37.4,37.4,37.3,37.2,37.2,36.9,36.5,36.3,35.9,35.5,35.2,35.1,35.0,35.0,35.0,34.9,34.8,34.8,34.8,34.8,34.7,34.5,34.3,34.1,34.0,33.8,33.7,33.6,33.6,33.6,33.6,33.5,33.5,33.4,33.4,33.4,33.3,33.3,33.3,33.3,33.3,33.3,33.2,33.2,33.1,33.0,32.9,32.8,32.8,32.9,32.9,33.0,33.0,32.9,32.9,32.8,32.7,32.7,32.6]
OTBLOCK|Rodopoli|H|94|[50.9,50.8,50.4,49.9,49.4,48.8,48.3,47.7,47.1,46.6,46.2,45.9,45.4,44.9,44.4,43.9,43.4,42.9,42.5,42.0,41.7,41.3,41.1,40.8,40.6,40.4,40.2,40.0,39.9,39.7,39.7,39.6,39.4,39.0,38.6,38.6,38.6,38.3,37.9,37.5,37.4,37.3,37.2,37.2,37.2,37.1,37.1,36.9,36.6,36.4,35.9,35.5,35.2,35.1,35.1,35.0,35.0,34.9,34.8,34.8,34.8,34.8,34.7,34.6,34.4,34.2,34.1,33.9,33.8,33.8,33.7,33.7,33.6,33.5,33.5,33.4,33.4,33.4,33.4,33.3,33.3,33.3,33.3,33.3,33.3,33.2,33.1,33.0,32.9,32.8,32.9,32.9,33.0,33.0,33.0,33.0,32.9,32.9,32.8,32.7,32.7]
OTBLOCK|Rodopoli|H|95|[50.7,50.5,50.1,49.6,49.1,48.5,47.8,47.2,46.6,46.0,45.7,45.3,44.8,44.3,43.9,43.4,43.0,42.6,42.2,42.0,41.7,41.3,41.0,40.8,40.6,40.3,40.2,40.0,39.9,39.7,39.6,39.3,38.9,38.6,38.6,38.6,38.5,38.2,37.8,37.4,37.3,37.2,37.2,37.1,37.1,37.0,37.0,36.8,36.6,36.5,36.1,35.6,35.3,35.2,35.1,35.0,35.0,34.9,34.9,34.9,35.0,34.9,34.8,34.6,34.4,34.2,34.1,34.0,33.9,33.8,33.8,33.7,33.6,33.6,33.5,33.5,33.4,33.4,33.4,33.4,33.4,33.4,33.3,33.3,33.3,33.3,33.2,33.1,33.0,32.9,32.9,33.0,33.1,33.1,33.1,33.0,33.0,32.9,32.9,32.8,32.8]
OTBLOCK|Rodopoli|H|96|[50.5,50.2,49.8,49.3,48.8,48.1,47.3,46.7,46.1,45.5,45.1,44.6,44.1,43.7,43.3,43.0,42.7,42.4,42.2,42.0,41.6,41.2,40.9,40.7,40.5,40.3,40.2,40.0,39.8,39.7,39.4,38.9,38.5,38.5,38.6,38.5,38.3,38.0,37.6,37.3,37.2,37.1,37.1,37.0,37.0,37.0,36.9,36.8,36.7,36.7,36.2,35.6,35.3,35.2,35.1,35.1,35.0,35.0,35.1,35.1,35.0,34.9,34.8,34.6,34.4,34.3,34.1,34.0,33.9,33.8,33.8,33.7,33.7,33.6,33.5,33.5,33.4,33.4,33.4,33.4,33.4,33.4,33.4,33.4,33.4,33.3,33.2,33.1,33.0,32.9,33.0,33.1,33.1,33.1,33.1,33.1,33.1,33.0,33.0,32.9,32.9]
OTBLOCK|Rodopoli|H|97|[50.3,50.0,49.6,49.1,48.5,47.8,47.0,46.3,45.7,45.2,44.7,44.3,43.9,43.5,43.1,42.8,42.6,42.4,42.2,42.0,41.6,41.2,40.9,40.7,40.5,40.3,40.1,39.9,39.8,39.5,39.0,38.6,38.5,38.6,38.5,38.3,38.2,37.8,37.5,37.2,37.2,37.1,37.1,37.0,36.9,36.9,36.9,36.8,36.8,36.7,36.1,35.6,35.4,35.3,35.2,35.2,35.1,35.1,35.2,35.2,35.0,34.9,34.7,34.5,34.4,34.2,34.1,34.0,33.9,33.9,33.8,33.7,33.7,33.6,33.5,33.5,33.5,33.4,33.4,33.4,33.4,33.4,33.4,33.4,33.4,33.3,33.3,33.2,33.1,33.0,33.1,33.2,33.2,33.2,33.2,33.2,33.1,33.1,33.1,33.0,33.0]
OTBLOCK|Rodopoli|H|98|[50.3,49.9,49.4,48.9,48.3,47.6,46.8,46.1,45.6,45.1,44.7,44.3,43.9,43.5,43.1,42.8,42.6,42.4,42.2,42.0,41.6,41.3,41.0,40.7,40.4,40.3,40.0,39.8,39.6,39.3,38.8,38.6,38.6,38.5,38.4,38.2,37.9,37.6,37.4,37.3,37.2,37.1,37.1,37.0,36.9,36.9,36.8,36.8,36.7,36.6,36.1,35.8,35.5,35.5,35.4,35.4,35.3,35.3,35.2,35.1,35.0,34.8,34.6,34.4,34.3,34.2,34.1,34.0,33.9,33.9,33.8,33.7,33.6,33.6,33.5,33.5,33.5,33.5,33.4,33.4,33.5,33.5,33.5,33.5,33.5,33.4,33.3,33.2,33.2,33.1,33.2,33.3,33.3,33.3,33.3,33.3,33.3,33.2,33.2,33.1,33.0]
OTBLOCK|Rodopoli|H|99|[50.1,49.7,49.2,48.7,48.1,47.4,46.6,46.0,45.6,45.1,44.7,44.3,43.9,43.5,43.1,42.9,42.6,42.4,42.2,42.0,41.7,41.3,41.0,40.7,40.4,40.2,40.0,39.7,39.4,39.1,38.9,38.7,38.5,38.4,38.3,38.0,37.7,37.5,37.4,37.3,37.2,37.1,37.0,37.0,36.9,36.8,36.8,36.8,36.7,36.5,36.2,35.9,35.7,35.7,35.6,35.5,35.4,35.3,35.2,35.0,34.8,34.7,34.5,34.3,34.2,34.1,34.0,34.0,33.9,33.9,33.8,33.7,33.6,33.6,33.5,33.5,33.5,33.5,33.5,33.5,33.5,33.5,33.5,33.5,33.5,33.4,33.4,33.3,33.3,33.3,33.3,33.4,33.4,33.4,33.4,33.4,33.4,33.3,33.2,33.1,33.2]
OTBLOCK|Rodopoli|H|100|[49.9,49.5,49.1,48.5,47.9,47.1,46.4,45.9,45.5,45.1,44.7,44.2,43.8,43.3,42.4,42.1,42.0,41.8,41.6,41.5,41.2,41.1,41.0,40.7,40.6,40.3,40.1,39.8,39.5,39.1,39.0,38.9,38.8,38.6,38.3,38.0,37.7,37.4,37.3,37.3,37.2,37.1,37.1,37.0,36.8,36.8,36.8,36.7,36.6,36.4,36.1,35.8,35.7,35.6,35.5,35.4,35.3,35.2,35.0,34.9,34.7,34.5,34.4,34.2,34.1,34.0,34.0,34.0,34.0,34.0,33.8,33.7,33.6,33.6,33.5,33.5,33.5,33.5,33.5,33.5,33.5,33.5,33.5,33.5,33.5,33.5,33.4,33.4,33.4,33.4,33.5,33.5,33.6,33.5,33.5,33.5,33.5,33.4,33.4,33.4,33.4]
OTBLOCK|Rodopoli|END
OTBLOCK|Paros|HEAD|Land_i_House_Big_01_V2_F|[20901.494,16937.244,47.625]|262.74|150
OTBLOCK|Paros|ROAD|TRACK|10.0|[20798.98,16869.12,47.50]|[20797.94,16893.28,50.20]
OTBLOCK|Paros|ROAD|TRACK|10.0|[20800.59,17000.45,56.48]|[20787.10,17011.19,56.81]
OTBLOCK|Paros|ROAD|TRACK|10.0|[20812.40,16991.26,56.01]|[20800.59,17000.45,56.48]
OTBLOCK|Paros|ROAD|TRACK|10.0|[20818.45,16981.16,55.64]|[20812.40,16991.26,56.01]
OTBLOCK|Paros|ROAD|TRACK|10.0|[20879.16,16983.52,51.11]|[20860.07,16982.69,52.87]
OTBLOCK|Paros|ROAD|TRACK|10.0|[20902.75,16980.47,48.15]|[20879.16,16983.52,51.11]
OTBLOCK|Paros|ROAD|TRACK|10.0|[20921.67,17019.32,46.32]|[20914.37,16989.86,46.97]
OTBLOCK|Paros|ROAD|MAIN ROAD|14.0|[20891.08,16813.46,39.32]|[20869.41,16792.88,39.21]
OTBLOCK|Paros|ROAD|MAIN ROAD|14.0|[20907.38,16828.95,39.16]|[20891.08,16813.46,39.32]
OTBLOCK|Paros|ROAD|MAIN ROAD|14.0|[20921.41,16901.82,43.64]|[20928.94,16928.58,44.83]
OTBLOCK|Paros|ROAD|MAIN ROAD|14.0|[20922.02,16888.83,42.38]|[20920.37,16895.55,43.11]
OTBLOCK|Paros|ROAD|MAIN ROAD|14.0|[20920.37,16895.55,43.11]|[20921.41,16901.82,43.64]
OTBLOCK|Paros|ROAD|ROAD|10.0|[21004.86,16890.84,35.30]|[21026.75,16901.77,34.12]
OTBLOCK|Paros|ROAD|ROAD|10.0|[21021.16,16902.56,34.39]|[21025.97,16893.20,34.07]
OTBLOCK|Paros|ROAD|ROAD|10.0|[21026.75,16901.77,34.12]|[21046.62,16914.44,33.53]
OTBLOCK|Paros|ROAD|TRACK|10.0|[21028.86,16911.73,34.21]|[21034.21,16903.49,33.79]
OTBLOCK|Paros|ROAD|TRACK|10.0|[20860.07,16982.69,52.87]|[20843.71,16974.12,54.08]
OTBLOCK|Paros|ROAD|TRACK|10.0|[20927.11,16976.35,45.47]|[20902.75,16980.47,48.15]
OTBLOCK|Paros|ROAD|MAIN ROAD|14.0|[20950.08,16954.03,43.62]|[20968.62,16973.64,41.34]
OTBLOCK|Paros|ROAD|TRACK|10.0|[20954.07,16971.50,42.35]|[20927.11,16976.35,45.47]
OTBLOCK|Paros|ROAD|TRACK|10.0|[20964.42,16969.60,41.77]|[20954.07,16971.50,42.35]
OTBLOCK|Paros|ROAD|TRACK|10.0|[20977.38,16965.51,41.18]|[21002.26,16949.06,37.71]
OTBLOCK|Paros|ROAD|TRACK|10.0|[20968.53,16970.62,41.49]|[20977.38,16965.51,41.18]
OTBLOCK|Paros|ROAD|TRACK|10.0|[20884.05,17065.49,49.40]|[20870.21,17071.04,49.78]
OTBLOCK|Paros|ROAD|TRACK|10.0|[20929.29,17044.61,46.27]|[20921.67,17019.32,46.32]
OTBLOCK|Paros|ROAD|TRACK|10.0|[20954.01,17031.02,43.64]|[20929.29,17044.61,46.27]
OTBLOCK|Paros|ROAD|TRACK|10.0|[20971.31,17023.14,41.08]|[20954.01,17031.02,43.64]
OTBLOCK|Paros|ROAD|TRACK|10.0|[20988.73,17012.89,39.32]|[20971.31,17023.14,41.08]
OTBLOCK|Paros|ROAD|TRACK|10.0|[20997.57,17007.39,39.26]|[20988.73,17012.89,39.32]
OTBLOCK|Paros|ROAD|MAIN ROAD|14.0|[20995.50,17002.58,39.45]|[21017.59,17025.68,38.07]
OTBLOCK|Paros|ROAD|MAIN ROAD|14.0|[21017.59,17025.68,38.07]|[21023.01,17030.18,37.77]
OTBLOCK|Paros|ROAD|TRACK|10.0|[20842.69,16873.72,46.22]|[20829.57,16851.15,44.93]
OTBLOCK|Paros|ROAD|TRACK|10.0|[20857.38,16898.19,47.77]|[20842.69,16873.72,46.22]
OTBLOCK|Paros|ROAD|MAIN ROAD|14.0|[20932.79,16876.57,40.35]|[20922.02,16888.83,42.38]
OTBLOCK|Paros|ROAD|MAIN ROAD|14.0|[20937.54,16869.79,39.47]|[20932.79,16876.57,40.35]
OTBLOCK|Paros|ROAD|MAIN ROAD|14.0|[20937.23,16863.16,39.20]|[20937.54,16869.79,39.47]
OTBLOCK|Paros|ROAD|ROAD|10.0|[20944.96,16871.01,39.24]|[20962.43,16879.80,38.17]
OTBLOCK|Paros|ROAD|ROAD|10.0|[20936.27,16865.87,39.35]|[20944.96,16871.01,39.24]
OTBLOCK|Paros|ROAD|ROAD|10.0|[20983.07,16885.02,36.88]|[21004.86,16890.84,35.30]
OTBLOCK|Paros|ROAD|ROAD|10.0|[20962.43,16879.80,38.17]|[20983.07,16885.02,36.88]
OTBLOCK|Paros|ROAD|ROAD|10.0|[21025.97,16893.20,34.07]|[21036.10,16873.82,33.22]
OTBLOCK|Paros|ROAD|MAIN ROAD|14.0|[20981.30,16987.25,40.37]|[20995.50,17002.58,39.45]
OTBLOCK|Paros|ROAD|MAIN ROAD|14.0|[20968.62,16973.64,41.34]|[20981.30,16987.25,40.37]
OTBLOCK|Paros|ROAD|TRACK|10.0|[20787.10,17011.19,56.81]|[20775.07,17019.42,56.77]
OTBLOCK|Paros|ROAD|TRACK|10.0|[20797.94,16893.28,50.20]|[20798.91,16910.88,51.70]
OTBLOCK|Paros|ROAD|TRACK|10.0|[20881.24,16921.25,47.46]|[20857.38,16898.19,47.77]
OTBLOCK|Paros|ROAD|TRACK|10.0|[20798.91,16910.88,51.70]|[20815.34,16942.69,53.94]
OTBLOCK|Paros|ROAD|TRACK|10.0|[20914.42,16921.52,44.86]|[20895.46,16923.35,46.46]
OTBLOCK|Paros|ROAD|TRACK|10.0|[20895.46,16923.35,46.46]|[20881.24,16921.25,47.46]
OTBLOCK|Paros|ROAD|MAIN ROAD|14.0|[20931.54,16934.32,44.80]|[20936.08,16939.21,44.74]
OTBLOCK|Paros|ROAD|MAIN ROAD|14.0|[20928.94,16928.58,44.83]|[20931.54,16934.32,44.80]
OTBLOCK|Paros|ROAD|TRACK|10.0|[20924.45,16919.99,44.71]|[20914.42,16921.52,44.86]
OTBLOCK|Paros|ROAD|MAIN ROAD|14.0|[20936.08,16939.21,44.74]|[20950.08,16954.03,43.62]
OTBLOCK|Paros|ROAD|TRACK|10.0|[20906.65,17055.44,47.61]|[20884.05,17065.49,49.40]
OTBLOCK|Paros|ROAD|TRACK|10.0|[20929.29,17044.61,46.27]|[20906.65,17055.44,47.61]
OTBLOCK|Paros|ROAD|TRACK|10.0|[20931.13,17066.00,46.02]|[20929.29,17044.61,46.27]
OTBLOCK|Paros|ROAD|TRACK|10.0|[20870.21,17071.04,49.78]|[20860.80,17074.60,49.79]
OTBLOCK|Paros|ROAD|TRACK|10.0|[20933.73,17085.23,45.73]|[20931.13,17066.00,46.02]
OTBLOCK|Paros|ROAD|TRACK|10.0|[20812.06,16840.59,44.13]|[20798.98,16869.12,47.50]
OTBLOCK|Paros|ROAD|TRACK|10.0|[20817.17,16831.49,43.62]|[20812.06,16840.59,44.13]
OTBLOCK|Paros|ROAD|TRACK|10.0|[20829.57,16851.15,44.93]|[20814.93,16829.37,43.54]
OTBLOCK|Paros|ROAD|MAIN ROAD|14.0|[20907.38,16828.95,39.16]|[20931.62,16855.76,39.13]
OTBLOCK|Paros|ROAD|MAIN ROAD|14.0|[20931.62,16855.76,39.13]|[20937.23,16863.16,39.20]
OTBLOCK|Paros|ROAD|TRACK|10.0|[21012.66,16935.87,35.72]|[21028.86,16911.73,34.21]
OTBLOCK|Paros|ROAD|TRACK|10.0|[21002.26,16949.06,37.71]|[21012.66,16935.87,35.72]
OTBLOCK|Paros|ROAD|TRACK|10.0|[20816.58,16959.78,54.87]|[20818.45,16981.16,55.64]
OTBLOCK|Paros|ROAD|TRACK|10.0|[20815.34,16942.69,53.94]|[20816.58,16959.78,54.87]
OTBLOCK|Paros|ROAD|TRACK|10.0|[20843.71,16974.12,54.08]|[20824.19,16961.83,54.79]
OTBLOCK|Paros|ROAD|TRACK|10.0|[20824.19,16961.83,54.79]|[20816.18,16956.59,54.74]
OTBLOCK|Paros|ROAD|TRACK|10.0|[20914.37,16989.86,46.97]|[20912.13,16980.36,47.35]
OTBLOCK|Paros|BLD|Land_Unfinished_Building_01_F|[20900.43,16799.82,39.28]|130.6|[-5.85,-9.28,5.85,9.28,-4.97,4.97]|[]|7
OTBLOCK|Paros|BLD|Land_i_Stone_Shed_V2_F|[20880.88,16788.79,39.10]|133.2|[-4.53,-4.96,4.53,4.96,-3.80,3.80]|[[2.3,-0.8]]|6
OTBLOCK|Paros|BLD|Land_d_House_Big_02_V1_F|[20929.60,16799.41,37.41]|311.4|[-7.09,-12.09,7.09,12.09,-6.28,6.28]|[]|8
OTBLOCK|Paros|BLD|Land_d_House_Small_02_V1_F|[20950.26,16799.43,35.95]|312.8|[-8.52,-7.25,8.52,7.25,-4.98,4.98]|[]|6
OTBLOCK|Paros|BLD|Land_i_Stone_HouseSmall_V3_F|[20825.09,16824.02,43.28]|308.9|[-10.21,-5.82,10.21,5.82,-4.28,4.28]|[[6.9,-1.2],[-7.7,-1.2],[0.8,1.8]]|6
OTBLOCK|Paros|BLD|Land_i_Stone_Shed_V3_F|[20837.57,16808.62,40.74]|217.0|[-4.53,-4.96,4.53,4.96,-3.80,3.80]|[[2.3,-0.8]]|6
OTBLOCK|Paros|BLD|calvary_02_v2_f.p3d|[20854.06,16800.89,39.39]|305.2|[-0.48,-0.43,0.48,0.43,-1.25,1.25]|[]|0
OTBLOCK|Paros|BLD|Land_u_House_Big_02_V1_F|[20908.73,16806.28,38.86]|310.9|[-5.27,-12.09,5.27,12.09,-5.90,5.90]|[]|8
OTBLOCK|Paros|BLD|Land_i_House_Small_01_V2_F|[20889.28,16829.97,39.29]|315.3|[-5.43,-7.64,5.43,7.64,-5.08,5.08]|[[3.0,-4.4],[1.6,0.3],[1.6,3.0],[-3.4,4.9]]|10
OTBLOCK|Paros|BLD|Land_i_House_Big_01_V3_F|[20921.47,16821.40,38.83]|41.0|[-7.89,-8.48,7.89,8.48,-6.61,6.61]|[[-1.8,-6.1],[4.9,5.5],[-1.3,3.0]]|10
OTBLOCK|Paros|BLD|Land_u_House_Big_01_V1_F|[20936.73,16808.04,37.39]|221.1|[-7.89,-8.48,7.89,8.48,-6.61,6.61]|[]|10
OTBLOCK|Paros|BLD|Land_d_House_Big_02_V1_F|[20961.86,16809.30,35.95]|312.1|[-7.09,-12.09,7.09,12.09,-6.28,6.28]|[]|8
OTBLOCK|Paros|BLD|Land_d_Addon_02_V1_F|[20783.85,16847.87,46.26]|145.1|[-4.36,-4.93,4.36,4.93,-3.58,3.58]|[]|6
OTBLOCK|Paros|BLD|Land_i_Stone_Shed_V3_F|[20796.80,16844.35,45.20]|62.3|[-4.53,-4.96,4.53,4.96,-3.80,3.80]|[[2.3,-0.8]]|6
OTBLOCK|Paros|BLD|Land_i_House_Big_01_V3_F|[20846.39,16842.04,44.26]|304.4|[-7.89,-8.48,7.89,8.48,-6.61,6.61]|[[-1.8,-6.1],[4.9,5.5],[-1.3,3.0]]|10
OTBLOCK|Paros|BLD|Land_i_Stone_HouseBig_V2_F|[20869.57,16842.68,41.92]|34.7|[-6.78,-6.16,6.78,6.16,-5.84,5.84]|[]|10
OTBLOCK|Paros|BLD|Land_i_House_Small_02_V1_F|[20859.44,16852.10,44.32]|210.1|[-8.20,-4.64,8.20,4.64,-4.71,4.71]|[[-3.8,-2.1],[1.0,1.7]]|6
OTBLOCK|Paros|BLD|Land_i_House_Big_02_V3_F|[20893.69,16855.56,41.74]|32.2|[-5.33,-12.09,5.33,12.09,-6.09,6.09]|[[-2.9,-4.3],[-1.3,-0.4],[0.1,5.3],[-2.9,-4.3],[-1.3,-0.4],[-2.9,5.3]]|8
OTBLOCK|Paros|BLD|Land_i_Garage_V2_F|[20895.24,16835.49,39.56]|225.0|[-9.00,-3.69,9.00,3.69,-3.37,3.37]|[[5.4,1.5]]|6
OTBLOCK|Paros|BLD|Land_i_Stone_Shed_V3_F|[20905.69,16848.95,39.43]|129.2|[-4.53,-4.96,4.53,4.96,-3.80,3.80]|[[2.3,-0.8]]|6
OTBLOCK|Paros|BLD|Land_i_Addon_04_V1_F|[20880.95,16853.64,42.44]|32.4|[-5.02,-3.98,5.02,3.98,-2.94,2.94]|[]|3
OTBLOCK|Paros|BLD|Land_u_House_Big_02_V1_F|[20930.38,16830.48,38.83]|311.0|[-5.27,-12.09,5.27,12.09,-5.90,5.90]|[]|8
OTBLOCK|Paros|BLD|Land_i_House_Big_01_V2_F|[20938.22,16840.38,38.83]|41.7|[-7.89,-8.48,7.89,8.48,-6.61,6.61]|[[-1.8,-6.1],[4.9,5.5],[-1.3,3.0]]|10
OTBLOCK|Paros|BLD|Land_d_Shop_01_V1_F|[20956.09,16832.32,38.02]|311.3|[-7.34,-11.89,7.34,11.89,-6.58,6.58]|[]|10
OTBLOCK|Paros|BLD|Land_i_House_Big_02_V2_F|[20959.60,16857.99,39.03]|322.5|[-5.33,-12.09,5.33,12.09,-6.09,6.09]|[[-2.9,-4.3],[-1.3,-0.4],[0.1,5.3],[-2.9,-4.3],[-1.3,-0.4],[-2.9,5.3]]|8
OTBLOCK|Paros|BLD|Land_i_Shop_01_V3_F|[20950.65,16854.88,39.07]|142.8|[-4.75,-10.13,4.75,10.13,-6.46,6.46]|[[1.2,-2.5],[3.1,-2.6],[2.3,7.2],[-0.6,4.8],[-0.6,-2.4]]|10
OTBLOCK|Paros|BLD|Land_u_Addon_02_V1_F|[20962.96,16841.09,37.30]|132.3|[-4.57,-4.94,4.57,4.94,-3.72,3.72]|[]|6
OTBLOCK|Paros|BLD|Land_Slum_House03_F|[20941.26,16831.48,38.21]|310.6|[-4.75,-3.61,4.75,3.61,-2.37,2.37]|[[2.9,-0.9]]|2
OTBLOCK|Paros|BLD|Land_i_Stone_HouseBig_V1_F|[20984.24,16841.49,36.03]|220.3|[-6.78,-6.16,6.78,6.16,-5.84,5.84]|[]|10
OTBLOCK|Paros|BLD|Land_u_Addon_01_V1_F|[20974.90,16835.80,35.85]|39.7|[-6.50,-4.51,6.50,4.51,-3.42,3.42]|[]|10
OTBLOCK|Paros|BLD|Land_i_House_Big_02_V2_F|[21010.10,16851.55,34.59]|241.0|[-5.33,-12.09,5.33,12.09,-6.09,6.09]|[[-2.9,-4.3],[-1.3,-0.4],[0.1,5.3],[-2.9,-4.3],[-1.3,-0.4],[-2.9,5.3]]|8
OTBLOCK|Paros|BLD|Land_i_Stone_HouseBig_V1_F|[20787.46,16877.15,49.79]|162.6|[-6.78,-6.16,6.78,6.16,-5.84,5.84]|[]|10
OTBLOCK|Paros|BLD|Land_u_Addon_02_V1_F|[20773.93,16860.63,48.73]|161.3|[-4.57,-4.94,4.57,4.94,-3.72,3.72]|[]|6
OTBLOCK|Paros|BLD|Land_u_House_Big_01_V1_F|[20819.53,16869.79,47.24]|299.1|[-7.89,-8.48,7.89,8.48,-6.61,6.61]|[]|10
OTBLOCK|Paros|BLD|Land_u_House_Big_02_V1_F|[20832.95,16882.59,47.52]|300.3|[-5.27,-12.09,5.27,12.09,-5.90,5.90]|[]|8
OTBLOCK|Paros|BLD|Land_i_House_Big_02_V3_F|[20876.92,16866.24,44.36]|32.5|[-5.33,-12.09,5.33,12.09,-6.09,6.09]|[[-2.9,-4.3],[-1.3,-0.4],[0.1,5.3],[-2.9,-4.3],[-1.3,-0.4],[-2.9,5.3]]|8
OTBLOCK|Paros|BLD|Land_i_House_Big_01_V1_F|[20850.33,16862.24,45.58]|30.1|[-7.89,-8.48,7.89,8.48,-6.61,6.61]|[[-1.8,-6.1],[4.9,5.5],[-1.3,3.0]]|10
OTBLOCK|Paros|BLD|Land_i_Shop_02_V2_F|[20856.15,16873.78,46.33]|210.4|[-8.58,-5.44,8.58,5.44,-6.24,6.24]|[[-5.9,-3.2],[-2.4,1.3],[3.8,0.0],[-5.9,-0.0]]|0
OTBLOCK|Paros|BLD|Land_i_Addon_03_V1_F|[20859.76,16883.21,46.59]|120.0|[-5.02,-4.11,5.02,4.11,-3.05,3.05]|[]|3
OTBLOCK|Paros|BLD|Land_i_Addon_03_V1_F|[20866.88,16879.14,46.54]|299.7|[-5.02,-4.11,5.02,4.11,-3.05,3.05]|[]|3
OTBLOCK|Paros|BLD|treebin_f.p3d|[20864.14,16888.11,47.19]|0.0|[-1.24,-1.26,1.24,1.26,-0.43,0.43]|[]|0
OTBLOCK|Paros|BLD|treebin_f.p3d|[20868.62,16885.44,46.64]|0.0|[-1.24,-1.26,1.24,1.26,-0.43,0.43]|[]|0
OTBLOCK|Paros|BLD|Land_i_House_Big_02_V2_F|[20886.02,16861.63,43.42]|212.0|[-5.33,-12.09,5.33,12.09,-6.09,6.09]|[[-2.9,-4.3],[-1.3,-0.4],[0.1,5.3],[-2.9,-4.3],[-1.3,-0.4],[-2.9,5.3]]|8
OTBLOCK|Paros|BLD|Land_i_House_Small_02_V3_F|[20906.56,16877.63,43.33]|48.2|[-8.20,-4.64,8.20,4.64,-4.71,4.71]|[[-3.8,-2.1],[1.0,1.7]]|6
OTBLOCK|Paros|BLD|water_source_f.p3d|[20892.71,16875.41,43.95]|309.2|[-1.31,-0.87,1.31,0.87,-1.53,1.53]|[]|0
OTBLOCK|Paros|BLD|Land_i_House_Big_02_V3_F|[20915.54,16868.49,41.45]|48.0|[-5.33,-12.09,5.33,12.09,-6.09,6.09]|[[-2.9,-4.3],[-1.3,-0.4],[0.1,5.3],[-2.9,-4.3],[-1.3,-0.4],[-2.9,5.3]]|8
OTBLOCK|Paros|BLD|Land_u_Addon_02_V1_F|[20923.46,16862.08,39.80]|316.9|[-4.57,-4.94,4.57,4.94,-3.72,3.72]|[]|6
OTBLOCK|Paros|BLD|Land_i_Stone_HouseSmall_V3_F|[20952.52,16885.78,39.25]|317.4|[-10.21,-5.82,10.21,5.82,-4.28,4.28]|[[6.9,-1.2],[-7.7,-1.2],[0.8,1.8]]|6
OTBLOCK|Paros|BLD|Land_i_House_Small_02_V3_F|[20968.89,16867.36,38.34]|142.7|[-8.20,-4.64,8.20,4.64,-4.71,4.71]|[[-3.8,-2.1],[1.0,1.7]]|6
OTBLOCK|Paros|BLD|Land_i_Stone_HouseBig_V3_F|[20991.75,16861.50,36.21]|66.0|[-6.78,-6.16,6.78,6.16,-5.84,5.84]|[]|10
OTBLOCK|Paros|BLD|Land_i_Stone_Shed_V2_F|[20983.36,16875.21,37.19]|162.1|[-4.53,-4.96,4.53,4.96,-3.80,3.80]|[[2.3,-0.8]]|6
OTBLOCK|Paros|BLD|Land_u_House_Big_02_V1_F|[21005.34,16876.62,35.81]|153.0|[-5.27,-12.09,5.27,12.09,-5.90,5.90]|[]|8
OTBLOCK|Paros|BLD|Land_i_Stone_HouseSmall_V1_F|[21020.48,16875.70,33.58]|61.0|[-10.21,-5.82,10.21,5.82,-4.28,4.28]|[[6.9,-1.2],[-7.7,-1.2],[0.8,1.8]]|6
OTBLOCK|Paros|BLD|Land_i_Addon_03_V1_F|[21009.59,16867.98,35.04]|333.1|[-5.02,-4.11,5.02,4.11,-3.05,3.05]|[]|3
OTBLOCK|Paros|BLD|grave_v3_f.p3d|[21039.72,16884.79,33.51]|242.6|[-1.17,-1.93,1.17,1.93,-1.62,1.62]|[]|0
OTBLOCK|Paros|BLD|grave_v3_f.p3d|[21040.69,16882.54,33.36]|242.0|[-1.17,-1.93,1.17,1.93,-1.62,1.62]|[]|0
OTBLOCK|Paros|BLD|grave_v1_f.p3d|[21037.16,16889.47,33.82]|243.8|[-1.15,-1.89,1.15,1.89,-0.73,0.73]|[]|0
OTBLOCK|Paros|BLD|Land_i_House_Big_01_V2_F|[20812.90,16893.89,50.07]|29.4|[-7.89,-8.48,7.89,8.48,-6.61,6.61]|[[-1.8,-6.1],[4.9,5.5],[-1.3,3.0]]|10
OTBLOCK|Paros|BLD|Land_i_House_Big_02_V2_F|[20840.14,16907.76,49.98]|119.7|[-5.33,-12.09,5.33,12.09,-6.09,6.09]|[[-2.9,-4.3],[-1.3,-0.4],[0.1,5.3],[-2.9,-4.3],[-1.3,-0.4],[-2.9,5.3]]|8
OTBLOCK|Paros|BLD|Land_u_House_Big_02_V1_F|[20845.86,16915.69,50.15]|299.2|[-5.27,-12.09,5.27,12.09,-5.90,5.90]|[]|8
OTBLOCK|Paros|BLD|Land_i_House_Big_01_V3_F|[20838.35,16894.23,48.34]|210.1|[-7.89,-8.48,7.89,8.48,-6.61,6.61]|[[-1.8,-6.1],[4.9,5.5],[-1.3,3.0]]|10
OTBLOCK|Paros|BLD|Land_i_Addon_03_V1_F|[20848.30,16902.98,49.10]|300.9|[-5.02,-4.11,5.02,4.11,-3.05,3.05]|[]|3
OTBLOCK|Paros|BLD|Land_Chapel_V2_F|[20890.98,16894.65,46.50]|0.0|[-12.56,-5.59,12.56,5.59,-6.12,6.12]|[]|4
OTBLOCK|Paros|BLD|Land_i_Addon_02_V1_F|[20905.97,16909.80,45.14]|1.6|[-4.54,-4.94,4.54,4.94,-3.71,3.71]|[[2.5,-0.5]]|6
OTBLOCK|Paros|BLD|treebin_f.p3d|[20894.55,16907.20,45.97]|0.0|[-1.24,-1.26,1.24,1.26,-0.43,0.43]|[]|0
OTBLOCK|Paros|BLD|Land_i_House_Big_01_V3_F|[20938.01,16897.58,42.99]|45.9|[-7.89,-8.48,7.89,8.48,-6.61,6.61]|[[-1.8,-6.1],[4.9,5.5],[-1.3,3.0]]|10
OTBLOCK|Paros|BLD|Land_i_Stone_HouseBig_V1_F|[20964.30,16896.60,39.39]|228.1|[-6.78,-6.16,6.78,6.16,-5.84,5.84]|[]|10
OTBLOCK|Paros|BLD|Land_i_House_Big_02_V2_F|[20982.73,16910.98,38.54]|138.1|[-5.33,-12.09,5.33,12.09,-6.09,6.09]|[[-2.9,-4.3],[-1.3,-0.4],[0.1,5.3],[-2.9,-4.3],[-1.3,-0.4],[-2.9,5.3]]|8
OTBLOCK|Paros|BLD|Land_i_House_Big_02_V3_F|[20992.68,16914.74,37.49]|136.8|[-5.33,-12.09,5.33,12.09,-6.09,6.09]|[[-2.9,-4.3],[-1.3,-0.4],[0.1,5.3],[-2.9,-4.3],[-1.3,-0.4],[-2.9,5.3]]|8
OTBLOCK|Paros|BLD|Land_u_House_Big_02_V1_F|[20972.93,16906.96,39.33]|139.4|[-5.27,-12.09,5.27,12.09,-5.90,5.90]|[]|8
OTBLOCK|Paros|BLD|Land_i_Addon_03_V1_F|[20989.03,16903.70,37.44]|318.0|[-5.02,-4.11,5.02,4.11,-3.05,3.05]|[]|3
OTBLOCK|Paros|BLD|Land_i_Addon_04_V1_F|[20979.02,16899.72,38.36]|319.7|[-5.02,-3.98,5.02,3.98,-2.94,2.94]|[]|3
OTBLOCK|Paros|BLD|Land_i_Addon_04_V1_F|[20999.17,16907.39,36.83]|317.6|[-5.02,-3.98,5.02,3.98,-2.94,2.94]|[]|3
OTBLOCK|Paros|BLD|Land_i_Shop_01_V2_F|[21004.94,16914.67,35.89]|318.0|[-4.75,-9.79,4.75,9.79,-6.46,6.46]|[[1.2,-2.9],[3.1,-2.9],[2.3,6.8],[-0.6,4.5],[-0.6,-2.7]]|10
OTBLOCK|Paros|BLD|Land_Kiosk_papers_F|[21017.92,16909.17,34.61]|327.3|[-4.19,-4.24,4.19,4.24,-3.22,3.22]|[[0.0,1.9]]|0
OTBLOCK|Paros|BLD|grave_v1_f.p3d|[21044.07,16893.14,33.61]|52.9|[-1.15,-1.89,1.15,1.89,-0.73,0.73]|[]|0
OTBLOCK|Paros|BLD|grave_v1_f.p3d|[21046.94,16900.76,33.49]|53.9|[-1.15,-1.89,1.15,1.89,-0.73,0.73]|[]|0
OTBLOCK|Paros|BLD|Land_Slum_House01_F|[20761.58,16933.91,60.07]|310.5|[-2.93,-3.98,2.93,3.98,-1.90,1.90]|[[1.3,-1.1]]|2
OTBLOCK|Paros|BLD|Land_Slum_House01_F|[20822.31,16931.73,52.87]|201.6|[-2.93,-3.98,2.93,3.98,-1.90,1.90]|[[1.3,-1.1]]|2
OTBLOCK|Paros|BLD|Land_i_House_Big_02_V2_F|[20879.27,16935.30,49.19]|347.3|[-5.33,-12.09,5.33,12.09,-6.09,6.09]|[[-2.9,-4.3],[-1.3,-0.4],[0.1,5.3],[-2.9,-4.3],[-1.3,-0.4],[-2.9,5.3]]|8
OTBLOCK|Paros|BLD|Land_i_Shop_02_V3_F|[20861.46,16941.49,51.04]|1.1|[-8.58,-5.44,8.58,5.44,-6.24,6.24]|[[-5.9,-3.2],[-2.4,1.3],[3.8,0.0],[-5.9,-0.0]]|0
OTBLOCK|Paros|BLD|Land_u_Addon_02_V1_F|[20851.10,16924.08,50.29]|209.6|[-4.57,-4.94,4.57,4.94,-3.72,3.72]|[]|6
OTBLOCK|Paros|BLD|treebin_f.p3d|[20867.58,16925.78,48.18]|0.0|[-1.24,-1.26,1.24,1.26,-0.43,0.43]|[]|0
OTBLOCK|Paros|BLD|calvary_01_v1_f.p3d|[20867.59,16924.07,48.15]|266.2|[-0.38,-0.38,0.38,0.38,-1.31,1.31]|[]|0
OTBLOCK|Paros|BLD|Land_i_House_Big_01_V2_F|[20901.49,16937.24,47.62]|262.7|[-7.89,-8.48,7.89,8.48,-6.61,6.61]|[[-1.8,-6.1],[4.9,5.5],[-1.3,3.0]]|10
OTBLOCK|Paros|BLD|Land_i_House_Small_01_V1_F|[20902.87,16947.73,47.77]|263.2|[-5.43,-7.64,5.43,7.64,-5.08,5.08]|[[3.0,-4.4],[1.6,0.3],[1.6,3.0],[-3.4,4.9]]|10
OTBLOCK|Paros|BLD|Land_i_House_Small_02_V1_F|[20920.12,16940.94,44.88]|279.6|[-8.20,-4.64,8.20,4.64,-4.71,4.71]|[[-3.8,-2.1],[1.0,1.7]]|6
OTBLOCK|Paros|BLD|Land_u_House_Big_02_V1_F|[20964.28,16945.89,43.11]|315.0|[-5.27,-12.09,5.27,12.09,-5.90,5.90]|[]|8
OTBLOCK|Paros|BLD|Land_u_House_Big_01_V1_F|[20954.87,16937.50,44.19]|44.4|[-7.89,-8.48,7.89,8.48,-6.61,6.61]|[]|10
OTBLOCK|Paros|BLD|Land_i_House_Small_01_V3_F|[20944.10,16920.40,45.00]|132.2|[-5.43,-7.64,5.43,7.64,-5.08,5.08]|[[3.0,-4.4],[1.6,0.3],[1.6,3.0],[-3.4,4.9]]|10
OTBLOCK|Paros|BLD|Land_i_Stone_HouseBig_V1_F|[20981.36,16929.88,39.87]|318.2|[-6.78,-6.16,6.78,6.16,-5.84,5.84]|[]|10
OTBLOCK|Paros|BLD|Land_i_Stone_Shed_V1_F|[20983.88,16945.15,40.22]|45.9|[-4.53,-4.96,4.53,4.96,-3.80,3.80]|[[2.3,-0.8]]|6
OTBLOCK|Paros|BLD|Land_Metal_Shed_F|[20989.96,16939.23,38.63]|138.3|[-5.24,-4.51,5.24,4.51,-2.78,2.78]|[]|2
OTBLOCK|Paros|BLD|Land_spp_Transformer_F|[20995.49,16924.25,36.70]|137.4|[-1.40,-3.28,1.40,3.28,-1.45,1.45]|[]|0
OTBLOCK|Paros|BLD|Land_i_Stone_HouseBig_V2_F|[21015.61,16948.84,36.46]|48.8|[-6.78,-6.16,6.78,6.16,-5.84,5.84]|[]|10
OTBLOCK|Paros|BLD|Land_u_Addon_02_V1_F|[21010.52,16922.16,35.41]|227.4|[-4.57,-4.94,4.57,4.94,-3.72,3.72]|[]|6
OTBLOCK|Paros|BLD|Land_u_House_Small_01_V1_F|[21045.88,16933.38,33.00]|318.6|[-5.60,-7.64,5.60,7.64,-4.94,4.94]|[]|10
OTBLOCK|Paros|BLD|ironpipes_f.p3d|[20756.27,16958.14,58.38]|37.3|[-3.17,-1.24,3.17,1.24,-0.70,0.70]|[]|0
OTBLOCK|Paros|BLD|ironpipes_f.p3d|[20755.49,16956.36,58.13]|45.4|[-3.17,-1.24,3.17,1.24,-0.70,0.70]|[]|0
OTBLOCK|Paros|BLD|Land_i_Stone_Shed_V3_F|[20802.55,16961.28,55.48]|89.8|[-4.53,-4.96,4.53,4.96,-3.80,3.80]|[[2.3,-0.8]]|6
OTBLOCK|Paros|BLD|Land_i_Stone_HouseBig_V3_F|[20830.48,16950.19,54.11]|202.4|[-6.78,-6.16,6.78,6.16,-5.84,5.84]|[]|10
OTBLOCK|Paros|BLD|Land_i_Stone_Shed_V2_F|[20842.84,16959.20,53.45]|90.3|[-4.53,-4.96,4.53,4.96,-3.80,3.80]|[[2.3,-0.8]]|6
OTBLOCK|Paros|BLD|Land_i_House_Big_02_V2_F|[20861.20,16961.31,52.59]|270.9|[-5.33,-12.09,5.33,12.09,-6.09,6.09]|[[-2.9,-4.3],[-1.3,-0.4],[0.1,5.3],[-2.9,-4.3],[-1.3,-0.4],[-2.9,5.3]]|8
OTBLOCK|Paros|BLD|Land_i_House_Big_02_V3_F|[20861.08,16951.39,52.02]|270.9|[-5.33,-12.09,5.33,12.09,-6.09,6.09]|[[-2.9,-4.3],[-1.3,-0.4],[0.1,5.3],[-2.9,-4.3],[-1.3,-0.4],[-2.9,5.3]]|8
OTBLOCK|Paros|BLD|Land_i_Garage_V1_F|[20877.40,16971.16,51.37]|94.0|[-9.00,-3.69,9.00,3.69,-3.37,3.37]|[[5.4,1.5]]|6
OTBLOCK|Paros|BLD|Land_i_Stone_Shed_V3_F|[20879.29,16955.85,50.44]|271.7|[-4.53,-4.96,4.53,4.96,-3.80,3.80]|[[2.3,-0.8]]|6
OTBLOCK|Paros|BLD|Land_i_House_Small_02_V1_F|[20903.37,16967.96,48.88]|189.0|[-8.20,-4.64,8.20,4.64,-4.71,4.71]|[[-3.8,-2.1],[1.0,1.7]]|6
OTBLOCK|Paros|BLD|Land_i_Addon_02_V1_F|[20898.09,16960.62,48.78]|9.3|[-4.54,-4.94,4.54,4.94,-3.71,3.71]|[[2.5,-0.5]]|6
OTBLOCK|Paros|BLD|Land_i_House_Big_02_V1_F|[20923.45,16953.55,45.20]|100.0|[-5.33,-12.09,5.33,12.09,-6.09,6.09]|[[-2.9,-4.3],[-1.3,-0.4],[0.1,5.3],[-2.9,-4.3],[-1.3,-0.4],[-2.9,5.3]]|8
OTBLOCK|Paros|BLD|Land_i_House_Big_01_V1_F|[20928.91,16962.77,45.57]|99.8|[-7.89,-8.48,7.89,8.48,-6.61,6.61]|[[-1.8,-6.1],[4.9,5.5],[-1.3,3.0]]|10
OTBLOCK|Paros|BLD|Land_i_Shop_01_V1_F|[20917.76,16966.66,46.58]|189.8|[-4.75,-10.13,4.75,10.13,-6.46,6.46]|[[1.2,-2.5],[3.1,-2.6],[2.3,7.2],[-0.6,4.8],[-0.6,-2.4]]|10
OTBLOCK|Paros|BLD|Land_Kiosk_blueking_F|[20969.33,16957.77,42.30]|133.1|[-4.19,-4.24,4.19,4.24,-3.01,3.01]|[[0.0,1.9]]|0
OTBLOCK|Paros|BLD|Land_i_House_Big_01_V3_F|[20996.22,16979.67,40.37]|42.1|[-7.89,-8.48,7.89,8.48,-6.61,6.61]|[[-1.8,-6.1],[4.9,5.5],[-1.3,3.0]]|10
OTBLOCK|Paros|BLD|Land_i_Garage_V2_F|[20988.86,16972.08,40.71]|42.0|[-9.00,-3.69,9.00,3.69,-3.37,3.37]|[[5.4,1.5]]|6
OTBLOCK|Paros|BLD|Land_i_House_Big_01_V2_F|[21009.95,16963.63,38.22]|222.9|[-7.89,-8.48,7.89,8.48,-6.61,6.61]|[[-1.8,-6.1],[4.9,5.5],[-1.3,3.0]]|10
OTBLOCK|Paros|BLD|Land_i_Stone_Shed_V1_F|[21024.78,16953.89,36.04]|319.3|[-4.53,-4.96,4.53,4.96,-3.80,3.80]|[[2.3,-0.8]]|6
OTBLOCK|Paros|BLD|Land_i_Addon_02_V1_F|[21017.48,16973.30,37.51]|222.2|[-4.54,-4.94,4.54,4.94,-3.71,3.71]|[[2.5,-0.5]]|6
OTBLOCK|Paros|BLD|Land_i_Stone_HouseSmall_V1_F|[21042.02,16961.86,34.09]|45.6|[-10.21,-5.82,10.21,5.82,-4.28,4.28]|[[6.9,-1.2],[-7.7,-1.2],[0.8,1.8]]|6
OTBLOCK|Paros|BLD|Land_u_House_Big_01_V1_F|[20847.21,17009.72,53.92]|355.5|[-7.89,-8.48,7.89,8.48,-6.61,6.61]|[]|10
OTBLOCK|Paros|BLD|Land_i_House_Small_02_V3_F|[20849.80,16994.38,53.71]|264.9|[-8.20,-4.64,8.20,4.64,-4.71,4.71]|[[-3.8,-2.1],[1.0,1.7]]|6
OTBLOCK|Paros|BLD|Land_SlideCastle_F|[20833.46,16995.01,54.41]|175.1|[-0.79,-5.18,0.79,5.18,-2.40,2.40]|[]|0
OTBLOCK|Paros|BLD|Land_i_House_Big_02_V2_F|[20868.13,16999.34,52.43]|174.9|[-5.33,-12.09,5.33,12.09,-6.09,6.09]|[[-2.9,-4.3],[-1.3,-0.4],[0.1,5.3],[-2.9,-4.3],[-1.3,-0.4],[-2.9,5.3]]|8
OTBLOCK|Paros|BLD|Land_u_House_Big_02_V1_F|[20858.24,16998.54,53.27]|175.0|[-5.27,-12.09,5.27,12.09,-5.90,5.90]|[]|8
OTBLOCK|Paros|BLD|Land_i_House_Big_02_V2_F|[20905.11,17009.39,47.70]|284.6|[-5.33,-12.09,5.33,12.09,-6.09,6.09]|[[-2.9,-4.3],[-1.3,-0.4],[0.1,5.3],[-2.9,-4.3],[-1.3,-0.4],[-2.9,5.3]]|8
OTBLOCK|Paros|BLD|Land_i_Stone_HouseBig_V3_F|[20892.34,16994.44,50.38]|277.9|[-6.78,-6.16,6.78,6.16,-5.84,5.84]|[]|10
OTBLOCK|Paros|BLD|Land_i_House_Small_02_V2_F|[20882.78,16997.15,50.45]|276.6|[-8.20,-4.64,8.20,4.64,-4.71,4.71]|[[-3.8,-2.1],[1.0,1.7]]|6
OTBLOCK|Paros|BLD|Land_u_House_Small_02_V1_F|[20902.39,16996.77,48.15]|284.2|[-8.20,-4.64,8.20,4.64,-4.71,4.71]|[]|6
OTBLOCK|Paros|BLD|Land_i_Stone_Shed_V2_F|[20883.73,17009.84,50.41]|187.1|[-4.53,-4.96,4.53,4.96,-3.80,3.80]|[[2.3,-0.8]]|6
OTBLOCK|Paros|BLD|Land_i_Shop_01_V3_F|[20930.20,16995.08,46.45]|197.2|[-4.75,-10.13,4.75,10.13,-6.46,6.46]|[[1.2,-2.5],[3.1,-2.6],[2.3,7.2],[-0.6,4.8],[-0.6,-2.4]]|10
OTBLOCK|Paros|BLD|Land_i_House_Small_01_V2_F|[20938.39,16990.77,45.09]|197.6|[-5.43,-7.64,5.43,7.64,-5.08,5.08]|[[3.0,-4.4],[1.6,0.3],[1.6,3.0],[-3.4,4.9]]|10
OTBLOCK|Paros|BLD|Land_Pier_F|[20938.79,16990.59,43.42]|285.4|[-21.21,-10.05,21.21,10.05,-5.85,5.85]|[]|10
OTBLOCK|Paros|BLD|treebin_f.p3d|[20938.71,17002.42,44.92]|0.0|[-1.24,-1.26,1.24,1.26,-0.43,0.43]|[]|0
OTBLOCK|Paros|BLD|treebin_f.p3d|[20929.08,17005.55,45.93]|0.0|[-1.24,-1.26,1.24,1.26,-0.43,0.43]|[]|0
OTBLOCK|Paros|BLD|Land_Pier_F|[20942.37,16997.10,43.43]|196.9|[-21.21,-10.05,21.21,10.05,-5.85,5.85]|[]|10
OTBLOCK|Paros|BLD|Land_Pier_F|[20945.62,16988.74,43.45]|285.4|[-21.21,-10.05,21.21,10.05,-5.85,5.85]|[]|10
OTBLOCK|Paros|BLD|Land_i_Addon_03_V1_F|[20958.89,16985.86,41.19]|42.0|[-5.02,-4.11,5.02,4.11,-3.05,3.05]|[]|3
OTBLOCK|Paros|BLD|Land_i_Addon_04_V1_F|[20964.28,16991.80,41.20]|222.0|[-5.02,-3.98,5.02,3.98,-2.94,2.94]|[]|3
OTBLOCK|Paros|BLD|water_source_f.p3d|[20950.36,16985.41,42.28]|285.3|[-1.31,-0.87,1.31,0.87,-1.53,1.53]|[]|0
OTBLOCK|Paros|BLD|treebin_f.p3d|[20951.73,16980.72,42.28]|0.0|[-1.24,-1.26,1.24,1.26,-0.43,0.43]|[]|0
OTBLOCK|Paros|BLD|Land_i_House_Small_03_V1_F|[20976.17,17005.46,40.74]|38.7|[-6.20,-9.27,6.20,9.27,-3.79,3.79]|[[0.5,-2.5],[3.8,5.0],[1.9,-0.4],[-1.1,2.5]]|9
OTBLOCK|Paros|BLD|Land_i_House_Big_02_V1_F|[21014.63,16993.52,39.45]|313.1|[-5.33,-12.09,5.33,12.09,-6.09,6.09]|[[-2.9,-4.3],[-1.3,-0.4],[0.1,5.3],[-2.9,-4.3],[-1.3,-0.4],[-2.9,5.3]]|8
OTBLOCK|Paros|BLD|Land_i_House_Big_02_V2_F|[21005.28,16988.58,39.61]|312.3|[-5.33,-12.09,5.33,12.09,-6.09,6.09]|[[-2.9,-4.3],[-1.3,-0.4],[0.1,5.3],[-2.9,-4.3],[-1.3,-0.4],[-2.9,5.3]]|8
OTBLOCK|Paros|BLD|Land_i_Addon_03_V1_F|[21007.66,17000.16,38.90]|133.0|[-5.02,-4.11,5.02,4.11,-3.05,3.05]|[]|3
OTBLOCK|Paros|BLD|Land_i_House_Big_02_V3_F|[21036.14,16988.78,36.01]|313.8|[-5.33,-12.09,5.33,12.09,-6.09,6.09]|[[-2.9,-4.3],[-1.3,-0.4],[0.1,5.3],[-2.9,-4.3],[-1.3,-0.4],[-2.9,5.3]]|8
OTBLOCK|Paros|BLD|Land_i_Stone_HouseBig_V1_F|[20824.96,17018.90,54.42]|270.4|[-6.78,-6.16,6.78,6.16,-5.84,5.84]|[]|10
OTBLOCK|Paros|BLD|Land_u_House_Small_02_V1_F|[20845.02,17025.38,52.88]|85.0|[-8.20,-4.64,8.20,4.64,-4.71,4.71]|[]|6
OTBLOCK|Paros|BLD|Land_Addon_04_V1_ruins_F|[20853.79,17022.16,51.59]|265.5|[-13.24,-8.40,13.24,8.40,-3.05,3.05]|[]|10
OTBLOCK|Paros|BLD|Land_i_Shop_02_V2_F|[20871.07,17033.99,49.76]|284.3|[-8.58,-5.44,8.58,5.44,-6.24,6.24]|[[-5.9,-3.2],[-2.4,1.3],[3.8,0.0],[-5.9,-0.0]]|0
OTBLOCK|Paros|BLD|Land_u_Addon_02_V1_F|[20867.63,17020.27,50.91]|189.7|[-4.57,-4.94,4.57,4.94,-3.72,3.72]|[]|6
OTBLOCK|Paros|BLD|Land_u_House_Big_01_V1_F|[20908.00,17021.93,47.55]|194.2|[-7.89,-8.48,7.89,8.48,-6.61,6.61]|[]|10
OTBLOCK|Paros|BLD|Land_Slum_House03_F|[20897.26,17037.31,48.46]|285.8|[-4.75,-3.61,4.75,3.61,-2.37,2.37]|[[2.9,-0.9]]|2
OTBLOCK|Paros|BLD|Land_Slum_House02_F|[20893.84,17022.95,48.89]|194.6|[-3.79,-4.42,3.79,4.42,-2.36,2.36]|[[-0.0,-1.7],[-0.6,2.7]]|2
OTBLOCK|Paros|BLD|cargo_addon01_v1_f.p3d|[20893.23,17026.45,48.78]|195.5|[-2.08,-1.47,2.08,1.47,-2.21,2.21]|[]|0
OTBLOCK|Paros|BLD|Land_i_House_Big_02_V3_F|[20911.46,17033.79,47.37]|284.0|[-5.33,-12.09,5.33,12.09,-6.09,6.09]|[[-2.9,-4.3],[-1.3,-0.4],[0.1,5.3],[-2.9,-4.3],[-1.3,-0.4],[-2.9,5.3]]|8
OTBLOCK|Paros|BLD|Land_i_Addon_02_V1_F|[20937.48,17024.01,45.61]|19.5|[-4.54,-4.94,4.54,4.94,-3.71,3.71]|[[2.5,-0.5]]|6
OTBLOCK|Paros|BLD|treebin_f.p3d|[20933.15,17017.65,45.94]|0.0|[-1.24,-1.26,1.24,1.26,-0.43,0.43]|[]|0
OTBLOCK|Paros|BLD|Land_i_House_Small_02_V1_F|[20949.63,17022.04,44.48]|199.6|[-8.20,-4.64,8.20,4.64,-4.71,4.71]|[[-3.8,-2.1],[1.0,1.7]]|6
OTBLOCK|Paros|BLD|Land_i_Addon_04_V1_F|[20959.89,17038.38,42.85]|25.1|[-5.02,-3.98,5.02,3.98,-2.94,2.94]|[]|3
OTBLOCK|Paros|BLD|treebin_f.p3d|[20942.56,17014.72,44.59]|0.0|[-1.24,-1.26,1.24,1.26,-0.43,0.43]|[]|0
OTBLOCK|Paros|BLD|treebin_f.p3d|[20958.93,17011.09,42.52]|0.0|[-1.24,-1.26,1.24,1.26,-0.43,0.43]|[]|0
OTBLOCK|Paros|BLD|Land_i_House_Big_02_V3_F|[20982.31,17034.16,40.62]|37.5|[-5.33,-12.09,5.33,12.09,-6.09,6.09]|[[-2.9,-4.3],[-1.3,-0.4],[0.1,5.3],[-2.9,-4.3],[-1.3,-0.4],[-2.9,5.3]]|8
OTBLOCK|Paros|BLD|Land_i_House_Big_01_V2_F|[20992.81,17026.62,39.04]|307.3|[-7.89,-8.48,7.89,8.48,-6.61,6.61]|[[-1.8,-6.1],[4.9,5.5],[-1.3,3.0]]|10
OTBLOCK|Paros|BLD|Land_i_Addon_02_V1_F|[20974.31,17039.77,41.87]|127.3|[-4.54,-4.94,4.54,4.94,-3.71,3.71]|[[2.5,-0.5]]|6
OTBLOCK|Paros|BLD|Land_i_Shop_02_V3_F|[21025.54,17012.73,38.09]|226.7|[-8.58,-5.44,8.58,5.44,-6.24,6.24]|[[-5.9,-3.2],[-2.4,1.3],[3.8,0.0],[-5.9,-0.0]]|0
OTBLOCK|Paros|BLD|Land_i_House_Small_02_V3_F|[21004.06,17034.47,38.24]|127.1|[-8.20,-4.64,8.20,4.64,-4.71,4.71]|[[-3.8,-2.1],[1.0,1.7]]|6
OTBLOCK|Paros|BLD|Land_Stone_Shed_V1_ruins_F|[20823.99,17058.40,51.40]|122.9|[-7.75,-7.24,7.75,7.24,-3.19,3.19]|[]|6
OTBLOCK|Paros|BLD|Land_i_Stone_Shed_V3_F|[20843.70,17050.07,49.91]|290.9|[-4.53,-4.96,4.53,4.96,-3.80,3.80]|[[2.3,-0.8]]|6
OTBLOCK|Paros|BLD|Land_i_Stone_HouseSmall_V3_F|[20860.95,17054.78,49.79]|112.9|[-10.21,-5.82,10.21,5.82,-4.28,4.28]|[[6.9,-1.2],[-7.7,-1.2],[0.8,1.8]]|6
OTBLOCK|Paros|BLD|Land_i_House_Big_01_V2_F|[20883.27,17050.13,49.46]|114.2|[-7.89,-8.48,7.89,8.48,-6.61,6.61]|[[-1.8,-6.1],[4.9,5.5],[-1.3,3.0]]|10
OTBLOCK|Paros|BLD|Land_u_Addon_02_V1_F|[20907.16,17067.40,47.86]|31.4|[-4.57,-4.94,4.57,4.94,-3.72,3.72]|[]|6
OTBLOCK|Paros|BLD|Land_u_House_Big_02_V1_F|[20916.89,17066.23,47.12]|31.8|[-5.27,-12.09,5.27,12.09,-5.90,5.90]|[]|8
OTBLOCK|Paros|BLD|Land_i_House_Big_02_V2_F|[20963.90,17046.97,43.17]|204.7|[-5.33,-12.09,5.33,12.09,-6.09,6.09]|[[-2.9,-4.3],[-1.3,-0.4],[0.1,5.3],[-2.9,-4.3],[-1.3,-0.4],[-2.9,5.3]]|8
OTBLOCK|Paros|BLD|Land_i_Shop_02_V2_F|[20952.52,17046.59,44.69]|114.9|[-8.58,-5.44,8.58,5.44,-6.24,6.24]|[[-5.9,-3.2],[-2.4,1.3],[3.8,0.0],[-5.9,-0.0]]|0
OTBLOCK|Paros|BLD|Land_u_Addon_01_V1_F|[20944.89,17052.57,44.96]|114.8|[-6.50,-4.51,6.50,4.51,-3.42,3.42]|[]|10
OTBLOCK|Paros|BLD|Land_Slum_House02_F|[20962.76,17063.83,43.24]|297.4|[-3.79,-4.42,3.79,4.42,-2.36,2.36]|[[-0.0,-1.7],[-0.6,2.7]]|2
OTBLOCK|Paros|BLD|Land_i_Addon_03_V1_F|[20988.15,17041.71,39.75]|217.9|[-5.02,-4.11,5.02,4.11,-3.05,3.05]|[]|3
OTBLOCK|Paros|BLD|Land_i_House_Small_01_V2_F|[20854.32,17073.87,49.79]|293.9|[-5.43,-7.64,5.43,7.64,-5.08,5.08]|[[3.0,-4.4],[1.6,0.3],[1.6,3.0],[-3.4,4.9]]|10
OTBLOCK|Paros|BLD|Land_i_House_Big_02_V2_F|[20895.41,17081.02,50.00]|206.0|[-5.33,-12.09,5.33,12.09,-6.09,6.09]|[[-2.9,-4.3],[-1.3,-0.4],[0.1,5.3],[-2.9,-4.3],[-1.3,-0.4],[-2.9,5.3]]|8
OTBLOCK|Paros|BLD|Land_i_House_Small_01_V3_F|[20885.99,17084.78,49.46]|26.6|[-5.43,-7.64,5.43,7.64,-5.08,5.08]|[[3.0,-4.4],[1.6,0.3],[1.6,3.0],[-3.4,4.9]]|10
OTBLOCK|Paros|BLD|Land_i_Addon_04_V1_F|[20891.03,17072.58,49.18]|26.4|[-5.02,-3.98,5.02,3.98,-2.94,2.94]|[]|3
OTBLOCK|Paros|BLD|Land_i_House_Big_01_V2_F|[20913.23,17078.46,47.94]|212.0|[-7.89,-8.48,7.89,8.48,-6.61,6.61]|[[-1.8,-6.1],[4.9,5.5],[-1.3,3.0]]|10
OTBLOCK|Paros|BLD|Land_i_House_Big_02_V3_F|[20946.65,17070.09,45.38]|290.7|[-5.33,-12.09,5.33,12.09,-6.09,6.09]|[[-2.9,-4.3],[-1.3,-0.4],[0.1,5.3],[-2.9,-4.3],[-1.3,-0.4],[-2.9,5.3]]|8
OTBLOCK|Paros|WALL|city_8m_f.p3d|[20861.28,16796.37,39.20]|132.6|[-3.53,-0.25,3.53,0.25,-2.08,2.08]
OTBLOCK|Paros|WALL|city2_pillard_f.p3d|[20909.47,16799.36,37.88]|221.3|[-0.84,-0.25,0.84,0.25,-2.10,2.10]
OTBLOCK|Paros|WALL|city2_8m_f.p3d|[20911.77,16797.28,37.62]|221.8|[-3.51,-0.25,3.51,0.25,-2.09,2.09]
OTBLOCK|Paros|WALL|city2_pillard_f.p3d|[20918.89,16790.61,36.90]|221.3|[-0.84,-0.25,0.84,0.25,-2.10,2.10]
OTBLOCK|Paros|WALL|city2_8m_f.p3d|[20802.70,16828.82,43.49]|319.5|[-3.51,-0.25,3.51,0.25,-2.09,2.09]
OTBLOCK|Paros|WALL|city_8md_f.p3d|[20829.74,16808.03,41.05]|217.7|[-3.50,-0.98,3.50,0.98,-1.80,1.80]
OTBLOCK|Paros|WALL|city_8md_f.p3d|[20822.78,16813.40,42.42]|37.2|[-3.50,-0.98,3.50,0.98,-1.80,1.80]
OTBLOCK|Paros|WALL|city_8m_f.p3d|[20835.19,16803.77,40.50]|219.0|[-3.53,-0.25,3.53,0.25,-2.08,2.08]
OTBLOCK|Paros|WALL|pipe_fence_4m_f.p3d|[20844.34,16809.80,40.38]|304.0|[-2.08,-0.09,2.08,0.09,-0.85,0.85]
OTBLOCK|Paros|WALL|pipe_fence_4m_f.p3d|[20846.67,16813.21,40.47]|304.0|[-2.08,-0.09,2.08,0.09,-0.85,0.85]
OTBLOCK|Paros|WALL|pipe_fence_4m_f.p3d|[20839.75,16803.00,40.22]|304.0|[-2.08,-0.09,2.08,0.09,-0.85,0.85]
OTBLOCK|Paros|WALL|pipe_fence_4m_f.p3d|[20842.05,16806.41,40.30]|304.0|[-2.08,-0.09,2.08,0.09,-0.85,0.85]
OTBLOCK|Paros|WALL|city_8m_f.p3d|[20873.67,16809.68,39.36]|132.5|[-3.53,-0.25,3.53,0.25,-2.08,2.08]
OTBLOCK|Paros|WALL|city_8m_f.p3d|[20866.00,16801.50,39.25]|132.6|[-3.53,-0.25,3.53,0.25,-2.08,2.08]
OTBLOCK|Paros|WALL|city_8m_f.p3d|[20878.36,16814.84,39.40]|132.5|[-3.53,-0.25,3.53,0.25,-2.08,2.08]
OTBLOCK|Paros|WALL|pipe_fence_4m_f.p3d|[20854.10,16824.33,40.88]|304.0|[-2.08,-0.09,2.08,0.09,-0.85,0.85]
OTBLOCK|Paros|WALL|pipe_fence_4m_f.p3d|[20856.40,16827.76,41.03]|304.0|[-2.08,-0.09,2.08,0.09,-0.85,0.85]
OTBLOCK|Paros|WALL|city_8m_f.p3d|[20880.16,16822.24,39.35]|41.0|[-3.53,-0.25,3.53,0.25,-2.08,2.08]
OTBLOCK|Paros|WALL|city_4m_f.p3d|[20881.91,16818.69,39.36]|312.5|[-1.79,-0.24,1.79,0.24,-2.08,2.08]
OTBLOCK|Paros|WALL|city2_8m_f.p3d|[20910.42,16816.00,39.17]|313.1|[-3.51,-0.25,3.51,0.25,-2.09,2.09]
OTBLOCK|Paros|WALL|city2_8md_f.p3d|[20936.16,16818.42,37.73]|223.3|[-2.30,-0.28,2.30,0.28,-2.11,2.11]
OTBLOCK|Paros|WALL|city2_4m_f.p3d|[20931.68,16822.65,38.24]|222.3|[-1.76,-0.25,1.76,0.25,-2.09,2.09]
OTBLOCK|Paros|WALL|city2_pillard_f.p3d|[20931.03,16823.24,38.33]|221.3|[-0.84,-0.25,0.84,0.25,-2.10,2.10]
OTBLOCK|Paros|WALL|city2_pillard_f.p3d|[20912.59,16818.26,39.20]|313.1|[-0.84,-0.25,0.84,0.25,-2.10,2.10]
OTBLOCK|Paros|WALL|city2_8m_f.p3d|[20947.12,16813.53,36.82]|306.6|[-3.51,-0.25,3.51,0.25,-2.09,2.09]
OTBLOCK|Paros|WALL|city2_8m_f.p3d|[20955.86,16825.29,37.32]|307.0|[-3.51,-0.25,3.51,0.25,-2.09,2.09]
OTBLOCK|Paros|WALL|city2_4m_f.p3d|[20950.15,16817.64,36.95]|306.5|[-1.76,-0.25,1.76,0.25,-2.09,2.09]
OTBLOCK|Paros|WALL|wall_tin_4_2.p3d|[20965.23,16823.02,36.32]|50.6|[-2.02,-0.16,2.02,0.16,-1.48,1.48]
OTBLOCK|Paros|WALL|wall_tin_4_2.p3d|[20967.77,16819.93,35.97]|50.6|[-2.02,-0.16,2.02,0.16,-1.48,1.48]
OTBLOCK|Paros|WALL|wall_tin_4_2.p3d|[20967.51,16829.44,36.37]|126.6|[-2.02,-0.16,2.02,0.16,-1.48,1.48]
OTBLOCK|Paros|WALL|wall_tin_4_2.p3d|[20965.14,16826.23,36.48]|126.6|[-2.02,-0.16,2.02,0.16,-1.48,1.48]
OTBLOCK|Paros|WALL|city2_pillard_f.p3d|[20950.92,16818.72,37.00]|308.4|[-0.84,-0.25,0.84,0.25,-2.10,2.10]
OTBLOCK|Paros|WALL|city2_pillard_f.p3d|[20957.68,16827.78,37.40]|308.4|[-0.84,-0.25,0.84,0.25,-2.10,2.10]
OTBLOCK|Paros|WALL|wall_tin_4_2.p3d|[20972.66,16813.64,35.37]|56.1|[-2.02,-0.16,2.02,0.16,-1.48,1.48]
OTBLOCK|Paros|WALL|wall_tin_4_2.p3d|[20970.29,16816.84,35.67]|50.6|[-2.02,-0.16,2.02,0.16,-1.48,1.48]
OTBLOCK|Paros|WALL|wall_tin_4_2.p3d|[20997.84,16826.23,34.27]|239.0|[-2.02,-0.16,2.02,0.16,-1.48,1.48]
OTBLOCK|Paros|WALL|wall_tin_4_2.p3d|[20995.79,16829.66,34.51]|239.0|[-2.02,-0.16,2.02,0.16,-1.48,1.48]
OTBLOCK|Paros|WALL|wall_tin_pole.p3d|[20973.86,16812.05,35.24]|0.0|[-0.04,-0.04,0.04,0.04,-1.44,1.44]
OTBLOCK|Paros|WALL|wired_fence_8m_f.p3d|[20775.96,16855.76,47.67]|159.5|[-4.10,-0.08,4.10,0.08,-0.89,0.89]
OTBLOCK|Paros|WALL|wired_fence_8m_f.p3d|[20783.53,16858.61,47.29]|159.5|[-4.10,-0.08,4.10,0.08,-0.89,0.89]
OTBLOCK|Paros|WALL|city2_8m_f.p3d|[20806.65,16836.42,43.96]|243.4|[-3.51,-0.25,3.51,0.25,-2.09,2.09]
OTBLOCK|Paros|WALL|city2_8m_f.p3d|[20800.46,16848.81,45.26]|243.4|[-3.51,-0.25,3.51,0.25,-2.09,2.09]
OTBLOCK|Paros|WALL|city2_8m_f.p3d|[20803.53,16842.63,44.48]|243.4|[-3.51,-0.25,3.51,0.25,-2.09,2.09]
OTBLOCK|Paros|WALL|city2_8m_f.p3d|[20790.48,16846.17,45.59]|144.5|[-3.51,-0.25,3.51,0.25,-2.09,2.09]
OTBLOCK|Paros|WALL|city2_8m_f.p3d|[20796.09,16850.19,45.59]|144.5|[-3.51,-0.25,3.51,0.25,-2.09,2.09]
OTBLOCK|Paros|WALL|city2_4m_f.p3d|[20806.64,16832.21,43.63]|319.1|[-1.76,-0.25,1.76,0.25,-2.09,2.09]
OTBLOCK|Paros|WALL|city_8m_f.p3d|[20837.76,16849.81,44.69]|124.0|[-3.53,-0.25,3.53,0.25,-2.08,2.08]
OTBLOCK|Paros|WALL|city_4m_f.p3d|[20834.84,16845.48,44.65]|303.8|[-1.79,-0.24,1.79,0.24,-2.08,2.08]
OTBLOCK|Paros|WALL|city_4m_f.p3d|[20828.27,16836.49,44.07]|126.7|[-1.79,-0.24,1.79,0.24,-2.08,2.08]
OTBLOCK|Paros|WALL|city_4m_f.p3d|[20841.24,16851.42,44.89]|33.0|[-1.79,-0.24,1.79,0.24,-2.08,2.08]
OTBLOCK|Paros|WALL|city_pillar_f.p3d|[20829.43,16838.08,44.17]|304.4|[-0.23,-0.24,0.23,0.24,-2.14,2.14]
OTBLOCK|Paros|WALL|city_pillar_f.p3d|[20833.72,16843.90,44.54]|304.4|[-0.23,-0.24,0.23,0.24,-2.14,2.14]
OTBLOCK|Paros|WALL|city_8md_f.p3d|[20868.82,16831.54,40.53]|217.5|[-3.50,-0.98,3.50,0.98,-1.80,1.80]
OTBLOCK|Paros|WALL|stone_8md_f.p3d|[20878.96,16833.35,40.01]|222.2|[-4.14,-0.76,4.14,0.76,-1.28,1.28]
OTBLOCK|Paros|WALL|city_8m_f.p3d|[20858.36,16839.48,42.05]|217.3|[-3.53,-0.25,3.53,0.25,-2.08,2.08]
OTBLOCK|Paros|WALL|city_8m_f.p3d|[20863.91,16835.21,41.22]|217.3|[-3.53,-0.25,3.53,0.25,-2.08,2.08]
OTBLOCK|Paros|WALL|stone_4m_f.p3d|[20875.18,16854.42,42.36]|301.2|[-2.22,-0.36,2.22,0.36,-1.29,1.29]
OTBLOCK|Paros|WALL|stone_4m_f.p3d|[20877.01,16857.47,42.53]|301.2|[-2.22,-0.36,2.22,0.36,-1.29,1.29]
OTBLOCK|Paros|WALL|pipe_fence_4m_f.p3d|[20858.72,16831.18,41.19]|304.0|[-2.08,-0.09,2.08,0.09,-0.85,0.85]
OTBLOCK|Paros|WALL|pipe_fence_4m_f.p3d|[20861.04,16834.60,41.36]|304.0|[-2.08,-0.09,2.08,0.09,-0.85,0.85]
OTBLOCK|Paros|WALL|stone_pillar_f.p3d|[20877.36,16857.96,42.56]|31.6|[-0.45,-0.44,0.45,0.44,-1.79,1.79]
OTBLOCK|Paros|WALL|stone_pillar_f.p3d|[20873.41,16838.06,40.79]|39.9|[-0.45,-0.44,0.45,0.44,-1.79,1.79]
OTBLOCK|Paros|WALL|stone_pillar_f.p3d|[20871.43,16849.14,42.10]|31.6|[-0.45,-0.44,0.45,0.44,-1.79,1.79]
OTBLOCK|Paros|WALL|stone_pillar_f.p3d|[20874.14,16852.69,42.26]|31.6|[-0.45,-0.44,0.45,0.44,-1.79,1.79]
OTBLOCK|Paros|WALL|city_pillar_f.p3d|[20855.44,16841.69,42.50]|304.4|[-0.23,-0.24,0.23,0.24,-2.14,2.14]
OTBLOCK|Paros|WALL|Land_Stone_Gate_F|[20904.59,16839.61,39.20]|312.2|[-2.96,-1.47,2.96,1.47,-1.71,1.71]
OTBLOCK|Paros|WALL|stone_8m_f.p3d|[20903.84,16855.51,40.17]|28.7|[-4.26,-0.35,4.26,0.35,-1.30,1.30]
OTBLOCK|Paros|WALL|stone_8m_f.p3d|[20908.64,16844.42,39.17]|309.1|[-4.26,-0.35,4.26,0.35,-1.30,1.30]
OTBLOCK|Paros|WALL|stone_4m_f.p3d|[20901.69,16836.35,39.17]|313.8|[-2.22,-0.36,2.22,0.36,-1.29,1.29]
OTBLOCK|Paros|WALL|stone_pillar_f.p3d|[20881.98,16830.61,39.59]|44.1|[-0.45,-0.44,0.45,0.44,-1.79,1.79]
OTBLOCK|Paros|WALL|stone_pillar_f.p3d|[20900.38,16834.93,39.18]|44.1|[-0.45,-0.44,0.45,0.44,-1.79,1.79]
OTBLOCK|Paros|WALL|stone_pillar_f.p3d|[20901.08,16856.99,40.61]|34.1|[-0.45,-0.44,0.45,0.44,-1.79,1.79]
OTBLOCK|Paros|WALL|stone_8m_f.p3d|[20910.07,16852.10,39.46]|28.7|[-4.26,-0.35,4.26,0.35,-1.30,1.30]
OTBLOCK|Paros|WALL|stone_4m_f.p3d|[20911.97,16848.51,39.15]|309.1|[-2.22,-0.36,2.22,0.36,-1.29,1.29]
OTBLOCK|Paros|WALL|stone_pillar_f.p3d|[20913.34,16850.19,39.17]|34.6|[-0.45,-0.44,0.45,0.44,-1.79,1.79]
OTBLOCK|Paros|WALL|city2_8md_f.p3d|[20941.73,16850.62,38.90]|319.6|[-2.30,-0.28,2.30,0.28,-2.11,2.11]
OTBLOCK|Paros|WALL|wall_tin_4_2.p3d|[20969.90,16832.64,36.19]|126.6|[-2.02,-0.16,2.02,0.16,-1.48,1.48]
OTBLOCK|Paros|WALL|city2_8m_f.p3d|[20978.83,16855.75,37.00]|302.4|[-3.51,-0.25,3.51,0.25,-2.09,2.09]
OTBLOCK|Paros|WALL|city2_8m_f.p3d|[20970.81,16843.61,36.51]|303.9|[-3.51,-0.25,3.51,0.25,-2.09,2.09]
OTBLOCK|Paros|WALL|city2_4m_f.p3d|[20973.69,16847.90,36.63]|304.4|[-1.76,-0.25,1.76,0.25,-2.09,2.09]
OTBLOCK|Paros|WALL|wall_tin_4_2.p3d|[20988.87,16839.89,35.24]|227.9|[-2.02,-0.16,2.02,0.16,-1.48,1.48]
OTBLOCK|Paros|WALL|wall_tin_4_2.p3d|[20993.65,16832.99,34.76]|235.6|[-2.02,-0.16,2.02,0.16,-1.48,1.48]
OTBLOCK|Paros|WALL|wall_tin_4_2.p3d|[20972.36,16835.79,36.05]|129.1|[-2.02,-0.16,2.02,0.16,-1.48,1.48]
OTBLOCK|Paros|WALL|wall_tin_4_2.p3d|[20974.87,16838.86,35.99]|129.0|[-2.02,-0.16,2.02,0.16,-1.48,1.48]
OTBLOCK|Paros|WALL|city2_pillard_f.p3d|[20974.42,16848.99,36.71]|304.3|[-0.84,-0.25,0.84,0.25,-2.10,2.10]
OTBLOCK|Paros|WALL|wall_tin_pole.p3d|[20987.50,16841.29,35.40]|355.4|[-0.04,-0.04,0.04,0.04,-1.44,1.44]
OTBLOCK|Paros|WALL|wall_tin_pole.p3d|[20992.46,16834.60,34.91]|0.0|[-0.04,-0.04,0.04,0.04,-1.44,1.44]
OTBLOCK|Paros|WALL|city_8m_f.p3d|[21011.29,16838.18,33.29]|241.5|[-3.53,-0.25,3.53,0.25,-2.08,2.08]
OTBLOCK|Paros|WALL|city_8m_f.p3d|[21014.60,16839.70,33.06]|158.6|[-3.53,-0.25,3.53,0.25,-2.08,2.08]
OTBLOCK|Paros|WALL|city_4m_f.p3d|[21008.81,16842.78,33.74]|61.8|[-1.79,-0.24,1.79,0.24,-2.08,2.08]
OTBLOCK|Paros|WALL|city_4m_f.p3d|[21012.92,16859.12,34.28]|148.9|[-1.79,-0.24,1.79,0.24,-2.08,2.08]
OTBLOCK|Paros|WALL|city_pillar_f.p3d|[21007.87,16844.53,33.91]|329.0|[-0.23,-0.24,0.23,0.24,-2.14,2.14]
OTBLOCK|Paros|WALL|wired_fence_8m_f.p3d|[20787.29,16886.79,50.01]|75.9|[-4.10,-0.08,4.10,0.08,-0.89,0.89]
OTBLOCK|Paros|WALL|wired_fence_8m_f.p3d|[20778.92,16887.21,50.83]|331.9|[-4.10,-0.08,4.10,0.08,-0.89,0.89]
OTBLOCK|Paros|WALL|wired_fence_8m_f.p3d|[20765.16,16878.58,51.00]|317.2|[-4.10,-0.08,4.10,0.08,-0.89,0.89]
OTBLOCK|Paros|WALL|wired_fence_8m_f.p3d|[20771.73,16883.30,51.02]|331.9|[-4.10,-0.08,4.10,0.08,-0.89,0.89]
OTBLOCK|Paros|WALL|wired_fence_4m_f.p3d|[20788.87,16881.43,49.40]|250.0|[-2.03,-0.12,2.03,0.12,-0.89,0.89]
OTBLOCK|Paros|WALL|wired_fence_4m_f.p3d|[20784.43,16889.80,50.61]|157.6|[-2.03,-0.12,2.03,0.12,-0.89,0.89]
OTBLOCK|Paros|WALL|stone_8m_f.p3d|[20819.19,16885.30,48.27]|209.7|[-4.26,-0.35,4.26,0.35,-1.30,1.30]
OTBLOCK|Paros|WALL|wired_fence_8m_f.p3d|[20791.17,16861.50,47.07]|159.5|[-4.10,-0.08,4.10,0.08,-0.89,0.89]
OTBLOCK|Paros|WALL|wired_fence_4m_f.p3d|[20794.31,16865.01,47.28]|70.4|[-2.03,-0.12,2.03,0.12,-0.89,0.89]
OTBLOCK|Paros|WALL|stone_pillar_f.p3d|[20815.48,16887.44,48.73]|30.0|[-0.45,-0.44,0.45,0.44,-1.79,1.79]
OTBLOCK|Paros|WALL|stone_4m_f.p3d|[20823.98,16882.54,47.63]|30.3|[-2.22,-0.36,2.22,0.36,-1.29,1.29]
OTBLOCK|Paros|WALL|stone_pillar_f.p3d|[20825.61,16881.71,47.38]|30.0|[-0.45,-0.44,0.45,0.44,-1.79,1.79]
OTBLOCK|Paros|WALL|stone_8m_f.p3d|[20999.75,16867.82,35.79]|150.7|[-4.26,-0.35,4.26,0.35,-1.30,1.30]
OTBLOCK|Paros|WALL|city2_8m_f.p3d|[20976.30,16863.96,37.59]|230.3|[-3.51,-0.25,3.51,0.25,-2.09,2.09]
OTBLOCK|Paros|WALL|city2_4m_f.p3d|[20979.63,16860.01,37.16]|228.6|[-1.76,-0.25,1.76,0.25,-2.09,2.09]
OTBLOCK|Paros|WALL|city2_pillard_f.p3d|[20974.32,16866.36,37.82]|230.4|[-0.84,-0.25,0.84,0.25,-2.10,2.10]
OTBLOCK|Paros|WALL|stone_pillar_f.p3d|[20996.69,16866.11,35.93]|61.7|[-0.45,-0.44,0.45,0.44,-1.79,1.79]
OTBLOCK|Paros|WALL|city_8md_f.p3d|[21017.38,16861.84,34.05]|328.7|[-3.50,-0.98,3.50,0.98,-1.80,1.80]
OTBLOCK|Paros|WALL|city_8m_f.p3d|[21026.96,16867.38,33.39]|330.7|[-3.53,-0.25,3.53,0.25,-2.08,2.08]
OTBLOCK|Paros|WALL|stone_pillar_f.p3d|[21002.82,16869.52,35.67]|61.7|[-0.45,-0.44,0.45,0.44,-1.79,1.79]
OTBLOCK|Paros|WALL|city2_8m_f.p3d|[21036.66,16885.55,33.64]|242.4|[-3.51,-0.25,3.51,0.25,-2.09,2.09]
OTBLOCK|Paros|WALL|city2_8m_f.p3d|[21039.79,16879.48,33.30]|242.4|[-3.51,-0.25,3.51,0.25,-2.09,2.09]
OTBLOCK|Paros|WALL|city_4m_f.p3d|[21030.88,16867.82,33.14]|243.5|[-1.79,-0.24,1.79,0.24,-2.08,2.08]
OTBLOCK|Paros|WALL|stone_8m_f.p3d|[20811.42,16905.86,50.77]|87.5|[-4.26,-0.35,4.26,0.35,-1.30,1.30]
OTBLOCK|Paros|WALL|stone_8m_f.p3d|[20812.64,16916.14,51.77]|115.7|[-4.26,-0.35,4.26,0.35,-1.30,1.30]
OTBLOCK|Paros|WALL|stone_4m_f.p3d|[20811.16,16910.96,51.27]|266.4|[-2.22,-0.36,2.22,0.36,-1.29,1.29]
OTBLOCK|Paros|WALL|stone_pillar_f.p3d|[20811.06,16912.70,51.44]|26.6|[-0.45,-0.44,0.45,0.44,-1.79,1.79]
OTBLOCK|Paros|WALL|stone_pillar_f.p3d|[20814.32,16919.70,52.11]|27.4|[-0.45,-0.44,0.45,0.44,-1.79,1.79]
OTBLOCK|Paros|WALL|stone_pillar_f.p3d|[20811.58,16902.04,50.39]|27.8|[-0.45,-0.44,0.45,0.44,-1.79,1.79]
OTBLOCK|Paros|WALL|pipe_fence_4m_f.p3d|[20873.82,16906.92,47.71]|315.9|[-2.08,-0.09,2.08,0.09,-0.85,0.85]
OTBLOCK|Paros|WALL|pipe_fence_4m_f.p3d|[20865.64,16897.70,47.79]|308.8|[-2.08,-0.09,2.08,0.09,-0.85,0.85]
OTBLOCK|Paros|WALL|pipe_fence_4m_f.p3d|[20870.97,16903.99,47.78]|312.1|[-2.08,-0.09,2.08,0.09,-0.85,0.85]
OTBLOCK|Paros|WALL|pipe_fence_4m_f.p3d|[20868.23,16900.88,47.81]|310.2|[-2.08,-0.09,2.08,0.09,-0.85,0.85]
OTBLOCK|Paros|WALL|pipe_fence_4m_f.p3d|[20889.62,16915.84,46.91]|355.0|[-2.08,-0.09,2.08,0.09,-0.85,0.85]
OTBLOCK|Paros|WALL|pipe_fence_4m_f.p3d|[20893.76,16916.01,46.55]|360.0|[-2.08,-0.09,2.08,0.09,-0.85,0.85]
OTBLOCK|Paros|WALL|pipe_fence_4m_f.p3d|[20885.60,16914.95,47.23]|340.4|[-2.08,-0.09,2.08,0.09,-0.85,0.85]
OTBLOCK|Paros|WALL|pipe_fence_4m_f.p3d|[20881.82,16913.31,47.44]|332.7|[-2.08,-0.09,2.08,0.09,-0.85,0.85]
OTBLOCK|Paros|WALL|city2_8m_f.p3d|[20937.87,16908.87,43.65]|228.0|[-3.51,-0.25,3.51,0.25,-2.09,2.09]
OTBLOCK|Paros|WALL|city2_8m_f.p3d|[20934.99,16916.62,44.37]|308.8|[-3.51,-0.25,3.51,0.25,-2.09,2.09]
OTBLOCK|Paros|WALL|city2_4m_f.p3d|[20934.29,16912.69,44.25]|225.2|[-1.76,-0.25,1.76,0.25,-2.09,2.09]
OTBLOCK|Paros|WALL|city2_pillard_f.p3d|[20936.95,16919.04,44.57]|309.6|[-0.84,-0.25,0.84,0.25,-2.10,2.10]
OTBLOCK|Paros|WALL|city2_8m_f.p3d|[20953.92,16907.43,41.13]|130.5|[-3.51,-0.25,3.51,0.25,-2.09,2.09]
OTBLOCK|Paros|WALL|city2_8m_f.p3d|[20962.18,16917.10,40.80]|312.9|[-3.51,-0.25,3.51,0.25,-2.09,2.09]
OTBLOCK|Paros|WALL|city2_8m_f.p3d|[20949.38,16902.16,41.31]|130.5|[-3.51,-0.25,3.51,0.25,-2.09,2.09]
OTBLOCK|Paros|WALL|city2_pillard_f.p3d|[20947.46,16899.97,41.38]|132.0|[-0.84,-0.25,0.84,0.25,-2.10,2.10]
OTBLOCK|Paros|WALL|stone_4m_f.p3d|[20971.98,16915.63,39.31]|51.0|[-2.22,-0.36,2.22,0.36,-1.29,1.29]
OTBLOCK|Paros|WALL|stone_pillar_f.p3d|[20970.46,16917.41,39.69]|48.8|[-0.45,-0.44,0.45,0.44,-1.79,1.79]
OTBLOCK|Paros|WALL|stone_pillar_f.p3d|[20973.54,16913.83,38.93]|48.8|[-0.45,-0.44,0.45,0.44,-1.79,1.79]
OTBLOCK|Paros|WALL|canal_wallsmall_10m_f.p3d|[21021.15,16910.90,33.70]|237.3|[-4.50,-0.56,4.50,0.56,-2.51,2.51]
OTBLOCK|Paros|WALL|canal_wallsmall_10m_f.p3d|[21020.11,16906.03,33.86]|327.3|[-4.50,-0.56,4.50,0.56,-2.51,2.51]
OTBLOCK|Paros|WALL|city_8m_f.p3d|[21042.04,16917.81,33.70]|141.2|[-3.53,-0.25,3.53,0.25,-2.08,2.08]
OTBLOCK|Paros|WALL|city_8m_f.p3d|[21037.22,16918.19,33.97]|234.4|[-3.53,-0.25,3.53,0.25,-2.08,2.08]
OTBLOCK|Paros|WALL|city2_8m_f.p3d|[21041.15,16900.99,33.66]|145.8|[-3.51,-0.25,3.51,0.25,-2.09,2.09]
OTBLOCK|Paros|WALL|city2_8m_f.p3d|[21033.56,16891.55,33.88]|242.4|[-3.51,-0.25,3.51,0.25,-2.09,2.09]
OTBLOCK|Paros|WALL|city2_4m_f.p3d|[21045.40,16903.92,33.45]|144.3|[-1.76,-0.25,1.76,0.25,-2.09,2.09]
OTBLOCK|Paros|WALL|city2_4m_f.p3d|[21033.13,16895.55,33.89]|325.3|[-1.76,-0.25,1.76,0.25,-2.09,2.09]
OTBLOCK|Paros|WALL|stone_8m_f.p3d|[20818.27,16928.96,52.83]|113.5|[-4.26,-0.35,4.26,0.35,-1.30,1.30]
OTBLOCK|Paros|WALL|stone_pillar_f.p3d|[20816.58,16925.16,52.56]|22.2|[-0.45,-0.44,0.45,0.44,-1.79,1.79]
OTBLOCK|Paros|WALL|stone_8md_f.p3d|[20833.08,16934.03,52.58]|27.5|[-4.14,-0.76,4.14,0.76,-1.28,1.28]
OTBLOCK|Paros|WALL|stone_8m_f.p3d|[20843.69,16928.56,51.04]|27.0|[-4.26,-0.35,4.26,0.35,-1.30,1.30]
OTBLOCK|Paros|WALL|stone_8m_f.p3d|[20826.30,16937.52,53.24]|27.0|[-4.26,-0.35,4.26,0.35,-1.30,1.30]
OTBLOCK|Paros|WALL|stone_8m_f.p3d|[20821.10,16935.52,53.28]|113.5|[-4.26,-0.35,4.26,0.35,-1.30,1.30]
OTBLOCK|Paros|WALL|wall_tin_4_2.p3d|[20845.67,16936.93,51.78]|23.0|[-2.02,-0.16,2.02,0.16,-1.48,1.48]
OTBLOCK|Paros|WALL|wall_tin_4_2.p3d|[20847.63,16938.21,51.73]|270.1|[-2.02,-0.16,2.02,0.16,-1.48,1.48]
OTBLOCK|Paros|WALL|wall_tin_4_2.p3d|[20842.00,16938.49,52.30]|23.0|[-2.02,-0.16,2.02,0.16,-1.48,1.48]
OTBLOCK|Paros|WALL|wall_tin_4_2.p3d|[20835.09,16941.41,53.08]|23.0|[-2.02,-0.16,2.02,0.16,-1.48,1.48]
OTBLOCK|Paros|WALL|wall_tin_4_2.p3d|[20847.64,16942.20,52.14]|270.1|[-2.02,-0.16,2.02,0.16,-1.48,1.48]
OTBLOCK|Paros|WALL|wall_tin_4_2.p3d|[20847.65,16946.20,52.46]|270.1|[-2.02,-0.16,2.02,0.16,-1.48,1.48]
OTBLOCK|Paros|WALL|wall_tin_4_2.p3d|[20831.42,16942.97,53.42]|23.0|[-2.02,-0.16,2.02,0.16,-1.48,1.48]
OTBLOCK|Paros|WALL|stone_pillar_f.p3d|[20822.76,16939.33,53.54]|23.4|[-0.45,-0.44,0.45,0.44,-1.79,1.79]
OTBLOCK|Paros|WALL|stone_pillar_f.p3d|[20847.40,16926.61,50.39]|27.8|[-0.45,-0.44,0.45,0.44,-1.79,1.79]
OTBLOCK|Paros|WALL|wall_tin_pole.p3d|[20836.96,16940.72,52.91]|0.0|[-0.04,-0.04,0.04,0.04,-1.44,1.44]
OTBLOCK|Paros|WALL|city_8m_f.p3d|[20873.57,16943.21,49.87]|271.9|[-3.53,-0.25,3.53,0.25,-2.08,2.08]
OTBLOCK|Paros|WALL|city_pillar_f.p3d|[20873.69,16946.93,50.25]|4.3|[-0.23,-0.24,0.23,0.24,-2.14,2.14]
OTBLOCK|Paros|WALL|city_8md_f.p3d|[20888.94,16931.07,47.05]|351.2|[-3.50,-0.98,3.50,0.98,-1.80,1.80]
OTBLOCK|Paros|WALL|city2_8m_f.p3d|[20966.88,16922.20,40.74]|312.9|[-3.51,-0.25,3.51,0.25,-2.09,2.09]
OTBLOCK|Paros|WALL|city2_8m_f.p3d|[20966.33,16934.63,41.56]|253.2|[-3.51,-0.25,3.51,0.25,-2.09,2.09]
OTBLOCK|Paros|WALL|city2_8m_f.p3d|[20968.41,16928.01,40.75]|253.2|[-3.51,-0.25,3.51,0.25,-2.09,2.09]
OTBLOCK|Paros|WALL|city2_8md_f.p3d|[20945.58,16928.96,44.30]|309.3|[-2.30,-0.28,2.30,0.28,-2.11,2.11]
OTBLOCK|Paros|WALL|city2_pillard_f.p3d|[20948.36,16932.19,44.15]|309.6|[-0.84,-0.25,0.84,0.25,-2.10,2.10]
OTBLOCK|Paros|WALL|city2_pillard_f.p3d|[20965.42,16937.59,41.90]|249.0|[-0.84,-0.25,0.84,0.25,-2.10,2.10]
OTBLOCK|Paros|WALL|stone_8md_f.p3d|[20973.33,16920.20,39.54]|317.3|[-4.14,-0.76,4.14,0.76,-1.28,1.28]
OTBLOCK|Paros|WALL|stone_8m_f.p3d|[20993.68,16943.25,38.27]|49.5|[-4.26,-0.35,4.26,0.35,-1.30,1.30]
OTBLOCK|Paros|WALL|stone_8m_f.p3d|[20985.09,16940.93,39.27]|317.1|[-4.26,-0.35,4.26,0.35,-1.30,1.30]
OTBLOCK|Paros|WALL|stone_4m_f.p3d|[20989.36,16944.97,38.90]|135.3|[-2.22,-0.36,2.22,0.36,-1.29,1.29]
OTBLOCK|Paros|WALL|stone_4m_f.p3d|[20978.68,16925.18,39.24]|135.3|[-2.22,-0.36,2.22,0.36,-1.29,1.29]
OTBLOCK|Paros|WALL|stone_pillar_f.p3d|[20996.49,16939.99,37.77]|48.0|[-0.45,-0.44,0.45,0.44,-1.79,1.79]
OTBLOCK|Paros|WALL|stone_pillar_f.p3d|[20990.91,16946.43,38.78]|46.1|[-0.45,-0.44,0.45,0.44,-1.79,1.79]
OTBLOCK|Paros|WALL|stone_pillar_f.p3d|[20980.25,16926.70,39.16]|48.8|[-0.45,-0.44,0.45,0.44,-1.79,1.79]
OTBLOCK|Paros|WALL|stone_pillar_f.p3d|[20981.91,16937.97,39.55]|48.8|[-0.45,-0.44,0.45,0.44,-1.79,1.79]
OTBLOCK|Paros|WALL|stone_8m_f.p3d|[21003.03,16932.36,36.61]|50.5|[-4.26,-0.35,4.26,0.35,-1.30,1.30]
OTBLOCK|Paros|WALL|stone_8m_f.p3d|[21029.29,16935.69,34.15]|135.9|[-4.26,-0.35,4.26,0.35,-1.30,1.30]
OTBLOCK|Paros|WALL|city_8m_f.p3d|[21029.08,16929.54,34.19]|234.4|[-3.53,-0.25,3.53,0.25,-2.08,2.08]
OTBLOCK|Paros|WALL|stone_4m_f.p3d|[21006.69,16927.81,35.88]|52.6|[-2.22,-0.36,2.22,0.36,-1.29,1.29]
OTBLOCK|Paros|WALL|stone_4m_f.p3d|[21019.67,16941.64,35.47]|230.0|[-2.22,-0.36,2.22,0.36,-1.29,1.29]
OTBLOCK|Paros|WALL|stone_4m_f.p3d|[21025.08,16934.89,34.61]|230.0|[-2.22,-0.36,2.22,0.36,-1.29,1.29]
OTBLOCK|Paros|WALL|stone_pillar_f.p3d|[21000.58,16935.34,37.09]|48.0|[-0.45,-0.44,0.45,0.44,-1.79,1.79]
OTBLOCK|Paros|WALL|stone_pillar_f.p3d|[21008.03,16925.86,35.60]|48.0|[-0.45,-0.44,0.45,0.44,-1.79,1.79]
OTBLOCK|Paros|WALL|stone_pillar_f.p3d|[21026.57,16933.03,34.42]|48.8|[-0.45,-0.44,0.45,0.44,-1.79,1.79]
OTBLOCK|Paros|WALL|stone_pillar_f.p3d|[21021.10,16939.84,35.23]|48.8|[-0.45,-0.44,0.45,0.44,-1.79,1.79]
OTBLOCK|Paros|WALL|stone_pillar_f.p3d|[21023.56,16936.63,34.81]|48.8|[-0.45,-0.44,0.45,0.44,-1.79,1.79]
OTBLOCK|Paros|WALL|stone_pillar_f.p3d|[21018.20,16943.37,35.70]|48.8|[-0.45,-0.44,0.45,0.44,-1.79,1.79]
OTBLOCK|Paros|WALL|city_pillar_f.p3d|[21026.91,16932.51,34.39]|321.5|[-0.23,-0.24,0.23,0.24,-2.14,2.14]
OTBLOCK|Paros|WALL|stone_8m_f.p3d|[21034.34,16940.61,33.57]|135.9|[-4.26,-0.35,4.26,0.35,-1.30,1.30]
OTBLOCK|Paros|WALL|stone_8m_f.p3d|[21039.33,16945.50,33.22]|135.9|[-4.26,-0.35,4.26,0.35,-1.30,1.30]
OTBLOCK|Paros|WALL|city_8m_f.p3d|[21047.49,16922.21,33.28]|141.2|[-3.53,-0.25,3.53,0.25,-2.08,2.08]
OTBLOCK|Paros|WALL|city_8m_f.p3d|[21033.15,16923.86,34.06]|234.4|[-3.53,-0.25,3.53,0.25,-2.08,2.08]
OTBLOCK|Paros|WALL|wall_tin_4_2.p3d|[20847.88,16954.18,52.83]|269.2|[-2.02,-0.16,2.02,0.16,-1.48,1.48]
OTBLOCK|Paros|WALL|wall_tin_4_2.p3d|[20840.11,16962.65,53.82]|149.0|[-2.02,-0.16,2.02,0.16,-1.48,1.48]
OTBLOCK|Paros|WALL|wall_tin_4_2.p3d|[20847.78,16950.19,52.66]|273.6|[-2.02,-0.16,2.02,0.16,-1.48,1.48]
OTBLOCK|Paros|WALL|wall_tin_4_2.p3d|[20831.30,16957.42,54.28]|147.9|[-2.02,-0.16,2.02,0.16,-1.48,1.48]
OTBLOCK|Paros|WALL|wall_tin_4_2.p3d|[20827.92,16955.30,54.33]|147.9|[-2.02,-0.16,2.02,0.16,-1.48,1.48]
OTBLOCK|Paros|WALL|wall_tin_pole.p3d|[20836.38,16960.38,54.09]|1.0|[-0.04,-0.04,0.04,0.04,-1.44,1.44]
OTBLOCK|Paros|WALL|wall_tin_pole.p3d|[20838.47,16961.54,53.92]|0.0|[-0.04,-0.04,0.04,0.04,-1.44,1.44]
OTBLOCK|Paros|WALL|wall_tin_pole.p3d|[20847.78,16956.15,52.95]|0.0|[-0.04,-0.04,0.04,0.04,-1.44,1.44]
OTBLOCK|Paros|WALL|wall_tin_pole.p3d|[20826.30,16954.17,54.35]|0.0|[-0.04,-0.04,0.04,0.04,-1.44,1.44]
OTBLOCK|Paros|WALL|city_8m_f.p3d|[20874.24,16962.01,50.85]|271.7|[-3.53,-0.25,3.53,0.25,-2.08,2.08]
OTBLOCK|Paros|WALL|city_8m_f.p3d|[20874.01,16954.98,50.70]|271.9|[-3.53,-0.25,3.53,0.25,-2.08,2.08]
OTBLOCK|Paros|WALL|city_pillar_f.p3d|[20874.34,16965.68,51.01]|4.3|[-0.23,-0.24,0.23,0.24,-2.14,2.14]
OTBLOCK|Paros|WALL|city_8m_f.p3d|[20906.73,16956.75,46.92]|268.5|[-3.53,-0.25,3.53,0.25,-2.08,2.08]
OTBLOCK|Paros|WALL|city_8m_f.p3d|[20884.64,16974.62,50.48]|190.0|[-3.53,-0.25,3.53,0.25,-2.08,2.08]
OTBLOCK|Paros|WALL|city_4m_f.p3d|[20906.62,16961.97,47.32]|88.9|[-1.79,-0.24,1.79,0.24,-2.08,2.08]
OTBLOCK|Paros|WALL|city_4m_f.p3d|[20894.32,16972.94,49.11]|9.7|[-1.79,-0.24,1.79,0.24,-2.08,2.08]
OTBLOCK|Paros|WALL|city_pillar_f.p3d|[20906.61,16963.91,47.48]|0.0|[-0.23,-0.24,0.23,0.24,-2.14,2.14]
OTBLOCK|Paros|WALL|city_pillar_f.p3d|[20892.39,16973.31,49.42]|10.3|[-0.23,-0.24,0.23,0.24,-2.14,2.14]
OTBLOCK|Paros|WALL|city_pillar_f.p3d|[20880.98,16975.27,50.85]|10.3|[-0.23,-0.24,0.23,0.24,-2.14,2.14]
OTBLOCK|Paros|WALL|canal_wallsmall_10m_f.p3d|[20967.44,16961.31,41.27]|132.9|[-4.50,-0.56,4.50,0.56,-2.51,2.51]
OTBLOCK|Paros|WALL|pipe_fence_4mnolc_f.p3d|[20941.46,16979.92,44.41]|15.5|[-2.08,-0.09,2.08,0.09,-0.85,0.85]
OTBLOCK|Paros|WALL|pipe_fence_4mnolc_f.p3d|[20945.39,16978.82,44.41]|15.5|[-2.08,-0.09,2.08,0.09,-0.85,0.85]
OTBLOCK|Paros|WALL|canal_wall_10m_f.p3d|[20972.78,16955.15,41.92]|312.8|[-5.05,-2.05,5.05,2.05,-2.74,2.74]
OTBLOCK|Paros|WALL|canal_wall_10m_f.p3d|[20972.75,16960.29,41.97]|223.0|[-5.05,-2.05,5.05,2.05,-2.74,2.74]
OTBLOCK|Paros|WALL|pipe_fence_4mnolc_f.p3d|[20974.86,16956.43,41.96]|133.0|[-2.08,-0.09,2.08,0.09,-0.85,0.85]
OTBLOCK|Paros|WALL|pipe_fence_4mnolc_f.p3d|[20974.70,16959.33,41.98]|43.4|[-2.08,-0.09,2.08,0.09,-0.85,0.85]
OTBLOCK|Paros|WALL|pipe_fence_4mnolc_f.p3d|[20972.09,16953.44,41.96]|133.0|[-2.08,-0.09,2.08,0.09,-0.85,0.85]
OTBLOCK|Paros|WALL|pipe_fence_4mnolc_f.p3d|[20971.72,16962.17,41.99]|43.4|[-2.08,-0.09,2.08,0.09,-0.85,0.85]
OTBLOCK|Paros|WALL|stone_8md_f.p3d|[21027.88,16962.36,35.65]|319.3|[-4.14,-0.76,4.14,0.76,-1.28,1.28]
OTBLOCK|Paros|WALL|city2_4m_f.p3d|[21027.40,16975.68,36.17]|221.8|[-1.76,-0.25,1.76,0.25,-2.09,2.09]
OTBLOCK|Paros|WALL|city2_pillard_f.p3d|[21026.41,16976.59,36.29]|222.3|[-0.84,-0.25,0.84,0.25,-2.10,2.10]
OTBLOCK|Paros|WALL|stone_pillar_f.p3d|[21024.85,16959.69,35.85]|50.8|[-0.45,-0.44,0.45,0.44,-1.79,1.79]
OTBLOCK|Paros|WALL|stone_8m_f.p3d|[21044.83,16950.82,33.16]|135.9|[-4.26,-0.35,4.26,0.35,-1.30,1.30]
OTBLOCK|Paros|WALL|city2_8m_f.p3d|[21030.97,16977.43,35.85]|132.1|[-3.51,-0.25,3.51,0.25,-2.09,2.09]
OTBLOCK|Paros|WALL|stone_pillar_f.p3d|[21047.66,16953.57,33.10]|46.0|[-0.45,-0.44,0.45,0.44,-1.79,1.79]
OTBLOCK|Paros|WALL|stone_pillar_f.p3d|[21034.10,16967.56,35.23]|48.8|[-0.45,-0.44,0.45,0.44,-1.79,1.79]
OTBLOCK|Paros|WALL|sportground_fence_f.p3d|[20818.99,17003.79,55.15]|65.4|[-2.56,-0.16,2.56,0.16,-2.41,2.41]
OTBLOCK|Paros|WALL|sportground_fence_f.p3d|[20820.35,17006.92,54.87]|160.5|[-2.56,-0.16,2.56,0.16,-2.41,2.41]
OTBLOCK|Paros|WALL|sportground_fence_f.p3d|[20835.36,16983.54,54.70]|0.0|[-2.56,-0.16,2.56,0.16,-2.41,2.41]
OTBLOCK|Paros|WALL|sportground_fence_f.p3d|[20830.23,16983.49,55.00]|0.0|[-2.56,-0.16,2.56,0.16,-2.41,2.41]
OTBLOCK|Paros|WALL|sportground_fence_f.p3d|[20837.39,16991.06,54.32]|265.9|[-2.56,-0.16,2.56,0.16,-2.41,2.41]
OTBLOCK|Paros|WALL|sportground_fence_f.p3d|[20833.29,17009.98,54.01]|167.8|[-2.56,-0.16,2.56,0.16,-2.41,2.41]
OTBLOCK|Paros|WALL|sportground_fence_f.p3d|[20836.00,17008.02,54.00]|265.9|[-2.56,-0.16,2.56,0.16,-2.41,2.41]
OTBLOCK|Paros|WALL|sportground_fence_f.p3d|[20829.79,17009.16,54.17]|172.5|[-2.56,-0.16,2.56,0.16,-2.41,2.41]
OTBLOCK|Paros|WALL|sportground_fence_f.p3d|[20836.38,17003.00,54.15]|265.9|[-2.56,-0.16,2.56,0.16,-2.41,2.41]
OTBLOCK|Paros|WALL|sportground_fence_f.p3d|[20824.64,16990.42,55.25]|66.7|[-2.56,-0.16,2.56,0.16,-2.41,2.41]
OTBLOCK|Paros|WALL|sportground_fence_f.p3d|[20837.76,16986.05,54.48]|265.9|[-2.56,-0.16,2.56,0.16,-2.41,2.41]
OTBLOCK|Paros|WALL|sportground_fence_f.p3d|[20826.66,16985.78,55.16]|66.7|[-2.56,-0.16,2.56,0.16,-2.41,2.41]
OTBLOCK|Paros|WALL|sportground_fence_f.p3d|[20820.65,16999.78,55.25]|66.7|[-2.56,-0.16,2.56,0.16,-2.41,2.41]
OTBLOCK|Paros|WALL|sportground_fence_f.p3d|[20822.64,16995.10,55.30]|66.7|[-2.56,-0.16,2.56,0.16,-2.41,2.41]
OTBLOCK|Paros|WALL|pipe_fence_4m_f.p3d|[20947.87,16980.34,44.37]|285.5|[-2.08,-0.09,2.08,0.09,-0.85,0.85]
OTBLOCK|Paros|WALL|pipe_fence_4mnolc_f.p3d|[20950.06,16988.30,44.36]|285.3|[-2.08,-0.09,2.08,0.09,-0.85,0.85]
OTBLOCK|Paros|WALL|pipe_fence_4mnolc_f.p3d|[20951.15,16992.29,44.36]|285.3|[-2.08,-0.09,2.08,0.09,-0.85,0.85]
OTBLOCK|Paros|WALL|pipe_fence_4mnolc_f.p3d|[20948.95,16984.30,44.35]|285.3|[-2.08,-0.09,2.08,0.09,-0.85,0.85]
OTBLOCK|Paros|WALL|pipe_fence_4mnolc_f.p3d|[20946.95,17000.23,44.38]|197.5|[-2.08,-0.09,2.08,0.09,-0.85,0.85]
OTBLOCK|Paros|WALL|pipe_fence_4mnolc_f.p3d|[20950.88,16998.97,44.37]|197.5|[-2.08,-0.09,2.08,0.09,-0.85,0.85]
OTBLOCK|Paros|WALL|pipe_fence_4mnolc_f.p3d|[20952.22,16996.29,44.37]|285.3|[-2.08,-0.09,2.08,0.09,-0.85,0.85]
OTBLOCK|Paros|WALL|city2_8m_f.p3d|[21019.06,16983.40,37.27]|222.6|[-3.51,-0.25,3.51,0.25,-2.09,2.09]
OTBLOCK|Paros|WALL|city2_4m_f.p3d|[21015.30,17002.25,38.33]|310.3|[-1.76,-0.25,1.76,0.25,-2.09,2.09]
OTBLOCK|Paros|WALL|city2_4m_f.p3d|[21020.63,17008.17,37.97]|132.2|[-1.76,-0.25,1.76,0.25,-2.09,2.09]
OTBLOCK|Paros|WALL|city2_pillard_f.p3d|[21019.75,17007.18,38.01]|132.9|[-0.84,-0.25,0.84,0.25,-2.10,2.10]
OTBLOCK|Paros|WALL|city2_pillard_f.p3d|[21016.94,16985.41,37.62]|225.3|[-0.84,-0.25,0.84,0.25,-2.10,2.10]
OTBLOCK|Paros|WALL|city2_pillard_f.p3d|[21016.24,17003.23,38.36]|309.7|[-0.84,-0.25,0.84,0.25,-2.10,2.10]
OTBLOCK|Paros|WALL|city2_4m_f.p3d|[21034.43,16981.23,35.64]|132.0|[-1.76,-0.25,1.76,0.25,-2.09,2.09]
OTBLOCK|Paros|WALL|wall_tin_4_2.p3d|[20818.80,17034.38,53.51]|89.4|[-2.02,-0.16,2.02,0.16,-1.48,1.48]
OTBLOCK|Paros|WALL|wall_tin_4_2.p3d|[20818.88,17026.44,53.85]|89.4|[-2.02,-0.16,2.02,0.16,-1.48,1.48]
OTBLOCK|Paros|WALL|wall_tin_4_2.p3d|[20818.83,17030.42,53.75]|89.4|[-2.02,-0.16,2.02,0.16,-1.48,1.48]
OTBLOCK|Paros|WALL|wall_tin_pole.p3d|[20819.00,17024.46,53.94]|340.3|[-0.04,-0.04,0.04,0.04,-1.44,1.44]
OTBLOCK|Paros|WALL|wall_tin_4_2.p3d|[20820.85,17036.49,53.05]|179.7|[-2.02,-0.16,2.02,0.16,-1.48,1.48]
OTBLOCK|Paros|WALL|wall_tin_4_2.p3d|[20834.67,17033.59,51.95]|268.2|[-2.02,-0.16,2.02,0.16,-1.48,1.48]
OTBLOCK|Paros|WALL|wall_tin_4_2.p3d|[20835.07,17025.70,52.73]|268.2|[-2.02,-0.16,2.02,0.16,-1.48,1.48]
OTBLOCK|Paros|WALL|wall_tin_4_2.p3d|[20834.94,17029.70,52.37]|268.2|[-2.02,-0.16,2.02,0.16,-1.48,1.48]
OTBLOCK|Paros|WALL|wall_tin_4_2.p3d|[20832.55,17035.76,51.88]|183.1|[-2.02,-0.16,2.02,0.16,-1.48,1.48]
OTBLOCK|Paros|WALL|wall_tin_4_2.p3d|[20835.24,17018.25,53.40]|270.3|[-2.02,-0.16,2.02,0.16,-1.48,1.48]
OTBLOCK|Paros|WALL|wall_tin_4_2.p3d|[20828.58,17035.98,52.21]|183.1|[-2.02,-0.16,2.02,0.16,-1.48,1.48]
OTBLOCK|Paros|WALL|wall_tin_4_2.p3d|[20833.16,17016.25,53.67]|1.0|[-2.02,-0.16,2.02,0.16,-1.48,1.48]
OTBLOCK|Paros|WALL|wall_tin_4_2.p3d|[20829.17,17016.31,53.85]|1.0|[-2.02,-0.16,2.02,0.16,-1.48,1.48]
OTBLOCK|Paros|WALL|wall_tin_pole.p3d|[20826.60,17035.98,52.39]|340.3|[-0.04,-0.04,0.04,0.04,-1.44,1.44]
OTBLOCK|Paros|WALL|wall_tin_pole.p3d|[20835.13,17020.18,53.26]|340.3|[-0.04,-0.04,0.04,0.04,-1.44,1.44]
OTBLOCK|Paros|WALL|stone_8m_f.p3d|[20862.96,17020.05,50.89]|102.7|[-4.26,-0.35,4.26,0.35,-1.30,1.30]
OTBLOCK|Paros|WALL|stone_8m_f.p3d|[20866.38,17015.22,51.07]|189.7|[-4.26,-0.35,4.26,0.35,-1.30,1.30]
OTBLOCK|Paros|WALL|stone_8m_f.p3d|[20864.22,17025.48,50.41]|102.7|[-4.26,-0.35,4.26,0.35,-1.30,1.30]
OTBLOCK|Paros|WALL|stone_4m_f.p3d|[20872.06,17014.25,50.63]|9.0|[-2.22,-0.36,2.22,0.36,-1.29,1.29]
OTBLOCK|Paros|WALL|stone_pillar_f.p3d|[20860.07,17038.81,49.94]|20.0|[-0.45,-0.44,0.45,0.44,-1.79,1.79]
OTBLOCK|Paros|WALL|stone_pillar_f.p3d|[20865.02,17028.81,50.15]|13.6|[-0.45,-0.44,0.45,0.44,-1.79,1.79]
OTBLOCK|Paros|WALL|stone_pillar_f.p3d|[20877.14,17036.09,49.36]|21.4|[-0.45,-0.44,0.45,0.44,-1.79,1.79]
OTBLOCK|Paros|WALL|stone_pillar_f.p3d|[20873.95,17013.85,50.49]|10.0|[-0.45,-0.44,0.45,0.44,-1.79,1.79]
OTBLOCK|Paros|WALL|stone_pillar_f.p3d|[20862.12,17015.96,51.40]|3.7|[-0.45,-0.44,0.45,0.44,-1.79,1.79]
OTBLOCK|Paros|WALL|stone_8md_f.p3d|[20881.43,17015.55,49.82]|282.7|[-4.14,-0.76,4.14,0.76,-1.28,1.28]
OTBLOCK|Paros|WALL|stone_8m_f.p3d|[20896.76,17017.39,48.06]|17.7|[-4.26,-0.35,4.26,0.35,-1.30,1.30]
OTBLOCK|Paros|WALL|stone_8m_f.p3d|[20881.18,17034.53,49.16]|20.1|[-4.26,-0.35,4.26,0.35,-1.30,1.30]
OTBLOCK|Paros|WALL|stone_8m_f.p3d|[20884.14,17029.08,49.11]|103.4|[-4.26,-0.35,4.26,0.35,-1.30,1.30]
OTBLOCK|Paros|WALL|stone_8m_f.p3d|[20890.05,17023.98,48.87]|102.6|[-4.26,-0.35,4.26,0.35,-1.30,1.30]
OTBLOCK|Paros|WALL|stone_8m_f.p3d|[20894.02,17039.01,48.60]|285.4|[-4.26,-0.35,4.26,0.35,-1.30,1.30]
OTBLOCK|Paros|WALL|stone_4m_f.p3d|[20891.21,17019.16,48.75]|17.1|[-2.22,-0.36,2.22,0.36,-1.29,1.29]
OTBLOCK|Paros|WALL|stone_pillar_f.p3d|[20892.79,17034.77,48.67]|16.4|[-0.45,-0.44,0.45,0.44,-1.79,1.79]
OTBLOCK|Paros|WALL|stone_pillar_f.p3d|[20891.02,17028.09,48.70]|16.4|[-0.45,-0.44,0.45,0.44,-1.79,1.79]
OTBLOCK|Paros|WALL|stone_pillar_f.p3d|[20906.86,17039.87,47.37]|16.4|[-0.45,-0.44,0.45,0.44,-1.79,1.79]
OTBLOCK|Paros|WALL|stone_pillar_f.p3d|[20889.07,17019.81,49.04]|16.4|[-0.45,-0.44,0.45,0.44,-1.79,1.79]
OTBLOCK|Paros|WALL|stone_pillar_f.p3d|[20900.76,17016.01,47.57]|16.4|[-0.45,-0.44,0.45,0.44,-1.79,1.79]
OTBLOCK|Paros|WALL|stone_pillar_f.p3d|[20880.66,17011.68,50.14]|5.1|[-0.45,-0.44,0.45,0.44,-1.79,1.79]
OTBLOCK|Paros|WALL|stone_pillar_f.p3d|[20885.12,17033.15,48.95]|19.6|[-0.45,-0.44,0.45,0.44,-1.79,1.79]
OTBLOCK|Paros|WALL|pipe_fence_4m_f.p3d|[20954.04,17010.27,42.95]|20.2|[-2.08,-0.09,2.08,0.09,-0.85,0.85]
OTBLOCK|Paros|WALL|pipe_fence_4m_f.p3d|[20950.17,17011.71,43.48]|20.2|[-2.08,-0.09,2.08,0.09,-0.85,0.85]
OTBLOCK|Paros|WALL|pipe_fence_4m_f.p3d|[20958.18,17015.27,42.53]|290.9|[-2.08,-0.09,2.08,0.09,-0.85,0.85]
OTBLOCK|Paros|WALL|pipe_fence_4m_f.p3d|[20959.62,17019.14,42.39]|289.9|[-2.08,-0.09,2.08,0.09,-0.85,0.85]
OTBLOCK|Paros|WALL|pipe_fence_4m_f.p3d|[20956.72,17011.41,42.64]|290.9|[-2.08,-0.09,2.08,0.09,-0.85,0.85]
OTBLOCK|Paros|WALL|city_4m_f.p3d|[21010.43,17037.34,37.88]|316.9|[-1.79,-0.24,1.79,0.24,-2.08,2.08]
OTBLOCK|Paros|WALL|city_pillar_f.p3d|[21009.01,17035.97,37.96]|316.7|[-0.23,-0.24,0.23,0.24,-2.14,2.14]
OTBLOCK|Paros|WALL|stone_8md_f.p3d|[20843.90,17064.07,49.82]|111.5|[-4.14,-0.76,4.14,0.76,-1.28,1.28]
OTBLOCK|Paros|WALL|stone_8m_f.p3d|[20838.43,17051.27,50.03]|291.6|[-4.26,-0.35,4.26,0.35,-1.30,1.30]
OTBLOCK|Paros|WALL|stone_8m_f.p3d|[20841.04,17045.80,50.06]|199.6|[-4.26,-0.35,4.26,0.35,-1.30,1.30]
OTBLOCK|Paros|WALL|stone_4m_f.p3d|[20846.01,17069.34,49.81]|113.4|[-2.22,-0.36,2.22,0.36,-1.29,1.29]
OTBLOCK|Paros|WALL|stone_pillar_f.p3d|[20836.85,17047.27,50.10]|20.0|[-0.45,-0.44,0.45,0.44,-1.79,1.79]
OTBLOCK|Paros|WALL|stone_pillar_f.p3d|[20845.01,17044.35,50.01]|20.0|[-0.45,-0.44,0.45,0.44,-1.79,1.79]
OTBLOCK|Paros|WALL|stone_8m_f.p3d|[20856.07,17040.29,49.94]|199.6|[-4.26,-0.35,4.26,0.35,-1.30,1.30]
OTBLOCK|Paros|WALL|stone_8m_f.p3d|[20859.90,17065.58,49.79]|23.2|[-4.26,-0.35,4.26,0.35,-1.30,1.30]
OTBLOCK|Paros|WALL|stone_8m_f.p3d|[20853.66,17068.24,49.79]|23.2|[-4.26,-0.35,4.26,0.35,-1.30,1.30]
OTBLOCK|Paros|WALL|stone_4m_f.p3d|[20860.86,17041.02,49.89]|290.0|[-2.22,-0.36,2.22,0.36,-1.29,1.29]
OTBLOCK|Paros|WALL|stone_pillar_f.p3d|[20863.05,17064.20,49.78]|21.5|[-0.45,-0.44,0.45,0.44,-1.79,1.79]
OTBLOCK|Paros|WALL|stone_pillar_f.p3d|[20852.08,17041.71,49.95]|20.0|[-0.45,-0.44,0.45,0.44,-1.79,1.79]
OTBLOCK|Paros|WALL|stone_pillar_f.p3d|[20861.71,17043.14,49.85]|20.0|[-0.45,-0.44,0.45,0.44,-1.79,1.79]
OTBLOCK|Paros|WALL|stone_8m_f.p3d|[20902.85,17040.98,47.74]|195.0|[-4.26,-0.35,4.26,0.35,-1.30,1.30]
OTBLOCK|Paros|WALL|stone_4m_f.p3d|[20897.36,17042.50,48.28]|17.1|[-2.22,-0.36,2.22,0.36,-1.29,1.29]
OTBLOCK|Paros|WALL|wall_tin_4_2.p3d|[20901.54,17069.68,48.38]|27.6|[-2.02,-0.16,2.02,0.16,-1.48,1.48]
OTBLOCK|Paros|WALL|stone_pillar_f.p3d|[20895.17,17043.13,48.53]|14.5|[-0.45,-0.44,0.45,0.44,-1.79,1.79]
OTBLOCK|Paros|WALL|wall_tin_pole.p3d|[20903.40,17068.84,48.23]|0.0|[-0.04,-0.04,0.04,0.04,-1.44,1.44]
OTBLOCK|Paros|WALL|city2_8m_f.p3d|[20938.32,17060.65,45.82]|104.0|[-3.51,-0.25,3.51,0.25,-2.09,2.09]
OTBLOCK|Paros|WALL|city2_8m_f.p3d|[20936.71,17053.92,45.86]|103.3|[-3.51,-0.25,3.51,0.25,-2.09,2.09]
OTBLOCK|Paros|WALL|city2_8m_f.p3d|[20938.79,17048.91,45.79]|26.6|[-3.51,-0.25,3.51,0.25,-2.09,2.09]
OTBLOCK|Paros|WALL|city2_4m_f.p3d|[20939.59,17065.73,45.71]|104.5|[-1.76,-0.25,1.76,0.25,-2.09,2.09]
OTBLOCK|Paros|WALL|city2_8m_f.p3d|[20964.09,17067.72,42.87]|204.8|[-3.51,-0.25,3.51,0.25,-2.09,2.09]
OTBLOCK|Paros|WALL|city2_pillard_f.p3d|[20941.58,17047.50,45.80]|24.5|[-0.84,-0.25,0.84,0.25,-2.10,2.10]
OTBLOCK|Paros|WALL|city_8md_f.p3d|[20982.41,17051.50,40.71]|125.9|[-3.50,-0.98,3.50,0.98,-1.80,1.80]
OTBLOCK|Paros|WALL|city_8m_f.p3d|[20986.46,17057.10,40.57]|126.1|[-3.53,-0.25,3.53,0.25,-2.08,2.08]
OTBLOCK|Paros|WALL|city2_8m_f.p3d|[20972.33,17052.18,41.87]|126.1|[-3.51,-0.25,3.51,0.25,-2.09,2.09]
OTBLOCK|Paros|WALL|city2_8m_f.p3d|[20976.44,17057.78,41.60]|126.1|[-3.51,-0.25,3.51,0.25,-2.09,2.09]
OTBLOCK|Paros|WALL|city2_8md_f.p3d|[20973.68,17062.91,42.02]|28.9|[-2.30,-0.28,2.30,0.28,-2.11,2.11]
OTBLOCK|Paros|WALL|city_4m_f.p3d|[20977.29,17044.65,41.07]|126.7|[-1.79,-0.24,1.79,0.24,-2.08,2.08]
OTBLOCK|Paros|WALL|city2_pillard_f.p3d|[20970.51,17049.71,42.04]|124.0|[-0.84,-0.25,0.84,0.25,-2.10,2.10]
OTBLOCK|Paros|WALL|stone_4m_f.p3d|[20848.43,17070.51,49.80]|23.6|[-2.22,-0.36,2.22,0.36,-1.29,1.29]
OTBLOCK|Paros|WALL|stone_pillar_f.p3d|[20846.86,17071.22,49.80]|21.5|[-0.45,-0.44,0.45,0.44,-1.79,1.79]
OTBLOCK|Paros|WALL|wall_tin_4_2.p3d|[20900.53,17072.55,48.54]|113.9|[-2.02,-0.16,2.02,0.16,-1.48,1.48]
OTBLOCK|Paros|WALL|city2_8m_f.p3d|[20957.85,17070.63,43.42]|204.8|[-3.51,-0.25,3.51,0.25,-2.09,2.09]
OTBLOCK|Paros|WALL|city2_pillard_f.p3d|[20955.01,17071.93,43.68]|203.9|[-0.84,-0.25,0.84,0.25,-2.10,2.10]
OTBLOCK|Paros|H|0|[43.3,43.2,43.0,43.0,42.8,42.6,42.5,42.4,42.4,42.1,41.9,41.9,41.8,41.7,41.7,41.7,41.5,41.4,41.2,41.1,41.0,40.8,40.5,40.4,40.2,40.1,39.9,39.7,39.6,39.4,39.3,39.2,39.2,39.1,39.1,39.1,39.1,39.1,39.1,39.1,39.2,39.2,39.2,39.2,39.0,38.9,38.7,38.5,38.3,38.1,38.0,37.6,37.2,37.0,36.7,36.6,36.5,36.5,36.5,36.5,36.5,36.4,36.3,36.1,35.9,35.7,35.4,35.1,34.9,34.6,34.4,34.1,33.9,33.7,33.5,33.3,33.2,33.1,32.9,32.8,32.7,32.6,32.6,32.5,32.5,32.4,32.3,32.2,32.1,32.0,31.9,31.8,31.7,31.5,31.4,31.2,31.1,30.9,30.8,30.7,30.6]
OTBLOCK|Paros|H|1|[43.3,43.1,43.1,43.0,42.8,42.7,42.6,42.6,42.5,42.3,42.2,42.1,42.0,41.8,41.8,41.6,41.5,41.3,41.1,41.0,40.9,40.7,40.5,40.4,40.3,40.2,40.0,39.9,39.7,39.6,39.5,39.4,39.3,39.2,39.2,39.1,39.1,39.2,39.2,39.2,39.2,39.2,39.2,39.2,39.1,39.1,38.9,38.7,38.4,38.3,38.0,37.7,37.4,37.2,37.0,36.9,36.9,36.8,36.8,36.8,36.7,36.6,36.5,36.3,36.1,35.9,35.6,35.3,35.1,34.8,34.6,34.3,34.1,33.9,33.7,33.5,33.4,33.2,33.0,32.9,32.8,32.7,32.6,32.6,32.5,32.5,32.4,32.3,32.2,32.1,32.0,31.9,31.7,31.5,31.4,31.2,31.0,30.9,30.8,30.7,30.6]
OTBLOCK|Paros|H|2|[43.3,43.2,43.1,43.0,42.9,42.8,42.7,42.6,42.6,42.5,42.4,42.2,42.1,42.0,41.8,41.6,41.5,41.2,41.0,41.0,40.9,40.8,40.7,40.5,40.4,40.3,40.2,40.0,39.9,39.7,39.6,39.5,39.4,39.3,39.2,39.2,39.2,39.2,39.2,39.2,39.2,39.2,39.2,39.3,39.2,39.2,39.1,38.8,38.6,38.3,38.1,37.9,37.6,37.4,37.3,37.2,37.1,37.1,37.1,37.0,36.9,36.8,36.7,36.5,36.3,36.1,35.8,35.5,35.3,35.0,34.8,34.6,34.4,34.2,34.0,33.7,33.5,33.3,33.1,33.0,32.9,32.8,32.7,32.7,32.6,32.5,32.5,32.4,32.3,32.2,32.1,31.9,31.7,31.5,31.4,31.2,31.0,30.9,30.8,30.7,30.7]
OTBLOCK|Paros|H|3|[43.5,43.3,43.2,43.0,42.9,42.8,42.7,42.7,42.7,42.6,42.5,42.4,42.2,42.1,42.0,41.9,41.8,41.6,41.4,41.3,41.2,41.0,40.9,40.7,40.6,40.5,40.3,40.2,40.0,39.9,39.8,39.6,39.5,39.4,39.3,39.2,39.2,39.2,39.2,39.2,39.2,39.3,39.3,39.3,39.3,39.3,39.1,38.9,38.8,38.6,38.3,38.1,37.8,37.6,37.5,37.4,37.4,37.3,37.3,37.2,37.1,37.0,36.8,36.7,36.4,36.2,35.9,35.7,35.4,35.2,35.0,34.8,34.6,34.4,34.2,34.0,33.8,33.6,33.4,33.2,33.0,32.9,32.9,32.7,32.7,32.6,32.5,32.4,32.3,32.2,32.1,31.9,31.7,31.5,31.3,31.1,31.0,30.8,30.7,30.6,30.6]
OTBLOCK|Paros|H|4|[43.6,43.4,43.2,43.1,42.9,42.8,42.7,42.7,42.8,42.7,42.6,42.5,42.4,42.3,42.3,42.2,42.1,41.9,41.7,41.6,41.4,41.3,41.1,40.9,40.8,40.6,40.5,40.3,40.2,40.1,39.9,39.8,39.6,39.5,39.4,39.2,39.2,39.2,39.2,39.2,39.3,39.3,39.3,39.3,39.3,39.3,39.2,39.1,39.0,38.7,38.5,38.2,38.0,37.8,37.7,37.6,37.6,37.5,37.5,37.4,37.3,37.1,37.0,36.8,36.6,36.3,36.1,35.8,35.6,35.4,35.2,35.0,34.8,34.6,34.4,34.2,34.0,33.8,33.6,33.4,33.2,33.1,32.9,32.8,32.7,32.6,32.5,32.4,32.3,32.2,32.1,31.9,31.7,31.5,31.3,31.1,30.9,30.8,30.6,30.6,30.6]
OTBLOCK|Paros|H|5|[43.9,43.6,43.5,43.2,43.1,42.9,42.8,42.8,42.8,42.7,42.7,42.6,42.5,42.5,42.4,42.4,42.2,42.1,42.0,41.9,41.8,41.6,41.4,41.3,41.1,40.9,40.7,40.5,40.4,40.2,40.1,39.9,39.8,39.6,39.5,39.3,39.3,39.3,39.2,39.3,39.3,39.3,39.3,39.3,39.4,39.4,39.3,39.2,39.1,38.9,38.7,38.5,38.3,38.0,38.0,37.8,37.8,37.7,37.6,37.5,37.4,37.2,37.1,36.9,36.6,36.4,36.2,35.9,35.7,35.5,35.3,35.2,35.0,34.8,34.6,34.4,34.2,34.0,33.8,33.6,33.4,33.3,33.1,32.9,32.9,32.7,32.6,32.5,32.3,32.2,32.1,31.9,31.7,31.5,31.3,31.1,31.0,30.8,30.7,30.6,30.6]
OTBLOCK|Paros|H|6|[44.2,43.9,43.7,43.4,43.2,42.9,42.8,42.8,42.8,42.7,42.7,42.7,42.6,42.6,42.5,42.5,42.4,42.3,42.3,42.2,42.2,42.0,41.9,41.7,41.5,41.1,40.9,40.7,40.6,40.4,40.3,40.1,39.9,39.8,39.6,39.4,39.4,39.3,39.3,39.3,39.3,39.3,39.3,39.4,39.4,39.4,39.3,39.3,39.2,39.0,38.9,38.8,38.5,38.3,38.2,38.0,37.9,37.8,37.7,37.6,37.5,37.3,37.1,36.9,36.7,36.5,36.2,36.0,35.9,35.7,35.5,35.4,35.2,35.0,34.8,34.7,34.4,34.2,34.0,33.8,33.6,33.5,33.3,33.1,33.0,32.8,32.6,32.5,32.3,32.2,32.1,31.9,31.8,31.6,31.4,31.2,31.0,30.9,30.7,30.7,30.6]
OTBLOCK|Paros|H|7|[44.5,44.2,43.9,43.6,43.3,43.0,42.9,42.9,42.8,42.8,42.9,42.8,42.7,42.7,42.7,42.6,42.6,42.6,42.6,42.6,42.5,42.4,42.2,42.1,41.7,41.3,41.1,40.9,40.8,40.6,40.4,40.3,40.1,39.9,39.7,39.6,39.5,39.4,39.3,39.3,39.3,39.3,39.4,39.4,39.4,39.4,39.4,39.3,39.3,39.2,39.1,39.0,38.7,38.5,38.4,38.2,38.1,38.0,37.8,37.7,37.6,37.4,37.2,37.0,36.8,36.6,36.4,36.2,36.0,35.9,35.7,35.5,35.4,35.2,35.0,34.9,34.7,34.4,34.2,34.1,33.9,33.7,33.5,33.3,33.1,32.8,32.7,32.5,32.4,32.3,32.1,32.0,31.8,31.7,31.5,31.3,31.1,30.9,30.8,30.7,30.7]
OTBLOCK|Paros|H|8|[44.8,44.5,44.2,43.8,43.5,43.3,43.3,43.2,43.1,43.1,43.0,42.9,42.8,42.8,42.7,42.7,42.7,42.7,42.7,42.7,42.7,42.6,42.5,42.5,42.1,41.6,41.3,41.2,41.0,40.8,40.6,40.5,40.3,40.1,39.9,39.8,39.7,39.6,39.4,39.4,39.4,39.4,39.4,39.4,39.4,39.4,39.3,39.3,39.3,39.2,39.2,39.0,38.9,38.8,38.7,38.5,38.3,38.2,38.0,37.9,37.7,37.5,37.3,37.1,36.9,36.7,36.5,36.4,36.2,36.1,35.9,35.7,35.6,35.4,35.2,35.0,34.8,34.6,34.4,34.2,34.1,33.9,33.7,33.4,33.2,33.0,32.8,32.6,32.4,32.3,32.2,32.0,31.9,31.7,31.5,31.4,31.2,31.0,30.8,30.8,30.7]
OTBLOCK|Paros|H|9|[45.2,44.8,44.4,44.1,43.9,43.7,43.6,43.4,43.3,43.2,43.0,43.0,42.9,42.9,42.8,42.8,42.8,42.9,42.9,42.9,42.9,42.9,42.9,42.9,42.4,41.8,41.6,41.4,41.2,41.0,40.9,40.7,40.5,40.3,40.1,40.0,39.8,39.7,39.6,39.5,39.4,39.4,39.4,39.4,39.4,39.4,39.3,39.3,39.3,39.3,39.2,39.2,39.2,39.1,38.9,38.7,38.5,38.3,38.1,38.0,37.8,37.6,37.4,37.3,37.1,36.9,36.7,36.6,36.4,36.2,36.1,35.9,35.7,35.5,35.4,35.2,35.0,34.8,34.6,34.4,34.2,34.0,33.8,33.6,33.4,33.1,32.9,32.7,32.5,32.3,32.2,32.1,31.9,31.8,31.6,31.4,31.2,31.1,30.9,30.8,30.8]
OTBLOCK|Paros|H|10|[45.5,45.1,44.7,44.4,44.3,44.1,43.9,43.8,43.6,43.5,43.3,43.2,43.1,43.0,43.0,42.9,43.0,43.0,43.0,43.0,43.0,43.0,43.1,43.0,42.5,42.2,42.0,41.8,41.5,41.3,41.1,40.9,40.7,40.5,40.4,40.2,40.0,39.9,39.7,39.6,39.5,39.5,39.5,39.4,39.4,39.3,39.3,39.3,39.3,39.3,39.2,39.2,39.2,39.2,39.0,38.8,38.7,38.5,38.3,38.2,38.0,37.8,37.6,37.4,37.3,37.1,37.0,36.8,36.6,36.5,36.3,36.1,35.9,35.7,35.5,35.3,35.1,34.9,34.8,34.6,34.4,34.2,34.0,33.7,33.5,33.3,33.0,32.8,32.5,32.4,32.3,32.1,32.0,31.8,31.7,31.5,31.4,31.2,31.0,31.0,30.9]
OTBLOCK|Paros|H|11|[45.9,45.4,45.1,44.8,44.6,44.4,44.3,44.1,44.0,43.8,43.5,43.4,43.3,43.1,43.1,43.1,43.1,43.1,43.1,43.1,43.1,43.2,43.2,43.2,42.8,42.7,42.6,42.2,41.9,41.6,41.4,41.2,41.0,40.8,40.6,40.4,40.2,40.1,39.9,39.8,39.6,39.5,39.5,39.4,39.3,39.3,39.3,39.3,39.3,39.3,39.2,39.2,39.2,39.1,39.0,39.0,38.9,38.7,38.5,38.3,38.1,37.9,37.8,37.6,37.5,37.3,37.2,37.0,36.9,36.7,36.4,36.2,36.0,35.8,35.6,35.4,35.2,35.1,34.9,34.7,34.5,34.3,34.1,33.9,33.6,33.3,33.1,32.8,32.6,32.5,32.3,32.1,32.0,31.9,31.8,31.6,31.5,31.3,31.2,31.1,31.0]
OTBLOCK|Paros|H|12|[46.2,45.8,45.5,45.2,45.0,44.8,44.6,44.5,44.3,44.1,43.8,43.6,43.5,43.3,43.3,43.3,43.3,43.3,43.3,43.2,43.2,43.3,43.4,43.4,43.3,43.1,42.9,42.5,42.2,41.9,41.6,41.4,41.2,41.0,40.8,40.6,40.4,40.3,40.1,39.9,39.7,39.6,39.5,39.4,39.4,39.3,39.3,39.3,39.3,39.2,39.2,39.2,39.2,39.2,39.1,39.1,39.0,38.9,38.7,38.5,38.3,38.1,38.0,37.8,37.7,37.6,37.4,37.3,37.1,36.9,36.6,36.4,36.1,35.9,35.7,35.5,35.4,35.2,35.0,34.8,34.7,34.4,34.2,34.0,33.7,33.4,33.2,32.9,32.7,32.5,32.3,32.2,32.1,32.0,31.9,31.8,31.6,31.5,31.3,31.2,31.1]
OTBLOCK|Paros|H|13|[46.8,46.4,46.0,45.5,45.4,45.1,44.9,44.8,44.6,44.3,44.1,44.0,43.7,43.5,43.5,43.5,43.4,43.4,43.3,43.3,43.3,43.4,43.4,43.5,43.3,43.4,43.1,42.8,42.4,42.2,42.0,41.8,41.5,41.3,41.1,40.9,40.7,40.5,40.3,40.1,39.9,39.8,39.7,39.5,39.5,39.3,39.3,39.3,39.2,39.2,39.2,39.2,39.2,39.2,39.1,39.1,39.0,38.9,38.9,38.6,38.5,38.3,38.1,37.9,37.8,37.7,37.6,37.5,37.4,37.2,36.8,36.6,36.3,36.0,35.8,35.6,35.4,35.3,35.1,34.9,34.7,34.5,34.3,34.0,33.8,33.5,33.2,33.0,32.7,32.5,32.4,32.3,32.2,32.1,32.0,31.9,31.8,31.6,31.5,31.4,31.3]
OTBLOCK|Paros|H|14|[47.3,46.8,46.3,45.9,45.6,45.4,45.2,45.0,44.8,44.6,44.5,44.2,44.0,43.7,43.7,43.6,43.6,43.5,43.4,43.4,43.5,43.5,43.5,43.5,43.6,43.6,43.4,43.1,42.7,42.5,42.3,42.1,41.8,41.6,41.4,41.2,41.0,40.7,40.6,40.4,40.1,40.0,39.8,39.6,39.5,39.3,39.3,39.2,39.2,39.2,39.2,39.2,39.2,39.1,39.1,39.1,39.1,39.0,39.0,38.8,38.6,38.5,38.2,38.0,38.0,37.9,37.8,37.8,37.8,37.4,37.0,36.7,36.4,36.1,35.9,35.7,35.5,35.3,35.2,35.0,34.8,34.6,34.4,34.1,33.8,33.5,33.3,33.0,32.7,32.6,32.5,32.3,32.3,32.2,32.1,32.0,31.9,31.8,31.7,31.6,31.5]
OTBLOCK|Paros|H|15|[47.6,47.1,46.6,46.2,45.9,45.7,45.5,45.3,45.1,44.9,44.7,44.5,44.2,44.1,44.0,43.9,43.7,43.7,43.6,43.6,43.6,43.7,43.7,43.7,43.7,43.8,43.6,43.3,43.1,42.9,42.6,42.4,42.1,41.9,41.6,41.4,41.2,41.0,40.8,40.6,40.4,40.2,40.0,39.8,39.6,39.5,39.4,39.3,39.2,39.2,39.2,39.2,39.1,39.1,39.1,39.1,39.1,39.1,39.0,38.8,38.7,38.6,38.4,38.2,38.1,38.0,38.0,38.0,37.8,37.4,37.1,36.8,36.4,36.1,35.9,35.7,35.6,35.4,35.2,35.1,34.9,34.7,34.4,34.2,33.9,33.6,33.3,33.0,32.8,32.6,32.5,32.4,32.3,32.3,32.2,32.1,32.0,31.8,31.8,31.7,31.6]
OTBLOCK|Paros|H|16|[47.9,47.4,47.0,46.5,46.3,46.0,45.8,45.6,45.4,45.2,45.0,44.7,44.6,44.5,44.3,44.1,43.9,43.9,43.9,43.9,43.8,43.8,43.8,43.8,43.9,44.0,43.8,43.6,43.4,43.2,42.9,42.7,42.4,42.2,41.9,41.7,41.5,41.3,41.1,40.9,40.7,40.5,40.2,40.0,39.8,39.6,39.5,39.3,39.2,39.2,39.2,39.1,39.1,39.1,39.1,39.1,39.1,39.0,39.0,38.9,38.9,38.7,38.5,38.3,38.2,38.1,38.1,37.9,37.7,37.4,37.1,36.8,36.5,36.2,36.0,35.8,35.6,35.5,35.3,35.1,35.0,34.7,34.5,34.3,34.0,33.7,33.4,33.1,32.8,32.7,32.6,32.5,32.4,32.3,32.2,32.1,32.0,31.9,31.8,31.8,31.7]
OTBLOCK|Paros|H|17|[48.1,47.7,47.2,46.8,46.6,46.3,46.1,45.8,45.6,45.4,45.2,45.1,44.9,44.8,44.5,44.3,44.2,44.1,44.1,44.1,44.0,44.0,44.0,44.0,44.1,44.2,44.1,43.9,43.7,43.5,43.2,43.0,42.7,42.5,42.3,42.1,41.8,41.6,41.4,41.2,41.0,40.7,40.5,40.2,40.0,39.8,39.6,39.4,39.3,39.2,39.2,39.2,39.1,39.1,39.1,39.1,39.1,39.0,39.0,39.0,39.0,38.9,38.6,38.5,38.4,38.3,38.1,37.9,37.7,37.5,37.2,36.9,36.5,36.2,36.1,35.9,35.7,35.5,35.4,35.2,35.0,34.8,34.6,34.3,34.0,33.7,33.5,33.2,32.9,32.8,32.6,32.5,32.5,32.4,32.2,32.1,32.0,32.0,31.9,31.9,31.8]
OTBLOCK|Paros|H|18|[48.2,47.8,47.4,47.1,46.8,46.6,46.4,46.2,45.9,45.7,45.5,45.3,45.2,45.0,44.8,44.6,44.5,44.4,44.3,44.3,44.2,44.1,44.1,44.2,44.3,44.4,44.3,44.2,44.1,43.8,43.6,43.4,43.1,42.8,42.6,42.4,42.2,41.9,41.7,41.5,41.3,41.0,40.8,40.5,40.3,40.1,39.9,39.7,39.6,39.5,39.3,39.2,39.2,39.1,39.1,39.1,39.0,39.0,39.0,39.0,39.0,38.9,38.7,38.7,38.6,38.4,38.2,38.0,37.7,37.5,37.3,37.0,36.7,36.4,36.2,36.0,35.8,35.7,35.5,35.3,35.1,34.9,34.7,34.4,34.1,33.9,33.6,33.3,33.1,32.9,32.7,32.6,32.5,32.4,32.3,32.2,32.1,32.0,32.0,31.9,31.8]
OTBLOCK|Paros|H|19|[48.3,48.0,47.7,47.4,47.1,46.9,46.7,46.4,46.2,46.0,45.8,45.6,45.5,45.3,45.1,44.9,44.7,44.6,44.6,44.4,44.3,44.3,44.4,44.4,44.5,44.6,44.6,44.5,44.4,44.3,44.1,43.8,43.5,43.1,42.9,42.7,42.5,42.3,42.0,41.8,41.6,41.3,41.1,40.8,40.6,40.4,40.2,40.0,39.8,39.6,39.4,39.3,39.2,39.1,39.1,39.0,39.0,39.0,39.0,39.0,39.0,39.0,38.9,38.9,38.7,38.4,38.2,38.0,37.8,37.6,37.4,37.1,36.8,36.6,36.4,36.2,36.0,35.8,35.6,35.4,35.2,35.0,34.8,34.6,34.3,34.0,33.8,33.5,33.3,33.0,32.8,32.7,32.5,32.4,32.3,32.2,32.1,32.1,32.0,32.0,31.9]
OTBLOCK|Paros|H|20|[48.7,48.4,48.1,47.7,47.5,47.3,47.1,46.8,46.6,46.3,46.1,45.9,45.7,45.6,45.4,45.2,45.1,45.0,44.9,44.8,44.6,44.6,44.7,44.6,44.6,44.7,44.8,44.7,44.7,44.5,44.4,44.2,43.8,43.6,43.4,43.1,42.8,42.6,42.4,42.1,41.9,41.6,41.4,41.1,40.9,40.8,40.6,40.3,40.1,39.9,39.6,39.4,39.3,39.1,39.1,39.1,39.1,39.0,39.0,39.0,39.1,39.0,39.0,38.9,38.7,38.5,38.4,38.1,37.9,37.7,37.6,37.3,37.0,36.8,36.6,36.4,36.3,36.1,35.8,35.6,35.4,35.2,34.9,34.7,34.5,34.2,33.9,33.7,33.4,33.2,33.0,32.8,32.7,32.5,32.4,32.2,32.2,32.1,32.1,32.0,32.0]
OTBLOCK|Paros|H|21|[49.2,48.9,48.5,48.1,47.9,47.8,47.5,47.2,46.9,46.7,46.4,46.2,46.0,45.9,45.7,45.6,45.5,45.4,45.3,45.1,44.9,44.9,44.8,44.7,44.8,44.9,44.9,44.9,44.8,44.7,44.7,44.5,44.3,44.1,43.8,43.4,43.2,42.9,42.7,42.5,42.2,42.0,41.7,41.4,41.3,41.1,40.9,40.6,40.4,40.1,39.8,39.7,39.4,39.2,39.2,39.1,39.1,39.1,39.1,39.1,39.1,39.1,39.0,39.0,38.8,38.7,38.5,38.2,38.0,37.8,37.7,37.5,37.3,37.1,36.9,36.8,36.6,36.3,35.9,35.7,35.5,35.3,35.1,34.9,34.6,34.4,34.1,33.9,33.6,33.4,33.1,33.0,32.7,32.5,32.4,32.3,32.2,32.2,32.1,32.1,32.1]
OTBLOCK|Paros|H|22|[49.7,49.3,48.9,48.5,48.4,48.2,47.9,47.6,47.3,47.0,46.7,46.5,46.3,46.2,46.1,45.9,45.8,45.8,45.6,45.4,45.2,45.1,44.9,44.8,44.9,45.0,45.1,45.0,45.0,45.0,45.1,44.9,44.7,44.5,44.1,43.8,43.5,43.3,43.0,42.8,42.5,42.3,42.0,41.8,41.6,41.4,41.2,41.0,40.7,40.4,40.1,39.8,39.6,39.3,39.3,39.3,39.2,39.1,39.1,39.1,39.1,39.1,39.1,39.0,38.9,38.8,38.6,38.3,38.2,38.1,38.0,37.7,37.5,37.3,37.2,37.1,36.8,36.4,36.1,35.9,35.7,35.5,35.3,35.1,34.8,34.6,34.3,34.1,33.8,33.5,33.3,33.0,32.8,32.6,32.5,32.4,32.3,32.2,32.2,32.2,32.2]
OTBLOCK|Paros|H|23|[50.2,49.8,49.4,49.0,48.8,48.7,48.4,48.1,47.8,47.5,47.1,46.8,46.7,46.5,46.4,46.3,46.2,46.1,45.9,45.7,45.5,45.4,45.2,44.9,45.1,45.2,45.2,45.2,45.2,45.2,45.2,45.1,44.9,44.9,44.5,44.1,43.9,43.6,43.3,43.1,42.9,42.6,42.4,42.1,41.9,41.8,41.6,41.3,41.0,40.7,40.5,40.2,40.0,39.7,39.6,39.4,39.3,39.2,39.2,39.2,39.1,39.1,39.1,39.0,38.9,38.9,38.7,38.6,38.6,38.5,38.2,38.0,37.7,37.6,37.4,37.2,36.9,36.6,36.3,36.1,35.9,35.6,35.4,35.2,35.0,34.7,34.5,34.2,34.0,33.7,33.4,33.2,33.0,32.7,32.6,32.5,32.4,32.4,32.3,32.3,32.2]
OTBLOCK|Paros|H|24|[50.8,50.4,49.9,49.5,49.3,49.1,48.8,48.5,48.2,47.8,47.4,47.2,47.0,46.8,46.7,46.6,46.5,46.3,46.2,46.0,45.8,45.6,45.3,45.1,45.2,45.4,45.4,45.3,45.3,45.3,45.4,45.3,45.3,45.2,44.9,44.5,44.2,43.9,43.7,43.4,43.2,43.0,42.7,42.4,42.3,42.3,42.0,41.7,41.3,41.1,40.9,40.6,40.3,40.0,39.8,39.5,39.4,39.3,39.2,39.2,39.1,39.1,39.1,39.0,39.0,39.0,38.9,39.0,39.0,38.7,38.4,38.2,38.0,37.8,37.6,37.4,37.1,36.8,36.5,36.3,36.0,35.8,35.6,35.4,35.2,34.9,34.7,34.4,34.1,33.9,33.6,33.3,33.1,32.8,32.7,32.6,32.5,32.5,32.4,32.3,32.3]
OTBLOCK|Paros|H|25|[51.1,50.6,50.2,49.8,49.7,49.4,49.2,48.9,48.6,48.2,47.8,47.6,47.4,47.1,47.0,46.9,46.8,46.6,46.5,46.3,46.1,45.9,45.6,45.4,45.5,45.5,45.5,45.4,45.5,45.5,45.5,45.5,45.5,45.4,45.1,44.8,44.6,44.3,44.0,43.8,43.6,43.3,43.0,42.8,42.8,42.6,42.3,42.0,41.8,41.6,41.3,41.0,40.7,40.4,40.2,39.9,39.7,39.6,39.3,39.2,39.2,39.2,39.2,39.1,39.1,39.0,39.1,39.1,39.0,38.7,38.5,38.3,38.1,37.9,37.7,37.5,37.3,37.0,36.7,36.4,36.1,35.9,35.7,35.5,35.3,35.1,34.8,34.5,34.2,34.0,33.7,33.4,33.2,33.0,32.9,32.7,32.6,32.6,32.5,32.4,32.3]
OTBLOCK|Paros|H|26|[51.3,50.9,50.5,50.2,50.0,49.8,49.5,49.2,48.9,48.5,48.2,48.0,47.7,47.5,47.3,47.2,47.1,46.9,46.8,46.6,46.5,46.2,46.0,45.8,45.8,45.6,45.5,45.6,45.6,45.7,45.7,45.7,45.7,45.6,45.3,45.2,45.0,44.7,44.4,44.2,43.9,43.7,43.4,43.3,43.1,43.0,42.7,42.5,42.3,42.0,41.6,41.3,41.1,40.9,40.6,40.3,40.1,39.7,39.4,39.3,39.4,39.3,39.2,39.2,39.1,39.1,39.1,39.0,38.9,38.7,38.6,38.4,38.2,38.0,37.8,37.6,37.4,37.1,36.7,36.5,36.2,36.0,35.8,35.7,35.4,35.2,34.9,34.6,34.3,34.0,33.8,33.5,33.3,33.1,33.0,32.8,32.7,32.7,32.6,32.5,32.4]
OTBLOCK|Paros|H|27|[51.6,51.2,50.8,50.5,50.3,50.1,49.8,49.5,49.2,48.9,48.6,48.3,48.0,47.8,47.7,47.5,47.4,47.2,47.1,47.0,46.8,46.6,46.3,46.1,45.9,45.8,45.7,45.8,45.8,45.9,45.9,45.9,45.9,45.8,45.7,45.6,45.4,45.1,44.8,44.6,44.3,44.1,43.9,43.7,43.5,43.3,43.1,42.9,42.7,42.4,42.0,41.8,41.6,41.3,41.0,40.7,40.3,39.9,39.6,39.6,39.6,39.5,39.4,39.2,39.2,39.1,39.0,38.9,38.8,38.7,38.7,38.5,38.3,38.1,37.9,37.7,37.4,37.1,36.8,36.6,36.3,36.2,36.0,35.8,35.6,35.3,35.0,34.7,34.4,34.1,33.9,33.6,33.4,33.2,33.1,33.0,32.8,32.7,32.6,32.6,32.5]
OTBLOCK|Paros|H|28|[51.8,51.4,51.0,50.7,50.5,50.3,50.0,49.8,49.5,49.2,48.9,48.6,48.3,48.2,48.0,47.8,47.7,47.6,47.4,47.3,47.1,46.9,46.7,46.6,46.4,46.1,46.1,46.1,46.0,46.1,46.1,46.1,46.1,46.0,45.9,46.0,45.8,45.5,45.3,45.1,44.7,44.5,44.3,44.1,43.9,43.7,43.5,43.3,43.1,42.8,42.5,42.2,42.0,41.6,41.3,41.0,40.6,40.3,40.2,40.2,39.9,39.7,39.6,39.4,39.3,39.1,39.0,38.9,38.7,38.7,38.5,38.3,38.1,38.0,37.8,37.6,37.4,37.1,37.0,36.7,36.5,36.4,36.2,35.9,35.7,35.4,35.1,34.7,34.4,34.1,33.9,33.7,33.5,33.4,33.2,33.1,33.0,32.9,32.8,32.7,32.6]
OTBLOCK|Paros|H|29|[52.0,51.6,51.3,50.9,50.7,50.5,50.3,50.1,49.8,49.5,49.1,48.9,48.7,48.5,48.3,48.2,48.0,47.9,47.7,47.6,47.5,47.3,47.2,47.0,46.8,46.5,46.4,46.3,46.2,46.2,46.3,46.3,46.3,46.2,46.3,46.4,46.2,46.1,45.9,45.5,45.1,44.9,44.7,44.5,44.3,44.1,43.9,43.7,43.5,43.2,43.0,42.7,42.3,41.9,41.7,41.4,41.1,40.9,40.8,40.5,40.2,40.0,39.8,39.6,39.3,39.1,38.9,38.8,38.7,38.5,38.4,38.2,38.0,37.9,37.7,37.6,37.4,37.3,37.1,36.9,36.7,36.5,36.3,36.0,35.7,35.4,35.1,34.7,34.4,34.2,34.0,33.8,33.6,33.5,33.3,33.2,33.1,33.0,32.9,32.8,32.6]
OTBLOCK|Paros|H|30|[52.5,52.0,51.7,51.2,51.0,50.8,50.5,50.3,50.2,49.8,49.5,49.2,49.0,48.8,48.7,48.5,48.4,48.3,48.1,47.9,47.8,47.7,47.5,47.4,47.1,46.8,46.7,46.6,46.4,46.4,46.4,46.4,46.4,46.4,46.5,46.6,46.5,46.3,46.2,45.8,45.5,45.2,45.1,44.9,44.6,44.4,44.2,44.1,43.9,43.6,43.3,43.0,42.6,42.3,42.0,41.7,41.4,41.3,41.1,40.8,40.5,40.3,40.0,39.8,39.5,39.2,39.0,38.9,38.6,38.5,38.3,38.1,38.0,37.8,37.6,37.5,37.3,37.2,37.1,36.9,36.7,36.5,36.2,36.0,35.7,35.4,35.1,34.8,34.5,34.3,34.1,33.9,33.7,33.6,33.5,33.3,33.2,33.1,33.0,32.9,32.7]
OTBLOCK|Paros|H|31|[53.0,52.5,52.0,51.5,51.3,51.1,50.8,50.7,50.5,50.1,49.8,49.6,49.4,49.2,49.0,49.0,48.9,48.6,48.4,48.3,48.1,48.0,47.9,47.7,47.5,47.1,47.0,46.7,46.5,46.6,46.6,46.6,46.6,46.6,46.7,46.8,46.7,46.6,46.4,46.1,45.8,45.6,45.4,45.2,45.0,44.8,44.6,44.4,44.2,43.9,43.6,43.3,42.9,42.6,42.3,41.9,41.7,41.5,41.3,41.0,40.8,40.6,40.3,40.0,39.7,39.3,39.1,38.8,38.6,38.4,38.2,38.0,37.8,37.7,37.5,37.3,37.2,37.1,36.9,36.8,36.6,36.3,36.1,35.9,35.7,35.5,35.2,34.9,34.7,34.4,34.1,33.9,33.8,33.7,33.6,33.4,33.3,33.2,33.1,33.0,32.8]
OTBLOCK|Paros|H|32|[53.5,52.9,52.4,51.8,51.6,51.4,51.2,51.0,50.8,50.5,50.2,49.9,49.7,49.5,49.4,49.4,49.2,48.9,48.7,48.6,48.5,48.3,48.2,48.1,47.8,47.4,47.2,46.9,46.7,46.8,46.8,46.8,46.8,46.8,46.9,47.0,46.9,46.8,46.7,46.5,46.2,46.0,45.8,45.5,45.3,45.1,44.9,44.7,44.5,44.2,43.9,43.5,43.2,42.8,42.5,42.2,42.0,41.8,41.6,41.4,41.1,40.8,40.5,40.2,39.9,39.5,39.2,38.9,38.6,38.4,38.1,37.9,37.8,37.6,37.4,37.2,37.1,37.0,36.8,36.6,36.4,36.2,36.0,35.8,35.7,35.5,35.2,35.0,34.8,34.5,34.2,34.0,33.9,33.8,33.7,33.5,33.4,33.3,33.2,33.1,32.9]
OTBLOCK|Paros|H|33|[54.1,53.5,52.9,52.2,52.0,51.7,51.5,51.3,51.1,50.7,50.5,50.3,50.0,49.8,49.7,49.7,49.5,49.3,49.2,49.0,48.8,48.6,48.5,48.4,48.1,47.8,47.6,47.3,47.0,47.1,47.0,47.0,47.0,47.1,47.2,47.2,47.1,47.0,47.0,46.7,46.5,46.2,46.0,45.8,45.5,45.3,45.1,44.9,44.8,44.5,44.1,43.8,43.4,42.9,42.6,42.4,42.2,42.1,41.9,41.7,41.5,41.2,40.9,40.6,40.2,39.8,39.4,39.1,38.6,38.4,38.1,37.9,37.7,37.5,37.4,37.2,37.0,36.9,36.7,36.5,36.3,36.1,35.9,35.7,35.5,35.3,35.1,34.9,34.8,34.5,34.2,34.0,33.9,33.8,33.7,33.7,33.6,33.5,33.4,33.2,33.0]
OTBLOCK|Paros|H|34|[54.7,54.0,53.2,52.5,52.3,52.0,51.8,51.6,51.3,51.1,50.8,50.6,50.3,50.1,50.0,50.0,49.8,49.7,49.6,49.4,49.1,48.9,48.8,48.7,48.4,48.2,47.9,47.6,47.3,47.3,47.3,47.3,47.3,47.4,47.4,47.4,47.3,47.3,47.2,47.0,46.7,46.5,46.2,46.0,45.8,45.6,45.4,45.2,45.1,44.7,44.3,43.9,43.4,43.0,42.8,42.6,42.5,42.4,42.2,42.0,41.8,41.6,41.2,40.9,40.5,40.0,39.6,39.1,38.7,38.4,38.1,37.9,37.7,37.5,37.3,37.1,36.9,36.8,36.6,36.4,36.2,36.0,35.8,35.6,35.4,35.2,35.0,34.9,34.7,34.5,34.2,34.1,34.0,33.9,33.8,33.8,33.7,33.6,33.5,33.3,33.1]
OTBLOCK|Paros|H|35|[55.3,54.6,53.8,52.9,52.7,52.4,52.1,51.9,51.6,51.3,51.0,50.8,50.5,50.3,50.2,50.2,50.1,50.0,49.9,49.7,49.4,49.3,49.1,49.0,48.7,48.5,48.3,48.0,47.6,47.6,47.5,47.5,47.5,47.5,47.5,47.5,47.5,47.5,47.5,47.2,47.0,46.8,46.6,46.2,46.0,45.8,45.6,45.5,45.2,44.8,44.4,44.0,43.5,43.2,43.0,42.9,42.8,42.7,42.6,42.4,42.2,42.0,41.7,41.3,40.9,40.4,40.0,39.5,39.1,38.8,38.4,38.1,37.9,37.5,37.3,37.0,36.8,36.6,36.4,36.2,36.1,35.9,35.7,35.5,35.3,35.2,35.0,34.9,34.7,34.5,34.3,34.1,34.0,33.9,33.9,33.8,33.7,33.6,33.6,33.4,33.2]
OTBLOCK|Paros|H|36|[56.0,55.3,54.2,53.3,53.0,52.6,52.4,52.1,51.7,51.5,51.2,51.0,50.7,50.5,50.4,50.4,50.3,50.3,50.2,50.0,49.7,49.6,49.4,49.3,49.1,48.9,48.7,48.3,48.0,47.9,47.6,47.6,47.6,47.6,47.6,47.7,47.7,47.7,47.7,47.5,47.4,47.2,46.8,46.5,46.2,46.0,45.8,45.5,45.2,44.9,44.5,44.0,43.7,43.4,43.2,43.2,43.1,43.0,43.0,42.8,42.7,42.5,42.1,41.7,41.3,40.9,40.5,40.0,39.6,39.2,38.8,38.4,38.0,37.6,37.3,36.8,36.6,36.4,36.3,36.1,36.0,35.8,35.6,35.4,35.3,35.1,35.0,34.8,34.7,34.5,34.3,34.1,34.0,33.9,33.9,33.8,33.7,33.6,33.6,33.4,33.3]
OTBLOCK|Paros|H|37|[56.6,55.7,54.7,53.7,53.3,52.9,52.6,52.3,52.0,51.7,51.5,51.2,50.9,50.7,50.7,50.6,50.6,50.6,50.5,50.3,50.0,49.9,49.7,49.6,49.5,49.3,49.0,48.6,48.3,48.1,47.8,47.8,47.8,47.7,47.8,47.8,47.8,47.8,47.8,47.8,47.7,47.4,47.0,46.7,46.5,46.3,46.0,45.7,45.3,44.9,44.6,44.2,43.9,43.6,43.5,43.4,43.4,43.4,43.3,43.2,43.1,42.9,42.5,42.1,41.8,41.4,40.9,40.5,40.0,39.5,39.1,38.6,38.2,37.7,37.3,36.8,36.6,36.4,36.2,36.1,36.0,35.8,35.6,35.4,35.2,35.1,34.9,34.8,34.7,34.5,34.3,34.2,34.1,33.9,33.8,33.7,33.7,33.7,33.6,33.5,33.4]
OTBLOCK|Paros|H|38|[57.1,56.2,55.1,54.1,53.7,53.3,52.9,52.6,52.2,52.0,51.7,51.5,51.2,50.9,50.9,50.9,50.9,50.9,50.8,50.5,50.3,50.2,50.0,49.9,49.8,49.6,49.3,49.0,48.7,48.5,48.2,48.1,48.0,47.8,47.8,47.9,47.9,47.9,47.9,47.8,47.7,47.4,47.2,47.1,46.8,46.6,46.3,45.9,45.5,45.1,44.7,44.3,44.0,43.8,43.7,43.7,43.6,43.6,43.6,43.5,43.4,43.1,42.8,42.6,42.2,41.7,41.2,40.8,40.3,39.8,39.4,38.9,38.5,38.0,37.6,37.2,36.9,36.7,36.3,36.2,35.9,35.7,35.5,35.3,35.1,35.0,34.9,34.8,34.7,34.5,34.3,34.2,34.1,33.9,33.8,33.7,33.7,33.6,33.5,33.4,33.4]
OTBLOCK|Paros|H|39|[57.6,56.7,55.6,54.5,54.1,53.6,53.2,52.8,52.5,52.2,52.0,51.7,51.4,51.1,51.2,51.2,51.2,51.1,51.0,50.8,50.6,50.5,50.3,50.2,50.0,49.9,49.6,49.3,49.1,48.8,48.6,48.4,48.1,47.9,47.9,48.0,48.0,48.0,47.9,47.9,47.8,47.6,47.5,47.4,47.1,46.8,46.5,46.0,45.6,45.2,44.8,44.5,44.2,44.0,43.9,43.9,43.9,43.8,43.8,43.7,43.7,43.5,43.2,43.0,42.5,42.0,41.5,41.1,40.6,40.2,39.7,39.3,38.8,38.3,37.9,37.5,37.2,36.8,36.5,36.2,35.9,35.6,35.4,35.2,35.1,34.9,34.8,34.7,34.7,34.5,34.4,34.2,34.1,33.9,33.8,33.7,33.6,33.5,33.4,33.4,33.5]
OTBLOCK|Paros|H|40|[58.1,57.2,56.0,55.1,54.6,54.1,53.6,53.2,52.8,52.5,52.3,52.0,51.7,51.3,51.4,51.5,51.4,51.4,51.3,51.1,50.9,50.8,50.6,50.5,50.4,50.2,50.0,49.7,49.6,49.3,48.9,48.6,48.3,48.0,48.1,48.0,48.0,48.0,48.0,47.9,47.8,47.7,47.6,47.5,47.2,47.0,46.6,46.2,45.9,45.5,45.1,44.7,44.4,44.2,44.1,44.1,44.1,44.0,44.1,44.0,43.9,43.8,43.5,43.3,42.7,42.2,41.7,41.3,40.9,40.4,40.0,39.6,39.1,38.7,38.3,37.8,37.5,37.1,36.7,36.4,36.1,35.8,35.6,35.3,35.1,34.9,34.8,34.7,34.7,34.5,34.4,34.3,34.1,34.0,33.9,33.8,33.7,33.6,33.5,33.5,33.5]
OTBLOCK|Paros|H|41|[58.6,57.7,56.6,55.7,55.1,54.4,53.9,53.5,53.1,52.8,52.6,52.3,51.9,51.6,51.6,51.7,51.7,51.6,51.6,51.4,51.2,51.0,50.9,50.8,50.7,50.6,50.3,50.2,50.1,49.7,49.3,48.9,48.5,48.2,48.2,48.0,48.0,48.0,48.0,47.9,47.8,47.7,47.6,47.5,47.2,47.1,46.7,46.5,46.2,45.7,45.3,44.9,44.6,44.4,44.3,44.3,44.3,44.3,44.3,44.2,44.2,44.0,43.8,43.5,43.0,42.5,42.0,41.6,41.1,40.7,40.3,39.9,39.4,39.0,38.6,38.2,37.8,37.4,37.0,36.7,36.4,36.1,35.7,35.4,35.2,34.9,34.8,34.7,34.6,34.5,34.5,34.3,34.2,34.1,34.0,33.9,33.8,33.7,33.5,33.5,33.5]
OTBLOCK|Paros|H|42|[59.1,58.2,57.2,56.3,55.5,54.8,54.3,53.9,53.4,53.2,53.0,52.6,52.2,51.8,51.9,51.9,51.9,51.9,51.8,51.7,51.5,51.4,51.3,51.2,51.0,50.9,50.8,50.7,50.4,50.0,49.6,49.2,48.7,48.4,48.2,48.1,48.0,48.0,48.0,47.9,47.8,47.7,47.6,47.5,47.4,47.2,46.9,46.7,46.4,45.9,45.4,45.1,44.8,44.6,44.5,44.5,44.5,44.5,44.5,44.5,44.4,44.3,44.0,43.8,43.3,42.7,42.3,41.8,41.4,41.0,40.6,40.2,39.7,39.3,38.9,38.5,38.1,37.7,37.3,37.0,36.6,36.2,35.8,35.5,35.3,35.0,34.8,34.8,34.7,34.6,34.5,34.4,34.3,34.2,34.1,34.0,33.9,33.7,33.6,33.5,33.5]
OTBLOCK|Paros|H|43|[59.5,58.7,57.7,56.9,56.2,55.6,55.1,54.6,53.9,53.6,53.3,52.9,52.5,52.2,52.2,52.2,52.1,52.1,52.1,51.9,51.8,51.7,51.6,51.5,51.4,51.2,51.1,50.9,50.7,50.2,49.9,49.5,49.1,48.8,48.7,48.2,48.0,48.0,48.0,47.9,47.8,47.8,47.7,47.6,47.4,47.2,46.9,46.7,46.4,46.0,45.5,45.2,44.9,44.8,44.7,44.6,44.6,44.6,44.6,44.6,44.6,44.4,44.2,44.1,43.6,43.0,42.6,42.1,41.7,41.2,40.8,40.4,40.0,39.6,39.2,38.8,38.4,38.0,37.6,37.3,36.7,36.3,36.0,35.8,35.5,35.1,35.0,34.8,34.7,34.6,34.5,34.5,34.3,34.2,34.1,34.0,33.9,33.7,33.5,33.5,33.4]
OTBLOCK|Paros|H|44|[59.9,59.2,58.4,57.6,57.0,56.4,55.8,55.0,54.3,54.0,53.6,53.2,52.8,52.5,52.5,52.4,52.4,52.4,52.4,52.3,52.2,52.0,51.9,51.8,51.7,51.5,51.4,51.1,50.9,50.6,50.2,49.9,49.6,49.2,48.8,48.3,48.1,48.0,48.0,47.9,47.9,47.8,47.7,47.6,47.4,47.1,46.9,46.7,46.5,46.0,45.6,45.3,45.1,44.9,44.9,44.8,44.8,44.8,44.7,44.7,44.7,44.6,44.6,44.5,43.9,43.3,42.8,42.4,41.9,41.5,41.1,40.6,40.3,39.9,39.5,39.1,38.7,38.3,37.9,37.4,36.8,36.4,36.2,36.0,35.6,35.3,35.0,34.9,34.7,34.6,34.6,34.5,34.3,34.2,34.1,34.0,33.8,33.6,33.5,33.4,33.3]
OTBLOCK|Paros|H|45|[60.3,59.6,58.8,58.4,57.8,57.2,56.4,55.7,54.7,54.3,53.9,53.6,53.2,52.9,52.8,52.7,52.7,52.7,52.7,52.5,52.5,52.4,52.2,52.1,52.0,51.8,51.6,51.4,51.2,50.9,50.6,50.3,49.9,49.5,49.0,48.5,48.4,48.3,48.1,48.1,48.0,47.8,47.7,47.5,47.3,47.1,46.9,46.7,46.5,46.0,45.6,45.3,45.2,45.0,44.9,44.9,44.8,44.8,44.8,44.8,44.8,44.7,44.7,44.6,44.0,43.6,43.2,42.7,42.2,41.7,41.3,40.9,40.5,40.1,39.7,39.3,38.9,38.5,38.1,37.6,36.9,36.5,36.3,36.2,35.8,35.5,35.2,35.0,34.8,34.7,34.6,34.5,34.4,34.2,34.1,33.9,33.8,33.6,33.3,33.3,33.2]
OTBLOCK|Paros|H|46|[60.6,59.9,59.5,59.2,58.5,57.9,57.1,56.1,55.1,54.7,54.3,53.9,53.5,53.2,53.1,53.0,53.0,53.0,52.9,52.8,52.8,52.7,52.5,52.4,52.3,52.1,51.9,51.7,51.5,51.2,50.9,50.6,50.2,49.8,49.3,48.9,48.7,48.4,48.2,48.1,47.9,47.8,47.6,47.4,47.2,47.0,46.8,46.7,46.4,46.0,45.6,45.3,45.2,45.0,45.0,44.9,44.9,44.8,44.8,44.8,44.8,44.8,44.8,44.7,44.2,43.9,43.5,43.0,42.4,42.0,41.5,41.1,40.7,40.3,39.9,39.5,39.1,38.8,38.4,37.7,37.0,36.6,36.5,36.4,36.0,35.7,35.5,35.2,34.9,34.8,34.7,34.6,34.3,34.1,34.0,33.8,33.7,33.4,33.2,33.1,33.1]
OTBLOCK|Paros|H|47|[60.8,60.5,60.1,59.8,59.1,58.4,57.5,56.4,55.4,55.0,54.6,54.3,53.9,53.6,53.5,53.3,53.2,53.2,53.1,53.1,53.0,52.9,52.8,52.7,52.6,52.4,52.2,52.0,51.8,51.6,51.3,50.9,50.5,50.2,49.7,49.3,49.0,48.7,48.4,48.2,48.0,47.8,47.6,47.4,47.2,47.1,46.8,46.7,46.4,46.0,45.6,45.4,45.2,45.1,45.0,44.9,44.9,44.8,44.8,44.8,44.9,44.8,44.8,44.8,44.5,44.2,43.8,43.2,42.7,42.2,41.8,41.3,40.9,40.5,40.1,39.7,39.3,39.0,38.6,37.8,37.1,36.8,36.7,36.6,36.2,35.9,35.6,35.3,35.0,34.9,34.8,34.6,34.3,34.1,33.9,33.8,33.5,33.3,33.1,33.0,33.0]
OTBLOCK|Paros|H|48|[60.9,60.6,60.3,60.0,59.3,58.7,57.8,56.7,55.7,55.3,55.0,54.6,54.3,53.9,53.8,53.6,53.4,53.4,53.3,53.3,53.2,53.1,53.0,52.9,52.8,52.7,52.5,52.3,52.2,51.9,51.6,51.2,50.9,50.5,50.1,49.8,49.5,49.2,48.9,48.7,48.5,48.4,48.1,47.8,47.6,47.3,47.0,46.8,46.5,46.1,45.8,45.5,45.3,45.0,45.0,44.9,44.9,44.9,44.8,44.9,44.8,44.8,44.8,44.7,44.5,44.3,43.9,43.4,43.0,42.6,42.1,41.6,41.1,40.7,40.3,39.9,39.5,39.2,38.7,38.0,37.4,37.2,37.0,36.8,36.5,36.1,35.8,35.4,35.2,35.1,34.9,34.6,34.3,34.1,33.9,33.6,33.3,33.1,33.0,33.0,32.9]
OTBLOCK|Paros|H|49|[61.0,60.7,60.5,60.2,59.6,59.0,58.1,56.9,55.9,55.6,55.4,55.0,54.6,54.3,54.0,53.7,53.6,53.5,53.5,53.5,53.5,53.4,53.3,53.2,53.1,53.0,52.8,52.7,52.5,52.2,51.9,51.5,51.2,50.9,50.6,50.3,50.0,49.7,49.5,49.3,49.1,48.8,48.5,48.2,47.8,47.5,47.2,46.9,46.6,46.2,45.9,45.6,45.3,45.0,45.0,45.0,44.9,44.9,44.8,44.8,44.8,44.8,44.8,44.7,44.6,44.4,44.1,43.7,43.4,42.8,42.3,41.8,41.3,40.9,40.4,40.0,39.7,39.3,38.9,38.3,37.8,37.5,37.3,37.0,36.6,36.3,35.9,35.6,35.4,35.1,34.9,34.6,34.3,34.0,33.7,33.4,33.2,33.1,33.0,33.0,32.9]
OTBLOCK|Paros|H|50|[61.2,61.0,60.8,60.3,59.8,58.8,57.6,56.5,56.3,56.0,55.7,55.5,55.1,54.8,54.5,54.2,54.0,53.9,53.7,53.7,53.7,53.6,53.5,53.5,53.3,53.2,53.1,52.9,52.8,52.4,52.2,51.9,51.6,51.3,51.0,50.7,50.4,50.1,49.9,49.7,49.5,49.1,48.8,48.6,48.2,47.9,47.5,47.3,46.9,46.5,46.1,45.8,45.5,45.1,45.1,45.0,44.9,44.9,44.8,44.8,44.8,44.8,44.8,44.6,44.5,44.4,44.1,43.7,43.5,43.0,42.5,42.0,41.5,41.1,40.7,40.2,39.8,39.4,39.0,38.5,38.0,37.7,37.5,37.2,36.8,36.5,36.2,35.9,35.5,35.3,35.0,34.7,34.4,34.0,33.7,33.4,33.2,33.0,33.0,32.9,32.9]
OTBLOCK|Paros|H|51|[61.6,61.3,61.0,60.5,59.6,58.1,56.8,56.7,56.6,56.4,56.2,55.9,55.6,55.4,55.0,54.6,54.4,54.2,54.0,53.9,53.8,53.8,53.7,53.7,53.6,53.5,53.3,53.2,53.0,52.7,52.6,52.3,52.0,51.6,51.3,51.0,50.7,50.4,50.2,50.0,49.7,49.4,49.2,49.0,48.7,48.3,48.0,47.6,47.2,46.8,46.4,46.1,45.6,45.2,45.1,45.0,44.9,44.9,44.8,44.8,44.7,44.7,44.6,44.5,44.4,44.3,44.0,43.8,43.6,43.1,42.7,42.2,41.8,41.4,41.0,40.4,40.0,39.6,39.2,38.7,38.3,38.0,37.7,37.4,37.0,36.7,36.4,36.1,35.7,35.5,35.2,34.9,34.5,34.0,33.7,33.3,33.1,33.0,32.9,32.9,32.8]
OTBLOCK|Paros|H|52|[61.8,61.4,61.0,60.2,58.7,57.3,57.1,57.0,56.9,56.8,56.6,56.4,56.2,55.9,55.5,55.0,54.7,54.4,54.2,54.1,54.0,54.0,54.0,53.9,53.8,53.7,53.5,53.4,53.2,53.1,52.9,52.6,52.3,51.9,51.6,51.3,51.0,50.7,50.5,50.3,50.0,49.8,49.6,49.4,49.1,48.7,48.3,47.9,47.5,47.1,46.7,46.2,45.7,45.3,45.2,45.0,44.9,44.9,44.8,44.8,44.7,44.7,44.6,44.4,44.3,44.2,44.0,43.8,43.6,43.2,42.8,42.5,42.1,41.7,41.1,40.6,40.1,39.7,39.3,38.9,38.5,38.2,37.9,37.6,37.3,37.0,36.6,36.3,35.9,35.7,35.4,35.0,34.5,34.1,33.7,33.3,33.1,33.0,32.9,32.8,32.8]
OTBLOCK|Paros|H|53|[61.5,61.2,60.4,59.1,57.6,57.4,57.3,57.2,57.2,57.0,56.9,56.8,56.5,56.3,55.9,55.3,55.0,54.7,54.4,54.3,54.3,54.2,54.2,54.1,54.0,53.9,53.7,53.6,53.4,53.3,53.1,52.8,52.5,52.1,51.8,51.4,51.1,50.9,50.7,50.5,50.3,50.1,49.9,49.7,49.3,49.0,48.6,48.2,47.9,47.4,47.0,46.5,46.0,45.6,45.4,45.1,45.0,44.9,44.8,44.8,44.7,44.7,44.5,44.4,44.2,44.1,43.9,43.7,43.6,43.1,42.9,42.5,42.3,42.0,41.4,40.7,40.3,39.9,39.5,39.1,38.7,38.4,38.1,37.7,37.4,37.1,36.8,36.5,36.1,35.9,35.5,35.1,34.7,34.3,33.9,33.5,33.4,33.2,32.8,32.8,32.8]
OTBLOCK|Paros|H|54|[61.3,60.5,59.3,58.0,57.8,57.6,57.6,57.5,57.4,57.4,57.3,57.1,57.0,56.8,56.2,55.6,55.2,54.9,54.6,54.6,54.5,54.4,54.4,54.3,54.2,54.0,53.9,53.8,53.6,53.5,53.3,53.0,52.7,52.4,52.0,51.6,51.3,51.1,50.9,50.8,50.6,50.4,50.2,49.9,49.6,49.3,48.9,48.6,48.2,47.7,47.3,46.8,46.3,45.8,45.5,45.2,45.0,44.9,44.8,44.8,44.8,44.6,44.5,44.3,44.1,44.0,43.8,43.7,43.5,43.2,43.0,42.7,42.5,42.3,41.6,40.9,40.4,40.1,39.7,39.3,38.9,38.6,38.2,37.9,37.6,37.3,37.0,36.6,36.3,36.0,35.7,35.3,34.9,34.5,34.2,33.8,33.5,33.1,32.8,32.8,32.7]
OTBLOCK|Paros|H|55|[60.3,59.4,58.2,58.1,58.0,58.0,58.1,58.0,57.7,57.6,57.6,57.5,57.3,57.2,56.6,55.9,55.3,55.0,54.8,54.7,54.6,54.6,54.5,54.5,54.3,54.2,54.1,54.0,53.8,53.6,53.4,53.1,52.8,52.5,52.1,51.8,51.6,51.4,51.1,51.0,50.8,50.6,50.3,50.0,49.7,49.4,49.1,48.8,48.4,47.9,47.5,47.0,46.5,46.0,45.7,45.3,45.1,45.0,44.9,44.8,44.8,44.6,44.4,44.2,44.0,43.9,43.7,43.6,43.3,43.1,42.9,42.7,42.5,42.2,41.5,41.0,40.6,40.2,39.9,39.5,39.1,38.7,38.4,38.0,37.8,37.5,37.1,36.8,36.5,36.1,35.8,35.5,35.1,34.7,34.4,34.0,33.7,33.3,33.0,33.0,32.8]
OTBLOCK|Paros|H|56|[59.2,58.3,58.2,58.2,58.3,58.6,58.7,58.3,57.9,57.9,57.8,57.7,57.7,57.6,56.9,55.9,55.4,55.1,54.9,54.8,54.7,54.7,54.7,54.6,54.5,54.4,54.3,54.1,53.9,53.7,53.4,53.1,52.9,52.7,52.3,52.1,51.9,51.6,51.3,51.1,50.9,50.7,50.4,50.0,49.8,49.6,49.2,48.9,48.5,48.1,47.7,47.2,46.7,46.2,45.9,45.4,45.2,45.1,44.9,44.9,44.7,44.5,44.3,44.1,43.9,43.8,43.6,43.3,43.1,42.9,42.7,42.6,42.4,42.1,41.5,41.1,40.7,40.4,40.0,39.6,39.3,38.9,38.5,38.2,37.9,37.6,37.3,36.9,36.6,36.3,36.0,35.7,35.3,34.9,34.6,34.2,33.9,33.6,33.3,33.1,32.8]
OTBLOCK|Paros|H|57|[58.4,58.4,58.4,58.5,58.8,59.1,58.9,58.4,58.1,58.1,58.1,58.1,58.1,57.6,56.7,55.8,55.5,55.2,55.0,55.0,54.9,54.8,54.8,54.7,54.7,54.6,54.4,54.3,54.1,53.8,53.5,53.2,53.1,52.9,52.6,52.4,52.1,51.8,51.5,51.3,51.0,50.7,50.4,50.1,49.9,49.7,49.4,49.0,48.7,48.3,47.8,47.4,46.9,46.5,46.0,45.6,45.3,45.2,45.0,44.9,44.7,44.5,44.2,44.0,43.8,43.6,43.4,43.1,42.9,42.8,42.6,42.4,42.2,42.0,41.6,41.2,40.9,40.5,40.2,39.8,39.4,39.1,38.7,38.4,38.1,37.7,37.4,37.1,36.7,36.5,36.2,35.8,35.5,35.1,34.8,34.5,34.1,33.8,33.5,33.1,32.8]
OTBLOCK|Paros|H|58|[58.6,58.6,58.6,58.6,58.9,59.0,58.7,58.5,58.4,58.4,58.4,58.4,57.9,56.9,56.0,55.8,55.5,55.4,55.3,55.3,55.1,55.0,54.9,54.9,54.8,54.7,54.6,54.4,54.2,53.9,53.6,53.4,53.2,53.0,52.8,52.5,52.2,52.0,51.7,51.5,51.1,50.8,50.5,50.3,50.1,49.8,49.5,49.2,48.8,48.4,48.0,47.6,47.1,46.7,46.3,45.8,45.6,45.4,45.1,45.0,44.7,44.4,44.2,43.9,43.7,43.4,43.2,42.9,42.8,42.6,42.5,42.3,42.1,41.8,41.4,41.2,40.9,40.6,40.5,40.1,39.7,39.3,38.9,38.6,38.2,37.9,37.5,37.2,36.9,36.6,36.3,35.9,35.6,35.3,35.0,34.6,34.3,34.0,33.7,33.4,33.2]
OTBLOCK|Paros|H|59|[58.8,58.8,58.7,58.7,58.8,58.9,58.8,58.7,58.7,58.7,58.7,58.3,57.2,56.2,56.0,55.8,55.7,55.6,55.6,55.4,55.2,55.1,55.1,55.0,54.9,54.8,54.7,54.5,54.3,54.1,53.8,53.6,53.4,53.1,52.9,52.7,52.4,52.1,51.9,51.5,51.2,50.9,50.7,50.5,50.2,50.0,49.7,49.3,49.0,48.6,48.2,47.8,47.4,46.9,46.5,46.1,45.8,45.5,45.2,44.9,44.6,44.3,44.0,43.8,43.5,43.2,43.0,42.8,42.6,42.5,42.3,42.1,41.9,41.6,41.4,41.2,41.0,40.9,40.7,40.3,39.9,39.5,39.1,38.7,38.4,38.0,37.6,37.3,37.0,36.7,36.4,36.1,35.8,35.5,35.1,34.8,34.5,34.2,34.0,33.8,33.6]
OTBLOCK|Paros|H|60|[59.1,59.1,59.1,58.9,58.9,59.0,59.0,58.9,58.7,58.8,58.4,57.5,56.4,56.1,56.0,55.8,55.8,55.7,55.7,55.5,55.3,55.3,55.2,55.1,55.0,54.9,54.8,54.6,54.4,54.2,54.0,53.8,53.5,53.3,53.1,52.8,52.5,52.3,52.0,51.6,51.3,51.1,50.9,50.6,50.3,50.1,49.8,49.4,49.0,48.6,48.3,47.9,47.4,47.1,46.7,46.3,46.1,45.8,45.4,45.1,44.7,44.3,44.0,43.7,43.4,43.1,42.9,42.7,42.5,42.3,42.1,41.9,41.7,41.5,41.3,41.2,41.1,40.9,40.8,40.4,40.1,39.8,39.4,38.9,38.6,38.2,37.8,37.5,37.1,36.8,36.5,36.2,35.9,35.6,35.3,35.0,34.7,34.4,34.2,34.0,33.8]
OTBLOCK|Paros|H|61|[59.5,59.6,59.3,59.0,59.1,59.1,59.1,58.9,58.7,58.4,57.6,56.6,56.3,56.1,56.0,55.8,55.8,55.7,55.7,55.5,55.5,55.4,55.3,55.2,55.1,55.0,54.9,54.7,54.5,54.3,54.1,53.9,53.7,53.5,53.2,52.9,52.6,52.4,52.1,51.8,51.5,51.2,51.0,50.7,50.4,50.2,49.9,49.4,49.0,48.6,48.3,47.9,47.6,47.3,47.0,46.7,46.4,46.0,45.5,45.2,44.7,44.4,44.0,43.7,43.4,43.0,42.8,42.5,42.3,42.1,41.9,41.6,41.5,41.4,41.3,41.2,41.1,40.9,40.7,40.5,40.4,40.1,39.6,39.2,38.8,38.4,38.0,37.6,37.2,36.9,36.6,36.3,36.0,35.7,35.4,35.1,34.8,34.6,34.3,34.1,33.9]
OTBLOCK|Paros|H|62|[59.9,59.7,59.3,59.1,59.2,59.3,59.2,59.0,58.4,57.6,56.8,56.6,56.3,56.2,56.0,55.9,55.8,55.8,55.7,55.7,55.6,55.5,55.4,55.3,55.2,55.1,55.0,54.8,54.7,54.5,54.3,54.0,53.8,53.6,53.3,53.0,52.7,52.5,52.2,51.9,51.6,51.3,51.1,50.8,50.5,50.3,49.9,49.4,49.0,48.6,48.3,48.0,47.8,47.5,47.2,47.0,46.6,46.1,45.7,45.2,44.8,44.4,44.0,43.6,43.3,43.0,42.7,42.4,42.1,41.9,41.7,41.5,41.4,41.3,41.2,41.1,41.0,40.9,40.8,40.7,40.6,40.3,39.8,39.4,39.0,38.5,38.1,37.7,37.4,37.0,36.7,36.4,36.1,35.8,35.5,35.2,35.0,34.7,34.5,34.3,34.1]
OTBLOCK|Paros|H|63|[59.6,59.4,59.2,59.1,59.2,59.4,59.3,58.7,57.6,56.8,56.8,56.6,56.4,56.3,56.1,56.0,55.9,55.9,55.8,55.8,55.7,55.6,55.5,55.4,55.3,55.2,55.1,54.9,54.7,54.6,54.3,54.1,53.9,53.7,53.4,53.1,52.8,52.5,52.2,51.9,51.7,51.4,51.2,50.9,50.6,50.3,49.9,49.5,49.1,48.7,48.3,48.0,47.7,47.5,47.2,47.0,46.6,46.2,45.8,45.3,44.8,44.3,44.0,43.5,43.2,42.9,42.6,42.3,42.0,41.8,41.6,41.4,41.3,41.2,41.1,41.0,40.9,40.8,40.7,40.6,40.5,40.2,39.8,39.5,39.0,38.6,38.2,37.8,37.5,37.1,36.8,36.5,36.2,35.9,35.6,35.3,35.1,34.8,34.6,34.4,34.2]
OTBLOCK|Paros|H|64|[59.3,59.2,59.2,59.1,59.3,59.6,59.1,57.9,56.8,56.8,56.8,56.7,56.5,56.4,56.2,56.0,55.9,55.9,55.9,55.8,55.8,55.7,55.6,55.6,55.4,55.3,55.1,55.0,54.8,54.6,54.3,54.1,53.9,53.7,53.5,53.2,52.9,52.6,52.3,52.0,51.7,51.5,51.3,51.0,50.7,50.4,50.0,49.6,49.1,48.7,48.3,48.0,47.7,47.4,47.2,47.1,46.7,46.3,45.8,45.3,44.7,44.3,43.8,43.4,43.1,42.8,42.5,42.2,41.9,41.7,41.5,41.3,41.2,41.1,41.0,40.9,40.8,40.7,40.5,40.5,40.4,40.1,39.9,39.5,39.1,38.7,38.3,38.0,37.6,37.2,36.8,36.5,36.2,35.9,35.7,35.4,35.2,34.9,34.7,34.5,34.3]
OTBLOCK|Paros|H|65|[59.2,59.2,59.2,59.4,59.6,59.2,58.0,56.8,56.8,56.8,56.9,56.8,56.6,56.5,56.3,56.1,56.0,56.0,56.0,55.9,55.8,55.8,55.7,55.6,55.5,55.3,55.1,55.0,54.8,54.6,54.3,54.1,53.9,53.7,53.5,53.2,52.9,52.6,52.3,52.0,51.8,51.5,51.3,51.0,50.7,50.4,49.9,49.5,49.1,48.7,48.3,48.0,47.7,47.3,47.2,47.0,46.7,46.3,46.0,45.4,44.8,44.4,43.9,43.5,43.1,42.8,42.6,42.3,41.9,41.7,41.4,41.2,41.1,41.0,40.9,40.8,40.7,40.5,40.4,40.4,40.3,40.1,39.8,39.6,39.2,38.8,38.4,38.0,37.7,37.3,36.9,36.6,36.3,36.0,35.7,35.5,35.2,35.0,34.8,34.6,34.4]
OTBLOCK|Paros|H|66|[59.2,59.2,59.4,59.6,59.2,58.0,56.8,56.7,56.8,56.8,56.9,56.9,56.7,56.5,56.3,56.2,56.1,56.1,56.1,56.0,55.9,55.9,55.8,55.7,55.5,55.2,55.1,54.9,54.8,54.5,54.3,54.1,53.9,53.7,53.5,53.2,52.9,52.6,52.4,52.1,51.8,51.5,51.3,51.0,50.6,50.2,49.8,49.4,48.9,48.6,48.2,47.9,47.6,47.2,47.1,47.0,46.7,46.4,46.1,45.6,45.0,44.5,44.0,43.6,43.3,43.0,42.7,42.3,41.9,41.6,41.2,41.0,41.0,40.9,40.8,40.6,40.5,40.4,40.3,40.3,40.2,40.0,39.8,39.6,39.3,38.9,38.5,38.2,37.8,37.4,37.0,36.7,36.4,36.0,35.8,35.5,35.3,35.1,34.9,34.7,34.5]
OTBLOCK|Paros|H|67|[59.2,59.3,59.6,59.3,58.0,56.8,56.7,56.8,56.8,56.9,57.0,56.9,56.7,56.6,56.4,56.3,56.2,56.2,56.1,56.1,56.0,55.9,55.8,55.7,55.4,55.2,55.0,54.9,54.7,54.4,54.2,54.1,53.9,53.7,53.5,53.2,53.0,52.7,52.4,52.1,51.8,51.5,51.2,50.9,50.5,50.0,49.7,49.3,48.9,48.6,48.2,47.8,47.4,47.1,47.0,47.0,46.8,46.5,46.2,45.7,45.1,44.6,44.2,43.7,43.4,43.1,42.8,42.4,41.9,41.5,41.1,41.0,40.9,40.7,40.6,40.5,40.4,40.3,40.2,40.2,40.1,40.0,39.8,39.6,39.3,39.0,38.6,38.2,37.9,37.5,37.1,36.8,36.4,36.1,35.8,35.6,35.4,35.2,35.0,34.8,34.6]
OTBLOCK|Paros|H|68|[59.1,59.3,59.1,58.1,56.9,56.8,56.8,56.9,56.9,57.0,56.9,56.8,56.7,56.6,56.5,56.3,56.3,56.3,56.3,56.2,56.1,55.9,55.8,55.7,55.4,55.1,54.9,54.7,54.5,54.2,54.2,54.1,53.9,53.7,53.5,53.2,52.9,52.6,52.4,52.1,51.7,51.4,51.1,50.8,50.4,50.0,49.6,49.3,48.9,48.6,48.2,47.8,47.4,47.0,47.0,46.9,46.7,46.5,46.3,45.7,45.3,44.8,44.3,44.0,43.7,43.3,42.9,42.5,42.0,41.6,41.3,41.1,40.9,40.6,40.4,40.3,40.3,40.2,40.1,40.1,40.0,39.9,39.7,39.6,39.2,39.0,38.7,38.3,38.0,37.6,37.2,36.9,36.5,36.2,36.0,35.7,35.5,35.3,35.0,34.8,34.6]
OTBLOCK|Paros|H|69|[59.0,58.7,57.9,57.0,56.9,56.9,56.9,57.0,57.0,56.9,56.8,56.7,56.7,56.6,56.5,56.4,56.4,56.4,56.4,56.2,56.1,56.0,55.8,55.7,55.3,55.0,54.7,54.5,54.3,54.3,54.2,54.1,53.9,53.7,53.4,53.1,52.9,52.7,52.5,52.1,51.7,51.3,51.0,50.7,50.4,50.0,49.7,49.3,48.9,48.5,48.1,47.7,47.3,46.9,46.9,46.8,46.7,46.6,46.4,45.9,45.4,45.0,44.6,44.2,43.8,43.5,43.0,42.5,42.0,41.7,41.4,41.1,40.7,40.4,40.3,40.2,40.2,40.1,40.0,39.9,39.9,39.8,39.7,39.5,39.3,39.0,38.7,38.4,38.1,37.7,37.4,37.0,36.7,36.3,36.0,35.8,35.5,35.3,35.1,34.9,34.7]
OTBLOCK|Paros|H|70|[58.9,58.3,57.5,57.0,57.0,57.1,57.1,57.2,56.9,56.8,56.8,56.8,56.8,56.7,56.6,56.5,56.5,56.5,56.4,56.3,56.1,56.0,55.9,55.5,55.1,54.8,54.6,54.4,54.3,54.3,54.2,54.1,53.9,53.6,53.4,53.1,52.9,52.6,52.4,52.0,51.6,51.3,51.0,50.7,50.3,50.0,49.7,49.3,48.9,48.5,48.0,47.6,47.2,46.8,46.8,46.7,46.7,46.5,46.4,45.9,45.5,45.1,44.7,44.4,44.0,43.6,43.1,42.6,42.2,41.9,41.5,41.1,40.7,40.4,40.3,40.2,40.1,40.0,39.9,39.8,39.8,39.7,39.6,39.4,39.2,39.0,38.8,38.4,38.2,37.8,37.5,37.1,36.8,36.5,36.2,35.9,35.7,35.4,35.2,35.0,34.8]
OTBLOCK|Paros|H|71|[58.7,58.1,57.6,57.2,57.2,57.3,57.3,57.1,56.8,56.8,56.8,56.8,56.8,56.8,56.7,56.6,56.5,56.5,56.4,56.3,56.2,56.1,55.7,55.3,55.0,54.7,54.5,54.4,54.3,54.2,54.2,54.0,53.8,53.6,53.3,53.0,52.8,52.6,52.4,52.0,51.6,51.3,51.0,50.6,50.3,50.0,49.7,49.2,48.8,48.3,47.9,47.4,47.0,46.7,46.6,46.7,46.6,46.5,46.4,46.0,45.6,45.2,44.9,44.6,44.2,43.8,43.3,42.8,42.4,42.0,41.6,41.2,40.8,40.5,40.3,40.1,40.0,39.9,39.8,39.7,39.7,39.6,39.5,39.4,39.2,39.0,38.8,38.5,38.2,37.9,37.6,37.2,36.9,36.6,36.3,36.0,35.8,35.6,35.3,35.1,34.9]
OTBLOCK|Paros|H|72|[58.5,58.1,57.7,57.4,57.4,57.4,57.3,57.0,56.8,56.9,56.9,56.9,56.9,56.8,56.7,56.6,56.5,56.5,56.4,56.3,56.3,55.9,55.5,55.1,54.8,54.6,54.4,54.3,54.2,54.2,54.1,53.9,53.7,53.5,53.2,52.9,52.7,52.5,52.3,51.9,51.5,51.2,50.9,50.6,50.3,50.0,49.6,49.1,48.7,48.2,47.7,47.3,46.9,46.6,46.6,46.6,46.6,46.5,46.4,46.0,45.7,45.4,45.1,44.7,44.3,43.9,43.5,43.0,42.6,42.1,41.6,41.2,40.9,40.5,40.3,40.0,39.9,39.8,39.7,39.6,39.6,39.5,39.4,39.3,39.2,39.0,38.8,38.6,38.3,38.0,37.7,37.4,37.1,36.7,36.5,36.2,35.9,35.7,35.4,35.2,34.9]
OTBLOCK|Paros|H|73|[58.1,57.7,57.4,57.3,57.3,57.3,57.1,56.9,56.9,57.0,56.9,56.9,56.8,56.8,56.7,56.6,56.6,56.5,56.4,56.3,56.0,55.5,55.2,55.0,54.7,54.5,54.3,54.2,54.1,54.1,53.9,53.7,53.5,53.3,53.0,52.8,52.6,52.3,52.0,51.6,51.4,51.1,50.8,50.5,50.2,49.9,49.4,49.0,48.5,48.0,47.6,47.1,46.8,46.5,46.5,46.6,46.5,46.5,46.4,46.0,45.7,45.4,45.1,44.7,44.3,44.0,43.6,43.1,42.7,42.3,41.8,41.5,41.0,40.6,40.4,40.0,39.8,39.7,39.6,39.5,39.5,39.4,39.3,39.2,39.1,39.0,38.8,38.6,38.4,38.1,37.8,37.5,37.2,36.9,36.6,36.3,36.0,35.8,35.5,35.3,35.0]
OTBLOCK|Paros|H|74|[57.7,57.5,57.3,57.2,57.2,57.2,57.1,57.1,57.1,57.0,56.9,56.8,56.8,56.8,56.7,56.6,56.5,56.5,56.4,56.0,55.6,55.3,55.0,54.8,54.6,54.4,54.2,54.1,54.1,53.9,53.7,53.5,53.3,53.1,52.9,52.6,52.4,52.0,51.7,51.4,51.2,50.9,50.6,50.4,50.0,49.7,49.3,48.8,48.3,47.9,47.4,47.0,46.7,46.5,46.5,46.5,46.5,46.4,46.3,46.0,45.8,45.5,45.1,44.7,44.4,44.0,43.7,43.3,42.9,42.5,42.1,41.6,41.2,40.7,40.3,39.8,39.6,39.6,39.5,39.4,39.4,39.3,39.2,39.1,39.0,38.9,38.8,38.6,38.5,38.2,37.9,37.6,37.3,37.0,36.7,36.4,36.2,35.9,35.6,35.3,35.1]
OTBLOCK|Paros|H|75|[57.4,57.3,57.2,57.2,57.1,57.1,57.1,57.0,57.0,56.9,56.8,56.8,56.8,56.8,56.7,56.6,56.5,56.4,56.1,55.7,55.4,55.1,54.9,54.6,54.4,54.2,54.1,54.0,53.8,53.7,53.5,53.3,53.1,52.8,52.6,52.4,52.1,51.7,51.4,51.2,50.9,50.6,50.3,50.1,49.8,49.5,49.2,48.7,48.3,47.8,47.4,47.1,46.8,46.4,46.5,46.5,46.5,46.4,46.3,46.0,45.8,45.6,45.2,44.7,44.4,44.1,43.8,43.4,43.1,42.6,42.2,41.7,41.2,40.8,40.3,39.9,39.7,39.6,39.5,39.4,39.3,39.2,39.1,39.0,38.9,38.8,38.7,38.6,38.5,38.2,38.0,37.8,37.4,37.2,36.9,36.6,36.3,36.0,35.7,35.5,35.2]
OTBLOCK|Paros|H|76|[57.3,57.2,57.1,57.1,57.1,57.0,57.0,56.9,56.9,56.8,56.8,56.8,56.8,56.7,56.6,56.6,56.5,56.1,55.8,55.5,55.2,55.0,54.7,54.4,54.2,54.0,53.9,53.8,53.6,53.4,53.3,53.0,52.8,52.5,52.3,52.0,51.7,51.4,51.2,50.9,50.6,50.3,50.0,49.8,49.6,49.4,49.1,48.7,48.2,47.8,47.5,47.1,46.7,46.4,46.4,46.5,46.4,46.3,46.2,46.1,46.0,45.7,45.2,44.8,44.5,44.2,43.8,43.5,43.2,42.7,42.2,41.7,41.3,40.9,40.4,39.9,39.7,39.6,39.4,39.3,39.2,39.1,39.0,38.9,38.8,38.8,38.6,38.6,38.4,38.2,38.1,37.9,37.6,37.3,37.0,36.7,36.4,36.1,35.9,35.6,35.3]
OTBLOCK|Paros|H|77|[57.1,57.1,57.0,57.0,57.0,56.9,56.9,56.8,56.8,56.8,56.8,56.8,56.7,56.7,56.6,56.5,56.2,55.9,55.5,55.3,55.1,54.8,54.5,54.2,54.0,53.9,53.7,53.6,53.4,53.2,53.0,52.7,52.5,52.2,51.9,51.7,51.4,51.1,50.9,50.5,50.2,50.0,49.8,49.6,49.5,49.4,49.0,48.6,48.2,47.9,47.5,47.1,46.7,46.4,46.4,46.5,46.4,46.3,46.2,46.1,46.1,45.7,45.3,44.9,44.6,44.3,43.9,43.6,43.2,42.7,42.2,41.8,41.4,40.9,40.5,40.0,39.7,39.6,39.4,39.2,39.1,39.0,38.9,38.8,38.7,38.7,38.6,38.5,38.4,38.3,38.2,37.9,37.7,37.4,37.1,36.8,36.6,36.3,36.0,35.7,35.5]
OTBLOCK|Paros|H|78|[56.9,56.9,56.9,56.9,56.9,56.8,56.8,56.8,56.7,56.7,56.7,56.7,56.6,56.4,56.3,56.2,55.9,55.6,55.4,55.1,54.8,54.6,54.3,54.0,53.8,53.6,53.4,53.3,53.1,52.9,52.7,52.4,52.1,51.9,51.6,51.3,51.0,50.8,50.5,50.2,50.1,49.9,49.7,49.5,49.4,49.3,48.9,48.6,48.3,48.0,47.6,47.2,46.8,46.6,46.6,46.5,46.4,46.3,46.2,46.1,46.0,45.7,45.3,44.9,44.6,44.3,44.0,43.7,43.3,42.8,42.4,42.0,41.6,41.1,40.7,40.2,39.9,39.6,39.3,39.1,38.9,38.9,38.8,38.7,38.6,38.6,38.5,38.4,38.3,38.2,38.1,37.9,37.7,37.5,37.2,37.0,36.8,36.5,36.2,35.9,35.6]
OTBLOCK|Paros|H|79|[56.8,56.8,56.8,56.8,56.8,56.8,56.7,56.7,56.6,56.6,56.6,56.5,56.4,56.2,56.1,55.9,55.7,55.4,55.2,54.9,54.6,54.3,54.1,53.8,53.6,53.3,53.2,53.0,52.8,52.6,52.4,52.1,51.8,51.5,51.2,51.0,50.7,50.5,50.2,50.1,49.9,49.8,49.6,49.4,49.3,49.2,48.9,48.7,48.4,48.1,47.7,47.3,47.0,46.7,46.6,46.4,46.3,46.3,46.2,46.1,46.0,45.7,45.3,45.0,44.7,44.4,44.0,43.7,43.4,43.0,42.6,42.2,41.7,41.3,40.8,40.3,39.9,39.5,39.1,39.0,38.8,38.8,38.7,38.6,38.5,38.5,38.4,38.3,38.2,38.1,38.0,37.9,37.7,37.6,37.4,37.2,37.0,36.6,36.3,36.0,35.8]
OTBLOCK|Paros|H|80|[56.6,56.6,56.6,56.7,56.7,56.6,56.6,56.6,56.4,56.4,56.3,56.2,56.0,55.9,55.8,55.7,55.4,55.2,55.0,54.7,54.4,54.2,53.9,53.7,53.5,53.2,52.9,52.8,52.5,52.3,52.0,51.7,51.4,51.1,50.8,50.6,50.5,50.3,50.2,50.0,49.8,49.7,49.5,49.3,49.2,49.1,48.9,48.6,48.5,48.1,47.8,47.5,47.2,46.8,46.6,46.4,46.3,46.3,46.2,46.1,46.0,45.7,45.3,45.0,44.7,44.4,44.1,43.7,43.4,43.1,42.7,42.3,41.8,41.4,40.9,40.5,40.0,39.6,39.3,39.1,38.8,38.6,38.6,38.5,38.4,38.4,38.3,38.2,38.1,38.0,37.9,37.8,37.7,37.6,37.4,37.3,37.0,36.7,36.5,36.2,36.0]
OTBLOCK|Paros|H|81|[56.4,56.4,56.5,56.5,56.5,56.5,56.5,56.3,56.1,56.1,55.9,55.8,55.7,55.7,55.5,55.4,55.2,55.0,54.8,54.5,54.3,54.1,53.8,53.6,53.3,52.9,52.7,52.5,52.3,52.0,51.6,51.3,51.0,50.7,50.5,50.5,50.3,50.2,50.1,49.9,49.7,49.5,49.4,49.3,49.1,49.0,48.8,48.7,48.5,48.2,48.0,47.7,47.3,46.8,46.6,46.4,46.3,46.3,46.2,46.1,46.0,45.7,45.3,45.0,44.7,44.4,44.1,43.8,43.5,43.1,42.8,42.3,41.9,41.5,41.1,40.6,40.2,39.8,39.5,39.2,38.7,38.5,38.5,38.4,38.3,38.2,38.2,38.1,38.0,37.9,37.8,37.7,37.6,37.5,37.3,37.2,37.0,36.8,36.6,36.4,36.1]
OTBLOCK|Paros|H|82|[56.2,56.3,56.3,56.4,56.4,56.4,56.2,56.0,55.9,55.7,55.6,55.5,55.5,55.4,55.3,55.2,55.0,54.8,54.6,54.4,54.2,54.0,53.8,53.5,53.1,52.7,52.4,52.2,51.9,51.5,51.1,50.9,50.6,50.3,50.3,50.3,50.2,50.1,50.1,49.8,49.6,49.5,49.4,49.2,49.0,48.9,48.8,48.7,48.6,48.4,48.2,47.7,47.3,46.9,46.7,46.4,46.3,46.3,46.2,46.1,46.0,45.7,45.4,45.1,44.8,44.4,44.1,43.8,43.5,43.2,42.8,42.4,42.0,41.6,41.2,40.8,40.4,40.0,39.6,39.1,38.7,38.4,38.4,38.3,38.2,38.1,38.0,38.0,37.9,37.8,37.7,37.6,37.5,37.4,37.3,37.2,37.1,36.9,36.7,36.5,36.2]
OTBLOCK|Paros|H|83|[56.1,56.1,56.2,56.2,56.2,56.1,55.9,55.8,55.8,55.6,55.6,55.5,55.5,55.4,55.2,55.1,54.9,54.7,54.6,54.4,54.1,53.8,53.5,53.1,52.7,52.4,52.1,51.8,51.5,51.1,50.9,50.7,50.4,50.2,50.2,50.1,50.1,50.0,50.0,49.7,49.6,49.5,49.3,49.1,49.0,48.9,48.8,48.7,48.5,48.3,48.0,47.6,47.2,47.0,46.7,46.5,46.4,46.3,46.2,46.1,46.0,45.8,45.4,45.1,44.8,44.5,44.1,43.8,43.6,43.2,42.9,42.5,42.1,41.7,41.3,40.9,40.5,40.1,39.7,39.2,38.6,38.3,38.3,38.2,38.1,38.0,37.9,37.9,37.8,37.7,37.7,37.6,37.4,37.3,37.2,37.1,37.0,36.8,36.6,36.4,36.2]
OTBLOCK|Paros|H|84|[55.9,56.0,56.0,56.0,55.9,55.7,55.7,55.7,55.7,55.6,55.6,55.5,55.4,55.3,55.1,55.0,54.8,54.7,54.5,54.2,53.9,53.6,53.2,52.8,52.4,52.0,51.7,51.4,51.1,50.9,50.7,50.5,50.2,50.0,50.0,50.0,49.9,49.9,49.9,49.7,49.6,49.5,49.3,49.1,49.0,48.8,48.7,48.6,48.5,48.2,47.9,47.5,47.3,47.1,46.8,46.6,46.5,46.4,46.3,46.2,46.1,45.8,45.5,45.1,44.8,44.5,44.2,43.9,43.6,43.3,42.9,42.6,42.2,41.8,41.4,41.0,40.6,40.2,39.7,39.1,38.5,38.2,38.2,38.1,38.0,37.9,37.9,37.8,37.7,37.7,37.6,37.5,37.3,37.2,37.1,37.1,36.9,36.7,36.5,36.4,36.2]
OTBLOCK|Paros|H|85|[55.7,55.7,55.7,55.8,55.7,55.6,55.7,55.7,55.6,55.5,55.5,55.4,55.3,55.2,55.0,54.9,54.8,54.6,54.3,54.0,53.6,53.3,52.9,52.4,52.1,51.7,51.4,51.1,50.7,50.6,50.4,50.2,50.0,50.0,49.9,49.9,49.9,49.9,49.8,49.7,49.7,49.5,49.3,49.3,49.2,49.0,48.9,48.8,48.5,48.2,47.8,47.6,47.4,47.1,46.9,46.7,46.6,46.5,46.4,46.3,46.2,45.9,45.5,45.2,44.9,44.5,44.2,43.9,43.6,43.3,43.0,42.6,42.2,41.9,41.5,41.1,40.7,40.2,39.8,39.2,38.6,38.5,38.4,38.1,38.0,37.9,37.8,37.8,37.7,37.6,37.5,37.4,37.3,37.2,37.1,37.0,36.8,36.7,36.5,36.4,36.2]
OTBLOCK|Paros|H|86|[55.5,55.5,55.6,55.6,55.6,55.7,55.7,55.6,55.4,55.4,55.3,55.2,55.1,55.1,54.9,54.8,54.7,54.3,54.0,53.7,53.4,53.0,52.5,52.1,51.8,51.5,51.2,50.8,50.4,50.2,50.2,50.0,49.9,49.9,49.9,49.9,49.8,49.8,49.8,49.7,49.7,49.6,49.6,49.5,49.4,49.2,49.0,48.8,48.5,48.2,47.9,47.6,47.4,47.1,46.9,46.8,46.7,46.6,46.4,46.3,46.2,45.9,45.6,45.3,44.9,44.5,44.2,43.9,43.6,43.3,43.0,42.7,42.3,41.9,41.6,41.2,40.8,40.4,40.0,39.4,39.0,38.8,38.4,38.0,37.9,37.9,37.8,37.7,37.6,37.5,37.4,37.3,37.2,37.1,37.0,36.9,36.8,36.6,36.5,36.3,36.2]
OTBLOCK|Paros|H|87|[55.3,55.3,55.4,55.5,55.5,55.6,55.5,55.4,55.3,55.2,55.1,55.1,55.0,55.0,54.8,54.7,54.4,54.1,53.8,53.5,53.1,52.7,52.2,51.8,51.6,51.3,50.9,50.4,50.1,50.0,50.0,49.9,49.9,49.9,49.8,49.8,49.8,49.8,49.8,49.8,49.8,49.8,49.8,49.7,49.5,49.3,49.0,48.8,48.5,48.2,47.9,47.7,47.4,47.2,47.0,46.9,46.8,46.6,46.5,46.3,46.2,46.0,45.7,45.4,45.0,44.5,44.2,43.9,43.6,43.3,43.0,42.7,42.4,42.0,41.6,41.3,40.9,40.5,40.2,39.7,39.3,38.9,38.4,38.1,38.0,37.9,37.8,37.7,37.6,37.5,37.4,37.3,37.2,37.1,37.0,36.9,36.7,36.6,36.5,36.3,36.2]
OTBLOCK|Paros|H|88|[55.1,55.2,55.2,55.2,55.3,55.3,55.2,55.1,55.2,55.1,55.0,55.0,54.9,54.8,54.7,54.5,54.2,53.9,53.7,53.4,53.0,52.5,52.1,51.7,51.4,51.1,50.7,50.3,50.2,50.1,49.9,49.9,49.9,49.8,49.8,49.8,49.8,49.8,49.8,49.8,49.8,49.8,49.7,49.6,49.4,49.2,49.0,48.7,48.5,48.2,48.0,47.7,47.5,47.2,47.1,46.9,46.7,46.5,46.4,46.3,46.2,46.0,45.8,45.5,45.1,44.6,44.2,43.9,43.6,43.3,43.1,42.7,42.4,42.1,41.7,41.4,41.0,40.7,40.4,39.9,39.5,39.1,38.7,38.4,38.3,37.9,37.7,37.6,37.5,37.4,37.3,37.2,37.1,37.0,36.9,36.8,36.7,36.5,36.4,36.3,36.2]
OTBLOCK|Paros|H|89|[54.9,55.0,54.9,54.9,54.9,55.0,55.0,55.0,55.0,54.9,54.9,54.8,54.8,54.7,54.5,54.3,54.1,53.9,53.6,53.2,52.8,52.4,51.9,51.6,51.2,50.9,50.6,50.4,50.2,50.1,49.9,49.8,49.8,49.8,49.8,49.8,49.8,49.8,49.8,49.8,49.8,49.7,49.7,49.5,49.4,49.2,49.0,48.8,48.5,48.3,48.0,47.8,47.5,47.3,47.1,46.8,46.6,46.5,46.3,46.3,46.2,46.1,45.9,45.7,45.1,44.6,44.2,43.9,43.6,43.4,43.1,42.8,42.5,42.1,41.8,41.5,41.2,40.9,40.5,40.2,39.8,39.4,39.1,38.7,38.3,37.8,37.6,37.5,37.4,37.3,37.2,37.1,37.0,36.9,36.8,36.7,36.6,36.5,36.4,36.2,36.1]
OTBLOCK|Paros|H|90|[54.7,54.6,54.6,54.7,54.7,54.7,54.8,54.8,54.8,54.8,54.7,54.7,54.6,54.5,54.3,54.1,54.0,53.7,53.5,53.1,52.7,52.2,51.8,51.4,51.1,50.8,50.5,50.3,50.2,50.0,49.9,49.8,49.8,49.8,49.8,49.8,49.8,49.8,49.8,49.8,49.8,49.7,49.6,49.4,49.3,49.2,49.0,48.8,48.7,48.4,48.1,47.9,47.6,47.3,47.0,46.8,46.6,46.4,46.3,46.3,46.2,46.1,45.9,45.7,45.1,44.6,44.3,44.0,43.6,43.4,43.1,42.8,42.5,42.2,41.9,41.6,41.3,41.0,40.7,40.3,40.0,39.7,39.3,38.9,38.5,38.1,37.9,37.8,37.6,37.5,37.3,37.1,36.9,36.8,36.8,36.7,36.5,36.4,36.3,36.2,36.1]
OTBLOCK|Paros|H|91|[54.3,54.3,54.4,54.5,54.5,54.5,54.5,54.6,54.6,54.6,54.6,54.5,54.5,54.4,54.2,54.0,53.8,53.6,53.4,53.0,52.5,52.1,51.7,51.3,51.0,50.6,50.4,50.2,50.1,50.0,49.9,49.8,49.8,49.8,49.8,49.8,49.8,49.8,49.8,49.8,49.8,49.7,49.5,49.3,49.2,49.3,49.1,49.0,48.8,48.6,48.2,47.9,47.6,47.3,47.0,46.8,46.6,46.4,46.3,46.2,46.1,46.0,45.9,45.7,45.1,44.7,44.3,44.0,43.6,43.3,43.1,42.8,42.5,42.3,42.0,41.7,41.4,41.1,40.8,40.5,40.2,39.9,39.5,39.2,38.8,38.5,38.4,38.1,37.9,37.7,37.2,37.0,36.9,36.8,36.7,36.6,36.5,36.4,36.2,36.1,36.0]
OTBLOCK|Paros|H|92|[54.0,54.1,54.2,54.3,54.3,54.3,54.4,54.4,54.4,54.4,54.4,54.4,54.3,54.3,54.1,53.9,53.7,53.6,53.3,52.8,52.3,52.0,51.6,51.2,50.8,50.5,50.3,50.2,50.0,49.9,49.8,49.8,49.8,49.8,49.8,49.8,49.8,49.8,49.8,49.8,49.8,49.6,49.4,49.3,49.4,49.4,49.3,49.1,49.0,48.6,48.3,48.0,47.6,47.3,47.1,46.8,46.6,46.4,46.3,46.2,46.1,46.0,45.8,45.7,45.2,44.7,44.3,44.0,43.6,43.3,43.1,42.8,42.6,42.3,42.0,41.8,41.5,41.2,41.0,40.7,40.4,40.1,39.7,39.4,39.2,38.9,38.7,38.4,38.1,37.7,37.2,37.0,36.9,36.7,36.6,36.5,36.4,36.3,36.2,36.1,36.0]
OTBLOCK|Paros|H|93|[53.9,54.0,54.1,54.1,54.1,54.1,54.2,54.2,54.2,54.2,54.2,54.2,54.2,54.2,54.0,53.8,53.6,53.4,53.1,52.6,52.2,51.8,51.4,51.0,50.6,50.4,50.2,50.1,49.9,49.8,49.8,49.8,49.8,49.8,49.8,49.8,49.8,49.8,49.8,49.8,49.8,49.6,49.5,49.5,49.6,49.4,49.3,49.2,49.0,48.6,48.3,48.0,47.7,47.4,47.2,46.8,46.6,46.4,46.2,46.1,46.0,46.0,45.8,45.6,45.1,44.7,44.4,44.0,43.6,43.4,43.1,42.8,42.6,42.3,42.0,41.8,41.5,41.3,41.0,40.7,40.5,40.2,39.9,39.7,39.4,39.1,38.9,38.6,38.3,37.8,37.4,37.2,37.0,36.7,36.6,36.4,36.3,36.2,36.1,36.0,35.9]
OTBLOCK|Paros|H|94|[53.9,53.9,53.9,53.8,53.9,54.0,54.0,54.0,54.1,54.0,54.0,54.0,54.1,54.1,53.9,53.7,53.5,53.2,52.8,52.4,52.0,51.6,51.1,50.7,50.5,50.3,50.2,50.0,49.8,49.8,49.8,49.8,49.8,49.8,49.8,49.8,49.8,49.8,49.8,49.8,49.8,49.7,49.7,49.7,49.6,49.5,49.3,49.2,49.0,48.7,48.4,48.1,47.8,47.5,47.2,46.9,46.6,46.3,46.1,46.0,46.0,45.9,45.8,45.5,45.2,44.8,44.4,44.0,43.6,43.4,43.1,42.8,42.6,42.3,42.0,41.8,41.6,41.3,41.1,40.9,40.6,40.4,40.1,39.9,39.6,39.4,39.1,38.8,38.4,38.0,37.7,37.4,37.0,36.7,36.5,36.3,36.2,36.1,36.1,36.0,35.9]
OTBLOCK|Paros|H|95|[53.7,53.7,53.7,53.7,53.8,53.8,53.8,53.9,53.8,53.8,53.8,53.8,53.9,53.8,53.6,53.5,53.3,53.0,52.7,52.3,51.9,51.4,50.9,50.8,50.6,50.4,50.2,50.0,49.8,49.8,49.8,49.8,49.8,49.8,49.8,49.8,49.8,49.8,49.8,49.8,49.8,49.8,49.8,49.7,49.6,49.5,49.3,49.1,48.9,48.6,48.4,48.2,47.9,47.6,47.2,46.9,46.6,46.3,46.0,46.0,46.0,45.9,45.7,45.5,45.2,44.8,44.4,44.0,43.6,43.4,43.1,42.8,42.5,42.3,42.1,41.8,41.5,41.3,41.2,40.9,40.7,40.4,40.2,40.0,39.7,39.5,39.3,38.9,38.6,38.2,37.9,37.5,37.2,36.9,36.7,36.5,36.3,36.3,36.0,35.9,35.8]
OTBLOCK|Paros|H|96|[53.6,53.6,53.6,53.6,53.6,53.6,53.6,53.6,53.6,53.6,53.6,53.6,53.6,53.5,53.4,53.3,53.1,52.9,52.7,52.2,51.7,51.2,51.0,50.9,50.7,50.4,50.3,50.0,49.8,49.8,49.8,49.8,49.8,49.8,49.8,49.8,49.8,49.8,49.8,49.8,49.8,49.8,49.8,49.7,49.6,49.4,49.3,49.1,48.8,48.6,48.6,48.3,48.0,47.6,47.3,46.9,46.6,46.3,46.0,46.0,46.0,45.9,45.7,45.5,45.2,44.8,44.4,44.0,43.6,43.3,43.1,42.8,42.6,42.3,42.0,41.7,41.5,41.3,41.2,40.9,40.7,40.5,40.3,40.1,39.9,39.7,39.4,39.1,38.7,38.4,38.1,37.8,37.4,37.1,36.9,36.6,36.5,36.2,35.9,35.9,35.8]
OTBLOCK|Paros|H|97|[53.5,53.5,53.4,53.4,53.4,53.4,53.4,53.4,53.4,53.4,53.4,53.4,53.3,53.3,53.2,53.2,53.0,52.8,52.5,52.0,51.5,51.3,51.1,51.0,50.7,50.5,50.3,50.0,49.9,49.9,49.9,49.8,49.8,49.8,49.8,49.8,49.8,49.8,49.8,49.8,49.8,49.8,49.8,49.7,49.6,49.4,49.2,49.0,48.8,48.8,48.7,48.4,48.0,47.6,47.3,47.0,46.6,46.2,45.9,45.9,46.0,45.9,45.7,45.5,45.2,44.8,44.4,44.0,43.6,43.3,43.1,42.8,42.6,42.3,42.0,41.7,41.5,41.4,41.2,41.0,40.7,40.5,40.3,40.2,40.0,39.8,39.5,39.2,38.9,38.6,38.3,38.0,37.7,37.4,37.1,36.8,36.5,36.2,36.0,35.9,35.8]
OTBLOCK|Paros|H|98|[53.4,53.3,53.3,53.2,53.2,53.2,53.2,53.2,53.3,53.3,53.3,53.3,53.2,53.2,53.1,53.0,52.8,52.6,52.3,51.8,51.5,51.3,51.1,50.9,50.6,50.5,50.3,50.1,50.1,50.1,49.9,49.8,49.8,49.8,49.8,49.8,49.8,49.8,49.8,49.8,49.8,49.8,49.8,49.7,49.6,49.4,49.2,49.0,49.0,48.9,48.7,48.4,48.0,47.7,47.4,46.9,46.5,46.2,45.9,45.9,45.9,45.8,45.6,45.5,45.1,44.8,44.4,44.0,43.6,43.4,43.1,42.8,42.6,42.4,42.1,41.8,41.6,41.4,41.2,41.0,40.7,40.5,40.3,40.1,39.9,39.8,39.6,39.3,39.0,38.7,38.4,38.1,37.8,37.6,37.3,37.0,36.7,36.4,36.2,36.1,35.7]
OTBLOCK|Paros|H|99|[53.3,53.2,53.1,53.0,53.0,53.0,53.0,53.1,53.2,53.2,53.2,53.1,53.1,53.0,52.9,52.8,52.6,52.4,52.1,51.8,51.5,51.2,51.0,50.8,50.6,50.5,50.4,50.4,50.4,50.1,49.9,49.8,49.8,49.8,49.8,49.8,49.8,49.8,49.8,49.8,49.8,49.8,49.8,49.7,49.6,49.4,49.3,49.2,49.1,48.9,48.7,48.4,48.1,47.8,47.3,46.8,46.5,46.2,45.9,45.9,45.8,45.7,45.6,45.4,45.1,44.8,44.4,44.0,43.6,43.4,43.1,42.9,42.7,42.5,42.1,41.8,41.6,41.4,41.2,40.9,40.7,40.5,40.3,40.1,39.9,39.8,39.6,39.4,39.1,38.8,38.6,38.3,38.0,37.7,37.5,37.2,36.9,36.6,36.3,36.0,35.7]
OTBLOCK|Paros|H|100|[53.2,53.2,53.1,53.0,53.0,52.9,53.0,53.0,53.0,53.0,53.0,53.0,52.9,52.9,52.8,52.6,52.4,52.2,52.0,51.7,51.5,51.3,51.0,50.9,50.8,50.6,50.5,50.5,50.4,50.1,49.9,49.8,49.8,49.8,49.8,49.8,49.8,49.8,49.8,49.8,49.8,49.8,49.8,49.7,49.6,49.4,49.3,49.2,49.1,48.9,48.7,48.4,48.1,47.7,47.2,46.8,46.5,46.2,46.0,45.9,45.8,45.7,45.5,45.4,45.1,44.8,44.4,43.9,43.6,43.4,43.2,43.0,42.8,42.5,42.2,41.9,41.6,41.4,41.2,40.9,40.7,40.5,40.3,40.1,40.0,39.9,39.6,39.4,39.1,38.9,38.6,38.3,38.0,37.8,37.6,37.4,37.1,36.8,36.5,36.2,35.9]
OTBLOCK|Paros|END
