OTTOWN|Neri|HEAD|i_House_Big_02_V1_F|Land_u_House_Big_02_V1_F|[4120.868,11768.411,52.391]|319.07|false|85|2|3
OTTOWN|Neri|BOX|[-5.27,-12.09,5.27,12.09,-5.90,5.90]
OTTOWN|Neri|DOOR|main|[4121.39,11760.70,52.55]|589.1|3.50
OTTOWN|Neri|DOOR|side|[4117.47,11772.48,52.55]|319.1|1.25
OTTOWN|Neri|BPOS|[[4127.32,11766.46,52.80],[4123.17,11765.98,52.81],[4123.93,11764.10,56.25],[4119.26,11775.36,56.26],[4120.47,11773.95,52.81],[4122.23,11773.40,56.25],[4118.09,11772.00,56.26],[4119.00,11769.63,56.26],[4120.73,11770.30,52.81]]
OTTOWN|Neri|OBJ|building|Land_u_Shop_01_V1_F|[4115.41,11728.86,50.60]|179.1|[-4.75,-10.13,4.75,10.13,-6.58,6.58]
OTTOWN|Neri|OBJ|building|Land_i_Shop_02_V1_F|[4124.53,11728.55,51.06]|269.3|[-8.58,-5.44,8.58,5.44,-6.24,6.24]
OTTOWN|Neri|OBJ|building|Land_i_House_Small_01_V2_F|[4090.22,11752.99,50.09]|143.6|[-5.43,-7.64,5.43,7.64,-5.08,5.08]
OTTOWN|Neri|OBJ|building|Land_u_House_Big_01_V1_F|[4137.58,11752.53,52.46]|276.4|[-7.89,-8.48,7.89,8.48,-6.61,6.61]
OTTOWN|Neri|OBJ|building|Land_i_Stone_HouseBig_V1_F|[4090.88,11779.87,49.93]|319.3|[-6.78,-6.16,6.78,6.16,-5.84,5.84]
OTTOWN|Neri|OBJ|building|Land_u_Shop_01_V1_F|[4122.00,11781.62,51.19]|139.5|[-4.75,-10.13,4.75,10.13,-6.58,6.58]
OTTOWN|Neri|OBJ|building|Land_i_Addon_04_V1_F|[4114.86,11775.78,51.81]|139.8|[-5.02,-3.98,5.02,3.98,-2.94,2.94]
OTTOWN|Neri|OBJ|building|treebin_f.p3d|[4137.32,11768.63,52.00]|0.0|[-1.24,-1.26,1.24,1.26,-0.43,0.43]
OTTOWN|Neri|OBJ|building|Land_i_Shop_02_V1_F|[4145.96,11779.57,52.07]|318.9|[-8.58,-5.44,8.58,5.44,-6.24,6.24]
OTTOWN|Neri|OBJ|building|Land_i_Garage_V1_F|[4140.08,11785.33,51.96]|140.6|[-9.00,-3.69,9.00,3.69,-3.37,3.37]
OTTOWN|Neri|OBJ|building|Land_u_House_Big_01_V1_F|[4107.04,11798.92,50.32]|47.8|[-7.89,-8.48,7.89,8.48,-6.61,6.61]
OTTOWN|Neri|OBJ|building|Land_i_Shop_01_V3_F|[4136.67,11791.68,51.28]|231.0|[-4.75,-10.13,4.75,10.13,-6.46,6.46]
OTTOWN|Neri|OBJ|building|Land_u_House_Small_01_V1_F|[4119.79,11809.23,50.22]|322.2|[-5.60,-7.64,5.60,7.64,-4.94,4.94]
OTTOWN|Neri|OBJ|wall|city_8md_f.p3d|[4103.03,11746.74,50.33]|348.8|[-3.50,-0.98,3.50,0.98,-1.80,1.80]
OTTOWN|Neri|OBJ|wall|city_8md_f.p3d|[4107.82,11747.39,50.68]|175.2|[-3.50,-0.98,3.50,0.98,-1.80,1.80]
OTTOWN|Neri|OBJ|wall|city_8m_f.p3d|[4098.42,11748.92,50.25]|244.4|[-3.53,-0.25,3.53,0.25,-2.08,2.08]
OTTOWN|Neri|OBJ|wall|concrete_smallwall_4m_f.p3d|[4082.36,11751.93,49.68]|323.1|[-2.01,-0.26,2.01,0.26,-1.16,1.16]
OTTOWN|Neri|OBJ|wall|city_8m_f.p3d|[4126.30,11748.73,51.57]|357.2|[-3.53,-0.25,3.53,0.25,-2.08,2.08]
OTTOWN|Neri|OBJ|wall|city_8m_f.p3d|[4114.75,11747.99,51.04]|174.1|[-3.53,-0.25,3.53,0.25,-2.08,2.08]
OTTOWN|Neri|OBJ|wall|city_4m_f.p3d|[4145.57,11758.44,52.40]|281.9|[-1.79,-0.24,1.79,0.24,-2.08,2.08]
OTTOWN|Neri|OBJ|wall|stone_8m_f.p3d|[4101.87,11787.64,50.16]|316.9|[-4.26,-0.35,4.26,0.35,-1.30,1.30]
OTTOWN|Neri|OBJ|wall|city_8m_f.p3d|[4100.16,11765.30,50.37]|142.2|[-3.53,-0.25,3.53,0.25,-2.08,2.08]
OTTOWN|Neri|OBJ|wall|city_8m_f.p3d|[4094.63,11761.17,50.36]|144.2|[-3.53,-0.25,3.53,0.25,-2.08,2.08]
OTTOWN|Neri|OBJ|wall|city_8m_f.p3d|[4107.46,11771.48,50.39]|318.3|[-3.53,-0.25,3.53,0.25,-2.08,2.08]
OTTOWN|Neri|OBJ|wall|stone_4m_f.p3d|[4097.51,11783.46,49.97]|316.2|[-2.22,-0.36,2.22,0.36,-1.29,1.29]
OTTOWN|Neri|OBJ|wall|city_4m_f.p3d|[4127.17,11789.03,51.10]|139.3|[-1.79,-0.24,1.79,0.24,-2.08,2.08]
OTTOWN|Neri|OBJ|wall|city_8m_f.p3d|[4146.75,11763.54,52.39]|105.2|[-3.53,-0.25,3.53,0.25,-2.08,2.08]
OTTOWN|Neri|OBJ|wall|city_8m_f.p3d|[4150.21,11774.58,52.34]|288.3|[-3.53,-0.25,3.53,0.25,-2.08,2.08]
OTTOWN|Neri|OBJ|wall|stone_pillar_f.p3d|[4133.74,11809.90,50.27]|336.9|[-0.45,-0.44,0.45,0.44,-1.79,1.79]
OTTOWN|Neri|OBJ|tree|t_fraxinusav2s_f.p3d|[4082.29,11747.58,49.61]|99.3|[-13.54,-13.39,13.54,13.39,-13.22,13.22]
OTTOWN|Neri|OBJ|tree|t_fraxinusav2s_f.p3d|[4138.64,11730.18,51.56]|136.4|[-13.54,-13.39,13.54,13.39,-13.22,13.22]
OTTOWN|Neri|OBJ|tree|t_phoenixc3s_f.p3d|[4099.34,11786.82,50.03]|203.5|[-10.50,-10.50,10.50,10.50,-10.52,10.52]
OTTOWN|Neri|OBJ|tree|t_phoenixc3s_f.p3d|[4107.14,11770.76,50.72]|126.7|[-10.50,-10.50,10.50,10.50,-10.52,10.52]
OTTOWN|Neri|OBJ|tree|t_phoenixc3s_f.p3d|[4137.16,11768.24,51.94]|138.4|[-10.50,-10.50,10.50,10.50,-10.52,10.52]
OTTOWN|Neri|ROAD|TRACK|10.0|[4101.45,11778.08,50.33]|[4112.16,11787.60,50.55]
OTTOWN|Neri|ROAD|TRACK|10.0|[4112.16,11787.60,50.55]|[4128.31,11800.98,50.49]
OTTOWN|Neri|H|0|[47.84,48.08,48.29,48.51,48.72,48.89,48.98,49.03,49.09,49.18,49.31,49.44,49.56,49.66,49.75,49.84,49.93,50.02,50.12,50.22,50.31,50.40,50.49,50.59,50.67,50.74,50.80,50.87,50.97,51.06,51.14,51.23,51.27,51.28,51.29,51.34,51.34,51.31,51.28,51.35,51.11,50.84,50.64,50.72,50.60]
OTTOWN|Neri|H|1|[48.05,48.26,48.47,48.69,48.86,49.00,49.09,49.14,49.24,49.34,49.47,49.59,49.69,49.78,49.88,49.97,50.05,50.14,50.24,50.33,50.42,50.51,50.61,50.69,50.78,50.84,50.91,51.01,51.11,51.20,51.28,51.35,51.39,51.40,51.45,51.52,51.52,51.49,51.56,51.64,51.40,51.19,51.32,51.40,51.28]
OTTOWN|Neri|H|2|[48.22,48.44,48.65,48.82,48.97,49.11,49.20,49.30,49.40,49.50,49.62,49.72,49.81,49.91,50.00,50.08,50.17,50.26,50.35,50.44,50.53,50.62,50.71,50.80,50.88,50.95,51.05,51.15,51.25,51.33,51.40,51.47,51.51,51.56,51.63,51.70,51.70,51.77,51.85,51.93,51.74,51.87,52.00,52.08,52.03]
OTTOWN|Neri|H|3|[48.39,48.60,48.78,48.93,49.08,49.22,49.34,49.44,49.54,49.64,49.74,49.83,49.93,50.02,50.11,50.19,50.28,50.37,50.46,50.55,50.64,50.73,50.81,50.90,50.98,51.08,51.18,51.28,51.37,51.44,51.51,51.58,51.65,51.72,51.79,51.86,51.93,52.01,52.09,52.17,52.29,52.42,52.55,52.65,52.71]
OTTOWN|Neri|H|4|[48.48,48.70,48.88,49.03,49.18,49.30,49.41,49.51,49.62,49.72,49.82,49.92,50.01,50.10,50.19,50.27,50.36,50.45,50.54,50.63,50.73,50.81,50.90,50.99,51.07,51.17,51.27,51.36,51.44,51.51,51.58,51.65,51.73,51.80,51.87,51.93,52.01,52.09,52.17,52.24,52.36,52.49,52.60,52.68,52.73]
OTTOWN|Neri|H|5|[48.58,48.80,48.98,49.13,49.26,49.38,49.49,49.59,49.70,49.81,49.90,50.00,50.09,50.18,50.27,50.36,50.45,50.54,50.63,50.72,50.81,50.90,50.99,51.07,51.16,51.26,51.35,51.43,51.51,51.58,51.65,51.74,51.81,51.88,51.95,52.01,52.09,52.16,52.23,52.30,52.43,52.54,52.62,52.70,52.76]
OTTOWN|Neri|H|6|[48.68,48.89,49.08,49.21,49.33,49.46,49.57,49.67,49.78,49.89,49.98,50.08,50.17,50.26,50.35,50.44,50.53,50.62,50.72,50.81,50.90,50.99,51.08,51.16,51.25,51.34,51.42,51.50,51.58,51.65,51.74,51.82,51.90,51.96,52.02,52.09,52.16,52.23,52.30,52.37,52.48,52.56,52.65,52.73,52.81]
OTTOWN|Neri|H|7|[48.83,49.04,49.17,49.30,49.42,49.55,49.66,49.76,49.87,49.96,50.05,50.15,50.24,50.31,50.40,50.49,50.58,50.69,50.79,50.88,50.97,51.06,51.15,51.23,51.32,51.40,51.48,51.56,51.64,51.72,51.80,51.89,51.96,52.03,52.09,52.16,52.22,52.29,52.36,52.44,52.52,52.61,52.69,52.78,52.89]
OTTOWN|Neri|H|8|[49.03,49.16,49.28,49.41,49.53,49.64,49.75,49.86,49.95,50.02,50.11,50.21,50.26,50.31,50.40,50.49,50.63,50.75,50.84,50.93,51.02,51.11,51.19,51.28,51.36,51.44,51.52,51.61,51.69,51.78,51.86,51.95,52.02,52.09,52.15,52.22,52.28,52.35,52.42,52.50,52.59,52.67,52.76,52.86,52.96]
OTTOWN|Neri|H|9|[49.15,49.27,49.39,49.52,49.63,49.74,49.85,49.94,50.01,50.08,50.17,50.23,50.26,50.31,50.40,50.54,50.68,50.80,50.89,50.98,51.07,51.16,51.24,51.32,51.41,51.49,51.57,51.66,51.75,51.83,51.92,52.00,52.08,52.15,52.21,52.27,52.34,52.41,52.49,52.57,52.65,52.74,52.84,52.93,53.04]
OTTOWN|Neri|H|10|[49.26,49.38,49.50,49.61,49.72,49.84,49.93,50.00,50.07,50.14,50.19,50.23,50.26,50.31,50.44,50.59,50.73,50.85,50.94,51.03,51.12,51.20,51.29,51.37,51.45,51.54,51.62,51.71,51.80,51.89,51.97,52.06,52.14,52.20,52.27,52.33,52.40,52.48,52.56,52.64,52.73,52.82,52.91,53.01,53.10]
OTTOWN|Neri|H|11|[49.29,49.41,49.54,49.65,49.76,49.88,49.97,50.04,50.11,50.17,50.20,50.24,50.27,50.32,50.46,50.61,50.75,50.87,50.96,51.04,51.14,51.23,51.31,51.40,51.48,51.57,51.66,51.75,51.84,51.92,52.01,52.10,52.18,52.24,52.31,52.37,52.45,52.52,52.60,52.68,52.77,52.86,52.96,53.04,53.14]
OTTOWN|Neri|H|12|[49.29,49.43,49.56,49.67,49.79,49.91,50.00,50.07,50.13,50.18,50.22,50.25,50.28,50.33,50.47,50.61,50.75,50.87,50.96,51.05,51.16,51.25,51.33,51.42,51.51,51.59,51.68,51.77,51.86,51.95,52.04,52.13,52.21,52.28,52.34,52.41,52.48,52.56,52.63,52.71,52.80,52.90,52.98,53.06,53.16]
OTTOWN|Neri|H|13|[49.31,49.45,49.57,49.69,49.81,49.94,50.03,50.09,50.14,50.20,50.24,50.26,50.28,50.33,50.47,50.61,50.75,50.87,50.96,51.07,51.18,51.27,51.35,51.44,51.53,51.62,51.71,51.80,51.89,51.98,52.07,52.16,52.24,52.31,52.38,52.44,52.52,52.59,52.67,52.74,52.83,52.92,53.00,53.09,53.18]
OTTOWN|Neri|H|14|[49.33,49.46,49.59,49.72,49.84,49.97,50.05,50.10,50.16,50.22,50.24,50.27,50.29,50.34,50.47,50.61,50.75,50.88,50.98,51.09,51.20,51.29,51.38,51.47,51.55,51.64,51.73,51.82,51.92,52.01,52.10,52.20,52.28,52.34,52.41,52.48,52.55,52.62,52.70,52.77,52.86,52.94,53.02,53.11,53.20]
OTTOWN|Neri|H|15|[49.27,49.42,49.57,49.70,49.82,49.98,50.07,50.13,50.19,50.23,50.25,50.27,50.30,50.34,50.48,50.62,50.75,50.87,50.98,51.08,51.20,51.30,51.39,51.48,51.56,51.65,51.74,51.83,51.92,52.01,52.10,52.19,52.26,52.33,52.40,52.47,52.54,52.62,52.69,52.77,52.85,52.93,53.02,53.10,53.20]
OTTOWN|Neri|H|16|[49.23,49.40,49.55,49.68,49.83,50.01,50.10,50.16,50.20,50.23,50.26,50.28,50.30,50.34,50.48,50.61,50.74,50.86,50.97,51.09,51.21,51.31,51.40,51.48,51.56,51.66,51.75,51.83,51.92,52.01,52.10,52.17,52.25,52.31,52.39,52.46,52.54,52.61,52.68,52.76,52.84,52.92,53.01,53.10,53.19]
OTTOWN|Neri|H|17|[49.21,49.38,49.53,49.69,49.86,50.03,50.13,50.17,50.20,50.24,50.27,50.28,50.30,50.34,50.48,50.61,50.73,50.85,50.97,51.10,51.22,51.32,51.40,51.49,51.57,51.66,51.75,51.83,51.92,52.00,52.08,52.16,52.23,52.30,52.38,52.45,52.53,52.60,52.68,52.75,52.83,52.92,53.00,53.09,53.18]
OTTOWN|Neri|H|18|[49.14,49.31,49.53,49.70,49.87,50.05,50.12,50.16,50.19,50.24,50.27,50.28,50.30,50.35,50.48,50.61,50.74,50.85,50.98,51.11,51.23,51.32,51.40,51.49,51.57,51.65,51.74,51.82,51.91,51.98,52.06,52.14,52.22,52.29,52.37,52.44,52.52,52.59,52.66,52.74,52.82,52.91,53.00,53.08,53.17]
OTTOWN|Neri|H|19|[48.90,49.19,49.48,49.65,49.82,49.97,50.04,50.08,50.13,50.23,50.26,50.28,50.31,50.39,50.52,50.65,50.75,50.85,50.98,51.11,51.21,51.29,51.38,51.46,51.54,51.62,51.71,51.79,51.88,51.95,52.03,52.11,52.19,52.26,52.34,52.41,52.49,52.56,52.64,52.72,52.80,52.89,52.97,53.06,53.15]
OTTOWN|Neri|H|20|[48.78,49.15,49.43,49.60,49.75,49.89,49.96,50.01,50.12,50.23,50.25,50.29,50.35,50.43,50.56,50.66,50.75,50.85,50.98,51.08,51.18,51.27,51.35,51.43,51.51,51.59,51.68,51.76,51.84,51.92,52.00,52.08,52.16,52.23,52.31,52.38,52.46,52.53,52.61,52.69,52.78,52.86,52.95,53.03,53.12]
OTTOWN|Neri|H|21|[48.73,49.10,49.38,49.53,49.67,49.82,49.90,50.00,50.11,50.22,50.26,50.33,50.39,50.47,50.57,50.66,50.75,50.85,50.96,51.05,51.15,51.24,51.32,51.40,51.48,51.56,51.65,51.73,51.81,51.89,51.97,52.05,52.13,52.20,52.28,52.35,52.43,52.51,52.59,52.67,52.75,52.84,52.92,53.01,53.10]
OTTOWN|Neri|H|22|[48.68,49.05,49.34,49.48,49.63,49.77,49.87,49.98,50.09,50.19,50.26,50.33,50.39,50.48,50.57,50.66,50.74,50.84,50.94,51.04,51.13,51.21,51.29,51.37,51.45,51.53,51.61,51.70,51.78,51.86,51.94,52.02,52.09,52.17,52.24,52.32,52.40,52.48,52.56,52.64,52.72,52.81,52.89,52.98,53.07]
OTTOWN|Neri|H|23|[48.64,49.04,49.33,49.47,49.61,49.72,49.83,49.94,50.04,50.15,50.22,50.28,50.37,50.47,50.55,50.64,50.74,50.83,50.93,51.03,51.10,51.18,51.26,51.34,51.41,51.50,51.58,51.66,51.74,51.82,51.90,51.98,52.05,52.13,52.20,52.28,52.36,52.44,52.52,52.60,52.69,52.77,52.86,52.94,53.04]
OTTOWN|Neri|H|24|[48.63,49.03,49.32,49.46,49.57,49.68,49.79,49.89,50.00,50.10,50.17,50.26,50.36,50.45,50.54,50.63,50.73,50.82,50.92,50.99,51.07,51.15,51.23,51.30,51.38,51.46,51.54,51.62,51.70,51.78,51.86,51.94,52.01,52.09,52.17,52.24,52.32,52.40,52.48,52.56,52.65,52.73,52.82,52.91,53.00]
OTTOWN|Neri|H|25|[48.62,49.02,49.30,49.41,49.53,49.64,49.74,49.85,49.95,50.06,50.15,50.24,50.34,50.44,50.53,50.63,50.72,50.81,50.89,50.96,51.04,51.11,51.19,51.27,51.35,51.42,51.50,51.58,51.66,51.74,51.82,51.90,51.97,52.05,52.13,52.21,52.29,52.37,52.45,52.53,52.61,52.70,52.78,52.87,52.96]
OTTOWN|Neri|H|26|[48.65,49.04,49.29,49.40,49.51,49.62,49.72,49.83,49.93,50.03,50.13,50.23,50.33,50.41,50.50,50.60,50.69,50.76,50.84,50.91,51.00,51.08,51.16,51.23,51.31,51.38,51.46,51.54,51.61,51.69,51.77,51.85,51.93,52.01,52.08,52.16,52.24,52.32,52.40,52.48,52.57,52.65,52.74,52.82,52.91]
OTTOWN|Neri|H|27|[48.69,49.04,49.28,49.40,49.50,49.61,49.71,49.82,49.92,50.02,50.11,50.21,50.29,50.37,50.46,50.55,50.63,50.71,50.78,50.86,50.96,51.04,51.12,51.19,51.26,51.34,51.42,51.49,51.56,51.64,51.72,51.80,51.88,51.96,52.04,52.12,52.20,52.28,52.36,52.44,52.52,52.61,52.69,52.77,52.86]
OTTOWN|Neri|H|28|[48.69,49.04,49.28,49.39,49.49,49.60,49.70,49.80,49.90,50.00,50.10,50.18,50.25,50.33,50.42,50.50,50.57,50.65,50.73,50.83,50.93,51.01,51.08,51.15,51.22,51.30,51.37,51.44,51.51,51.59,51.67,51.75,51.83,51.91,51.99,52.07,52.15,52.23,52.31,52.39,52.48,52.56,52.63,52.71,52.80]
OTTOWN|Neri|H|29|[48.68,49.03,49.28,49.38,49.48,49.59,49.69,49.79,49.89,49.98,50.06,50.14,50.21,50.29,50.36,50.44,50.52,50.60,50.70,50.80,50.89,50.97,51.04,51.11,51.18,51.25,51.32,51.39,51.47,51.55,51.63,51.71,51.79,51.87,51.95,52.03,52.11,52.19,52.27,52.35,52.42,52.50,52.58,52.66,52.74]
OTTOWN|Neri|H|30|[48.85,49.06,49.11,49.22,49.32,49.37,49.45,49.55,49.65,49.92,50.01,50.09,50.17,50.26,50.33,50.41,50.48,50.56,50.66,50.75,50.84,50.92,50.99,51.06,51.13,51.20,51.28,51.35,51.41,51.49,51.57,51.64,51.72,51.80,51.88,51.95,52.03,52.11,52.19,52.27,52.35,52.42,52.50,52.58,52.67]
OTTOWN|Neri|H|31|[48.89,48.90,48.95,49.05,49.10,49.12,49.20,49.30,49.57,49.88,49.97,50.04,50.14,50.23,50.30,50.38,50.44,50.52,50.61,50.70,50.79,50.86,50.93,51.01,51.09,51.16,51.23,51.28,51.34,51.42,51.50,51.58,51.65,51.73,51.81,51.88,51.95,52.03,52.11,52.19,52.27,52.34,52.43,52.51,52.59]
OTTOWN|Neri|H|32|[48.72,48.73,48.78,48.83,48.85,48.87,48.95,49.23,49.53,49.83,49.92,50.01,50.11,50.20,50.27,50.33,50.40,50.48,50.56,50.65,50.74,50.81,50.89,50.96,51.04,51.11,51.17,51.22,51.28,51.36,51.44,51.51,51.59,51.66,51.73,51.80,51.88,51.95,52.03,52.11,52.19,52.27,52.35,52.43,52.52]
OTTOWN|Neri|H|33|[48.56,48.57,48.60,48.62,48.65,48.67,48.88,49.18,49.48,49.76,49.85,49.95,50.04,50.15,50.22,50.28,50.35,50.43,50.51,50.60,50.68,50.76,50.83,50.91,50.98,51.04,51.09,51.15,51.21,51.28,51.36,51.43,51.50,51.57,51.64,51.71,51.79,51.87,51.94,52.02,52.11,52.19,52.27,52.36,52.44]
OTTOWN|Neri|H|34|[48.45,48.51,48.57,48.59,48.61,48.64,48.86,49.16,49.44,49.55,49.64,49.74,49.88,50.07,50.13,50.19,50.29,50.39,50.47,50.56,50.60,50.67,50.75,50.82,50.86,50.92,50.97,51.03,51.09,51.17,51.24,51.31,51.38,51.45,51.52,51.60,51.67,51.75,51.83,51.92,52.01,52.09,52.17,52.26,52.35]
OTTOWN|Neri|H|35|[48.39,48.48,48.54,48.56,48.59,48.62,48.84,49.11,49.23,49.34,49.43,49.57,49.79,49.98,50.04,50.14,50.25,50.35,50.43,50.48,50.52,50.58,50.66,50.70,50.74,50.80,50.85,50.91,50.97,51.05,51.12,51.19,51.26,51.33,51.41,51.48,51.56,51.64,51.73,51.82,51.90,51.99,52.08,52.16,52.25]
OTTOWN|Neri|H|36|[48.36,48.45,48.51,48.54,48.57,48.60,48.79,48.90,49.02,49.13,49.27,49.49,49.70,49.89,49.98,50.10,50.21,50.31,50.35,50.39,50.43,50.49,50.54,50.58,50.62,50.68,50.74,50.80,50.86,50.93,51.00,51.07,51.14,51.21,51.29,51.37,51.45,51.54,51.63,51.72,51.80,51.89,51.98,52.07,52.16]
OTTOWN|Neri|H|37|[48.28,48.37,48.45,48.48,48.51,48.54,48.63,48.74,48.85,48.99,49.21,49.42,49.64,49.82,49.93,50.04,50.15,50.24,50.28,50.32,50.35,50.39,50.43,50.48,50.51,50.57,50.63,50.69,50.73,50.80,50.87,50.94,51.02,51.10,51.17,51.25,51.33,51.42,51.51,51.59,51.67,51.76,51.85,51.94,52.04]
OTTOWN|Neri|H|38|[48.16,48.27,48.34,48.37,48.41,48.44,48.53,48.64,48.78,48.96,49.17,49.39,49.58,49.74,49.85,49.97,50.09,50.17,50.21,50.25,50.27,50.31,50.35,50.39,50.42,50.48,50.53,50.57,50.59,50.66,50.73,50.82,50.90,50.98,51.05,51.12,51.20,51.29,51.36,51.41,51.50,51.59,51.68,51.78,51.87]
OTTOWN|Neri|H|39|[48.05,48.16,48.24,48.27,48.31,48.34,48.43,48.57,48.74,48.92,49.14,49.33,49.50,49.67,49.78,49.90,50.02,50.10,50.14,50.17,50.19,50.23,50.26,50.29,50.32,50.38,50.41,50.43,50.46,50.53,50.61,50.70,50.78,50.85,50.92,50.98,51.06,51.14,51.19,51.24,51.33,51.42,51.52,51.61,51.71]
OTTOWN|Neri|H|40|[47.95,48.06,48.13,48.17,48.20,48.24,48.35,48.53,48.71,48.89,49.08,49.25,49.43,49.59,49.71,49.83,49.95,50.03,50.06,50.08,50.11,50.14,50.17,50.20,50.23,50.26,50.28,50.29,50.32,50.41,50.49,50.58,50.66,50.72,50.79,50.85,50.92,50.97,51.02,51.07,51.16,51.25,51.35,51.45,51.54]
OTTOWN|Neri|H|41|[47.77,47.87,47.91,47.94,47.98,48.01,48.14,48.32,48.50,48.69,48.87,49.04,49.22,49.51,49.63,49.75,49.87,49.95,49.98,50.00,50.02,50.05,50.08,50.11,50.15,50.18,50.19,50.21,50.27,50.35,50.44,50.51,50.56,50.62,50.68,50.77,50.84,50.89,50.94,50.97,51.06,51.15,51.25,51.36,51.46]
OTTOWN|Neri|H|42|[47.55,47.59,47.63,47.67,47.70,47.72,47.85,48.03,48.22,48.42,48.60,48.78,49.11,49.42,49.54,49.66,49.79,49.87,49.89,49.92,49.93,49.96,49.99,50.04,50.10,50.12,50.14,50.18,50.24,50.33,50.40,50.43,50.47,50.53,50.62,50.74,50.81,50.86,50.89,50.90,50.99,51.08,51.20,51.32,51.41]
OTTOWN|Neri|H|43|[47.27,47.32,47.35,47.39,47.41,47.43,47.56,47.76,47.96,48.16,48.33,48.67,49.02,49.33,49.45,49.58,49.70,49.79,49.81,49.83,49.85,49.87,49.92,49.98,50.04,50.06,50.11,50.16,50.21,50.29,50.31,50.34,50.38,50.47,50.59,50.71,50.78,50.80,50.81,50.82,50.91,51.03,51.15,51.27,51.35]
OTTOWN|Neri|H|44|[47.00,47.04,47.07,47.10,47.12,47.15,47.29,47.49,47.69,47.89,48.22,48.57,48.93,49.24,49.37,49.49,49.62,49.70,49.72,49.74,49.76,49.80,49.86,49.92,49.98,50.03,50.08,50.13,50.18,50.20,50.23,50.25,50.31,50.43,50.55,50.67,50.72,50.73,50.74,50.75,50.86,50.98,51.10,51.21,51.22]
OTTOWN|Neri|END
OTTOWN|Panochori|HEAD|i_House_Big_01_V1_F|Land_i_House_Big_01_V2_F|[5011.376,11279.886,51.080]|305.26|false|196|3|4
OTTOWN|Panochori|BOX|[-7.89,-8.48,7.89,8.48,-6.61,6.61]
OTTOWN|Panochori|DOOR|main|[5015.47,11272.95,51.64]|485.3|2.25
OTTOWN|Panochori|DOOR|side|[5009.61,11287.13,51.65]|395.3|1.00
OTTOWN|Panochori|BPOS|[[5007.08,11283.80,51.65],[5015.72,11278.49,55.15],[5011.38,11278.97,51.71],[5009.90,11281.25,55.05],[5008.58,11286.26,55.08],[5009.30,11278.04,55.08],[5004.85,11280.08,55.09],[5016.43,11276.50,55.15],[5012.31,11275.03,55.08]]
OTTOWN|Panochori|OBJ|building|Land_d_House_Small_02_V1_F|[5000.14,11256.72,49.17]|134.3|[-8.52,-7.25,8.52,7.25,-4.98,4.98]
OTTOWN|Panochori|OBJ|building|Land_u_House_Small_01_V1_F|[4987.62,11266.19,50.01]|39.0|[-5.60,-7.64,5.60,7.64,-4.94,4.94]
OTTOWN|Panochori|OBJ|building|treebin_f.p3d|[4985.90,11277.49,50.35]|0.0|[-1.24,-1.26,1.24,1.26,-0.43,0.43]
OTTOWN|Panochori|OBJ|building|Land_i_House_Big_02_V3_F|[5024.35,11260.42,50.41]|99.8|[-5.33,-12.09,5.33,12.09,-6.09,6.09]
OTTOWN|Panochori|OBJ|building|Land_u_House_Big_02_V1_F|[5023.80,11250.09,48.80]|279.8|[-5.27,-12.09,5.27,12.09,-5.90,5.90]
OTTOWN|Panochori|OBJ|building|Land_u_Addon_01_V1_F|[5033.34,11276.01,52.37]|309.9|[-6.50,-4.51,6.50,4.51,-3.42,3.42]
OTTOWN|Panochori|OBJ|building|Land_i_House_Big_02_V2_F|[5053.84,11274.28,52.76]|318.8|[-5.33,-12.09,5.33,12.09,-6.09,6.09]
OTTOWN|Panochori|OBJ|building|Land_u_House_Big_02_V1_F|[5045.82,11268.71,52.17]|138.9|[-5.27,-12.09,5.27,12.09,-5.90,5.90]
OTTOWN|Panochori|OBJ|building|treebin_f.p3d|[4979.31,11296.71,51.23]|274.8|[-1.24,-1.26,1.24,1.26,-0.43,0.43]
OTTOWN|Panochori|OBJ|building|treebin_f.p3d|[4979.46,11289.42,50.79]|0.0|[-1.24,-1.26,1.24,1.26,-0.43,0.43]
OTTOWN|Panochori|OBJ|building|Land_u_House_Small_02_V1_F|[4999.62,11290.66,51.32]|35.2|[-8.20,-4.64,8.20,4.64,-4.71,4.71]
OTTOWN|Panochori|OBJ|building|treebin_f.p3d|[4981.34,11303.39,51.76]|301.4|[-1.24,-1.26,1.24,1.26,-0.43,0.43]
OTTOWN|Panochori|OBJ|building|treebin_f.p3d|[4982.42,11283.00,50.58]|0.0|[-1.24,-1.26,1.24,1.26,-0.43,0.43]
OTTOWN|Panochori|OBJ|building|Land_i_House_Big_01_V2_F|[5025.27,11305.79,54.09]|305.7|[-7.89,-8.48,7.89,8.48,-6.61,6.61]
OTTOWN|Panochori|OBJ|building|Land_u_Addon_02_V1_F|[5017.85,11300.35,53.69]|304.7|[-4.57,-4.94,4.57,4.94,-3.72,3.72]
OTTOWN|Panochori|OBJ|building|Land_i_House_Small_01_V2_F|[5049.91,11293.06,53.62]|243.2|[-5.43,-7.64,5.43,7.64,-5.08,5.08]
OTTOWN|Panochori|OBJ|building|Land_i_House_Small_02_V2_F|[5041.00,11309.87,54.24]|216.3|[-8.20,-4.64,8.20,4.64,-4.71,4.71]
OTTOWN|Panochori|OBJ|building|Land_i_House_Big_02_V3_F|[5007.80,11314.77,54.51]|297.9|[-5.33,-12.09,5.33,12.09,-6.09,6.09]
OTTOWN|Panochori|OBJ|wall|stone_8m_f.p3d|[4996.81,11243.73,47.42]|269.8|[-4.26,-0.35,4.26,0.35,-1.30,1.30]
OTTOWN|Panochori|OBJ|wall|stone_pillar_f.p3d|[4996.91,11239.39,46.82]|358.2|[-0.45,-0.44,0.45,0.44,-1.79,1.79]
OTTOWN|Panochori|OBJ|wall|stone_pillar_f.p3d|[4996.97,11247.86,47.99]|355.6|[-0.45,-0.44,0.45,0.44,-1.79,1.79]
OTTOWN|Panochori|OBJ|wall|city_8md_f.p3d|[5030.06,11242.50,47.60]|37.6|[-3.50,-0.98,3.50,0.98,-1.80,1.80]
OTTOWN|Panochori|OBJ|wall|stone_8m_f.p3d|[4970.14,11279.44,49.31]|308.2|[-4.26,-0.35,4.26,0.35,-1.30,1.30]
OTTOWN|Panochori|OBJ|wall|stone_8m_f.p3d|[4984.79,11256.59,48.59]|322.7|[-4.26,-0.35,4.26,0.35,-1.30,1.30]
OTTOWN|Panochori|OBJ|wall|stone_8m_f.p3d|[4997.06,11264.28,49.85]|226.0|[-4.26,-0.35,4.26,0.35,-1.30,1.30]
OTTOWN|Panochori|OBJ|wall|stone_8m_f.p3d|[4983.21,11276.05,50.18]|221.2|[-4.26,-0.35,4.26,0.35,-1.30,1.30]
OTTOWN|Panochori|OBJ|wall|stone_pillar_f.p3d|[4986.43,11273.33,50.26]|308.1|[-0.45,-0.44,0.45,0.44,-1.79,1.79]
OTTOWN|Panochori|OBJ|wall|stone_pillar_f.p3d|[4999.83,11261.60,49.54]|314.1|[-0.45,-0.44,0.45,0.44,-1.79,1.79]
OTTOWN|Panochori|OBJ|wall|stone_pillar_f.p3d|[4988.02,11259.21,49.08]|309.0|[-0.45,-0.44,0.45,0.44,-1.79,1.79]
OTTOWN|Panochori|OBJ|wall|stone_pillar_f.p3d|[4994.74,11266.64,50.18]|308.4|[-0.45,-0.44,0.45,0.44,-1.79,1.79]
OTTOWN|Panochori|OBJ|wall|stone_8m_f.p3d|[5021.76,11269.54,50.69]|309.6|[-4.26,-0.35,4.26,0.35,-1.30,1.30]
OTTOWN|Panochori|OBJ|wall|stone_8m_f.p3d|[5026.79,11275.58,51.76]|309.6|[-4.26,-0.35,4.26,0.35,-1.30,1.30]
OTTOWN|Panochori|OBJ|wall|stone_pillar_f.p3d|[5019.26,11266.20,49.96]|279.6|[-0.45,-0.44,0.45,0.44,-1.79,1.79]
OTTOWN|Panochori|OBJ|wall|stone_4m_f.p3d|[5047.46,11259.67,51.15]|47.4|[-2.22,-0.36,2.22,0.36,-1.29,1.29]
OTTOWN|Panochori|OBJ|wall|stone_pillar_f.p3d|[5046.13,11261.17,51.22]|318.8|[-0.45,-0.44,0.45,0.44,-1.79,1.79]
OTTOWN|Panochori|OBJ|wall|stone_pillar_f.p3d|[5049.05,11257.93,51.07]|318.8|[-0.45,-0.44,0.45,0.44,-1.79,1.79]
OTTOWN|Panochori|OBJ|wall|stone_8md_f.p3d|[4978.11,11281.63,50.05]|234.4|[-4.14,-0.76,4.14,0.76,-1.28,1.28]
OTTOWN|Panochori|OBJ|wall|stone_4m_f.p3d|[4973.66,11283.93,49.83]|308.1|[-2.22,-0.36,2.22,0.36,-1.29,1.29]
OTTOWN|Panochori|OBJ|wall|stone_pillar_f.p3d|[4975.05,11285.71,49.98]|307.8|[-0.45,-0.44,0.45,0.44,-1.79,1.79]
OTTOWN|Panochori|OBJ|wall|stone_8md_f.p3d|[5000.42,11302.75,52.93]|35.2|[-4.14,-0.76,4.14,0.76,-1.28,1.28]
OTTOWN|Panochori|OBJ|wall|stone_8m_f.p3d|[4998.94,11308.42,53.33]|115.5|[-4.26,-0.35,4.26,0.35,-1.30,1.30]
OTTOWN|Panochori|OBJ|wall|stone_8m_f.p3d|[5008.75,11296.82,52.67]|35.2|[-4.26,-0.35,4.26,0.35,-1.30,1.30]
OTTOWN|Panochori|OBJ|wall|stone_pillar_f.p3d|[4997.24,11304.95,52.94]|302.6|[-0.45,-0.44,0.45,0.44,-1.79,1.79]
OTTOWN|Panochori|OBJ|wall|stone_8m_f.p3d|[5027.29,11288.67,52.87]|312.2|[-4.26,-0.35,4.26,0.35,-1.30,1.30]
OTTOWN|Panochori|OBJ|wall|stone_8m_f.p3d|[5031.73,11281.51,52.48]|309.6|[-4.26,-0.35,4.26,0.35,-1.30,1.30]
OTTOWN|Panochori|OBJ|wall|stone_8m_f.p3d|[5039.01,11301.66,53.93]|312.2|[-4.26,-0.35,4.26,0.35,-1.30,1.30]
OTTOWN|Panochori|OBJ|wall|stone_8m_f.p3d|[5021.37,11287.85,52.53]|35.2|[-4.26,-0.35,4.26,0.35,-1.30,1.30]
OTTOWN|Panochori|OBJ|wall|stone_8m_f.p3d|[5015.10,11292.29,52.54]|35.2|[-4.26,-0.35,4.26,0.35,-1.30,1.30]
OTTOWN|Panochori|OBJ|wall|stone_4m_f.p3d|[5035.10,11297.32,53.68]|131.2|[-2.22,-0.36,2.22,0.36,-1.29,1.29]
OTTOWN|Panochori|OBJ|wall|stone_pillar_f.p3d|[5037.35,11288.15,53.14]|311.7|[-0.45,-0.44,0.45,0.44,-1.79,1.79]
OTTOWN|Panochori|OBJ|wall|stone_pillar_f.p3d|[5030.07,11291.77,53.26]|310.5|[-0.45,-0.44,0.45,0.44,-1.79,1.79]
OTTOWN|Panochori|OBJ|wall|stone_pillar_f.p3d|[5033.73,11295.76,53.57]|310.5|[-0.45,-0.44,0.45,0.44,-1.79,1.79]
OTTOWN|Panochori|OBJ|wall|stone_pillar_f.p3d|[5034.15,11284.47,52.82]|309.8|[-0.45,-0.44,0.45,0.44,-1.79,1.79]
OTTOWN|Panochori|OBJ|wall|stone_pillar_f.p3d|[5024.55,11285.56,52.48]|308.7|[-0.45,-0.44,0.45,0.44,-1.79,1.79]
OTTOWN|Panochori|OBJ|wall|stone_8m_f.p3d|[5040.06,11291.39,53.37]|311.1|[-4.26,-0.35,4.26,0.35,-1.30,1.30]
OTTOWN|Panochori|OBJ|wall|stone_pillar_f.p3d|[5042.94,11294.58,53.60]|311.7|[-0.45,-0.44,0.45,0.44,-1.79,1.79]
OTTOWN|Panochori|OBJ|wall|stone_pillar_f.p3d|[5041.79,11304.78,54.08]|305.4|[-0.45,-0.44,0.45,0.44,-1.79,1.79]
OTTOWN|Panochori|OBJ|wall|stone_pillar_f.p3d|[5000.77,11312.41,53.76]|294.5|[-0.45,-0.44,0.45,0.44,-1.79,1.79]
OTTOWN|Panochori|OBJ|wall|stone_pillar_f.p3d|[5005.74,11321.92,54.71]|292.2|[-0.45,-0.44,0.45,0.44,-1.79,1.79]
OTTOWN|Panochori|OBJ|tree|t_ficusb2s_f.p3d|[5036.15,11246.85,49.16]|295.0|[-8.66,-8.23,8.66,8.23,-5.99,5.99]
OTTOWN|Panochori|OBJ|tree|t_ficusb1s_f.p3d|[4974.17,11265.61,48.61]|24.1|[-5.06,-5.62,5.06,5.62,-4.61,4.61]
OTTOWN|Panochori|OBJ|tree|t_ficusb1s_f.p3d|[4970.51,11262.84,48.03]|94.0|[-5.06,-5.62,5.06,5.62,-4.61,4.61]
OTTOWN|Panochori|OBJ|tree|t_broussonetiap1s_f.p3d|[4985.69,11277.47,50.35]|167.2|[-4.76,-4.57,4.76,4.57,-5.06,5.06]
OTTOWN|Panochori|OBJ|tree|t_broussonetiap1s_f.p3d|[4979.09,11296.59,51.01]|127.4|[-4.76,-4.57,4.76,4.57,-5.06,5.06]
OTTOWN|Panochori|OBJ|tree|t_broussonetiap1s_f.p3d|[4979.86,11289.87,50.55]|250.7|[-4.76,-4.57,4.76,4.57,-5.06,5.06]
OTTOWN|Panochori|OBJ|tree|t_ficusb2s_f.p3d|[5003.37,11305.00,53.29]|31.0|[-8.66,-8.23,8.66,8.23,-5.99,5.99]
OTTOWN|Panochori|OBJ|tree|t_broussonetiap1s_f.p3d|[4981.16,11303.71,51.76]|192.2|[-4.76,-4.57,4.76,4.57,-5.06,5.06]
OTTOWN|Panochori|OBJ|tree|t_broussonetiap1s_f.p3d|[4982.57,11282.48,50.41]|38.1|[-4.76,-4.57,4.76,4.57,-5.06,5.06]
OTTOWN|Panochori|OBJ|tree|t_ficusb2s_f.p3d|[5020.37,11289.56,52.93]|262.0|[-8.66,-8.23,8.66,8.23,-5.99,5.99]
OTTOWN|Panochori|ROAD|TRACK|10.0|[4992.11,11279.68,50.49]|[5009.32,11267.32,49.75]
OTTOWN|Panochori|ROAD|TRACK|10.0|[5011.19,11257.31,48.92]|[5006.52,11248.93,47.85]
OTTOWN|Panochori|ROAD|TRACK|10.0|[5009.32,11267.32,49.75]|[5011.19,11257.31,48.92]
OTTOWN|Panochori|ROAD|TRACK|10.0|[4987.69,11288.77,50.81]|[4992.11,11279.68,50.49]
OTTOWN|Panochori|ROAD|TRACK|10.0|[4987.33,11300.88,51.90]|[4987.69,11288.77,50.81]
OTTOWN|Panochori|H|0|[44.22,44.35,44.48,44.70,45.00,45.31,45.61,45.75,45.87,45.98,46.10,46.18,46.26,46.33,46.40,46.36,46.32,46.28,46.24,46.18,46.12,46.06,46.03,46.03,46.02,46.04,46.15,46.25,46.36,46.46,46.77,47.09,47.41,47.64,47.88,48.12,48.36,48.44,48.45,48.46,48.48,48.49,48.49,48.50,48.57]
OTTOWN|Panochori|H|1|[44.51,44.64,44.78,44.99,45.30,45.59,45.79,45.93,46.05,46.17,46.31,46.39,46.46,46.57,46.66,46.62,46.58,46.55,46.50,46.44,46.38,46.32,46.30,46.30,46.31,46.37,46.48,46.58,46.62,46.68,46.99,47.31,47.52,47.73,47.97,48.21,48.45,48.53,48.54,48.56,48.60,48.61,48.62,48.70,48.81]
OTTOWN|Panochori|H|2|[44.80,44.93,45.07,45.28,45.58,45.78,45.98,46.12,46.24,46.38,46.52,46.60,46.70,46.82,46.91,46.87,46.84,46.81,46.76,46.70,46.64,46.59,46.57,46.59,46.65,46.70,46.81,46.84,46.84,46.89,47.21,47.42,47.61,47.82,48.06,48.30,48.54,48.62,48.64,48.68,48.73,48.73,48.81,48.94,49.05]
OTTOWN|Panochori|H|3|[45.09,45.23,45.36,45.56,45.76,45.96,46.16,46.31,46.45,46.59,46.73,46.83,46.95,47.07,47.16,47.13,47.10,47.07,47.02,46.97,46.91,46.86,46.86,46.92,46.98,47.03,47.07,47.06,47.06,47.11,47.32,47.51,47.70,47.92,48.15,48.39,48.63,48.72,48.76,48.81,48.85,48.93,49.05,49.18,49.29]
OTTOWN|Panochori|H|4|[45.43,45.57,45.70,45.86,46.06,46.26,46.47,46.64,46.77,46.91,46.97,47.08,47.20,47.32,47.44,47.41,47.38,47.34,47.27,47.21,47.15,47.12,47.16,47.22,47.28,47.30,47.30,47.29,47.29,47.37,47.56,47.75,47.94,48.14,48.38,48.61,48.82,48.91,48.95,48.99,49.11,49.23,49.35,49.48,49.60]
OTTOWN|Panochori|H|5|[45.79,45.92,46.05,46.21,46.41,46.62,46.85,47.01,47.15,47.21,47.21,47.32,47.44,47.60,47.73,47.70,47.66,47.57,47.50,47.44,47.41,47.41,47.45,47.51,47.53,47.54,47.53,47.53,47.59,47.68,47.87,48.06,48.22,48.42,48.66,48.87,49.03,49.12,49.16,49.27,49.43,49.56,49.68,49.80,49.93]
OTTOWN|Panochori|H|6|[46.14,46.27,46.40,46.56,46.77,47.00,47.22,47.39,47.44,47.45,47.45,47.57,47.73,47.89,48.02,47.98,47.89,47.80,47.73,47.70,47.70,47.70,47.74,47.77,47.77,47.77,47.77,47.83,47.90,47.99,48.18,48.34,48.50,48.70,48.91,49.08,49.24,49.33,49.44,49.60,49.76,49.88,50.01,50.13,50.26]
OTTOWN|Panochori|H|7|[46.49,46.62,46.75,46.92,47.14,47.37,47.60,47.68,47.69,47.69,47.70,47.85,48.01,48.18,48.30,48.21,48.12,48.04,47.98,47.99,47.99,47.99,48.00,48.00,48.00,48.01,48.07,48.14,48.21,48.29,48.46,48.62,48.78,48.95,49.12,49.29,49.46,49.61,49.77,49.92,50.08,50.21,50.33,50.46,50.58]
OTTOWN|Panochori|H|8|[46.68,46.80,46.99,47.24,47.47,47.69,47.85,47.88,47.89,47.90,48.03,48.19,48.35,48.49,48.41,48.32,48.23,48.20,48.24,48.25,48.25,48.25,48.25,48.25,48.26,48.25,48.31,48.38,48.46,48.61,48.77,48.94,49.08,49.22,49.39,49.56,49.70,49.85,50.01,50.17,50.31,50.43,50.56,50.68,50.80]
OTTOWN|Panochori|H|9|[46.85,47.03,47.30,47.56,47.78,47.94,48.05,48.09,48.09,48.22,48.37,48.53,48.67,48.59,48.51,48.42,48.39,48.46,48.50,48.50,48.50,48.50,48.50,48.51,48.50,48.49,48.56,48.64,48.78,48.93,49.09,49.24,49.36,49.50,49.67,49.81,49.94,50.09,50.25,50.39,50.53,50.65,50.78,50.90,51.02]
OTTOWN|Panochori|H|10|[47.08,47.35,47.62,47.87,48.03,48.14,48.25,48.29,48.42,48.57,48.71,48.85,48.77,48.69,48.60,48.58,48.65,48.71,48.75,48.76,48.76,48.76,48.76,48.75,48.74,48.73,48.81,48.95,49.10,49.24,49.39,49.51,49.63,49.77,49.92,50.05,50.18,50.33,50.47,50.61,50.75,50.87,51.00,51.12,51.24]
OTTOWN|Panochori|H|11|[47.36,47.63,47.91,48.10,48.22,48.33,48.44,48.60,48.74,48.89,49.02,48.95,48.87,48.79,48.79,48.86,48.93,49.00,49.00,49.00,49.00,49.00,48.99,48.98,48.97,48.97,49.10,49.25,49.39,49.55,49.67,49.79,49.91,50.03,50.16,50.30,50.43,50.56,50.69,50.83,50.96,51.09,51.21,51.34,51.45]
OTTOWN|Panochori|H|12|[47.51,47.78,48.04,48.23,48.34,48.46,48.66,48.83,48.98,49.11,49.13,49.06,48.98,49.01,49.18,49.25,49.32,49.27,49.21,49.21,49.21,49.19,49.18,49.17,49.16,49.16,49.29,49.44,49.62,49.83,49.95,50.07,50.18,50.29,50.42,50.55,50.66,50.78,50.92,51.05,51.16,51.28,51.41,51.52,51.61]
OTTOWN|Panochori|H|13|[47.66,47.92,48.17,48.36,48.47,48.68,48.90,49.07,49.20,49.22,49.24,49.17,49.20,49.40,49.58,49.65,49.60,49.48,49.41,49.41,49.39,49.38,49.36,49.36,49.35,49.35,49.49,49.67,49.90,50.12,50.24,50.34,50.43,50.55,50.68,50.78,50.88,51.00,51.14,51.25,51.36,51.48,51.59,51.68,51.77]
OTTOWN|Panochori|H|14|[47.80,48.05,48.30,48.49,48.69,48.91,49.13,49.28,49.31,49.33,49.36,49.39,49.59,49.80,49.97,49.92,49.80,49.68,49.62,49.60,49.58,49.56,49.55,49.55,49.55,49.54,49.71,49.95,50.19,50.40,50.51,50.60,50.69,50.80,50.91,51.01,51.10,51.23,51.33,51.44,51.55,51.66,51.75,51.83,51.92]
OTTOWN|Panochori|H|15|[47.95,48.20,48.45,48.68,48.90,49.12,49.32,49.37,49.39,49.42,49.51,49.71,49.92,50.12,50.15,50.03,49.91,49.79,49.76,49.74,49.72,49.70,49.69,49.68,49.68,49.72,49.95,50.19,50.43,50.67,50.76,50.86,50.95,51.03,51.13,51.23,51.33,51.42,51.53,51.64,51.74,51.82,51.91,51.99,52.06]
OTTOWN|Panochori|H|16|[48.13,48.38,48.62,48.84,49.06,49.26,49.37,49.42,49.45,49.54,49.75,49.95,50.15,50.20,50.14,50.02,49.90,49.87,49.84,49.83,49.80,49.76,49.75,49.74,49.79,49.90,50.13,50.37,50.65,50.93,51.02,51.11,51.18,51.26,51.36,51.45,51.53,51.62,51.73,51.83,51.90,51.98,52.07,52.13,52.19]
OTTOWN|Panochori|H|17|[48.32,48.55,48.78,49.00,49.21,49.32,49.43,49.48,49.57,49.78,49.98,50.18,50.23,50.19,50.13,50.01,49.98,49.95,49.93,49.91,49.87,49.82,49.81,49.85,49.96,50.08,50.31,50.60,50.91,51.18,51.28,51.34,51.41,51.49,51.58,51.65,51.73,51.82,51.92,51.99,52.06,52.14,52.21,52.27,52.33]
OTTOWN|Panochori|H|18|[48.48,48.71,48.94,49.15,49.26,49.37,49.48,49.60,49.80,50.01,50.22,50.26,50.22,50.18,50.12,50.09,50.06,50.04,50.01,49.97,49.93,49.88,49.91,50.03,50.14,50.26,50.54,50.85,51.17,51.44,51.51,51.57,51.63,51.71,51.78,51.85,51.93,52.01,52.08,52.15,52.22,52.28,52.34,52.40,52.46]
OTTOWN|Panochori|H|19|[48.65,48.88,49.11,49.27,49.38,49.49,49.61,49.79,50.00,50.20,50.33,50.29,50.25,50.20,50.21,50.19,50.17,50.14,50.08,50.04,50.00,50.01,50.12,50.24,50.35,50.49,50.79,51.11,51.42,51.62,51.68,51.75,51.82,51.90,51.97,52.04,52.11,52.17,52.24,52.31,52.36,52.42,52.48,52.54,52.57]
OTTOWN|Panochori|H|20|[48.83,49.05,49.25,49.42,49.53,49.65,49.78,49.97,50.17,50.30,50.37,50.33,50.29,50.31,50.33,50.30,50.27,50.21,50.16,50.12,50.13,50.23,50.34,50.45,50.59,50.75,51.05,51.37,51.59,51.77,51.84,51.91,52.00,52.09,52.16,52.22,52.27,52.33,52.40,52.46,52.51,52.56,52.62,52.67,52.69]
OTTOWN|Panochori|H|21|[49.00,49.20,49.40,49.56,49.68,49.82,49.96,50.15,50.27,50.34,50.41,50.37,50.39,50.42,50.44,50.41,50.35,50.29,50.23,50.24,50.35,50.45,50.56,50.70,50.85,51.01,51.31,51.53,51.75,51.93,52.00,52.09,52.19,52.27,52.34,52.39,52.43,52.50,52.55,52.60,52.65,52.71,52.75,52.79,52.82]
OTTOWN|Panochori|H|22|[49.14,49.35,49.55,49.72,49.86,50.00,50.14,50.24,50.31,50.38,50.45,50.48,50.51,50.53,50.54,50.48,50.42,50.36,50.36,50.46,50.56,50.67,50.80,50.96,51.11,51.27,51.48,51.69,51.90,52.09,52.18,52.28,52.38,52.45,52.50,52.55,52.60,52.65,52.69,52.74,52.79,52.83,52.87,52.91,52.92]
OTTOWN|Panochori|H|23|[49.24,49.44,49.63,49.77,49.91,50.05,50.21,50.32,50.39,50.47,50.53,50.56,50.59,50.61,50.59,50.53,50.47,50.46,50.55,50.65,50.75,50.88,51.03,51.19,51.34,51.49,51.70,51.91,52.11,52.25,52.34,52.44,52.53,52.60,52.65,52.70,52.74,52.78,52.83,52.88,52.91,52.95,52.99,53.03,53.04]
OTTOWN|Panochori|H|24|[49.34,49.52,49.67,49.81,49.95,50.12,50.30,50.41,50.48,50.55,50.62,50.65,50.67,50.66,50.64,50.58,50.57,50.65,50.74,50.84,50.97,51.11,51.26,51.42,51.57,51.72,51.92,52.12,52.27,52.40,52.50,52.59,52.68,52.76,52.80,52.84,52.88,52.92,52.97,53.00,53.04,53.08,53.12,53.15,53.16]
OTTOWN|Panochori|H|25|[49.41,49.56,49.71,49.85,50.02,50.20,50.39,50.50,50.57,50.63,50.70,50.72,50.72,50.71,50.69,50.68,50.76,50.84,50.92,51.05,51.20,51.34,51.49,51.64,51.79,51.94,52.14,52.28,52.43,52.56,52.66,52.75,52.84,52.91,52.95,52.98,53.02,53.06,53.10,53.13,53.16,53.20,53.24,53.27,53.28]
OTTOWN|Panochori|H|26|[49.41,49.56,49.70,49.90,50.08,50.27,50.46,50.59,50.66,50.72,50.79,50.79,50.78,50.78,50.80,50.88,50.96,51.04,51.13,51.27,51.41,51.56,51.71,51.86,52.01,52.17,52.32,52.47,52.61,52.73,52.82,52.91,53.00,53.05,53.09,53.12,53.15,53.19,53.22,53.25,53.28,53.32,53.35,53.39,53.38]
OTTOWN|Panochori|H|27|[49.23,49.37,49.61,49.86,50.05,50.23,50.56,50.72,50.79,50.86,50.95,50.95,50.94,50.97,51.06,51.14,51.22,51.24,51.29,51.44,51.58,51.77,51.93,52.08,52.24,52.47,52.62,52.76,52.87,52.92,53.01,53.10,53.15,53.18,53.22,53.25,53.28,53.31,53.34,53.37,53.40,53.43,53.47,53.48,53.43]
OTTOWN|Panochori|H|28|[49.05,49.29,49.58,49.83,50.01,50.34,50.69,50.85,50.92,51.01,51.11,51.11,51.14,51.23,51.32,51.40,51.42,51.41,51.46,51.61,51.79,51.98,52.14,52.30,52.53,52.76,52.91,53.02,53.06,53.12,53.21,53.26,53.29,53.32,53.35,53.38,53.40,53.43,53.46,53.48,53.51,53.55,53.56,53.54,53.48]
OTTOWN|Panochori|H|29|[48.96,49.25,49.54,49.79,50.12,50.47,50.82,50.98,51.07,51.17,51.27,51.30,51.40,51.49,51.58,51.60,51.59,51.57,51.63,51.81,52.00,52.19,52.36,52.59,52.82,53.05,53.17,53.21,53.26,53.32,53.37,53.39,53.42,53.45,53.47,53.50,53.52,53.54,53.57,53.60,53.62,53.64,53.61,53.59,53.54]
OTTOWN|Panochori|H|30|[48.93,49.22,49.51,49.86,50.21,50.56,50.93,51.14,51.24,51.33,51.44,51.53,51.63,51.72,51.80,51.79,51.78,51.76,51.93,52.12,52.31,52.48,52.66,52.89,53.12,53.29,53.34,53.38,53.43,53.47,53.50,53.53,53.55,53.58,53.60,53.62,53.64,53.66,53.69,53.71,53.73,53.71,53.68,53.66,53.58]
OTTOWN|Panochori|H|31|[48.90,49.19,49.54,49.90,50.25,50.61,51.10,51.31,51.41,51.51,51.63,51.72,51.82,51.93,52.02,52.01,51.99,52.16,52.35,52.54,52.72,52.79,52.97,53.20,53.37,53.43,53.48,53.52,53.57,53.60,53.63,53.66,53.68,53.70,53.73,53.75,53.76,53.78,53.80,53.82,53.81,53.79,53.77,53.70,53.59]
OTTOWN|Panochori|H|32|[48.87,49.22,49.58,49.93,50.30,50.78,51.27,51.48,51.59,51.70,51.82,51.92,52.03,52.14,52.24,52.22,52.39,52.58,52.77,52.95,53.02,53.10,53.28,53.45,53.51,53.57,53.61,53.66,53.70,53.73,53.76,53.79,53.81,53.83,53.85,53.86,53.87,53.90,53.91,53.90,53.90,53.88,53.80,53.71,53.60]
OTTOWN|Panochori|H|33|[48.90,49.26,49.62,49.99,50.47,50.95,51.44,51.66,51.78,51.90,52.01,52.12,52.24,52.36,52.45,52.62,52.81,53.00,53.18,53.26,53.33,53.41,53.53,53.59,53.65,53.70,53.75,53.79,53.83,53.86,53.89,53.91,53.94,53.96,53.97,53.98,53.99,54.00,53.99,53.99,53.98,53.91,53.82,53.72,53.61]
OTTOWN|Panochori|H|34|[48.97,49.33,49.69,50.12,50.60,51.08,51.56,51.78,51.90,52.01,52.18,52.30,52.42,52.53,52.67,52.86,53.05,53.24,53.35,53.43,53.50,53.60,53.67,53.73,53.79,53.84,53.88,53.92,53.96,53.98,54.00,54.03,54.05,54.06,54.07,54.08,54.08,54.06,54.05,54.05,54.02,53.92,53.82,53.73,53.63]
OTTOWN|Panochori|H|35|[49.06,49.42,49.80,50.23,50.71,51.19,51.64,51.87,51.98,52.15,52.33,52.46,52.57,52.70,52.84,53.03,53.21,53.35,53.45,53.53,53.62,53.74,53.82,53.88,53.93,53.97,54.01,54.05,54.07,54.09,54.11,54.14,54.15,54.16,54.17,54.16,54.12,54.11,54.10,54.07,54.03,53.93,53.83,53.74,53.65]
OTTOWN|Panochori|H|36|[49.15,49.53,49.92,50.34,50.82,51.27,51.73,51.95,52.11,52.30,52.49,52.61,52.74,52.86,53.00,53.19,53.32,53.45,53.56,53.65,53.77,53.89,53.97,54.02,54.06,54.11,54.15,54.17,54.18,54.20,54.22,54.23,54.25,54.26,54.25,54.21,54.17,54.16,54.13,54.08,54.03,53.94,53.85,53.76,53.67]
OTTOWN|Panochori|H|37|[49.26,49.64,50.03,50.44,50.90,51.36,51.81,52.08,52.27,52.46,52.65,52.78,52.90,53.03,53.16,53.29,53.43,53.56,53.68,53.80,53.92,54.04,54.10,54.15,54.19,54.24,54.26,54.27,54.29,54.31,54.32,54.33,54.35,54.34,54.30,54.26,54.22,54.18,54.13,54.09,54.04,53.96,53.87,53.78,53.69]
OTTOWN|Panochori|H|38|[49.53,49.91,50.34,50.82,51.28,51.74,52.08,52.29,52.48,52.67,52.78,52.90,53.03,53.16,53.36,53.49,53.63,53.74,53.84,53.96,54.08,54.19,54.25,54.30,54.35,54.37,54.39,54.40,54.42,54.42,54.43,54.44,54.45,54.44,54.40,54.36,54.29,54.24,54.19,54.15,54.10,54.02,53.93,53.84,53.75]
OTTOWN|Panochori|H|39|[49.81,50.24,50.74,51.22,51.68,52.02,52.29,52.51,52.70,52.80,52.90,53.02,53.16,53.37,53.57,53.70,53.82,53.90,54.00,54.12,54.23,54.34,54.41,54.45,54.48,54.50,54.52,54.53,54.53,54.53,54.54,54.55,54.55,54.53,54.49,54.43,54.36,54.30,54.26,54.21,54.16,54.08,53.99,53.90,53.81]
OTTOWN|Panochori|H|40|[50.13,50.64,51.14,51.62,51.96,52.24,52.51,52.73,52.83,52.92,53.02,53.15,53.37,53.58,53.78,53.89,53.98,54.06,54.16,54.27,54.38,54.49,54.56,54.59,54.61,54.63,54.65,54.64,54.64,54.64,54.65,54.65,54.65,54.63,54.57,54.50,54.42,54.37,54.32,54.27,54.22,54.14,54.05,53.96,53.87]
OTTOWN|Panochori|H|41|[50.51,51.01,51.51,51.92,52.20,52.47,52.75,52.88,52.98,53.07,53.16,53.37,53.58,53.80,53.96,54.05,54.14,54.22,54.31,54.42,54.53,54.64,54.69,54.71,54.73,54.76,54.76,54.76,54.76,54.75,54.75,54.75,54.75,54.72,54.64,54.57,54.49,54.43,54.38,54.34,54.29,54.20,54.11,54.03,53.93]
OTTOWN|Panochori|H|42|[50.79,51.29,51.81,52.24,52.51,52.79,53.01,53.14,53.23,53.32,53.42,53.63,53.84,54.01,54.11,54.20,54.28,54.36,54.45,54.56,54.67,54.75,54.79,54.81,54.84,54.89,54.89,54.89,54.88,54.85,54.85,54.85,54.85,54.82,54.74,54.67,54.57,54.51,54.46,54.41,54.37,54.28,54.19,54.10,53.98]
OTTOWN|Panochori|H|43|[51.07,51.59,52.13,52.55,52.83,53.05,53.26,53.39,53.48,53.58,53.68,53.89,54.06,54.16,54.26,54.35,54.43,54.50,54.59,54.70,54.78,54.85,54.89,54.92,54.97,55.02,55.02,55.01,54.98,54.95,54.95,54.95,54.95,54.92,54.84,54.75,54.65,54.58,54.53,54.49,54.45,54.36,54.26,54.15,54.04]
OTTOWN|Panochori|H|44|[51.37,51.91,52.44,52.87,53.09,53.30,53.51,53.64,53.74,53.84,53.94,54.10,54.21,54.31,54.41,54.49,54.56,54.63,54.72,54.80,54.88,54.96,55.00,55.05,55.10,55.15,55.14,55.11,55.08,55.05,55.05,55.05,55.05,55.02,54.92,54.82,54.72,54.66,54.61,54.57,54.53,54.43,54.32,54.20,54.09]
OTTOWN|Panochori|END
OTTOWN|Zaros|HEAD|i_House_Big_01_V1_F|Land_i_House_Big_01_V1_F|[9087.396,11934.828,20.098]|279.38|false|288|4|5
OTTOWN|Zaros|BOX|[-7.89,-8.48,7.89,8.48,-6.61,6.61]
OTTOWN|Zaros|DOOR|main|[9094.11,11930.38,20.66]|459.4|2.25
OTTOWN|Zaros|DOOR|side|[9082.65,11940.58,20.67]|369.4|1.00
OTTOWN|Zaros|BPOS|[[9081.83,11936.47,20.66],[9091.91,11935.47,24.17],[9087.80,11934.01,20.72],[9085.48,11935.41,24.06],[9082.09,11939.34,24.10],[9086.34,11932.26,24.10],[9081.44,11932.15,24.10],[9093.42,11933.99,24.17],[9090.36,11930.87,24.09]]
OTTOWN|Zaros|OBJ|building|Land_i_House_Big_02_V1_F|[9075.70,11892.08,20.61]|232.3|[-5.33,-12.09,5.33,12.09,-6.09,6.09]
OTTOWN|Zaros|OBJ|building|Land_i_House_Big_01_V3_F|[9066.28,11901.10,21.46]|142.6|[-7.89,-8.48,7.89,8.48,-6.61,6.61]
OTTOWN|Zaros|OBJ|building|water_source_f.p3d|[9086.36,11905.87,19.19]|279.5|[-1.31,-0.87,1.31,0.87,-1.53,1.53]
OTTOWN|Zaros|OBJ|building|water_source_f.p3d|[9084.79,11906.13,19.19]|99.1|[-1.31,-0.87,1.31,0.87,-1.53,1.53]
OTTOWN|Zaros|OBJ|building|treebin_f.p3d|[9084.92,11901.32,19.42]|0.0|[-1.24,-1.26,1.24,1.26,-0.43,0.43]
OTTOWN|Zaros|OBJ|building|Land_i_House_Big_02_V2_F|[9057.02,11929.66,21.82]|269.7|[-5.33,-12.09,5.33,12.09,-6.09,6.09]
OTTOWN|Zaros|OBJ|building|Land_i_Shop_01_V1_F|[9058.30,11938.86,21.53]|270.4|[-4.75,-10.13,4.75,10.13,-6.46,6.46]
OTTOWN|Zaros|OBJ|building|Land_u_Addon_01_V1_F|[9056.35,11918.75,21.76]|267.2|[-6.50,-4.51,6.50,4.51,-3.42,3.42]
OTTOWN|Zaros|OBJ|building|Land_u_Addon_02_V1_F|[9089.83,11916.70,19.13]|274.6|[-4.57,-4.94,4.57,4.94,-3.72,3.72]
OTTOWN|Zaros|OBJ|building|Land_i_Addon_03_V1_F|[9075.75,11936.98,19.82]|99.1|[-5.02,-4.11,5.02,4.11,-3.05,3.05]
OTTOWN|Zaros|OBJ|building|Land_i_Shop_01_V1_F|[9099.38,11935.08,19.09]|189.1|[-4.75,-10.13,4.75,10.13,-6.46,6.46]
OTTOWN|Zaros|OBJ|building|Land_i_Stone_Shed_V2_F|[9123.45,11919.77,17.45]|272.7|[-4.53,-4.96,4.53,4.96,-3.80,3.80]
OTTOWN|Zaros|OBJ|building|Land_u_Addon_02_V1_F|[9056.36,11948.01,21.04]|181.7|[-4.57,-4.94,4.57,4.94,-3.72,3.72]
OTTOWN|Zaros|OBJ|building|Land_i_Addon_03_V1_F|[9082.10,11968.43,20.09]|100.7|[-5.02,-4.11,5.02,4.11,-3.05,3.05]
OTTOWN|Zaros|OBJ|building|Land_i_Addon_04_V1_F|[9069.38,11969.92,20.80]|281.4|[-5.02,-3.98,5.02,3.98,-2.94,2.94]
OTTOWN|Zaros|OBJ|building|Land_i_House_Big_02_V1_F|[9100.68,11964.45,20.38]|10.5|[-5.33,-12.09,5.33,12.09,-6.09,6.09]
OTTOWN|Zaros|OBJ|building|Land_i_Shop_02_V3_F|[9090.91,11965.70,19.95]|100.9|[-8.58,-5.44,8.58,5.44,-6.24,6.24]
OTTOWN|Zaros|OBJ|building|Land_i_Addon_04_V1_F|[9061.73,11971.50,20.75]|101.5|[-5.02,-3.98,5.02,3.98,-2.94,2.94]
OTTOWN|Zaros|OBJ|building|Land_i_Addon_03_V1_F|[9102.57,11973.73,19.47]|190.8|[-5.02,-4.11,5.02,4.11,-3.05,3.05]
OTTOWN|Zaros|OBJ|wall|city_8m_f.p3d|[9056.28,11907.15,21.88]|242.0|[-3.53,-0.25,3.53,0.25,-2.08,2.08]
OTTOWN|Zaros|OBJ|wall|city_8m_f.p3d|[9075.82,11902.58,19.54]|232.3|[-3.53,-0.25,3.53,0.25,-2.08,2.08]
OTTOWN|Zaros|OBJ|wall|city_8m_f.p3d|[9087.62,11894.78,18.47]|151.2|[-3.53,-0.25,3.53,0.25,-2.08,2.08]
OTTOWN|Zaros|OBJ|wall|city_4m_f.p3d|[9072.63,11906.73,19.68]|52.8|[-1.79,-0.24,1.79,0.24,-2.08,2.08]
OTTOWN|Zaros|OBJ|wall|city_4m_f.p3d|[9083.38,11892.17,18.54]|322.2|[-1.79,-0.24,1.79,0.24,-2.08,2.08]
OTTOWN|Zaros|OBJ|wall|stone_8m_f.p3d|[9107.07,11904.96,17.79]|93.5|[-4.26,-0.35,4.26,0.35,-1.30,1.30]
OTTOWN|Zaros|OBJ|wall|city_8m_f.p3d|[9093.73,11898.16,18.41]|151.2|[-3.53,-0.25,3.53,0.25,-2.08,2.08]
OTTOWN|Zaros|OBJ|wall|city_4m_f.p3d|[9097.67,11898.11,18.10]|57.6|[-1.79,-0.24,1.79,0.24,-2.08,2.08]
OTTOWN|Zaros|OBJ|wall|stone_4m_f.p3d|[9107.74,11899.28,17.59]|62.3|[-2.22,-0.36,2.22,0.36,-1.29,1.29]
OTTOWN|Zaros|OBJ|wall|city_8md_f.p3d|[9053.41,11913.38,22.03]|249.2|[-3.50,-0.98,3.50,0.98,-1.80,1.80]
OTTOWN|Zaros|OBJ|wall|city_pillar_f.p3d|[9052.18,11916.54,21.95]|352.4|[-0.23,-0.24,0.23,0.24,-2.14,2.14]
OTTOWN|Zaros|OBJ|wall|city_8m_f.p3d|[9067.23,11914.51,20.26]|237.5|[-3.53,-0.25,3.53,0.25,-2.08,2.08]
OTTOWN|Zaros|OBJ|wall|city_8m_f.p3d|[9064.38,11920.79,20.33]|254.8|[-3.53,-0.25,3.53,0.25,-2.08,2.08]
OTTOWN|Zaros|OBJ|wall|city2_8m_f.p3d|[9077.85,11923.40,19.72]|278.2|[-3.51,-0.25,3.51,0.25,-2.09,2.09]
OTTOWN|Zaros|OBJ|wall|city2_8m_f.p3d|[9080.00,11917.68,19.52]|223.1|[-3.51,-0.25,3.51,0.25,-2.09,2.09]
OTTOWN|Zaros|OBJ|wall|city2_8m_f.p3d|[9088.49,11912.79,18.92]|186.3|[-3.51,-0.25,3.51,0.25,-2.09,2.09]
OTTOWN|Zaros|OBJ|wall|city_4m_f.p3d|[9061.93,11924.53,20.28]|8.0|[-1.79,-0.24,1.79,0.24,-2.08,2.08]
OTTOWN|Zaros|OBJ|wall|city2_4m_f.p3d|[9083.78,11914.18,19.21]|222.1|[-1.76,-0.25,1.76,0.25,-2.09,2.09]
OTTOWN|Zaros|OBJ|wall|concrete_smallwall_8m_f.p3d|[9075.21,11923.66,19.71]|280.6|[-4.00,-0.26,4.00,0.26,-1.15,1.15]
OTTOWN|Zaros|OBJ|wall|city_pillar_f.p3d|[9060.21,11924.72,20.29]|0.0|[-0.23,-0.24,0.23,0.24,-2.14,2.14]
OTTOWN|Zaros|OBJ|wall|concrete_smallwall_4m_f.p3d|[9077.02,11926.74,19.72]|164.3|[-2.01,-0.26,2.01,0.26,-1.16,1.16]
OTTOWN|Zaros|OBJ|wall|concrete_smallwall_4m_f.p3d|[9075.95,11920.55,19.72]|199.7|[-2.01,-0.26,2.01,0.26,-1.16,1.16]
OTTOWN|Zaros|OBJ|wall|Land_Stone_Gate_F|[9107.48,11911.24,18.00]|274.4|[-2.96,-1.47,2.96,1.47,-1.71,1.71]
OTTOWN|Zaros|OBJ|wall|stone_8m_f.p3d|[9109.78,11927.95,18.31]|280.5|[-4.26,-0.35,4.26,0.35,-1.30,1.30]
OTTOWN|Zaros|OBJ|wall|stone_8m_f.p3d|[9115.95,11938.91,18.61]|12.3|[-4.26,-0.35,4.26,0.35,-1.30,1.30]
OTTOWN|Zaros|OBJ|wall|stone_8m_f.p3d|[9111.31,11935.85,18.67]|280.5|[-4.26,-0.35,4.26,0.35,-1.30,1.30]
OTTOWN|Zaros|OBJ|wall|stone_8m_f.p3d|[9108.17,11917.50,18.02]|278.2|[-4.26,-0.35,4.26,0.35,-1.30,1.30]
OTTOWN|Zaros|OBJ|wall|city2_8m_f.p3d|[9095.29,11912.04,18.54]|186.3|[-3.51,-0.25,3.51,0.25,-2.09,2.09]
OTTOWN|Zaros|OBJ|wall|city2_8m_f.p3d|[9101.53,11924.14,18.41]|282.2|[-3.51,-0.25,3.51,0.25,-2.09,2.09]
OTTOWN|Zaros|OBJ|wall|city2_8m_f.p3d|[9099.52,11915.26,18.50]|104.2|[-3.51,-0.25,3.51,0.25,-2.09,2.09]
OTTOWN|Zaros|OBJ|wall|stone_4m_f.p3d|[9108.79,11922.05,18.10]|97.4|[-2.22,-0.36,2.22,0.36,-1.29,1.29]
OTTOWN|Zaros|OBJ|wall|city_pillar_f.p3d|[9102.21,11927.23,18.06]|103.5|[-0.23,-0.24,0.23,0.24,-2.14,2.14]
OTTOWN|Zaros|OBJ|wall|stone_8md_f.p3d|[9131.51,11935.42,17.89]|193.0|[-4.14,-0.76,4.14,0.76,-1.28,1.28]
OTTOWN|Zaros|OBJ|wall|stone_8m_f.p3d|[9123.74,11937.21,18.25]|12.3|[-4.26,-0.35,4.26,0.35,-1.30,1.30]
OTTOWN|Zaros|OBJ|wall|concrete_smallwall_8m_f.p3d|[9077.64,11944.01,19.97]|5.2|[-4.00,-0.26,4.00,0.26,-1.15,1.15]
OTTOWN|Zaros|OBJ|wall|concrete_smallwall_4m_f.p3d|[9063.18,11945.04,20.53]|90.3|[-2.01,-0.26,2.01,0.26,-1.16,1.16]
OTTOWN|Zaros|OBJ|wall|concrete_smallwall_4m_f.p3d|[9061.53,11947.62,20.52]|24.2|[-2.01,-0.26,2.01,0.26,-1.16,1.16]
OTTOWN|Zaros|OBJ|wall|concrete_smallwall_4m_f.p3d|[9080.21,11942.45,19.97]|96.1|[-2.01,-0.26,2.01,0.26,-1.16,1.16]
OTTOWN|Zaros|OBJ|wall|concrete_smallwall_4m_f.p3d|[9074.47,11943.03,19.97]|107.6|[-2.01,-0.26,2.01,0.26,-1.16,1.16]
OTTOWN|Zaros|OBJ|wall|city_8md_f.p3d|[9115.15,11957.51,19.25]|11.6|[-3.50,-0.98,3.50,0.98,-1.80,1.80]
OTTOWN|Zaros|OBJ|wall|city_8m_f.p3d|[9108.37,11958.75,19.52]|10.8|[-3.53,-0.25,3.53,0.25,-2.08,2.08]
OTTOWN|Zaros|OBJ|tree|t_phoenixc3s_f.p3d|[9084.83,11901.22,19.96]|190.0|[-10.50,-10.50,10.50,10.50,-10.52,10.52]
OTTOWN|Zaros|OBJ|tree|t_quercusir2s_f.p3d|[9094.20,11891.62,18.28]|233.4|[-11.51,-11.20,11.51,11.20,-11.24,11.24]
OTTOWN|Zaros|OBJ|tree|t_ficusb2s_f.p3d|[9060.39,11916.79,21.55]|129.0|[-8.66,-8.23,8.66,8.23,-5.99,5.99]
OTTOWN|Zaros|OBJ|tree|t_phoenixc1s_f.p3d|[9079.53,11920.83,19.55]|148.0|[-4.68,-4.32,4.68,4.32,-3.89,3.89]
OTTOWN|Zaros|OBJ|tree|t_ficusb2s_f.p3d|[9098.28,11915.27,18.80]|152.1|[-8.66,-8.23,8.66,8.23,-5.99,5.99]
OTTOWN|Zaros|OBJ|tree|t_ficusb2s_f.p3d|[9117.79,11932.42,18.37]|177.3|[-8.66,-8.23,8.66,8.23,-5.99,5.99]
OTTOWN|Zaros|OBJ|tree|t_oleae2s_f.p3d|[9115.62,11924.40,17.87]|47.0|[-7.19,-6.88,7.19,6.88,-7.90,7.90]
OTTOWN|Zaros|OBJ|tree|t_ficusb2s_f.p3d|[9121.66,11911.44,17.29]|93.5|[-8.66,-8.23,8.66,8.23,-5.99,5.99]
OTTOWN|Zaros|OBJ|tree|t_oleae2s_f.p3d|[9131.08,11932.16,17.66]|350.2|[-7.19,-6.88,7.19,6.88,-7.90,7.90]
OTTOWN|Zaros|OBJ|tree|t_phoenixc3s_f.p3d|[9060.93,11947.40,20.58]|214.2|[-10.50,-10.50,10.50,10.50,-10.52,10.52]
OTTOWN|Zaros|OBJ|tree|t_poplar2f_dead_f.p3d|[9115.62,11968.29,19.35]|246.1|[-9.47,-8.66,9.47,8.66,-11.85,11.85]
OTTOWN|Zaros|OBJ|tree|t_ficusb1s_f.p3d|[9110.53,11959.76,19.51]|167.6|[-5.06,-5.62,5.06,5.62,-4.61,4.61]
OTTOWN|Zaros|ROAD|TRACK|10.0|[9048.48,11907.30,22.56]|[9058.05,11887.30,21.36]
OTTOWN|Zaros|ROAD|TRACK|10.0|[9044.76,11923.73,22.49]|[9048.48,11907.30,22.56]
OTTOWN|Zaros|ROAD|TRACK|10.0|[9044.28,11940.30,22.30]|[9044.76,11923.73,22.49]
OTTOWN|Zaros|ROAD|TRACK|10.0|[9072.23,11954.41,20.45]|[9046.23,11959.34,21.94]
OTTOWN|Zaros|ROAD|TRACK|10.0|[9047.05,11963.53,21.97]|[9049.37,11974.37,22.12]
OTTOWN|Zaros|ROAD|TRACK|10.0|[9046.12,11959.06,21.91]|[9044.96,11949.03,22.04]
OTTOWN|Zaros|ROAD|TRACK|10.0|[9044.96,11949.03,22.04]|[9044.28,11940.30,22.30]
OTTOWN|Zaros|ROAD|TRACK|10.0|[9100.44,11949.18,19.51]|[9072.23,11954.41,20.45]
OTTOWN|Zaros|ROAD|TRACK|10.0|[9134.03,11942.30,18.11]|[9100.44,11949.18,19.51]
OTTOWN|Zaros|H|0|[22.62,22.44,22.33,22.22,22.07,21.91,21.71,21.56,21.46,21.25,20.98,20.74,20.52,20.41,20.31,20.11,19.89,19.71,19.53,19.34,19.17,19.02,18.86,18.69,18.53,18.36,18.20,18.04,17.96,17.88,17.74,17.60,17.49,17.39,17.39,17.37,17.33,17.29,17.24,17.24,17.25,17.25,17.24,17.19,17.14]
OTTOWN|Zaros|H|1|[22.69,22.51,22.40,22.25,22.11,21.94,21.79,21.69,21.60,21.39,21.15,20.92,20.70,20.59,20.38,20.16,19.95,19.77,19.58,19.39,19.22,19.06,18.89,18.72,18.55,18.39,18.23,18.07,17.98,17.85,17.70,17.56,17.46,17.46,17.45,17.43,17.39,17.35,17.30,17.29,17.29,17.29,17.28,17.24,17.14]
OTTOWN|Zaros|H|2|[22.76,22.58,22.43,22.29,22.15,22.02,21.92,21.83,21.74,21.55,21.32,21.10,20.88,20.67,20.44,20.22,20.01,19.82,19.63,19.44,19.26,19.09,18.92,18.75,18.58,18.42,18.26,18.10,17.95,17.81,17.66,17.53,17.53,17.52,17.52,17.49,17.45,17.40,17.36,17.34,17.34,17.33,17.33,17.23,17.13]
OTTOWN|Zaros|H|3|[22.95,22.64,22.50,22.36,22.22,22.11,22.02,21.92,21.76,21.54,21.31,21.09,20.88,20.66,20.44,20.22,20.02,19.83,19.64,19.46,19.28,19.11,18.93,18.76,18.60,18.43,18.27,18.11,17.96,17.82,17.67,17.56,17.56,17.55,17.54,17.51,17.46,17.42,17.44,17.46,17.45,17.45,17.44,17.34,17.24]
OTTOWN|Zaros|H|4|[23.02,22.71,22.57,22.43,22.31,22.20,22.11,21.94,21.73,21.51,21.28,21.07,20.87,20.64,20.43,20.23,20.03,19.84,19.66,19.47,19.29,19.12,18.95,18.77,18.61,18.44,18.28,18.12,17.98,17.83,17.70,17.59,17.58,17.57,17.55,17.52,17.47,17.50,17.56,17.58,17.58,17.56,17.55,17.45,17.34]
OTTOWN|Zaros|H|5|[23.09,22.78,22.65,22.52,22.40,22.29,22.13,21.91,21.70,21.48,21.27,21.06,20.85,20.63,20.44,20.24,20.04,19.86,19.67,19.48,19.30,19.13,18.96,18.78,18.62,18.46,18.30,18.14,17.99,17.86,17.72,17.62,17.61,17.58,17.56,17.53,17.55,17.62,17.69,17.70,17.69,17.68,17.66,17.55,17.33]
OTTOWN|Zaros|H|6|[23.11,22.84,22.72,22.60,22.48,22.30,22.09,21.88,21.66,21.46,21.25,21.04,20.84,20.64,20.44,20.25,20.05,19.86,19.68,19.49,19.31,19.14,18.96,18.79,18.63,18.47,18.31,18.15,18.02,17.89,17.75,17.66,17.64,17.62,17.59,17.59,17.66,17.72,17.79,17.78,17.76,17.75,17.74,17.52,17.30]
OTTOWN|Zaros|H|7|[22.99,22.83,22.71,22.58,22.43,22.24,22.03,21.82,21.63,21.43,21.22,21.01,20.83,20.63,20.44,20.24,20.04,19.86,19.67,19.49,19.31,19.13,18.96,18.79,18.63,18.47,18.32,18.20,18.07,17.93,17.83,17.79,17.77,17.75,17.65,17.60,17.67,17.73,17.67,17.63,17.62,17.60,17.59,17.37,17.15]
OTTOWN|Zaros|H|8|[22.98,22.82,22.69,22.54,22.37,22.18,21.97,21.78,21.60,21.40,21.19,21.01,20.82,20.63,20.43,20.23,20.04,19.85,19.66,19.48,19.30,19.13,18.96,18.80,18.63,18.48,18.36,18.24,18.11,18.01,17.97,17.93,17.91,17.81,17.66,17.61,17.67,17.61,17.52,17.48,17.47,17.45,17.44,17.22,17.04]
OTTOWN|Zaros|H|9|[22.97,22.80,22.65,22.48,22.31,22.12,21.93,21.75,21.56,21.37,21.18,21.00,20.81,20.62,20.42,20.22,20.03,19.84,19.66,19.47,19.30,19.13,18.96,18.80,18.64,18.52,18.41,18.29,18.19,18.15,18.10,18.07,17.97,17.82,17.67,17.62,17.55,17.46,17.37,17.34,17.32,17.30,17.29,17.11,17.00]
OTTOWN|Zaros|H|10|[22.93,22.77,22.60,22.43,22.26,22.08,21.90,21.71,21.53,21.34,21.16,20.97,20.79,20.60,20.40,20.20,20.02,19.83,19.65,19.46,19.29,19.12,18.96,18.80,18.71,18.59,18.47,18.37,18.33,18.28,18.24,18.11,17.97,17.82,17.67,17.59,17.50,17.42,17.32,17.27,17.25,17.24,17.19,17.08,16.97]
OTTOWN|Zaros|H|11|[22.89,22.73,22.56,22.39,22.22,22.04,21.86,21.67,21.48,21.30,21.11,20.93,20.75,20.55,20.36,20.17,20.00,19.82,19.63,19.44,19.26,19.10,18.94,18.90,18.80,18.68,18.58,18.51,18.46,18.42,18.29,18.10,17.95,17.80,17.75,17.69,17.61,17.51,17.38,17.32,17.31,17.26,17.17,17.05,16.94]
OTTOWN|Zaros|H|12|[22.85,22.69,22.52,22.35,22.18,22.00,21.82,21.63,21.44,21.25,21.07,20.89,20.71,20.51,20.33,20.16,19.98,19.80,19.61,19.42,19.24,19.09,19.04,18.99,18.89,18.79,18.72,18.64,18.60,18.46,18.27,18.09,17.94,17.89,17.85,17.80,17.70,17.57,17.43,17.38,17.33,17.24,17.14,17.03,16.95]
OTTOWN|Zaros|H|13|[22.81,22.65,22.48,22.31,22.14,21.96,21.77,21.58,21.39,21.21,21.03,20.84,20.66,20.48,20.31,20.14,19.97,19.78,19.59,19.39,19.23,19.18,19.13,19.08,19.00,18.93,18.85,18.78,18.64,18.45,18.26,18.07,18.02,17.99,17.96,17.89,17.76,17.62,17.48,17.40,17.31,17.21,17.11,17.04,16.98]
OTTOWN|Zaros|H|14|[22.74,22.60,22.43,22.26,22.09,21.91,21.72,21.53,21.34,21.15,20.96,20.78,20.61,20.44,20.27,20.10,19.94,19.75,19.56,19.38,19.32,19.27,19.22,19.14,19.05,18.97,18.90,18.79,18.60,18.41,18.22,18.12,18.09,18.05,18.01,17.91,17.77,17.64,17.52,17.43,17.34,17.24,17.17,17.11,17.05]
OTTOWN|Zaros|H|15|[22.68,22.54,22.37,22.20,22.04,21.87,21.68,21.48,21.26,21.07,20.89,20.72,20.56,20.39,20.22,20.07,19.92,19.73,19.55,19.47,19.41,19.36,19.28,19.14,19.04,18.97,18.86,18.74,18.55,18.36,18.25,18.16,18.13,18.09,18.01,17.90,17.77,17.66,17.58,17.50,17.40,17.32,17.26,17.21,17.15]
OTTOWN|Zaros|H|16|[22.63,22.49,22.32,22.15,21.99,21.82,21.62,21.41,21.19,21.00,20.83,20.67,20.51,20.34,20.19,20.04,19.89,19.71,19.64,19.56,19.50,19.42,19.28,19.14,19.04,18.94,18.81,18.68,18.50,18.39,18.29,18.21,18.17,18.09,18.01,17.90,17.79,17.72,17.65,17.56,17.48,17.42,17.36,17.30,17.24]
OTTOWN|Zaros|H|17|[22.57,22.43,22.27,22.11,21.94,21.76,21.55,21.33,21.12,20.94,20.78,20.62,20.45,20.31,20.16,20.02,19.88,19.80,19.73,19.65,19.56,19.42,19.27,19.13,19.01,18.88,18.76,18.63,18.53,18.43,18.33,18.24,18.16,18.08,18.00,17.92,17.85,17.78,17.71,17.64,17.58,17.52,17.45,17.39,17.32]
OTTOWN|Zaros|H|18|[22.57,22.38,22.22,22.05,21.88,21.68,21.47,21.26,21.05,20.88,20.72,20.55,20.44,20.30,20.15,20.02,19.92,19.85,19.77,19.69,19.59,19.44,19.30,19.19,19.08,18.96,18.83,18.73,18.64,18.54,18.45,18.37,18.29,18.21,18.13,18.06,17.99,17.92,17.83,17.76,17.70,17.64,17.57,17.50,17.43]
OTTOWN|Zaros|H|19|[22.52,22.33,22.16,21.99,21.80,21.61,21.39,21.19,20.99,20.82,20.66,20.54,20.44,20.29,20.15,20.06,19.96,19.89,19.81,19.73,19.62,19.48,19.37,19.28,19.17,19.04,18.95,18.85,18.76,18.66,18.58,18.50,18.42,18.34,18.27,18.20,18.13,18.05,17.95,17.88,17.82,17.75,17.68,17.61,17.54]
OTTOWN|Zaros|H|20|[22.46,22.27,22.10,21.91,21.73,21.53,21.33,21.13,20.93,20.76,20.64,20.54,20.43,20.29,20.19,20.10,20.00,19.92,19.84,19.76,19.65,19.54,19.45,19.37,19.25,19.16,19.07,18.97,18.88,18.80,18.71,18.63,18.56,18.49,18.42,18.35,18.26,18.17,18.08,18.00,17.93,17.86,17.79,17.72,17.65]
OTTOWN|Zaros|H|21|[22.42,22.22,22.04,21.85,21.66,21.46,21.27,21.07,20.87,20.74,20.64,20.53,20.42,20.33,20.23,20.13,20.04,19.96,19.88,19.79,19.72,19.63,19.54,19.45,19.36,19.27,19.18,19.09,19.00,18.92,18.84,18.76,18.69,18.62,18.55,18.47,18.38,18.28,18.19,18.12,18.04,17.97,17.90,17.83,17.75]
OTTOWN|Zaros|H|22|[22.41,22.22,22.04,21.85,21.64,21.42,21.22,21.03,20.85,20.73,20.62,20.52,20.42,20.32,20.22,20.14,20.09,20.00,19.92,19.87,19.81,19.72,19.63,19.53,19.43,19.34,19.25,19.17,19.08,19.00,18.92,18.85,18.78,18.71,18.64,18.55,18.46,18.36,18.28,18.21,18.14,18.07,18.01,17.94,17.86]
OTTOWN|Zaros|H|23|[22.41,22.22,22.04,21.82,21.59,21.38,21.18,21.01,20.84,20.71,20.61,20.51,20.42,20.32,20.24,20.19,20.13,20.05,19.99,19.96,19.90,19.81,19.70,19.60,19.50,19.41,19.33,19.25,19.16,19.09,19.01,18.94,18.87,18.80,18.72,18.63,18.54,18.46,18.38,18.30,18.23,18.18,18.13,18.05,17.97]
OTTOWN|Zaros|H|24|[22.41,22.22,22.01,21.78,21.55,21.34,21.16,20.99,20.82,20.70,20.60,20.51,20.42,20.34,20.28,20.23,20.18,20.12,20.08,20.05,19.99,19.88,19.78,19.67,19.58,19.49,19.41,19.33,19.25,19.18,19.10,19.03,18.96,18.88,18.80,18.71,18.63,18.55,18.47,18.40,18.34,18.29,18.24,18.16,18.08]
OTTOWN|Zaros|H|25|[22.40,22.19,21.97,21.74,21.51,21.30,21.13,20.96,20.79,20.68,20.58,20.49,20.42,20.37,20.32,20.27,20.21,20.17,20.13,20.10,20.03,19.93,19.82,19.71,19.63,19.55,19.47,19.40,19.33,19.26,19.19,19.11,19.03,18.95,18.87,18.79,18.71,18.63,18.55,18.49,18.43,18.38,18.32,18.24,18.16]
OTTOWN|Zaros|H|26|[22.36,22.15,21.92,21.69,21.46,21.26,21.09,20.92,20.75,20.64,20.54,20.47,20.44,20.39,20.34,20.27,20.20,20.16,20.13,20.10,20.03,19.93,19.82,19.74,19.66,19.57,19.51,19.47,19.40,19.32,19.25,19.17,19.09,19.01,18.94,18.86,18.78,18.70,18.61,18.54,18.49,18.43,18.38,18.30,18.21]
OTTOWN|Zaros|H|27|[22.31,22.10,21.87,21.64,21.42,21.21,21.04,20.88,20.71,20.60,20.53,20.50,20.46,20.41,20.34,20.26,20.19,20.16,20.13,20.10,20.03,19.93,19.85,19.76,19.68,19.61,19.57,19.53,19.46,19.39,19.31,19.23,19.15,19.08,19.00,18.93,18.84,18.75,18.66,18.60,18.54,18.49,18.43,18.35,18.28]
OTTOWN|Zaros|H|28|[22.26,22.05,21.82,21.60,21.37,21.17,21.00,20.84,20.67,20.58,20.55,20.52,20.48,20.42,20.34,20.26,20.19,20.15,20.13,20.10,20.03,19.95,19.87,19.79,19.72,19.68,19.64,19.60,19.53,19.45,19.37,19.29,19.22,19.14,19.07,18.99,18.90,18.81,18.72,18.65,18.60,18.54,18.49,18.42,18.36]
OTTOWN|Zaros|H|29|[22.22,22.02,21.79,21.56,21.34,21.14,20.98,20.81,20.66,20.60,20.57,20.54,20.51,20.43,20.35,20.27,20.25,20.22,20.19,20.15,20.06,19.98,19.90,19.81,19.75,19.71,19.67,19.63,19.56,19.48,19.40,19.36,19.28,19.21,19.13,19.06,18.96,18.87,18.78,18.72,18.66,18.60,18.54,18.48,18.42]
OTTOWN|Zaros|H|30|[22.19,21.99,21.76,21.53,21.32,21.12,20.96,20.81,20.69,20.63,20.60,20.56,20.53,20.45,20.37,20.35,20.34,20.31,20.27,20.18,20.09,20.01,19.92,19.82,19.76,19.72,19.69,19.65,19.57,19.50,19.46,19.42,19.35,19.27,19.20,19.12,19.03,18.94,18.85,18.79,18.73,18.66,18.59,18.53,18.48]
OTTOWN|Zaros|H|31|[22.16,21.96,21.73,21.52,21.30,21.11,20.96,20.83,20.71,20.65,20.62,20.59,20.56,20.48,20.46,20.45,20.43,20.40,20.30,20.21,20.12,20.03,19.93,19.84,19.78,19.74,19.70,19.66,19.59,19.55,19.52,19.49,19.41,19.34,19.27,19.19,19.10,19.01,18.92,18.86,18.79,18.71,18.64,18.58,18.51]
OTTOWN|Zaros|H|32|[22.13,21.93,21.71,21.50,21.28,21.10,20.98,20.86,20.73,20.68,20.64,20.61,20.58,20.56,20.55,20.54,20.52,20.43,20.33,20.24,20.14,20.05,19.95,19.85,19.79,19.76,19.72,19.68,19.65,19.62,19.59,19.55,19.48,19.41,19.34,19.26,19.17,19.08,18.99,18.91,18.84,18.76,18.69,18.62,18.55]
OTTOWN|Zaros|H|33|[22.14,21.96,21.74,21.53,21.33,21.20,21.07,20.95,20.81,20.74,20.71,20.67,20.58,20.57,20.55,20.54,20.51,20.41,20.32,20.21,20.10,20.00,19.90,19.84,19.81,19.77,19.73,19.80,19.77,19.74,19.70,19.59,19.52,19.45,19.39,19.31,19.22,19.13,19.03,18.95,18.88,18.80,18.73,18.66,18.59]
OTTOWN|Zaros|H|34|[22.18,21.99,21.78,21.58,21.43,21.29,21.17,21.03,20.87,20.81,20.77,20.68,20.58,20.56,20.55,20.53,20.49,20.40,20.29,20.16,20.04,19.94,19.89,19.86,19.82,19.78,19.85,19.93,19.90,19.86,19.74,19.63,19.56,19.49,19.43,19.36,19.27,19.17,19.07,18.99,18.91,18.84,18.77,18.70,18.62]
OTTOWN|Zaros|H|35|[22.21,22.03,21.84,21.68,21.53,21.39,21.25,21.10,20.94,20.87,20.78,20.67,20.57,20.55,20.53,20.51,20.47,20.37,20.24,20.11,19.99,19.93,19.90,19.87,19.83,19.90,19.98,20.06,20.02,19.90,19.78,19.67,19.60,19.54,19.48,19.40,19.31,19.21,19.11,19.03,18.95,18.88,18.80,18.73,18.63]
OTTOWN|Zaros|H|36|[22.25,22.08,21.92,21.77,21.62,21.47,21.31,21.16,21.00,20.88,20.78,20.68,20.57,20.54,20.52,20.50,20.44,20.31,20.17,20.04,19.98,19.95,19.92,19.89,19.93,20.01,20.09,20.16,20.04,19.92,19.80,19.69,19.63,19.57,19.51,19.43,19.34,19.24,19.14,19.06,18.99,18.91,18.84,18.74,18.64]
OTTOWN|Zaros|H|37|[22.29,22.12,21.96,21.81,21.67,21.52,21.36,21.21,21.05,20.93,20.82,20.72,20.59,20.56,20.54,20.47,20.32,20.19,20.06,20.02,20.02,19.99,19.96,19.92,19.96,20.04,20.11,20.09,19.97,19.85,19.75,19.68,19.61,19.55,19.50,19.43,19.33,19.23,19.16,19.09,19.02,18.94,18.84,18.75,18.65]
OTTOWN|Zaros|H|38|[22.33,22.16,22.00,21.86,21.71,21.56,21.41,21.25,21.09,20.97,20.86,20.73,20.60,20.57,20.51,20.36,20.21,20.08,20.04,20.06,20.06,20.02,19.99,19.95,20.00,20.06,20.04,20.02,19.90,19.80,19.73,19.66,19.60,19.54,19.49,19.42,19.32,19.25,19.19,19.12,19.04,18.95,18.85,18.75,18.66]
OTTOWN|Zaros|H|39|[22.37,22.20,22.05,21.91,21.76,21.61,21.45,21.29,21.13,21.01,20.88,20.75,20.62,20.54,20.39,20.25,20.10,20.06,20.08,20.10,20.09,20.06,20.02,19.98,20.02,19.99,19.97,19.95,19.85,19.78,19.71,19.64,19.58,19.53,19.48,19.41,19.34,19.28,19.22,19.15,19.05,18.96,18.86,18.76,18.66]
OTTOWN|Zaros|H|40|[22.39,22.25,22.10,21.96,21.81,21.69,21.53,21.37,21.21,21.08,20.95,20.82,20.67,20.52,20.37,20.22,20.05,20.07,20.09,20.11,20.10,20.06,20.02,20.00,20.02,20.00,19.98,19.92,19.84,19.77,19.70,19.65,19.60,19.55,19.50,19.43,19.37,19.31,19.25,19.17,19.07,18.97,18.87,18.77,18.67]
OTTOWN|Zaros|H|41|[22.42,22.31,22.16,22.02,21.92,21.80,21.64,21.49,21.35,21.22,21.09,20.94,20.77,20.61,20.46,20.24,20.02,20.04,20.06,20.07,20.06,20.02,20.00,20.11,20.12,20.10,20.04,19.92,19.85,19.78,19.73,19.69,19.64,19.59,19.52,19.46,19.40,19.33,19.28,19.19,19.10,19.00,18.88,18.78,18.68]
OTTOWN|Zaros|H|42|[22.49,22.37,22.23,22.13,22.04,21.92,21.76,21.63,21.50,21.37,21.22,21.04,20.86,20.71,20.48,20.21,19.99,20.01,20.02,20.03,20.02,20.00,20.11,20.21,20.23,20.17,20.05,19.93,19.85,19.81,19.78,19.74,19.69,19.62,19.55,19.48,19.42,19.36,19.31,19.22,19.12,19.01,18.89,18.79,18.70]
OTTOWN|Zaros|H|43|[22.55,22.43,22.34,22.25,22.16,22.04,21.91,21.78,21.64,21.49,21.31,21.14,20.96,20.73,20.45,20.18,19.96,19.98,19.99,20.00,20.00,20.11,20.21,20.31,20.29,20.17,20.05,19.93,19.88,19.85,19.82,19.78,19.72,19.64,19.57,19.51,19.45,19.39,19.34,19.25,19.13,19.02,18.90,18.80,18.71]
OTTOWN|Zaros|H|44|[22.59,22.51,22.42,22.33,22.24,22.11,21.98,21.84,21.72,21.56,21.38,21.20,20.99,20.72,20.45,20.17,19.94,19.95,19.96,19.97,20.03,20.14,20.24,20.32,20.24,20.12,20.00,19.95,19.92,19.89,19.86,19.81,19.74,19.67,19.59,19.51,19.45,19.40,19.34,19.24,19.12,19.01,18.90,18.81,18.71]
OTTOWN|Zaros|END
OTTOWN|Therisa|HEAD|i_House_Big_01_V1_F|Land_i_House_Big_01_V2_F|[10660.564,12195.269,16.735]|133.45|false|126|3|4
OTTOWN|Therisa|BOX|[-7.89,-8.48,7.89,8.48,-6.61,6.61]
OTTOWN|Therisa|DOOR|main|[10657.50,12202.72,17.30]|313.5|2.25
OTTOWN|Therisa|DOOR|side|[10661.27,12187.85,17.30]|223.5|1.00
OTTOWN|Therisa|BPOS|[[10664.25,12190.79,17.29],[10656.47,12197.26,20.81],[10660.69,12196.18,17.36],[10661.83,12193.71,20.70],[10662.43,12188.56,20.73],[10662.88,12196.80,20.73],[10666.99,12194.15,20.73],[10656.05,12199.34,20.81],[10660.33,12200.21,20.73]]
OTTOWN|Therisa|OBJ|building|Land_i_House_Big_01_V2_F|[10651.98,12159.59,17.53]|41.0|[-7.89,-8.48,7.89,8.48,-6.61,6.61]
OTTOWN|Therisa|OBJ|building|Land_u_House_Small_01_V1_F|[10665.06,12175.26,19.02]|221.8|[-5.60,-7.64,5.60,7.64,-4.94,4.94]
OTTOWN|Therisa|OBJ|building|Land_i_House_Big_02_V1_F|[10621.72,12189.88,15.65]|46.4|[-5.33,-12.09,5.33,12.09,-6.09,6.09]
OTTOWN|Therisa|OBJ|building|Land_u_Addon_02_V1_F|[10628.26,12183.55,15.73]|227.2|[-4.57,-4.94,4.57,4.94,-3.72,3.72]
OTTOWN|Therisa|OBJ|building|treebin_f.p3d|[10632.54,12208.08,15.92]|0.0|[-1.24,-1.26,1.24,1.26,-0.43,0.43]
OTTOWN|Therisa|OBJ|building|water_source_f.p3d|[10642.54,12207.58,16.01]|224.1|[-1.31,-0.87,1.31,0.87,-1.53,1.53]
OTTOWN|Therisa|OBJ|building|water_source_f.p3d|[10641.42,12206.43,16.01]|44.1|[-1.31,-0.87,1.31,0.87,-1.53,1.53]
OTTOWN|Therisa|OBJ|building|Land_u_Addon_02_V1_F|[10674.11,12184.01,17.69]|40.6|[-4.57,-4.94,4.57,4.94,-3.72,3.72]
OTTOWN|Therisa|OBJ|building|Land_i_Addon_03_V1_F|[10668.22,12203.86,16.72]|43.1|[-5.02,-4.11,5.02,4.11,-3.05,3.05]
OTTOWN|Therisa|OBJ|building|Land_i_Addon_03_V1_F|[10652.22,12189.43,16.14]|134.0|[-5.02,-4.11,5.02,4.11,-3.05,3.05]
OTTOWN|Therisa|OBJ|building|treebin_f.p3d|[10642.37,12218.26,16.10]|113.2|[-1.24,-1.26,1.24,1.26,-0.43,0.43]
OTTOWN|Therisa|OBJ|building|Land_i_Shop_01_V1_F|[10672.29,12211.54,17.16]|133.4|[-4.75,-10.13,4.75,10.13,-6.46,6.46]
OTTOWN|Therisa|OBJ|building|Land_u_Shop_02_V1_F|[10679.51,12217.30,17.44]|223.1|[-8.56,-5.44,8.56,5.44,-6.24,6.24]
OTTOWN|Therisa|OBJ|building|Land_Kiosk_redburger_F|[10664.04,12228.93,16.59]|43.3|[-4.19,-4.24,4.19,4.24,-4.12,4.12]
OTTOWN|Therisa|OBJ|building|Land_i_Addon_04_V1_F|[10658.50,12223.96,15.73]|43.6|[-5.02,-3.98,5.02,3.98,-2.94,2.94]
OTTOWN|Therisa|OBJ|building|treebin_f.p3d|[10650.27,12227.32,16.31]|0.0|[-1.24,-1.26,1.24,1.26,-0.43,0.43]
OTTOWN|Therisa|OBJ|building|treebin_f.p3d|[10658.58,12235.91,16.49]|0.0|[-1.24,-1.26,1.24,1.26,-0.43,0.43]
OTTOWN|Therisa|OBJ|wall|stone_8m_f.p3d|[10674.10,12156.36,18.06]|130.4|[-4.26,-0.35,4.26,0.35,-1.30,1.30]
OTTOWN|Therisa|OBJ|wall|stone_8m_f.p3d|[10679.38,12162.94,18.00]|126.9|[-4.26,-0.35,4.26,0.35,-1.30,1.30]
OTTOWN|Therisa|OBJ|wall|stone_pillar_f.p3d|[10676.79,12159.51,18.00]|125.4|[-0.45,-0.44,0.45,0.44,-1.79,1.79]
OTTOWN|Therisa|OBJ|wall|stone_pillar_f.p3d|[10671.19,12153.06,18.12]|129.5|[-0.45,-0.44,0.45,0.44,-1.79,1.79]
OTTOWN|Therisa|OBJ|wall|stone_8m_f.p3d|[10684.63,12169.97,18.06]|126.2|[-4.26,-0.35,4.26,0.35,-1.30,1.30]
OTTOWN|Therisa|OBJ|wall|stone_8m_f.p3d|[10689.88,12176.71,18.15]|127.9|[-4.26,-0.35,4.26,0.35,-1.30,1.30]
OTTOWN|Therisa|OBJ|wall|stone_pillar_f.p3d|[10687.22,12173.39,18.12]|130.9|[-0.45,-0.44,0.45,0.44,-1.79,1.79]
OTTOWN|Therisa|OBJ|wall|stone_pillar_f.p3d|[10681.98,12166.45,18.00]|125.4|[-0.45,-0.44,0.45,0.44,-1.79,1.79]
OTTOWN|Therisa|OBJ|wall|city_8md_f.p3d|[10641.27,12187.11,15.96]|2.8|[-3.50,-0.98,3.50,0.98,-1.80,1.80]
OTTOWN|Therisa|OBJ|wall|city_4m_f.p3d|[10644.95,12187.18,16.06]|174.0|[-1.79,-0.24,1.79,0.24,-2.08,2.08]
OTTOWN|Therisa|OBJ|wall|city_4m_f.p3d|[10636.05,12187.38,15.81]|185.7|[-1.79,-0.24,1.79,0.24,-2.08,2.08]
OTTOWN|Therisa|OBJ|wall|city_pillar_f.p3d|[10646.92,12187.44,16.11]|0.0|[-0.23,-0.24,0.23,0.24,-2.14,2.14]
OTTOWN|Therisa|OBJ|wall|canal_wallsmall_10m_f.p3d|[10657.06,12185.68,16.21]|314.3|[-4.50,-0.56,4.50,0.56,-2.51,2.51]
OTTOWN|Therisa|OBJ|wall|city_8m_f.p3d|[10678.17,12201.78,16.94]|219.6|[-3.53,-0.25,3.53,0.25,-2.08,2.08]
OTTOWN|Therisa|OBJ|wall|city_8m_f.p3d|[10671.43,12192.19,16.66]|37.8|[-3.53,-0.25,3.53,0.25,-2.08,2.08]
OTTOWN|Therisa|OBJ|wall|stone_8m_f.p3d|[10700.82,12184.71,18.37]|38.8|[-4.26,-0.35,4.26,0.35,-1.30,1.30]
OTTOWN|Therisa|OBJ|wall|stone_8m_f.p3d|[10695.14,12183.62,18.19]|127.3|[-4.26,-0.35,4.26,0.35,-1.30,1.30]
OTTOWN|Therisa|OBJ|wall|city_8m_f.p3d|[10682.22,12188.50,17.13]|120.4|[-3.53,-0.25,3.53,0.25,-2.08,2.08]
OTTOWN|Therisa|OBJ|wall|city_8m_f.p3d|[10688.46,12197.89,17.40]|133.1|[-3.53,-0.25,3.53,0.25,-2.08,2.08]
OTTOWN|Therisa|OBJ|wall|city_8m_f.p3d|[10683.50,12197.33,17.19]|219.6|[-3.53,-0.25,3.53,0.25,-2.08,2.08]
OTTOWN|Therisa|OBJ|wall|city_8m_f.p3d|[10695.54,12205.85,17.68]|309.6|[-3.53,-0.25,3.53,0.25,-2.08,2.08]
OTTOWN|Therisa|OBJ|wall|stone_pillar_f.p3d|[10697.80,12186.99,18.23]|39.5|[-0.45,-0.44,0.45,0.44,-1.79,1.79]
OTTOWN|Therisa|OBJ|wall|stone_pillar_f.p3d|[10692.52,12180.18,18.16]|127.1|[-0.45,-0.44,0.45,0.44,-1.79,1.79]
OTTOWN|Therisa|OBJ|wall|city_pillar_f.p3d|[10680.37,12185.33,17.24]|43.9|[-0.23,-0.24,0.23,0.24,-2.14,2.14]
OTTOWN|Therisa|OBJ|wall|city_8m_f.p3d|[10690.22,12214.75,17.86]|213.3|[-3.53,-0.25,3.53,0.25,-2.08,2.08]
OTTOWN|Therisa|OBJ|wall|city_8m_f.p3d|[10695.42,12210.77,17.66]|220.9|[-3.53,-0.25,3.53,0.25,-2.08,2.08]
OTTOWN|Therisa|OBJ|wall|city_4m_f.p3d|[10688.34,12218.29,17.76]|308.4|[-1.79,-0.24,1.79,0.24,-2.08,2.08]
OTTOWN|Therisa|OBJ|tree|t_ficusb2s_f.p3d|[10647.06,12170.77,16.80]|312.5|[-8.66,-8.23,8.66,8.23,-5.99,5.99]
OTTOWN|Therisa|OBJ|tree|t_quercusir2s_f.p3d|[10637.83,12185.69,15.88]|46.2|[-11.51,-11.20,11.51,11.20,-11.24,11.24]
OTTOWN|Therisa|OBJ|tree|t_fraxinusav2s_f.p3d|[10632.23,12209.04,15.92]|291.0|[-13.54,-13.39,13.54,13.39,-13.22,13.22]
OTTOWN|Therisa|OBJ|tree|t_ficusb2s_f.p3d|[10646.28,12180.56,16.20]|266.8|[-8.66,-8.23,8.66,8.23,-5.99,5.99]
OTTOWN|Therisa|OBJ|tree|t_ficusb2s_f.p3d|[10673.56,12197.01,17.22]|8.9|[-8.66,-8.23,8.66,8.23,-5.99,5.99]
OTTOWN|Therisa|OBJ|tree|t_fraxinusav2s_f.p3d|[10642.45,12219.83,16.39]|318.0|[-13.54,-13.39,13.54,13.39,-13.22,13.22]
OTTOWN|Therisa|OBJ|tree|t_fraxinusav2s_f.p3d|[10649.27,12226.92,16.31]|203.0|[-13.54,-13.39,13.54,13.39,-13.22,13.22]
OTTOWN|Therisa|OBJ|tree|t_poplar2f_dead_f.p3d|[10659.09,12235.78,16.76]|281.7|[-9.47,-8.66,9.47,8.66,-11.85,11.85]
OTTOWN|Therisa|OBJ|tree|t_ficusb2s_f.p3d|[10690.85,12211.39,17.93]|18.0|[-8.66,-8.23,8.66,8.23,-5.99,5.99]
OTTOWN|Therisa|ROAD|TRACK|10.0|[10675.50,12170.20,17.63]|[10665.39,12157.02,17.77]
OTTOWN|Therisa|ROAD|TRACK|10.0|[10665.39,12157.02,17.77]|[10659.43,12149.00,17.80]
OTTOWN|Therisa|ROAD|ROAD|10.0|[10615.08,12202.93,15.67]|[10600.75,12190.11,15.43]
OTTOWN|Therisa|ROAD|ROAD|10.0|[10609.62,12209.60,15.63]|[10615.88,12201.62,15.68]
OTTOWN|Therisa|ROAD|TRACK|10.0|[10712.43,12212.30,17.77]|[10692.53,12190.20,18.01]
OTTOWN|Therisa|ROAD|TRACK|10.0|[10692.53,12190.20,18.01]|[10675.50,12170.20,17.63]
OTTOWN|Therisa|ROAD|ROAD|10.0|[10615.08,12202.93,15.67]|[10631.21,12219.23,16.02]
OTTOWN|Therisa|ROAD|ROAD|10.0|[10631.21,12219.23,16.02]|[10645.95,12235.01,16.34]
OTTOWN|Therisa|ROAD|ROAD|10.0|[10645.95,12235.01,16.34]|[10664.25,12253.82,16.70]
OTTOWN|Therisa|H|0|[15.81,15.91,16.02,16.16,16.31,16.44,16.50,16.52,16.53,16.57,16.66,16.76,16.86,16.96,17.04,17.12,17.20,17.28,17.37,17.47,17.56,17.66,17.74,17.82,17.89,17.98,18.07,18.16,18.23,18.32,18.41,18.50,18.54,18.61,18.67,18.75,18.85,18.90,18.94,18.98,19.03,19.08,19.14,19.21,19.23]
OTTOWN|Therisa|H|1|[15.76,15.85,15.96,16.10,16.24,16.34,16.39,16.41,16.45,16.51,16.60,16.70,16.79,16.88,16.96,17.04,17.12,17.21,17.30,17.40,17.52,17.61,17.69,17.76,17.83,17.92,18.01,18.09,18.16,18.24,18.33,18.36,18.40,18.46,18.55,18.70,18.80,18.85,18.88,18.90,18.95,19.00,19.07,19.15,19.17]
OTTOWN|Therisa|H|2|[15.70,15.79,15.89,16.03,16.13,16.23,16.29,16.32,16.38,16.45,16.54,16.63,16.72,16.81,16.89,16.97,17.05,17.14,17.23,17.35,17.47,17.56,17.64,17.71,17.78,17.86,17.94,18.01,18.08,18.17,18.20,18.22,18.26,18.34,18.50,18.65,18.75,18.78,18.80,18.82,18.87,18.93,19.01,19.08,19.11]
OTTOWN|Therisa|H|3|[15.63,15.72,15.82,15.92,16.02,16.12,16.20,16.26,16.32,16.38,16.47,16.56,16.64,16.73,16.81,16.90,16.98,17.07,17.19,17.30,17.42,17.51,17.58,17.65,17.72,17.79,17.86,17.93,18.00,18.03,18.06,18.08,18.13,18.29,18.44,18.60,18.69,18.70,18.72,18.74,18.80,18.87,18.95,19.02,19.02]
OTTOWN|Therisa|H|4|[15.60,15.69,15.78,15.88,15.98,16.07,16.14,16.20,16.26,16.34,16.43,16.52,16.61,16.67,16.76,16.84,16.93,17.08,17.20,17.32,17.40,17.45,17.51,17.58,17.66,17.73,17.80,17.87,17.96,17.98,18.01,18.03,18.10,18.26,18.41,18.53,18.57,18.59,18.61,18.67,18.75,18.82,18.90,18.93,18.94]
OTTOWN|Therisa|H|5|[15.57,15.66,15.74,15.84,15.93,16.01,16.07,16.13,16.22,16.31,16.40,16.49,16.55,16.62,16.70,16.80,16.96,17.11,17.23,17.30,17.33,17.38,17.45,17.52,17.60,17.67,17.74,17.83,17.92,17.94,17.97,18.00,18.07,18.23,18.35,18.42,18.46,18.47,18.54,18.62,18.70,18.77,18.81,18.85,18.85]
OTTOWN|Therisa|H|6|[15.54,15.62,15.71,15.80,15.87,15.94,16.01,16.09,16.18,16.28,16.37,16.43,16.50,16.56,16.66,16.82,16.98,17.13,17.21,17.23,17.26,17.31,17.38,17.46,17.54,17.61,17.70,17.79,17.88,17.91,17.94,17.97,18.04,18.16,18.23,18.30,18.34,18.40,18.49,18.57,18.65,18.69,18.73,18.76,18.77]
OTTOWN|Therisa|H|7|[15.51,15.59,15.67,15.74,15.81,15.88,15.97,16.06,16.15,16.25,16.31,16.37,16.44,16.51,16.67,16.83,16.99,17.11,17.14,17.16,17.18,17.24,17.31,17.39,17.47,17.56,17.65,17.75,17.84,17.87,17.90,17.93,17.98,18.05,18.12,18.19,18.27,18.36,18.44,18.53,18.58,18.61,18.65,18.69,18.73]
OTTOWN|Therisa|H|8|[15.53,15.60,15.65,15.72,15.80,15.86,15.94,16.03,16.13,16.18,16.24,16.30,16.37,16.44,16.60,16.76,16.91,17.00,17.03,17.05,17.08,17.13,17.21,17.29,17.37,17.46,17.56,17.65,17.73,17.76,17.79,17.84,17.92,17.99,18.06,18.16,18.25,18.34,18.42,18.50,18.55,18.59,18.63,18.68,18.71]
OTTOWN|Therisa|H|9|[15.53,15.58,15.64,15.71,15.77,15.83,15.91,16.01,16.06,16.11,16.17,16.23,16.30,16.37,16.53,16.68,16.80,16.89,16.92,16.94,16.97,17.03,17.11,17.19,17.28,17.37,17.46,17.54,17.62,17.65,17.70,17.79,17.86,17.93,18.03,18.13,18.23,18.32,18.40,18.48,18.52,18.56,18.61,18.66,18.70]
OTTOWN|Therisa|H|10|[15.51,15.56,15.62,15.69,15.75,15.81,15.89,15.94,15.99,16.03,16.09,16.16,16.23,16.30,16.44,16.57,16.69,16.78,16.81,16.84,16.87,16.93,17.01,17.10,17.18,17.27,17.35,17.43,17.51,17.56,17.64,17.73,17.81,17.90,18.01,18.11,18.21,18.29,18.37,18.45,18.50,18.55,18.60,18.65,18.70]
OTTOWN|Therisa|H|11|[15.51,15.56,15.60,15.66,15.72,15.79,15.84,15.89,15.94,15.98,16.05,16.11,16.18,16.23,16.35,16.48,16.60,16.67,16.70,16.73,16.76,16.84,16.93,17.01,17.10,17.18,17.26,17.34,17.45,17.53,17.61,17.70,17.76,17.87,17.98,18.08,18.18,18.26,18.34,18.41,18.47,18.52,18.57,18.63,18.69]
OTTOWN|Therisa|H|12|[15.53,15.56,15.59,15.65,15.71,15.77,15.82,15.87,15.92,15.97,16.03,16.10,16.15,16.17,16.30,16.42,16.50,16.56,16.59,16.61,16.69,16.77,16.86,16.94,17.04,17.12,17.20,17.31,17.46,17.54,17.63,17.67,17.72,17.82,17.93,18.04,18.13,18.21,18.29,18.36,18.42,18.47,18.53,18.60,18.66]
OTTOWN|Therisa|H|13|[15.52,15.54,15.58,15.64,15.70,15.75,15.81,15.86,15.91,15.96,16.02,16.07,16.09,16.11,16.24,16.32,16.38,16.44,16.47,16.54,16.62,16.71,16.79,16.88,16.97,17.06,17.17,17.32,17.47,17.56,17.60,17.62,17.67,17.78,17.89,17.99,18.08,18.16,18.24,18.31,18.37,18.43,18.50,18.57,18.63]
OTTOWN|Therisa|H|14|[15.51,15.53,15.56,15.62,15.68,15.74,15.79,15.84,15.89,15.94,15.99,16.01,16.03,16.06,16.14,16.20,16.27,16.32,16.40,16.48,16.56,16.64,16.73,16.82,16.91,17.03,17.18,17.34,17.49,17.53,17.56,17.58,17.63,17.73,17.84,17.95,18.04,18.11,18.19,18.26,18.33,18.40,18.46,18.53,18.61]
OTTOWN|Therisa|H|15|[15.51,15.53,15.57,15.63,15.69,15.74,15.77,15.82,15.87,15.92,15.94,15.96,15.98,16.03,16.09,16.15,16.22,16.28,16.36,16.44,16.52,16.61,16.71,16.80,16.89,17.03,17.18,17.34,17.43,17.46,17.48,17.50,17.59,17.69,17.80,17.90,17.99,18.06,18.14,18.22,18.29,18.36,18.43,18.50,18.58]
OTTOWN|Therisa|H|16|[15.53,15.55,15.59,15.65,15.70,15.72,15.75,15.80,15.84,15.87,15.89,15.91,15.96,16.01,16.08,16.14,16.20,16.26,16.34,16.42,16.52,16.61,16.70,16.79,16.88,17.02,17.17,17.27,17.34,17.36,17.39,17.46,17.55,17.66,17.76,17.85,17.93,18.01,18.09,18.18,18.25,18.32,18.39,18.47,18.54]
OTTOWN|Therisa|H|17|[15.55,15.57,15.61,15.66,15.68,15.70,15.73,15.77,15.80,15.82,15.85,15.89,15.95,16.00,16.07,16.12,16.18,16.24,16.33,16.42,16.51,16.60,16.69,16.78,16.87,17.01,17.11,17.18,17.24,17.27,17.34,17.42,17.51,17.62,17.71,17.80,17.88,17.96,18.05,18.14,18.22,18.29,18.36,18.43,18.51]
OTTOWN|Therisa|H|18|[15.57,15.59,15.62,15.64,15.66,15.67,15.70,15.73,15.75,15.78,15.83,15.88,15.94,15.99,16.05,16.11,16.16,16.23,16.32,16.41,16.51,16.60,16.69,16.77,16.86,16.95,17.01,17.08,17.15,17.23,17.31,17.39,17.47,17.56,17.65,17.74,17.83,17.92,18.01,18.10,18.18,18.25,18.32,18.40,18.47]
OTTOWN|Therisa|H|19|[15.59,15.61,15.63,15.65,15.66,15.68,15.71,15.73,15.76,15.78,15.83,15.89,15.94,15.98,16.03,16.09,16.15,16.21,16.31,16.40,16.49,16.57,16.66,16.75,16.84,16.92,16.99,17.06,17.14,17.22,17.30,17.38,17.48,17.57,17.66,17.74,17.83,17.92,18.01,18.10,18.17,18.24,18.32,18.37,18.44]
OTTOWN|Therisa|H|20|[15.60,15.62,15.64,15.66,15.68,15.70,15.72,15.75,15.77,15.79,15.84,15.89,15.93,15.96,16.02,16.07,16.13,16.20,16.29,16.38,16.46,16.55,16.63,16.73,16.83,16.90,16.97,17.05,17.13,17.21,17.29,17.39,17.49,17.58,17.66,17.74,17.83,17.92,18.01,18.09,18.17,18.24,18.29,18.35,18.42]
OTTOWN|Therisa|H|21|[15.62,15.64,15.65,15.67,15.69,15.71,15.73,15.76,15.78,15.80,15.85,15.88,15.91,15.95,16.00,16.06,16.11,16.18,16.27,16.35,16.43,16.52,16.62,16.71,16.81,16.89,16.96,17.04,17.12,17.20,17.30,17.40,17.50,17.58,17.66,17.74,17.83,17.92,18.00,18.09,18.16,18.22,18.27,18.32,18.39]
OTTOWN|Therisa|H|22|[15.63,15.65,15.67,15.69,15.71,15.72,15.74,15.77,15.79,15.81,15.84,15.87,15.90,15.93,15.99,16.05,16.10,16.16,16.25,16.33,16.41,16.50,16.60,16.70,16.80,16.88,16.96,17.03,17.11,17.21,17.31,17.41,17.50,17.58,17.66,17.74,17.83,17.91,18.00,18.08,18.14,18.19,18.25,18.30,18.34]
OTTOWN|Therisa|H|23|[15.65,15.67,15.69,15.71,15.72,15.74,15.77,15.79,15.81,15.83,15.86,15.89,15.92,15.94,16.00,16.06,16.11,16.18,16.26,16.34,16.41,16.50,16.60,16.70,16.79,16.87,16.94,17.02,17.11,17.21,17.30,17.40,17.49,17.57,17.65,17.74,17.82,17.91,17.99,18.08,18.14,18.19,18.24,18.28,18.32]
OTTOWN|Therisa|H|24|[15.67,15.69,15.71,15.72,15.74,15.77,15.79,15.81,15.83,15.85,15.88,15.91,15.93,15.95,16.01,16.07,16.12,16.19,16.27,16.34,16.41,16.50,16.60,16.68,16.77,16.85,16.93,17.02,17.10,17.20,17.30,17.39,17.48,17.56,17.65,17.73,17.82,17.91,17.99,18.08,18.14,18.19,18.22,18.26,18.30]
OTTOWN|Therisa|H|25|[15.69,15.71,15.72,15.74,15.77,15.79,15.81,15.83,15.85,15.87,15.90,15.92,15.94,15.97,16.02,16.08,16.13,16.20,16.27,16.34,16.41,16.49,16.58,16.67,16.76,16.84,16.93,17.01,17.10,17.19,17.29,17.38,17.47,17.55,17.64,17.73,17.82,17.90,17.99,18.07,18.13,18.16,18.20,18.23,18.25]
OTTOWN|Therisa|H|26|[15.70,15.72,15.74,15.76,15.78,15.80,15.83,15.85,15.87,15.89,15.91,15.94,15.96,15.98,16.04,16.09,16.15,16.19,16.26,16.33,16.40,16.49,16.57,16.66,16.75,16.83,16.91,17.00,17.09,17.18,17.27,17.37,17.46,17.55,17.64,17.73,17.82,17.90,17.99,18.07,18.12,18.15,18.19,18.20,18.17]
OTTOWN|Therisa|H|27|[15.70,15.72,15.74,15.76,15.78,15.82,15.85,15.87,15.89,15.91,15.94,15.96,15.98,16.00,16.05,16.11,16.14,16.18,16.25,16.32,16.40,16.48,16.57,16.65,16.72,16.80,16.88,16.97,17.07,17.16,17.26,17.36,17.46,17.55,17.63,17.73,17.82,17.90,17.99,18.07,18.12,18.15,18.16,18.13,18.11]
OTTOWN|Therisa|H|28|[15.70,15.72,15.74,15.76,15.80,15.84,15.87,15.89,15.91,15.94,15.96,15.98,16.00,16.02,16.07,16.11,16.13,16.16,16.23,16.31,16.40,16.48,16.56,16.63,16.69,16.77,16.86,16.96,17.05,17.15,17.25,17.35,17.45,17.54,17.63,17.73,17.82,17.90,17.99,18.07,18.12,18.13,18.10,18.07,18.05]
OTTOWN|Therisa|H|29|[15.70,15.72,15.74,15.78,15.82,15.86,15.89,15.91,15.94,15.96,15.98,16.00,16.02,16.04,16.07,16.09,16.11,16.15,16.23,16.31,16.39,16.47,16.53,16.60,16.66,16.74,16.84,16.94,17.04,17.14,17.24,17.35,17.45,17.54,17.63,17.73,17.82,17.90,17.99,18.07,18.09,18.06,18.04,18.01,17.98]
OTTOWN|Therisa|H|30|[15.70,15.72,15.74,15.79,15.83,15.87,15.91,15.93,15.96,15.98,16.00,16.02,16.03,16.05,16.08,16.10,16.12,16.16,16.24,16.32,16.39,16.44,16.50,16.56,16.62,16.71,16.81,16.90,17.02,17.12,17.22,17.33,17.45,17.54,17.63,17.72,17.81,17.89,17.98,18.07,18.07,18.04,18.01,17.97,17.93]
OTTOWN|Therisa|H|31|[15.70,15.72,15.75,15.79,15.83,15.89,15.93,15.95,15.97,16.00,16.02,16.03,16.05,16.08,16.10,16.12,16.14,16.18,16.26,16.33,16.35,16.40,16.46,16.52,16.57,16.66,16.76,16.87,16.99,17.09,17.20,17.33,17.45,17.54,17.63,17.71,17.80,17.88,17.97,18.06,18.06,18.03,17.99,17.95,17.91]
OTTOWN|Therisa|H|32|[15.70,15.72,15.75,15.79,15.85,15.91,15.95,15.97,15.99,16.01,16.03,16.05,16.08,16.10,16.12,16.14,16.16,16.20,16.27,16.29,16.31,16.36,16.42,16.47,16.52,16.61,16.72,16.84,16.96,17.07,17.20,17.33,17.45,17.54,17.62,17.70,17.79,17.87,17.97,18.06,18.06,18.01,17.97,17.92,17.88]
OTTOWN|Therisa|H|33|[15.71,15.73,15.75,15.81,15.87,15.93,15.97,15.99,16.01,16.03,16.05,16.08,16.10,16.12,16.14,16.16,16.18,16.21,16.23,16.25,16.27,16.31,16.37,16.42,16.47,16.58,16.70,16.82,16.94,17.06,17.20,17.33,17.44,17.53,17.61,17.69,17.78,17.87,17.96,18.05,18.04,17.99,17.94,17.89,17.83]
OTTOWN|Therisa|H|34|[15.71,15.74,15.81,15.87,15.93,15.97,15.99,16.01,16.03,16.05,16.08,16.10,16.12,16.14,16.16,16.18,16.20,16.22,16.25,16.27,16.29,16.33,16.38,16.43,16.47,16.56,16.68,16.80,16.91,17.04,17.17,17.30,17.41,17.49,17.57,17.67,17.77,17.86,17.95,18.02,17.99,17.94,17.90,17.87,17.81]
OTTOWN|Therisa|H|35|[15.72,15.80,15.87,15.93,15.97,15.99,16.01,16.03,16.05,16.08,16.10,16.12,16.14,16.16,16.18,16.20,16.22,16.25,16.27,16.29,16.31,16.35,16.40,16.43,16.46,16.55,16.67,16.78,16.88,17.01,17.14,17.26,17.37,17.45,17.54,17.65,17.75,17.84,17.91,17.97,17.95,17.90,17.87,17.84,17.78]
OTTOWN|Therisa|H|36|[15.78,15.86,15.93,15.97,15.99,16.01,16.03,16.05,16.08,16.10,16.12,16.14,16.16,16.18,16.20,16.22,16.25,16.27,16.29,16.31,16.33,16.37,16.40,16.42,16.44,16.54,16.65,16.75,16.85,16.98,17.10,17.22,17.33,17.42,17.53,17.64,17.74,17.81,17.87,17.93,17.90,17.87,17.85,17.82,17.76]
OTTOWN|Therisa|H|37|[15.82,15.90,15.97,15.99,16.01,16.03,16.05,16.08,16.10,16.12,16.14,16.16,16.18,16.20,16.22,16.25,16.27,16.29,16.31,16.33,16.35,16.37,16.40,16.42,16.44,16.52,16.62,16.72,16.82,16.94,17.06,17.18,17.29,17.40,17.51,17.62,17.70,17.76,17.82,17.88,17.87,17.84,17.82,17.79,17.73]
OTTOWN|Therisa|H|38|[15.75,15.86,15.99,16.01,16.03,16.05,16.08,16.10,16.12,16.14,16.16,16.18,16.20,16.22,16.25,16.27,16.29,16.31,16.33,16.35,16.37,16.40,16.42,16.44,16.46,16.54,16.64,16.73,16.76,16.88,17.00,17.12,17.23,17.34,17.45,17.56,17.64,17.70,17.76,17.82,17.82,17.79,17.77,17.76,17.69]
OTTOWN|Therisa|H|39|[15.72,15.89,16.01,16.03,16.05,16.08,16.10,16.12,16.14,16.16,16.18,16.20,16.22,16.25,16.27,16.29,16.31,16.33,16.35,16.37,16.40,16.42,16.44,16.46,16.48,16.56,16.65,16.68,16.71,16.83,16.95,17.06,17.18,17.29,17.39,17.49,17.57,17.63,17.70,17.77,17.76,17.74,17.73,17.72,17.65]
OTTOWN|Therisa|H|40|[15.74,15.91,16.03,16.05,16.08,16.10,16.12,16.14,16.16,16.18,16.20,16.22,16.25,16.27,16.29,16.31,16.33,16.35,16.37,16.40,16.42,16.44,16.46,16.48,16.50,16.57,16.60,16.63,16.66,16.77,16.89,17.00,17.12,17.22,17.33,17.43,17.51,17.58,17.64,17.71,17.71,17.70,17.69,17.68,17.63]
OTTOWN|Therisa|H|41|[15.78,15.95,16.05,16.08,16.10,16.12,16.14,16.16,16.18,16.20,16.22,16.25,16.27,16.29,16.31,16.33,16.35,16.37,16.40,16.42,16.44,16.46,16.48,16.50,16.52,16.55,16.58,16.60,16.63,16.74,16.86,16.97,17.06,17.16,17.26,17.37,17.46,17.52,17.59,17.65,17.66,17.65,17.64,17.63,17.61]
OTTOWN|Therisa|H|42|[15.87,15.99,16.08,16.10,16.12,16.14,16.16,16.18,16.20,16.22,16.25,16.27,16.29,16.31,16.33,16.35,16.37,16.40,16.42,16.44,16.46,16.48,16.50,16.52,16.54,16.57,16.60,16.62,16.65,16.76,16.88,16.94,17.00,17.10,17.21,17.32,17.41,17.47,17.54,17.58,17.58,17.58,17.57,17.56,17.54]
OTTOWN|Therisa|H|43|[15.91,16.02,16.10,16.12,16.14,16.16,16.18,16.20,16.22,16.25,16.27,16.29,16.31,16.33,16.35,16.37,16.40,16.42,16.44,16.46,16.48,16.50,16.52,16.54,16.57,16.59,16.62,16.64,16.66,16.78,16.84,16.88,16.94,17.04,17.15,17.27,17.35,17.42,17.46,17.51,17.51,17.50,17.50,17.49,17.47]
OTTOWN|Therisa|H|44|[15.93,16.04,16.12,16.14,16.16,16.18,16.20,16.22,16.25,16.27,16.29,16.31,16.33,16.35,16.37,16.40,16.42,16.44,16.46,16.48,16.50,16.52,16.54,16.57,16.59,16.61,16.63,16.65,16.68,16.74,16.78,16.82,16.88,16.99,17.10,17.22,17.30,17.35,17.39,17.44,17.44,17.43,17.42,17.42,17.43]
OTTOWN|Therisa|END
OTTOWN|Katalaki|HEAD|i_Stone_HouseBig_V1_F|Land_i_Stone_HouseBig_V1_F|[11664.724,13878.136,12.811]|23.47|false|34|1|2
OTTOWN|Katalaki|BOX|[-6.78,-6.16,6.78,6.16,-5.84,5.84]
OTTOWN|Katalaki|DOOR|main|[11666.68,13875.11,13.25]|203.5|1.00
OTTOWN|Katalaki|BPOS|[[11665.23,13880.42,13.32],[11666.17,13882.98,13.30],[11670.35,13880.89,16.09],[11666.48,13876.52,16.15],[11665.15,13881.40,16.15],[11668.87,13878.16,13.31]]
OTTOWN|Katalaki|OBJ|building|Land_i_Stone_Shed_V1_F|[11671.87,13886.04,13.30]|293.5|[-4.53,-4.96,4.53,4.96,-3.80,3.80]
OTTOWN|Katalaki|OBJ|wall|stone_8md_f.p3d|[11686.33,13852.05,12.77]|30.3|[-4.14,-0.76,4.14,0.76,-1.28,1.28]
OTTOWN|Katalaki|OBJ|wall|stone_8md_f.p3d|[11697.76,13849.94,13.08]|296.2|[-4.14,-0.76,4.14,0.76,-1.28,1.28]
OTTOWN|Katalaki|OBJ|wall|stone_8m_f.p3d|[11692.63,13848.51,12.94]|208.4|[-4.26,-0.35,4.26,0.35,-1.30,1.30]
OTTOWN|Katalaki|OBJ|wall|stone_8m_f.p3d|[11679.99,13855.95,12.79]|212.2|[-4.26,-0.35,4.26,0.35,-1.30,1.30]
OTTOWN|Katalaki|OBJ|wall|stone_8md_f.p3d|[11650.42,13875.53,12.84]|34.1|[-4.14,-0.76,4.14,0.76,-1.28,1.28]
OTTOWN|Katalaki|OBJ|wall|stone_8m_f.p3d|[11656.48,13871.54,12.65]|212.2|[-4.26,-0.35,4.26,0.35,-1.30,1.30]
OTTOWN|Katalaki|OBJ|wall|stone_8md_f.p3d|[11704.10,13864.46,12.98]|116.9|[-4.14,-0.76,4.14,0.76,-1.28,1.28]
OTTOWN|Katalaki|OBJ|wall|stone_8m_f.p3d|[11707.23,13871.12,13.19]|114.4|[-4.26,-0.35,4.26,0.35,-1.30,1.30]
OTTOWN|Katalaki|OBJ|wall|stone_8m_f.p3d|[11689.69,13900.40,13.27]|22.0|[-4.26,-0.35,4.26,0.35,-1.30,1.30]
OTTOWN|Katalaki|OBJ|wall|stone_8m_f.p3d|[11697.07,13897.26,13.13]|23.7|[-4.26,-0.35,4.26,0.35,-1.30,1.30]
OTTOWN|Katalaki|OBJ|wall|stone_8m_f.p3d|[11682.40,13903.32,13.37]|21.2|[-4.26,-0.35,4.26,0.35,-1.30,1.30]
OTTOWN|Katalaki|OBJ|tree|t_fraxinusav2s_f.p3d|[11695.83,13852.58,12.95]|102.2|[-13.54,-13.39,13.54,13.39,-13.22,13.22]
OTTOWN|Katalaki|OBJ|tree|t_oleae2s_f.p3d|[11643.47,13880.45,13.22]|194.3|[-7.19,-6.88,7.19,6.88,-7.90,7.90]
OTTOWN|Katalaki|ROAD|TRACK|10.0|[11627.88,13847.58,13.35]|[11645.45,13828.01,13.38]
OTTOWN|Katalaki|ROAD|TRACK|10.0|[11615.90,13860.76,13.50]|[11627.88,13847.58,13.35]
OTTOWN|Katalaki|ROAD|TRACK|10.0|[11601.28,13876.78,13.72]|[11615.90,13860.76,13.50]
OTTOWN|Katalaki|H|0|[13.35,13.36,13.36,13.36,13.36,13.37,13.37,13.37,13.37,13.37,13.37,13.37,13.38,13.38,13.38,13.38,13.38,13.38,13.38,13.38,13.38,13.38,13.38,13.39,13.40,13.40,13.39,13.37,13.35,13.33,13.31,13.27,13.23,13.19,13.15,13.15,13.15,13.15,13.15,13.17,13.18,13.18,13.19,13.19,13.19]
OTTOWN|Katalaki|H|1|[13.34,13.35,13.36,13.36,13.36,13.37,13.37,13.37,13.37,13.37,13.37,13.37,13.38,13.38,13.38,13.38,13.38,13.38,13.38,13.38,13.38,13.37,13.38,13.38,13.39,13.39,13.37,13.35,13.32,13.30,13.26,13.22,13.18,13.14,13.14,13.14,13.14,13.14,13.16,13.18,13.19,13.19,13.19,13.19,13.19]
OTTOWN|Katalaki|H|2|[13.35,13.35,13.36,13.36,13.36,13.37,13.37,13.37,13.37,13.37,13.37,13.37,13.38,13.38,13.38,13.38,13.38,13.37,13.36,13.36,13.36,13.36,13.37,13.38,13.38,13.38,13.35,13.32,13.30,13.25,13.21,13.17,13.13,13.11,13.11,13.11,13.12,13.13,13.15,13.17,13.19,13.19,13.19,13.19,13.19]
OTTOWN|Katalaki|H|3|[13.35,13.36,13.35,13.36,13.36,13.36,13.37,13.37,13.37,13.37,13.37,13.37,13.38,13.38,13.38,13.38,13.37,13.33,13.32,13.32,13.33,13.35,13.35,13.36,13.37,13.37,13.34,13.31,13.26,13.22,13.18,13.13,13.05,13.04,13.03,13.05,13.08,13.09,13.11,13.15,13.19,13.19,13.19,13.19,13.20]
OTTOWN|Katalaki|H|4|[13.36,13.35,13.35,13.35,13.35,13.36,13.36,13.36,13.37,13.37,13.37,13.37,13.37,13.37,13.37,13.37,13.33,13.29,13.28,13.29,13.31,13.33,13.33,13.34,13.36,13.36,13.33,13.28,13.23,13.19,13.14,13.05,12.97,12.96,12.97,13.00,13.03,13.05,13.10,13.16,13.20,13.20,13.20,13.20,13.20]
OTTOWN|Katalaki|H|5|[13.35,13.35,13.34,13.35,13.35,13.36,13.36,13.36,13.37,13.37,13.37,13.37,13.37,13.37,13.36,13.32,13.28,13.24,13.25,13.27,13.29,13.31,13.32,13.33,13.35,13.34,13.30,13.25,13.19,13.14,13.06,12.98,12.89,12.90,12.93,12.96,12.99,13.04,13.10,13.16,13.20,13.20,13.20,13.20,13.20]
OTTOWN|Katalaki|H|6|[13.36,13.36,13.35,13.35,13.35,13.36,13.36,13.36,13.36,13.37,13.37,13.37,13.37,13.34,13.27,13.23,13.19,13.18,13.20,13.22,13.24,13.27,13.28,13.29,13.31,13.31,13.26,13.20,13.15,13.08,13.00,12.92,12.84,12.85,12.89,12.92,12.95,13.01,13.07,13.14,13.20,13.20,13.20,13.20,13.20]
OTTOWN|Katalaki|H|7|[13.38,13.37,13.35,13.36,13.36,13.36,13.36,13.36,13.36,13.36,13.37,13.37,13.34,13.21,13.14,13.10,13.09,13.11,13.13,13.16,13.18,13.21,13.22,13.24,13.26,13.26,13.21,13.16,13.10,13.03,12.95,12.87,12.80,12.81,12.85,12.88,12.91,12.97,13.03,13.13,13.20,13.20,13.20,13.21,13.21]
OTTOWN|Katalaki|H|8|[13.39,13.38,13.36,13.37,13.36,13.36,13.35,13.36,13.36,13.36,13.36,13.34,13.21,13.08,13.00,12.99,13.02,13.05,13.07,13.09,13.12,13.15,13.16,13.19,13.22,13.22,13.16,13.11,13.05,12.98,12.90,12.83,12.76,12.77,12.80,12.83,12.86,12.92,13.03,13.14,13.21,13.21,13.21,13.21,13.22]
OTTOWN|Katalaki|H|9|[13.40,13.39,13.37,13.37,13.36,13.36,13.35,13.35,13.36,13.36,13.34,13.21,13.08,12.94,12.90,12.93,12.95,12.98,13.01,13.04,13.06,13.09,13.12,13.14,13.17,13.17,13.11,13.06,13.00,12.93,12.86,12.79,12.72,12.73,12.76,12.78,12.82,12.92,13.03,13.14,13.21,13.21,13.22,13.22,13.22]
OTTOWN|Katalaki|H|10|[13.42,13.40,13.39,13.38,13.38,13.37,13.35,13.36,13.36,13.33,13.19,13.06,12.93,12.85,12.85,12.88,12.91,12.90,12.92,12.95,12.98,13.02,13.04,13.07,13.10,13.11,13.05,13.00,12.94,12.88,12.81,12.74,12.67,12.69,12.72,12.74,12.77,12.88,12.99,13.08,13.08,13.08,13.08,13.16,13.22]
OTTOWN|Katalaki|H|11|[13.43,13.42,13.41,13.40,13.39,13.38,13.36,13.36,13.34,13.19,13.04,12.91,12.83,12.81,12.81,12.84,12.83,12.80,12.82,12.85,12.89,12.94,12.96,12.99,13.04,13.05,12.99,12.94,12.89,12.82,12.75,12.69,12.63,12.65,12.68,12.70,12.72,12.83,12.92,12.91,12.91,12.91,12.99,13.16,13.22]
OTTOWN|Katalaki|H|12|[13.45,13.44,13.42,13.42,13.40,13.38,13.37,13.34,13.19,13.04,12.89,12.81,12.79,12.77,12.77,12.76,12.73,12.70,12.72,12.77,12.81,12.86,12.89,12.93,12.98,12.99,12.93,12.88,12.83,12.77,12.71,12.65,12.59,12.61,12.63,12.65,12.68,12.77,12.76,12.75,12.74,12.82,12.99,13.16,13.23]
OTTOWN|Katalaki|H|13|[13.47,13.46,13.44,13.43,13.41,13.39,13.35,13.20,13.05,12.89,12.80,12.78,12.75,12.73,12.70,12.67,12.65,12.62,12.65,12.69,12.74,12.78,12.83,12.87,12.92,12.93,12.88,12.83,12.78,12.73,12.67,12.62,12.56,12.57,12.59,12.61,12.62,12.62,12.61,12.60,12.65,12.83,13.00,13.17,13.23]
OTTOWN|Katalaki|H|14|[13.49,13.47,13.46,13.44,13.42,13.40,13.32,13.17,13.02,12.91,12.87,12.85,12.83,12.78,12.74,12.71,12.68,12.61,12.64,12.69,12.73,12.75,12.80,12.84,12.88,12.88,12.83,12.78,12.78,12.75,12.70,12.64,12.66,12.67,12.69,12.71,12.70,12.69,12.69,12.66,12.70,12.87,13.04,13.18,13.23]
OTTOWN|Katalaki|H|15|[13.50,13.49,13.47,13.46,13.43,13.37,13.29,13.14,13.03,12.98,12.94,12.92,12.87,12.81,12.77,12.74,12.67,12.61,12.64,12.68,12.70,12.72,12.77,12.81,12.83,12.83,12.78,12.78,12.80,12.78,12.72,12.74,12.76,12.78,12.79,12.78,12.78,12.77,12.75,12.71,12.75,12.92,13.06,13.19,13.24]
OTTOWN|Katalaki|H|16|[13.52,13.50,13.49,13.46,13.40,13.34,13.26,13.15,13.10,13.05,13.01,12.96,12.90,12.84,12.80,12.74,12.67,12.60,12.63,12.65,12.67,12.70,12.73,12.76,12.78,12.78,12.78,12.80,12.83,12.81,12.82,12.84,12.86,12.87,12.87,12.86,12.86,12.83,12.79,12.75,12.79,12.93,13.06,13.19,13.24]
OTTOWN|Katalaki|H|17|[13.53,13.52,13.50,13.44,13.37,13.31,13.26,13.21,13.16,13.11,13.06,13.00,12.94,12.88,12.81,12.75,12.68,12.60,12.60,12.62,12.65,12.66,12.69,12.71,12.73,12.76,12.78,12.81,12.84,12.88,12.90,12.92,12.94,12.95,12.94,12.94,12.92,12.88,12.84,12.80,12.82,12.95,13.08,13.20,13.24]
OTTOWN|Katalaki|H|18|[13.55,13.53,13.48,13.42,13.35,13.31,13.29,13.24,13.18,13.15,13.11,13.05,12.99,12.92,12.85,12.79,12.71,12.59,12.59,12.61,12.62,12.63,12.65,12.68,12.69,12.71,12.74,12.76,12.85,12.90,12.92,12.95,13.02,13.03,13.02,13.01,12.98,12.94,12.90,12.85,12.86,12.99,13.12,13.21,13.24]
OTTOWN|Katalaki|H|19|[13.56,13.51,13.46,13.40,13.35,13.33,13.31,13.26,13.23,13.20,13.17,13.10,13.03,12.96,12.89,12.82,12.69,12.57,12.57,12.59,12.59,12.60,12.62,12.64,12.65,12.66,12.69,12.78,12.88,12.93,12.96,13.03,13.10,13.10,13.09,13.06,13.03,12.99,12.94,12.89,12.90,13.03,13.12,13.21,13.25]
OTTOWN|Katalaki|H|20|[13.54,13.49,13.44,13.39,13.37,13.36,13.33,13.30,13.28,13.25,13.22,13.14,13.07,13.00,12.92,12.80,12.68,12.55,12.55,12.55,12.56,12.57,12.58,12.59,12.60,12.62,12.71,12.81,12.90,12.96,13.03,13.10,13.18,13.17,13.14,13.11,13.08,13.03,12.98,12.93,12.94,13.03,13.12,13.21,13.25]
OTTOWN|Katalaki|H|21|[13.51,13.46,13.43,13.41,13.39,13.37,13.35,13.33,13.31,13.28,13.25,13.18,13.10,13.04,12.95,12.82,12.70,12.60,12.60,12.60,12.61,12.62,12.63,12.64,12.65,12.70,12.79,12.89,12.98,13.04,13.11,13.18,13.24,13.21,13.19,13.16,13.12,13.07,13.01,12.96,12.96,13.05,13.14,13.21,13.19]
OTTOWN|Katalaki|H|22|[13.48,13.45,13.43,13.41,13.39,13.38,13.36,13.34,13.32,13.30,13.27,13.20,13.13,13.09,13.00,12.88,12.78,12.71,12.71,12.72,12.73,12.74,12.75,12.76,12.78,12.83,12.92,13.01,13.05,13.12,13.19,13.24,13.27,13.25,13.22,13.19,13.15,13.10,13.04,12.99,12.99,13.08,13.14,13.09,13.08]
OTTOWN|Katalaki|H|23|[13.47,13.45,13.44,13.42,13.40,13.39,13.37,13.35,13.34,13.33,13.30,13.23,13.19,13.15,13.06,12.96,12.89,12.83,12.82,12.83,12.85,12.87,12.88,12.89,12.91,12.95,13.04,13.09,13.13,13.19,13.25,13.28,13.30,13.28,13.25,13.22,13.18,13.13,13.07,13.02,13.02,13.08,13.03,12.98,12.96]
OTTOWN|Katalaki|H|24|[13.47,13.46,13.44,13.43,13.41,13.40,13.39,13.37,13.36,13.35,13.33,13.29,13.25,13.21,13.14,13.07,13.01,12.94,12.94,12.96,12.97,12.99,13.00,13.02,13.04,13.07,13.12,13.16,13.21,13.25,13.28,13.31,13.34,13.31,13.28,13.25,13.21,13.16,13.10,13.05,13.02,12.97,12.92,12.87,12.90]
OTTOWN|Katalaki|H|25|[13.50,13.48,13.45,13.43,13.42,13.41,13.39,13.38,13.37,13.36,13.35,13.31,13.27,13.24,13.19,13.13,13.06,13.02,13.03,13.04,13.06,13.08,13.10,13.11,13.13,13.15,13.20,13.24,13.27,13.30,13.32,13.35,13.36,13.33,13.30,13.26,13.23,13.17,13.12,13.07,13.01,12.96,12.91,12.86,12.91]
OTTOWN|Katalaki|H|26|[13.52,13.49,13.45,13.44,13.42,13.41,13.40,13.39,13.38,13.38,13.36,13.32,13.29,13.28,13.23,13.17,13.12,13.09,13.10,13.12,13.14,13.16,13.18,13.19,13.21,13.23,13.28,13.31,13.32,13.34,13.37,13.38,13.38,13.35,13.31,13.28,13.24,13.19,13.14,13.08,13.03,12.98,12.92,12.87,12.92]
OTTOWN|Katalaki|H|27|[13.53,13.50,13.46,13.44,13.43,13.42,13.40,13.40,13.40,13.40,13.38,13.35,13.33,13.32,13.27,13.23,13.20,13.17,13.18,13.20,13.22,13.24,13.26,13.27,13.29,13.31,13.34,13.35,13.36,13.39,13.40,13.40,13.40,13.37,13.33,13.30,13.26,13.21,13.15,13.09,13.04,12.99,12.93,12.88,12.93]
OTTOWN|Katalaki|H|28|[13.54,13.50,13.47,13.45,13.44,13.42,13.41,13.41,13.41,13.41,13.40,13.39,13.37,13.36,13.33,13.30,13.27,13.25,13.26,13.28,13.30,13.32,13.34,13.35,13.36,13.37,13.39,13.40,13.41,13.41,13.41,13.41,13.41,13.38,13.35,13.31,13.27,13.22,13.16,13.11,13.05,13.00,12.94,12.89,12.94]
OTTOWN|Katalaki|H|29|[13.56,13.52,13.47,13.45,13.44,13.43,13.41,13.41,13.41,13.41,13.40,13.39,13.37,13.37,13.35,13.32,13.29,13.28,13.30,13.32,13.34,13.34,13.35,13.37,13.38,13.39,13.40,13.41,13.41,13.41,13.41,13.41,13.41,13.38,13.35,13.31,13.28,13.22,13.17,13.11,13.06,13.01,12.96,12.91,12.96]
OTTOWN|Katalaki|H|30|[13.57,13.53,13.48,13.46,13.45,13.43,13.41,13.41,13.41,13.41,13.40,13.39,13.38,13.38,13.37,13.34,13.32,13.31,13.33,13.35,13.35,13.36,13.37,13.38,13.39,13.40,13.41,13.41,13.41,13.41,13.41,13.41,13.41,13.38,13.35,13.32,13.28,13.23,13.18,13.13,13.08,13.02,12.98,12.94,12.99]
OTTOWN|Katalaki|H|31|[13.58,13.53,13.48,13.46,13.45,13.43,13.41,13.41,13.41,13.41,13.40,13.40,13.40,13.40,13.38,13.37,13.36,13.35,13.36,13.37,13.37,13.38,13.39,13.39,13.40,13.41,13.41,13.41,13.41,13.41,13.41,13.41,13.41,13.38,13.35,13.32,13.29,13.24,13.19,13.14,13.09,13.05,13.00,12.96,13.01]
OTTOWN|Katalaki|H|32|[13.59,13.54,13.49,13.46,13.45,13.43,13.41,13.41,13.41,13.41,13.41,13.41,13.41,13.41,13.40,13.39,13.38,13.37,13.38,13.38,13.39,13.39,13.40,13.40,13.41,13.41,13.41,13.41,13.41,13.41,13.41,13.41,13.41,13.38,13.35,13.32,13.25,13.21,13.16,13.11,13.06,13.02,12.97,12.93,12.98]
OTTOWN|Katalaki|H|33|[13.60,13.55,13.49,13.47,13.45,13.43,13.41,13.41,13.41,13.41,13.41,13.41,13.41,13.41,13.40,13.39,13.38,13.38,13.39,13.39,13.40,13.40,13.40,13.41,13.41,13.41,13.41,13.41,13.41,13.41,13.41,13.41,13.39,13.36,13.33,13.26,13.13,13.08,13.03,12.97,12.92,12.88,12.83,12.82,12.88]
OTTOWN|Katalaki|H|34|[13.61,13.55,13.49,13.47,13.45,13.43,13.41,13.41,13.41,13.41,13.41,13.41,13.41,13.41,13.40,13.39,13.39,13.39,13.40,13.40,13.40,13.40,13.41,13.41,13.41,13.41,13.41,13.41,13.41,13.41,13.41,13.39,13.38,13.35,13.27,13.13,13.00,12.96,12.90,12.83,12.78,12.73,12.73,12.72,12.77]
OTTOWN|Katalaki|H|35|[13.61,13.55,13.50,13.47,13.45,13.43,13.41,13.41,13.41,13.41,13.41,13.41,13.41,13.41,13.41,13.41,13.41,13.41,13.41,13.41,13.41,13.41,13.41,13.41,13.41,13.41,13.41,13.41,13.41,13.41,13.39,13.38,13.36,13.28,13.15,13.01,12.88,12.82,12.76,12.69,12.64,12.63,12.62,12.62,12.66]
OTTOWN|Katalaki|H|36|[13.61,13.56,13.50,13.47,13.45,13.43,13.41,13.41,13.41,13.41,13.41,13.41,13.41,13.41,13.41,13.41,13.41,13.41,13.41,13.41,13.41,13.41,13.41,13.41,13.41,13.38,13.38,13.38,13.38,13.36,13.34,13.33,13.28,13.15,13.01,12.87,12.78,12.72,12.66,12.59,12.58,12.57,12.57,12.56,12.57]
OTTOWN|Katalaki|H|37|[13.62,13.57,13.51,13.48,13.46,13.44,13.41,13.41,13.41,13.41,13.41,13.41,13.41,13.41,13.41,13.41,13.41,13.41,13.41,13.41,13.41,13.40,13.40,13.40,13.36,13.33,13.33,13.32,13.30,13.29,13.27,13.22,13.13,13.00,12.86,12.78,12.71,12.65,12.59,12.57,12.56,12.56,12.55,12.55,12.56]
OTTOWN|Katalaki|H|38|[13.63,13.57,13.51,13.49,13.46,13.44,13.42,13.42,13.41,13.41,13.41,13.41,13.41,13.41,13.41,13.41,13.41,13.41,13.41,13.41,13.40,13.40,13.40,13.35,13.30,13.27,13.27,13.25,13.23,13.22,13.17,13.08,12.99,12.85,12.77,12.71,12.64,12.58,12.57,12.56,12.55,12.54,12.54,12.54,12.55]
OTTOWN|Katalaki|H|39|[13.63,13.58,13.52,13.49,13.46,13.44,13.42,13.42,13.41,13.41,13.41,13.41,13.41,13.41,13.41,13.41,13.41,13.41,13.41,13.40,13.40,13.39,13.35,13.30,13.25,13.22,13.20,13.18,13.16,13.11,13.02,12.93,12.84,12.76,12.70,12.64,12.58,12.56,12.55,12.54,12.53,12.53,12.53,12.53,12.53]
OTTOWN|Katalaki|H|40|[13.64,13.58,13.52,13.50,13.47,13.45,13.43,13.42,13.42,13.42,13.41,13.41,13.41,13.41,13.41,13.41,13.41,13.41,13.41,13.40,13.39,13.35,13.30,13.25,13.20,13.17,13.15,13.14,13.12,13.06,12.97,12.88,12.79,12.72,12.66,12.60,12.56,12.55,12.54,12.53,12.53,12.53,12.53,12.53,12.53]
OTTOWN|Katalaki|H|41|[13.64,13.59,13.53,13.50,13.48,13.46,13.43,13.43,13.43,13.42,13.41,13.41,13.41,13.41,13.41,13.41,13.41,13.41,13.41,13.40,13.35,13.30,13.25,13.20,13.17,13.14,13.12,13.10,13.09,13.03,12.94,12.85,12.76,12.69,12.63,12.59,12.56,12.55,12.54,12.53,12.53,12.53,12.53,12.53,12.53]
OTTOWN|Katalaki|H|42|[13.65,13.59,13.54,13.51,13.49,13.46,13.44,13.44,13.43,13.42,13.42,13.42,13.41,13.41,13.41,13.41,13.41,13.41,13.41,13.36,13.30,13.25,13.20,13.17,13.13,13.10,13.08,13.07,13.05,12.99,12.91,12.82,12.73,12.66,12.63,12.59,12.55,12.54,12.54,12.53,12.53,12.53,12.53,12.53,12.53]
OTTOWN|Katalaki|H|43|[13.65,13.60,13.55,13.52,13.50,13.47,13.45,13.44,13.43,13.43,13.42,13.42,13.41,13.41,13.41,13.41,13.41,13.41,13.36,13.31,13.26,13.20,13.17,13.13,13.09,13.06,13.05,13.04,13.02,12.96,12.88,12.79,12.70,12.66,12.62,12.58,12.55,12.54,12.54,12.53,12.53,12.53,12.53,12.53,12.53]
OTTOWN|Katalaki|H|44|[13.67,13.61,13.56,13.54,13.51,13.49,13.47,13.46,13.45,13.44,13.42,13.42,13.42,13.41,13.41,13.41,13.41,13.41,13.36,13.31,13.25,13.19,13.15,13.11,13.08,13.06,13.04,13.03,13.01,12.94,12.86,12.77,12.70,12.65,12.62,12.58,12.55,12.55,12.54,12.54,12.53,12.53,12.53,12.53,12.53]
OTTOWN|Katalaki|END
OTTOWN|Neochori|HEAD|i_House_Big_01_V1_F|Land_i_House_Big_01_V1_F|[12537.218,14328.295,12.534]|67.16|false|131|3|4
OTTOWN|Neochori|BOX|[-7.89,-8.48,7.89,8.48,-6.61,6.61]
OTTOWN|Neochori|DOOR|main|[12529.16,14328.48,13.11]|247.2|2.25
OTTOWN|Neochori|DOOR|side|[12544.30,14325.96,13.09]|157.2|1.00
OTTOWN|Neochori|BPOS|[[12542.80,14329.87,13.09],[12533.75,14325.35,16.61],[12536.43,14328.77,13.16],[12539.15,14328.83,16.50],[12544.11,14327.30,16.53],[12536.75,14331.03,16.53],[12540.83,14333.73,16.53],[12531.67,14325.79,16.62],[12532.60,14330.07,16.54]]
OTTOWN|Neochori|OBJ|building|Land_u_House_Big_01_V1_F|[12521.11,14286.74,9.39]|245.5|[-7.89,-8.48,7.89,8.48,-6.61,6.61]
OTTOWN|Neochori|OBJ|building|Land_u_Addon_02_V1_F|[12530.52,14294.06,10.03]|155.4|[-4.57,-4.94,4.57,4.94,-3.72,3.72]
OTTOWN|Neochori|OBJ|building|cargobox_v1_f.p3d|[12533.95,14289.36,9.96]|334.8|[-0.75,-0.76,0.75,0.76,-0.76,0.76]
OTTOWN|Neochori|OBJ|building|Land_i_House_Big_01_V1_F|[12550.22,14305.14,11.34]|155.6|[-7.89,-8.48,7.89,8.48,-6.61,6.61]
OTTOWN|Neochori|OBJ|building|Land_i_Addon_02_V1_F|[12503.08,14313.70,10.46]|337.1|[-4.54,-4.94,4.54,4.94,-3.71,3.71]
OTTOWN|Neochori|OBJ|building|Land_i_House_Small_01_V1_F|[12511.39,14317.23,11.14]|158.0|[-5.43,-7.64,5.43,7.64,-5.08,5.08]
OTTOWN|Neochori|OBJ|building|Land_u_Shop_01_V1_F|[12567.90,14324.54,12.37]|183.7|[-4.75,-10.13,4.75,10.13,-6.58,6.58]
OTTOWN|Neochori|OBJ|building|Land_i_Garage_V2_F|[12543.62,14313.70,11.48]|155.1|[-9.00,-3.69,9.00,3.69,-3.37,3.37]
OTTOWN|Neochori|OBJ|building|water_source_f.p3d|[12544.13,14333.96,12.83]|247.0|[-1.31,-0.87,1.31,0.87,-1.53,1.53]
OTTOWN|Neochori|OBJ|building|Land_i_Shop_02_V1_F|[12576.89,14322.74,12.30]|273.4|[-8.58,-5.44,8.58,5.44,-6.24,6.24]
OTTOWN|Neochori|OBJ|building|treebin_f.p3d|[12576.59,14338.99,13.52]|0.0|[-1.24,-1.26,1.24,1.26,-0.43,0.43]
OTTOWN|Neochori|OBJ|building|stallwater_f.p3d|[12570.46,14310.69,11.02]|98.1|[-0.94,-0.99,0.94,0.99,-0.47,0.47]
OTTOWN|Neochori|OBJ|building|Land_i_House_Small_02_V1_F|[12510.96,14353.27,12.65]|157.9|[-8.20,-4.64,8.20,4.64,-4.71,4.71]
OTTOWN|Neochori|OBJ|building|Land_u_Addon_02_V1_F|[12516.44,14342.67,12.49]|157.9|[-4.57,-4.94,4.57,4.94,-3.72,3.72]
OTTOWN|Neochori|OBJ|building|Land_i_House_Small_01_V3_F|[12556.01,14362.16,14.88]|245.9|[-5.43,-7.64,5.43,7.64,-5.08,5.08]
OTTOWN|Neochori|OBJ|building|treebin_f.p3d|[12560.31,14341.94,13.55]|0.0|[-1.24,-1.26,1.24,1.26,-0.43,0.43]
OTTOWN|Neochori|OBJ|building|treebin_f.p3d|[12566.83,14341.13,13.60]|0.0|[-1.24,-1.26,1.24,1.26,-0.43,0.43]
OTTOWN|Neochori|OBJ|wall|concrete_smallwall_4m_f.p3d|[12561.31,14306.68,10.68]|253.5|[-2.01,-0.26,2.01,0.26,-1.16,1.16]
OTTOWN|Neochori|OBJ|wall|city_8m_f.p3d|[12504.66,14333.25,11.09]|339.7|[-3.53,-0.25,3.53,0.25,-2.08,2.08]
OTTOWN|Neochori|OBJ|wall|city2_8m_f.p3d|[12495.37,14315.61,10.23]|340.1|[-3.51,-0.25,3.51,0.25,-2.09,2.09]
OTTOWN|Neochori|OBJ|wall|city2_pillard_f.p3d|[12500.39,14310.89,11.25]|246.2|[-0.84,-0.25,0.84,0.25,-2.10,2.10]
OTTOWN|Neochori|OBJ|wall|city_pillar_f.p3d|[12494.29,14329.41,10.22]|341.2|[-0.23,-0.24,0.23,0.24,-2.14,2.14]
OTTOWN|Neochori|OBJ|wall|city_8m_f.p3d|[12511.21,14335.65,11.72]|339.3|[-3.53,-0.25,3.53,0.25,-2.08,2.08]
OTTOWN|Neochori|OBJ|wall|city_8m_f.p3d|[12517.67,14324.59,11.72]|339.0|[-3.53,-0.25,3.53,0.25,-2.08,2.08]
OTTOWN|Neochori|OBJ|wall|city_4m_f.p3d|[12522.57,14326.49,11.94]|158.2|[-1.79,-0.24,1.79,0.24,-2.08,2.08]
OTTOWN|Neochori|OBJ|wall|city_pillar_f.p3d|[12524.36,14327.21,12.03]|337.2|[-0.23,-0.24,0.23,0.24,-2.14,2.14]
OTTOWN|Neochori|OBJ|wall|concrete_smallwall_4m_f.p3d|[12562.13,14334.26,12.51]|12.6|[-2.01,-0.26,2.01,0.26,-1.16,1.16]
OTTOWN|Neochori|OBJ|wall|concrete_smallwall_4m_f.p3d|[12558.25,14335.17,12.48]|14.3|[-2.01,-0.26,2.01,0.26,-1.16,1.16]
OTTOWN|Neochori|OBJ|wall|concrete_smallwall_4m_f.p3d|[12554.43,14336.08,12.46]|13.0|[-2.01,-0.26,2.01,0.26,-1.16,1.16]
OTTOWN|Neochori|OBJ|wall|concrete_smallwall_4m_f.p3d|[12564.00,14332.05,12.49]|277.3|[-2.01,-0.26,2.01,0.26,-1.16,1.16]
OTTOWN|Neochori|OBJ|wall|concrete_smallwall_4m_f.p3d|[12563.44,14328.11,12.48]|279.1|[-2.01,-0.26,2.01,0.26,-1.16,1.16]
OTTOWN|Neochori|OBJ|wall|concrete_smallwall_4m_f.p3d|[12554.33,14330.72,12.22]|253.5|[-2.01,-0.26,2.01,0.26,-1.16,1.16]
OTTOWN|Neochori|OBJ|wall|concrete_smallwall_4m_f.p3d|[12553.19,14334.51,12.46]|253.5|[-2.01,-0.26,2.01,0.26,-1.16,1.16]
OTTOWN|Neochori|OBJ|wall|concrete_smallwall_4m_f.p3d|[12556.10,14324.00,11.86]|253.5|[-2.01,-0.26,2.01,0.26,-1.16,1.16]
OTTOWN|Neochori|OBJ|wall|concrete_smallwall_4m_f.p3d|[12557.23,14320.18,11.61]|253.5|[-2.01,-0.26,2.01,0.26,-1.16,1.16]
OTTOWN|Neochori|OBJ|wall|concrete_smallwall_4m_f.p3d|[12558.35,14316.36,11.36]|253.5|[-2.01,-0.26,2.01,0.26,-1.16,1.16]
OTTOWN|Neochori|OBJ|wall|concrete_smallwall_4m_f.p3d|[12560.18,14310.48,10.95]|253.5|[-2.01,-0.26,2.01,0.26,-1.16,1.16]
OTTOWN|Neochori|OBJ|wall|city_8m_f.p3d|[12524.96,14341.19,12.70]|338.4|[-3.53,-0.25,3.53,0.25,-2.08,2.08]
OTTOWN|Neochori|OBJ|wall|city_8m_f.p3d|[12531.44,14343.76,12.91]|338.0|[-3.53,-0.25,3.53,0.25,-2.08,2.08]
OTTOWN|Neochori|OBJ|wall|city2_8m_f.p3d|[12533.39,14369.29,13.85]|243.8|[-3.51,-0.25,3.51,0.25,-2.09,2.09]
OTTOWN|Neochori|OBJ|wall|city2_8m_f.p3d|[12539.21,14357.13,13.59]|243.8|[-3.51,-0.25,3.51,0.25,-2.09,2.09]
OTTOWN|Neochori|OBJ|wall|city2_8m_f.p3d|[12533.17,14347.93,13.11]|243.8|[-3.51,-0.25,3.51,0.25,-2.09,2.09]
OTTOWN|Neochori|OBJ|wall|city2_8m_f.p3d|[12524.04,14366.41,13.51]|243.8|[-3.51,-0.25,3.51,0.25,-2.09,2.09]
OTTOWN|Neochori|OBJ|wall|city2_8m_f.p3d|[12536.24,14363.30,13.72]|243.8|[-3.51,-0.25,3.51,0.25,-2.09,2.09]
OTTOWN|Neochori|OBJ|wall|city2_8m_f.p3d|[12527.08,14360.22,13.38]|243.8|[-3.51,-0.25,3.51,0.25,-2.09,2.09]
OTTOWN|Neochori|OBJ|wall|city2_8m_f.p3d|[12530.12,14354.14,13.30]|243.8|[-3.51,-0.25,3.51,0.25,-2.09,2.09]
OTTOWN|Neochori|OBJ|wall|city_8m_f.p3d|[12553.64,14352.28,14.00]|336.5|[-3.53,-0.25,3.53,0.25,-2.08,2.08]
OTTOWN|Neochori|OBJ|wall|city_8m_f.p3d|[12560.14,14355.04,14.41]|336.5|[-3.53,-0.25,3.53,0.25,-2.08,2.08]
OTTOWN|Neochori|OBJ|wall|city2_8m_f.p3d|[12542.25,14350.93,13.47]|243.8|[-3.51,-0.25,3.51,0.25,-2.09,2.09]
OTTOWN|Neochori|OBJ|wall|city_4m_f.p3d|[12562.78,14357.82,14.66]|67.0|[-1.79,-0.24,1.79,0.24,-2.08,2.08]
OTTOWN|Neochori|OBJ|wall|city_4m_f.p3d|[12545.45,14348.80,13.52]|336.8|[-1.79,-0.24,1.79,0.24,-2.08,2.08]
OTTOWN|Neochori|OBJ|tree|t_ficusb2s_f.p3d|[12534.27,14306.89,10.83]|352.6|[-8.66,-8.23,8.66,8.23,-5.99,5.99]
OTTOWN|Neochori|OBJ|tree|t_ficusb2s_f.p3d|[12527.59,14303.13,10.60]|277.6|[-8.66,-8.23,8.66,8.23,-5.99,5.99]
OTTOWN|Neochori|OBJ|tree|t_ficusb1s_f.p3d|[12515.65,14306.40,10.23]|20.8|[-5.06,-5.62,5.06,5.62,-4.61,4.61]
OTTOWN|Neochori|OBJ|tree|t_ficusb1s_f.p3d|[12519.75,14305.92,10.46]|223.0|[-5.06,-5.62,5.06,5.62,-4.61,4.61]
OTTOWN|Neochori|OBJ|tree|t_ficusb1s_f.p3d|[12512.10,14303.19,10.08]|236.3|[-5.06,-5.62,5.06,5.62,-4.61,4.61]
OTTOWN|Neochori|OBJ|tree|t_ficusb1s_f.p3d|[12552.44,14294.92,10.41]|67.4|[-5.06,-5.62,5.06,5.62,-4.61,4.61]
OTTOWN|Neochori|OBJ|tree|t_ficusb1s_f.p3d|[12548.61,14293.20,10.38]|127.5|[-5.06,-5.62,5.06,5.62,-4.61,4.61]
OTTOWN|Neochori|OBJ|tree|t_oleae1s_f.p3d|[12563.44,14309.86,11.11]|137.9|[-3.91,-4.12,3.91,4.12,-5.03,5.03]
OTTOWN|Neochori|OBJ|tree|t_oleae2s_f.p3d|[12574.61,14308.08,11.00]|67.1|[-7.19,-6.88,7.19,6.88,-7.90,7.90]
OTTOWN|Neochori|OBJ|tree|t_ficusb1s_f.p3d|[12516.19,14323.64,11.49]|295.5|[-5.06,-5.62,5.06,5.62,-4.61,4.61]
OTTOWN|Neochori|OBJ|tree|t_ficusb1s_f.p3d|[12512.85,14336.16,12.18]|134.1|[-5.06,-5.62,5.06,5.62,-4.61,4.61]
OTTOWN|Neochori|OBJ|tree|t_oleae1s_f.p3d|[12561.35,14333.18,12.78]|354.8|[-3.91,-4.12,3.91,4.12,-5.03,5.03]
OTTOWN|Neochori|OBJ|tree|t_oleae1s_f.p3d|[12560.58,14315.36,11.50]|95.0|[-3.91,-4.12,3.91,4.12,-5.03,5.03]
OTTOWN|Neochori|OBJ|tree|t_oleae1s_f.p3d|[12557.02,14324.18,12.13]|82.0|[-3.91,-4.12,3.91,4.12,-5.03,5.03]
OTTOWN|Neochori|OBJ|tree|t_oleae1s_f.p3d|[12555.50,14330.04,12.44]|185.0|[-3.91,-4.12,3.91,4.12,-5.03,5.03]
OTTOWN|Neochori|OBJ|tree|t_oleae1s_f.p3d|[12558.59,14319.51,11.80]|148.1|[-3.91,-4.12,3.91,4.12,-5.03,5.03]
OTTOWN|Neochori|OBJ|tree|t_oleae1s_f.p3d|[12555.27,14334.58,12.76]|44.0|[-3.91,-4.12,3.91,4.12,-5.03,5.03]
OTTOWN|Neochori|OBJ|tree|t_phoenixc3s_f.p3d|[12575.55,14339.17,13.52]|150.2|[-10.50,-10.50,10.50,10.50,-10.52,10.52]
OTTOWN|Neochori|OBJ|tree|t_ficusb2s_f.p3d|[12496.94,14346.29,11.65]|7.8|[-8.66,-8.23,8.66,8.23,-5.99,5.99]
OTTOWN|Neochori|OBJ|tree|t_ficusb2s_f.p3d|[12534.85,14369.51,14.14]|249.9|[-8.66,-8.23,8.66,8.23,-5.99,5.99]
OTTOWN|Neochori|OBJ|tree|t_ficusb1s_f.p3d|[12530.73,14346.65,13.04]|261.0|[-5.06,-5.62,5.06,5.62,-4.61,4.61]
OTTOWN|Neochori|OBJ|tree|t_ficusb1s_f.p3d|[12539.48,14359.88,13.72]|151.8|[-5.06,-5.62,5.06,5.62,-4.61,4.61]
OTTOWN|Neochori|OBJ|tree|t_ficusb1s_f.p3d|[12520.99,14365.60,13.47]|297.9|[-5.06,-5.62,5.06,5.62,-4.61,4.61]
OTTOWN|Neochori|OBJ|tree|t_ficusb1s_f.p3d|[12517.23,14364.86,13.29]|35.4|[-5.06,-5.62,5.06,5.62,-4.61,4.61]
OTTOWN|Neochori|OBJ|tree|t_ficusb2s_f.p3d|[12545.59,14353.43,13.55]|64.9|[-8.66,-8.23,8.66,8.23,-5.99,5.99]
OTTOWN|Neochori|OBJ|tree|t_phoenixc1s_f.p3d|[12566.70,14340.97,13.61]|195.9|[-4.68,-4.32,4.68,4.32,-3.89,3.89]
OTTOWN|Neochori|OBJ|tree|t_phoenixc1s_f.p3d|[12560.33,14341.56,13.54]|161.8|[-4.68,-4.32,4.68,4.32,-3.89,3.89]
OTTOWN|Neochori|OBJ|tree|t_ficusb1s_f.p3d|[12547.15,14368.35,14.79]|216.0|[-5.06,-5.62,5.06,5.62,-4.61,4.61]
OTTOWN|Neochori|OBJ|tree|t_ficusb1s_f.p3d|[12550.09,14370.00,14.97]|268.0|[-5.06,-5.62,5.06,5.62,-4.61,4.61]
OTTOWN|Neochori|ROAD|ROAD|10.0|[12513.49,14330.46,11.89]|[12486.35,14320.32,9.87]
OTTOWN|Neochori|ROAD|ROAD|10.0|[12486.35,14320.32,9.87]|[12484.13,14319.41,9.75]
OTTOWN|Neochori|ROAD|ROAD|10.0|[12542.35,14341.40,13.03]|[12513.49,14330.46,11.89]
OTTOWN|Neochori|ROAD|ROAD|10.0|[12561.89,14350.35,14.22]|[12542.35,14341.40,13.03]
OTTOWN|Neochori|ROAD|ROAD|10.0|[12565.66,14371.65,15.41]|[12572.95,14356.23,14.77]
OTTOWN|Neochori|ROAD|ROAD|10.0|[12565.90,14352.05,14.43]|[12561.89,14350.35,14.22]
OTTOWN|Neochori|ROAD|ROAD|10.0|[12572.95,14356.23,14.77]|[12581.66,14347.88,14.28]
OTTOWN|Neochori|ROAD|ROAD|10.0|[12581.66,14347.88,14.28]|[12591.10,14340.36,13.66]
OTTOWN|Neochori|ROAD|ROAD|10.0|[12575.43,14355.95,14.79]|[12565.90,14352.05,14.43]
OTTOWN|Neochori|ROAD|ROAD|10.0|[12581.93,14359.47,14.99]|[12573.00,14355.40,14.72]
OTTOWN|Neochori|ROAD|ROAD|10.0|[12586.19,14361.39,15.07]|[12581.93,14359.47,14.99]
OTTOWN|Neochori|ROAD|ROAD|10.0|[12558.39,14390.30,16.19]|[12565.66,14371.65,15.41]
OTTOWN|Neochori|H|0|[8.60,8.75,8.83,8.90,8.95,8.99,9.00,9.02,9.04,9.07,9.10,9.16,9.21,9.28,9.35,9.42,9.49,9.54,9.58,9.61,9.65,9.68,9.72,9.76,9.79,9.81,9.82,9.82,9.81,9.80,9.77,9.75,9.73,9.69,9.66,9.63,9.62,9.62,9.62,9.62,9.62,9.62,9.62,9.61,9.60]
OTTOWN|Neochori|H|1|[8.70,8.85,8.92,8.97,9.03,9.07,9.09,9.11,9.13,9.16,9.22,9.27,9.32,9.39,9.47,9.54,9.61,9.65,9.69,9.73,9.76,9.80,9.85,9.89,9.92,9.93,9.93,9.94,9.93,9.90,9.88,9.86,9.83,9.80,9.76,9.73,9.73,9.74,9.74,9.74,9.75,9.75,9.75,9.74,9.73]
OTTOWN|Neochori|H|2|[8.79,8.94,8.99,9.05,9.11,9.14,9.16,9.19,9.21,9.27,9.32,9.37,9.43,9.51,9.58,9.66,9.68,9.72,9.76,9.79,9.88,9.93,9.97,10.02,10.05,10.05,10.06,10.06,10.04,10.02,10.00,9.97,9.94,9.90,9.87,9.86,9.87,9.87,9.88,9.87,9.88,9.88,9.88,9.86,9.85]
OTTOWN|Neochori|H|3|[8.88,9.02,9.07,9.13,9.17,9.20,9.22,9.25,9.30,9.36,9.41,9.47,9.55,9.62,9.70,9.71,9.67,9.71,9.75,9.88,10.00,10.04,10.09,10.15,10.18,10.18,10.18,10.18,10.16,10.14,10.12,10.09,10.06,10.02,10.01,10.01,10.02,10.02,10.01,10.01,10.01,10.01,9.99,9.97,9.96]
OTTOWN|Neochori|H|4|[8.96,9.10,9.15,9.19,9.22,9.25,9.28,9.33,9.39,9.44,9.50,9.58,9.66,9.73,9.75,9.70,9.66,9.70,9.83,9.99,10.11,10.16,10.22,10.28,10.31,10.31,10.30,10.30,10.28,10.26,10.24,10.21,10.18,10.17,10.16,10.16,10.17,10.15,10.14,10.14,10.14,10.12,10.10,10.08,10.07]
OTTOWN|Neochori|H|5|[9.04,9.18,9.22,9.25,9.28,9.31,9.37,9.42,9.48,9.54,9.62,9.69,9.77,9.78,9.74,9.69,9.66,9.79,9.95,10.11,10.23,10.29,10.35,10.41,10.43,10.43,10.42,10.42,10.40,10.38,10.36,10.33,10.32,10.32,10.31,10.31,10.30,10.29,10.28,10.27,10.25,10.23,10.20,10.19,10.17]
OTTOWN|Neochori|H|6|[9.13,9.23,9.26,9.29,9.33,9.38,9.43,9.49,9.56,9.64,9.72,9.80,9.88,9.85,9.80,9.76,9.79,9.95,10.11,10.27,10.33,10.40,10.46,10.52,10.54,10.54,10.53,10.54,10.52,10.50,10.48,10.45,10.45,10.44,10.44,10.43,10.42,10.41,10.39,10.37,10.35,10.33,10.32,10.30,10.28]
OTTOWN|Neochori|H|7|[9.19,9.27,9.30,9.33,9.38,9.44,9.49,9.56,9.66,9.74,9.82,9.90,9.98,9.95,9.91,9.93,9.99,10.15,10.31,10.37,10.43,10.49,10.55,10.62,10.65,10.64,10.65,10.66,10.64,10.62,10.60,10.57,10.56,10.56,10.55,10.54,10.53,10.51,10.50,10.48,10.46,10.44,10.43,10.42,10.40]
OTTOWN|Neochori|H|8|[9.23,9.31,9.34,9.39,9.44,9.50,9.56,9.66,9.76,9.85,9.92,10.00,10.08,10.06,10.08,10.13,10.18,10.34,10.40,10.46,10.53,10.59,10.66,10.73,10.75,10.76,10.77,10.78,10.77,10.74,10.71,10.68,10.68,10.67,10.66,10.65,10.63,10.62,10.60,10.58,10.57,10.56,10.55,10.53,10.53]
OTTOWN|Neochori|H|9|[9.27,9.35,9.40,9.45,9.50,9.57,9.66,9.76,9.86,9.95,10.03,10.11,10.19,10.23,10.27,10.32,10.38,10.44,10.50,10.56,10.62,10.69,10.76,10.83,10.87,10.88,10.89,10.91,10.88,10.85,10.82,10.80,10.79,10.78,10.77,10.75,10.74,10.72,10.71,10.69,10.68,10.67,10.66,10.66,10.66]
OTTOWN|Neochori|H|10|[9.38,9.44,9.49,9.55,9.60,9.67,9.77,9.86,9.96,10.04,10.12,10.20,10.28,10.33,10.37,10.42,10.47,10.53,10.60,10.66,10.72,10.79,10.86,10.92,10.96,10.97,10.98,11.01,10.99,10.96,10.93,10.92,10.91,10.90,10.88,10.85,10.84,10.82,10.80,10.79,10.78,10.77,10.77,10.78,10.78]
OTTOWN|Neochori|H|11|[9.48,9.54,9.59,9.64,9.70,9.77,9.87,9.96,10.05,10.14,10.22,10.29,10.36,10.41,10.46,10.51,10.57,10.63,10.69,10.75,10.81,10.88,10.95,11.01,11.05,11.06,11.08,11.11,11.09,11.06,11.05,11.04,11.03,11.01,10.98,10.95,10.94,10.92,10.90,10.89,10.88,10.88,10.89,10.89,10.89]
OTTOWN|Neochori|H|12|[9.57,9.64,9.69,9.75,9.80,9.87,9.96,10.05,10.15,10.23,10.30,10.38,10.45,10.50,10.55,10.61,10.66,10.73,10.78,10.84,10.91,10.97,11.04,11.10,11.13,11.16,11.19,11.22,11.20,11.18,11.17,11.16,11.14,11.11,11.08,11.05,11.03,11.01,11.00,10.98,10.99,10.99,11.00,11.00,11.06]
OTTOWN|Neochori|H|13|[9.67,9.74,9.80,9.85,9.90,9.98,10.07,10.16,10.25,10.32,10.40,10.47,10.54,10.59,10.65,10.71,10.76,10.82,10.88,10.94,11.02,11.09,11.15,11.22,11.24,11.27,11.30,11.32,11.30,11.29,11.28,11.27,11.24,11.21,11.18,11.15,11.13,11.12,11.10,11.10,11.10,11.11,11.12,11.17,11.22]
OTTOWN|Neochori|H|14|[9.77,9.87,9.92,9.98,10.05,10.15,10.24,10.33,10.40,10.46,10.53,10.61,10.64,10.69,10.75,10.81,10.87,10.92,10.98,11.13,11.30,11.37,11.43,11.38,11.36,11.39,11.42,11.35,11.32,11.31,11.32,11.40,11.37,11.33,11.31,11.29,11.27,11.25,11.24,11.24,11.25,11.26,11.29,11.34,11.39]
OTTOWN|Neochori|H|15|[9.90,10.00,10.05,10.13,10.23,10.32,10.42,10.48,10.54,10.60,10.67,10.71,10.74,10.80,10.85,10.91,10.97,11.03,11.18,11.41,11.58,11.64,11.59,11.50,11.49,11.52,11.44,11.37,11.34,11.36,11.45,11.52,11.49,11.46,11.44,11.42,11.40,11.39,11.39,11.39,11.40,11.43,11.46,11.50,11.55]
OTTOWN|Neochori|H|16|[10.02,10.12,10.20,10.30,10.40,10.50,10.56,10.62,10.67,10.74,10.77,10.81,10.84,10.90,10.96,11.02,11.07,11.22,11.45,11.68,11.86,11.80,11.72,11.63,11.61,11.54,11.46,11.39,11.39,11.48,11.57,11.64,11.62,11.59,11.57,11.55,11.54,11.54,11.53,11.54,11.57,11.60,11.62,11.67,11.70]
OTTOWN|Neochori|H|17|[10.13,10.25,10.35,10.45,10.55,10.64,10.70,10.75,10.81,10.86,10.90,10.93,10.99,11.05,11.11,11.17,11.24,11.47,11.70,11.93,12.04,11.95,11.86,11.78,11.75,11.67,11.60,11.51,11.57,11.66,11.74,11.77,11.75,11.72,11.70,11.70,11.69,11.69,11.68,11.71,11.74,11.77,11.80,11.83,11.86]
OTTOWN|Neochori|H|18|[10.23,10.36,10.46,10.56,10.67,10.77,10.83,10.88,10.97,11.02,11.06,11.11,11.21,11.28,11.34,11.39,11.45,11.68,11.91,12.12,12.22,12.13,12.05,12.09,12.06,11.98,11.89,11.77,11.82,11.91,11.93,11.89,11.87,11.85,11.85,11.85,11.85,11.84,11.86,11.88,11.91,11.94,11.98,12.01,12.04]
OTTOWN|Neochori|H|19|[10.34,10.47,10.57,10.68,10.80,10.90,10.95,11.04,11.13,11.18,11.24,11.34,11.44,11.50,11.55,11.59,11.65,11.89,12.10,12.30,12.40,12.32,12.36,12.40,12.37,12.28,12.15,12.02,12.08,12.10,12.06,12.02,12.00,12.00,12.01,12.01,12.00,12.02,12.04,12.06,12.09,12.13,12.16,12.19,12.22]
OTTOWN|Neochori|H|20|[10.45,10.58,10.70,10.81,10.93,11.03,11.11,11.20,11.29,11.36,11.46,11.56,11.67,11.72,11.76,11.80,11.86,12.07,12.28,12.48,12.59,12.63,12.67,12.71,12.66,12.53,12.41,12.28,12.27,12.23,12.18,12.14,12.14,12.15,12.16,12.16,12.18,12.20,12.21,12.24,12.27,12.31,12.34,12.37,12.41]
OTTOWN|Neochori|H|21|[10.57,10.70,10.81,10.93,11.05,11.15,11.23,11.32,11.42,11.53,11.63,11.73,11.82,11.86,11.90,11.94,12.01,12.22,12.42,12.63,12.67,12.71,12.75,12.78,12.72,12.59,12.46,12.40,12.37,12.32,12.28,12.25,12.26,12.27,12.28,12.31,12.33,12.34,12.37,12.42,12.46,12.49,12.53,12.57,12.61]
OTTOWN|Neochori|H|22|[10.69,10.81,10.93,11.05,11.15,11.24,11.33,11.43,11.55,11.66,11.76,11.85,11.92,11.97,12.01,12.06,12.13,12.34,12.54,12.58,12.62,12.66,12.70,12.73,12.66,12.54,12.48,12.49,12.45,12.41,12.37,12.35,12.36,12.37,12.41,12.44,12.46,12.49,12.56,12.61,12.65,12.69,12.74,12.77,12.81]
OTTOWN|Neochori|H|23|[10.80,10.93,11.04,11.14,11.25,11.34,11.44,11.56,11.68,11.79,11.88,11.95,12.03,12.08,12.13,12.18,12.25,12.45,12.50,12.54,12.58,12.62,12.65,12.68,12.61,12.55,12.56,12.57,12.53,12.50,12.47,12.45,12.45,12.50,12.54,12.57,12.60,12.68,12.75,12.80,12.84,12.89,12.94,12.98,13.00]
OTTOWN|Neochori|H|24|[10.92,11.04,11.14,11.24,11.34,11.45,11.57,11.69,11.81,11.91,11.98,12.06,12.14,12.19,12.25,12.30,12.37,12.41,12.45,12.50,12.54,12.57,12.59,12.62,12.63,12.63,12.64,12.65,12.62,12.60,12.57,12.54,12.58,12.63,12.67,12.72,12.79,12.87,12.94,13.00,13.05,13.09,13.14,13.17,13.19]
OTTOWN|Neochori|H|25|[11.05,11.15,11.25,11.35,11.44,11.54,11.66,11.78,11.91,12.01,12.09,12.17,12.22,12.28,12.33,12.38,12.43,12.48,12.52,12.56,12.59,12.62,12.65,12.69,12.71,12.71,12.72,12.77,12.75,12.72,12.69,12.73,12.78,12.82,12.86,12.92,12.99,13.07,13.11,13.15,13.20,13.24,13.27,13.28,13.30]
OTTOWN|Neochori|H|26|[11.15,11.25,11.35,11.45,11.53,11.62,11.74,11.87,12.01,12.11,12.19,12.25,12.30,12.36,12.41,12.46,12.51,12.55,12.59,12.63,12.66,12.69,12.72,12.77,12.79,12.79,12.84,12.90,12.88,12.85,12.89,12.93,12.98,13.02,13.07,13.12,13.20,13.24,13.26,13.29,13.34,13.36,13.38,13.39,13.41]
OTTOWN|Neochori|H|27|[11.26,11.36,11.46,11.53,11.61,11.70,11.83,11.97,12.12,12.22,12.28,12.33,12.38,12.44,12.49,12.54,12.59,12.63,12.66,12.69,12.72,12.76,12.80,12.85,12.87,12.91,12.97,13.02,13.01,13.05,13.09,13.13,13.18,13.22,13.27,13.32,13.37,13.39,13.40,13.44,13.46,13.47,13.48,13.50,13.52]
OTTOWN|Neochori|H|28|[11.36,11.46,11.53,11.61,11.69,11.79,11.93,12.08,12.22,12.30,12.35,12.41,12.46,12.52,12.57,12.62,12.67,12.70,12.73,12.76,12.80,12.84,12.88,12.93,12.98,13.03,13.09,13.14,13.19,13.24,13.28,13.32,13.37,13.42,13.46,13.50,13.52,13.53,13.55,13.57,13.58,13.60,13.61,13.62,13.64]
OTTOWN|Neochori|H|29|[11.42,11.52,11.59,11.67,11.76,11.88,12.02,12.16,12.28,12.36,12.41,12.46,12.57,12.63,12.68,12.72,12.75,12.79,12.82,12.85,12.88,12.92,12.97,13.01,13.06,13.11,13.17,13.25,13.30,13.34,13.39,13.46,13.50,13.55,13.61,13.67,13.69,13.70,13.75,13.77,13.79,13.80,13.81,13.82,13.84]
OTTOWN|Neochori|H|30|[11.48,11.57,11.65,11.74,11.84,11.96,12.10,12.22,12.34,12.41,12.47,12.57,12.68,12.74,12.78,12.81,12.84,12.87,12.90,12.93,12.96,13.01,13.05,13.09,13.14,13.20,13.28,13.36,13.41,13.46,13.53,13.59,13.64,13.70,13.78,13.84,13.86,13.90,13.95,13.98,13.99,14.00,14.01,14.02,14.02]
OTTOWN|Neochori|H|31|[11.54,11.63,11.72,11.82,11.93,12.04,12.16,12.28,12.39,12.47,12.58,12.68,12.79,12.84,12.87,12.90,12.93,12.96,12.99,13.01,13.05,13.09,13.13,13.17,13.22,13.31,13.39,13.47,13.53,13.59,13.66,13.72,13.79,13.87,13.95,14.01,14.06,14.11,14.16,14.18,14.19,14.20,14.21,14.21,14.17]
OTTOWN|Neochori|H|32|[11.54,11.71,11.81,11.91,12.01,12.13,12.25,12.36,12.48,12.58,12.69,12.79,12.88,12.92,12.94,12.97,13.01,13.04,13.06,13.09,13.13,13.17,13.21,13.26,13.32,13.40,13.49,13.57,13.64,13.71,13.78,13.85,13.93,14.02,14.10,14.17,14.22,14.27,14.32,14.34,14.35,14.36,14.38,14.35,14.31]
OTTOWN|Neochori|H|33|[11.56,11.80,11.90,12.00,12.13,12.26,12.38,12.49,12.59,12.70,12.80,12.89,12.93,12.97,13.00,13.03,13.07,13.10,13.13,13.16,13.21,13.25,13.29,13.34,13.40,13.48,13.57,13.67,13.74,13.80,13.88,13.96,14.04,14.12,14.20,14.27,14.32,14.37,14.42,14.44,14.45,14.47,14.51,14.48,14.44]
OTTOWN|Neochori|H|34|[11.65,11.89,12.00,12.13,12.26,12.39,12.51,12.61,12.71,12.81,12.90,12.94,12.99,13.02,13.05,13.10,13.14,13.16,13.20,13.24,13.29,13.33,13.37,13.42,13.48,13.57,13.66,13.76,13.83,13.90,13.98,14.06,14.15,14.23,14.31,14.38,14.43,14.47,14.52,14.54,14.56,14.60,14.64,14.61,14.59]
OTTOWN|Neochori|H|35|[11.74,11.99,12.12,12.26,12.40,12.53,12.62,12.72,12.82,12.91,12.95,12.99,13.04,13.07,13.12,13.16,13.20,13.24,13.28,13.32,13.37,13.41,13.45,13.50,13.57,13.66,13.76,13.85,13.93,14.01,14.09,14.17,14.25,14.33,14.41,14.48,14.53,14.57,14.62,14.65,14.69,14.73,14.77,14.76,14.76]
OTTOWN|Neochori|H|36|[11.77,12.13,12.27,12.41,12.55,12.60,12.70,12.79,12.89,12.96,13.00,13.04,13.08,13.13,13.17,13.21,13.25,13.30,13.34,13.38,13.43,13.47,13.51,13.56,13.65,13.74,13.84,13.96,14.05,14.13,14.21,14.30,14.38,14.46,14.53,14.59,14.63,14.68,14.72,14.75,14.79,14.83,14.86,14.87,14.87]
OTTOWN|Neochori|H|37|[11.90,12.30,12.44,12.57,12.60,12.64,12.74,12.84,12.94,13.01,13.05,13.09,13.13,13.17,13.21,13.26,13.30,13.34,13.38,13.43,13.47,13.52,13.57,13.63,13.72,13.81,13.93,14.08,14.17,14.25,14.34,14.43,14.51,14.59,14.64,14.70,14.74,14.78,14.81,14.84,14.88,14.91,14.93,14.93,14.93]
OTTOWN|Neochori|H|38|[12.06,12.46,12.60,12.62,12.64,12.69,12.79,12.89,12.99,13.05,13.09,13.13,13.17,13.22,13.26,13.30,13.34,13.39,13.43,13.48,13.52,13.57,13.64,13.70,13.79,13.91,14.05,14.20,14.29,14.38,14.47,14.56,14.64,14.70,14.75,14.81,14.85,14.87,14.90,14.93,14.96,14.98,14.99,15.00,15.01]
OTTOWN|Neochori|H|39|[12.23,12.63,12.65,12.67,12.69,12.74,12.84,12.94,13.04,13.10,13.14,13.18,13.22,13.26,13.30,13.35,13.39,13.44,13.48,13.53,13.58,13.64,13.71,13.78,13.89,14.03,14.17,14.32,14.42,14.51,14.60,14.69,14.75,14.81,14.86,14.91,14.94,14.96,14.99,15.01,15.03,15.04,15.06,15.08,15.10]
OTTOWN|Neochori|H|40|[12.49,12.66,12.68,12.70,12.74,12.83,12.93,13.03,13.13,13.20,13.24,13.28,13.32,13.36,13.41,13.45,13.45,13.50,13.54,13.59,13.65,13.72,13.79,13.86,13.98,14.13,14.27,14.44,14.55,14.64,14.74,14.81,14.87,14.92,14.98,15.02,15.05,15.07,15.10,15.12,15.13,15.15,15.16,15.18,15.20]
OTTOWN|Neochori|H|41|[12.52,12.69,12.71,12.75,12.83,12.92,13.02,13.13,13.24,13.31,13.35,13.39,13.43,13.47,13.51,13.51,13.51,13.56,13.61,13.67,13.73,13.80,13.87,13.95,14.07,14.22,14.39,14.58,14.68,14.78,14.85,14.93,14.98,15.04,15.09,15.13,15.16,15.18,15.21,15.23,15.24,15.26,15.27,15.29,15.31]
OTTOWN|Neochori|H|42|[12.56,12.73,12.76,12.84,12.93,13.02,13.12,13.24,13.35,13.42,13.46,13.50,13.53,13.58,13.57,13.57,13.57,13.62,13.68,13.74,13.81,13.88,13.97,14.05,14.17,14.34,14.53,14.71,14.82,14.89,14.97,15.05,15.10,15.15,15.20,15.24,15.27,15.29,15.32,15.34,15.35,15.36,15.38,15.40,15.40]
OTTOWN|Neochori|H|43|[12.60,12.77,12.85,12.93,13.02,13.11,13.23,13.34,13.46,13.52,13.56,13.60,13.64,13.64,13.64,13.64,13.65,13.71,13.77,13.83,13.90,13.98,14.06,14.14,14.30,14.48,14.67,14.85,14.93,15.01,15.09,15.16,15.21,15.26,15.31,15.34,15.37,15.39,15.42,15.44,15.45,15.46,15.48,15.49,15.50]
OTTOWN|Neochori|H|44|[12.69,12.83,12.91,12.99,13.08,13.18,13.29,13.41,13.53,13.61,13.64,13.68,13.75,13.76,13.76,13.76,13.79,13.85,13.91,13.96,14.01,14.09,14.17,14.31,14.49,14.67,14.85,14.95,15.03,15.10,15.17,15.22,15.27,15.32,15.36,15.38,15.41,15.43,15.47,15.50,15.51,15.53,15.57,15.58,15.59]
OTTOWN|Neochori|END
OTTOWN|Stavros|HEAD|i_House_Big_02_V1_F|Land_u_House_Big_02_V1_F|[12891.307,15054.446,32.684]|33.84|false|68|2|3
OTTOWN|Stavros|BOX|[-5.27,-12.09,5.27,12.09,-5.90,5.90]
OTTOWN|Stavros|DOOR|main|[12884.01,15051.91,32.85]|303.8|3.50
OTTOWN|Stavros|DOOR|side|[12894.34,15058.79,32.84]|33.8|1.25
OTTOWN|Stavros|BPOS|[[12891.12,15047.71,33.10],[12889.57,15051.59,33.11],[12887.96,15050.36,36.55],[12897.59,15057.82,36.54],[12896.55,15056.29,33.10],[12896.48,15054.45,36.54],[12894.04,15058.07,36.55],[12891.99,15056.57,36.55],[12893.09,15055.08,33.10]]
OTTOWN|Stavros|OBJ|building|Land_Kiosk_papers_F|[12862.75,15025.74,34.02]|39.2|[-4.19,-4.24,4.19,4.24,-3.22,3.22]
OTTOWN|Stavros|OBJ|building|Land_u_House_Big_01_V1_F|[12877.91,15024.15,33.66]|34.9|[-7.89,-8.48,7.89,8.48,-6.61,6.61]
OTTOWN|Stavros|OBJ|building|Land_i_Shop_01_V3_F|[12912.54,15021.53,31.36]|34.4|[-4.75,-10.13,4.75,10.13,-6.46,6.46]
OTTOWN|Stavros|OBJ|building|Land_i_Shop_01_V2_F|[12868.75,15043.32,33.60]|211.0|[-4.75,-9.79,4.75,9.79,-6.46,6.46]
OTTOWN|Stavros|OBJ|building|Land_i_Shop_02_V2_F|[12862.03,15050.05,33.97]|301.7|[-8.58,-5.44,8.58,5.44,-6.24,6.24]
OTTOWN|Stavros|OBJ|building|Land_u_House_Big_01_V1_F|[12901.96,15045.05,31.77]|212.8|[-7.89,-8.48,7.89,8.48,-6.61,6.61]
OTTOWN|Stavros|OBJ|building|Land_i_House_Small_01_V1_F|[12921.03,15040.62,30.23]|34.5|[-5.43,-7.64,5.43,7.64,-5.08,5.08]
OTTOWN|Stavros|OBJ|building|Land_i_House_Small_02_V3_F|[12908.17,15059.40,31.58]|123.2|[-8.20,-4.64,8.20,4.64,-4.71,4.71]
OTTOWN|Stavros|OBJ|building|water_source_f.p3d|[12910.58,15055.62,31.09]|304.5|[-1.31,-0.87,1.31,0.87,-1.53,1.53]
OTTOWN|Stavros|OBJ|building|Land_cargo_house_slum_F|[12931.87,15059.53,29.66]|297.7|[-4.83,-1.92,4.83,1.92,-2.34,2.34]
OTTOWN|Stavros|OBJ|building|treebin_f.p3d|[12935.46,15056.81,29.39]|0.0|[-1.24,-1.26,1.24,1.26,-0.43,0.43]
OTTOWN|Stavros|OBJ|building|treebin_f.p3d|[12932.32,15050.84,29.82]|0.0|[-1.24,-1.26,1.24,1.26,-0.43,0.43]
OTTOWN|Stavros|OBJ|building|Land_u_House_Big_02_V1_F|[12850.25,15062.99,34.55]|208.5|[-5.27,-12.09,5.27,12.09,-5.90,5.90]
OTTOWN|Stavros|OBJ|building|Land_i_House_Small_01_V3_F|[12865.57,15084.24,33.62]|30.8|[-5.43,-7.64,5.43,7.64,-5.08,5.08]
OTTOWN|Stavros|OBJ|building|Land_i_Stone_HouseSmall_V2_F|[12887.67,15086.41,31.19]|121.7|[-10.21,-5.82,10.21,5.82,-4.28,4.28]
OTTOWN|Stavros|OBJ|building|Land_i_Stone_HouseBig_V3_F|[12903.57,15082.38,31.22]|91.1|[-6.78,-6.16,6.78,6.16,-5.84,5.84]
OTTOWN|Stavros|OBJ|building|Land_i_House_Small_01_V3_F|[12922.16,15061.65,30.58]|210.2|[-5.43,-7.64,5.43,7.64,-5.08,5.08]
OTTOWN|Stavros|OBJ|building|Land_u_Addon_02_V1_F|[12911.56,15072.93,30.98]|122.3|[-4.57,-4.94,4.57,4.94,-3.72,3.72]
OTTOWN|Stavros|OBJ|building|cargo_addon01_v1_f.p3d|[12927.42,15065.48,30.62]|208.7|[-2.08,-1.47,2.08,1.47,-2.21,2.21]
OTTOWN|Stavros|OBJ|building|Land_i_Stone_Shed_V1_F|[12907.24,15093.36,30.36]|1.1|[-4.53,-4.96,4.53,4.96,-3.80,3.80]
OTTOWN|Stavros|OBJ|wall|canal_wallsmall_10m_f.p3d|[12865.13,15028.74,33.22]|219.1|[-4.50,-0.56,4.50,0.56,-2.51,2.51]
OTTOWN|Stavros|OBJ|wall|city_8md_f.p3d|[12856.87,15057.55,34.07]|30.4|[-3.50,-0.98,3.50,0.98,-1.80,1.80]
OTTOWN|Stavros|OBJ|wall|concrete_smallwall_8m_f.p3d|[12856.13,15035.40,34.16]|33.2|[-4.00,-0.26,4.00,0.26,-1.15,1.15]
OTTOWN|Stavros|OBJ|wall|concrete_smallwall_8m_f.p3d|[12849.25,15040.00,34.67]|33.2|[-4.00,-0.26,4.00,0.26,-1.15,1.15]
OTTOWN|Stavros|OBJ|wall|concrete_smallwall_8m_f.p3d|[12856.61,15030.24,34.08]|134.4|[-4.00,-0.26,4.00,0.26,-1.15,1.15]
OTTOWN|Stavros|OBJ|wall|city_pillar_f.p3d|[12852.69,15037.66,34.44]|126.5|[-0.23,-0.24,0.23,0.24,-2.14,2.14]
OTTOWN|Stavros|OBJ|wall|city_pillar_f.p3d|[12859.50,15033.17,33.96]|227.7|[-0.23,-0.24,0.23,0.24,-2.14,2.14]
OTTOWN|Stavros|OBJ|wall|city_8md_f.p3d|[12893.57,15047.88,32.08]|215.4|[-3.50,-0.98,3.50,0.98,-1.80,1.80]
OTTOWN|Stavros|OBJ|wall|city_8md_f.p3d|[12874.92,15034.08,33.28]|215.4|[-3.50,-0.98,3.50,0.98,-1.80,1.80]
OTTOWN|Stavros|OBJ|wall|city2_4m_f.p3d|[12914.29,15037.82,30.32]|273.8|[-1.76,-0.25,1.76,0.25,-2.09,2.09]
OTTOWN|Stavros|OBJ|wall|city2_4m_f.p3d|[12913.83,15031.29,30.51]|93.0|[-1.76,-0.25,1.76,0.25,-2.09,2.09]
OTTOWN|Stavros|OBJ|wall|stone_8m_f.p3d|[12931.25,15039.76,29.43]|31.4|[-4.26,-0.35,4.26,0.35,-1.30,1.30]
OTTOWN|Stavros|OBJ|wall|stone_8md_f.p3d|[12899.05,15071.65,31.48]|147.0|[-4.14,-0.76,4.14,0.76,-1.28,1.28]
OTTOWN|Stavros|OBJ|wall|stone_8md_f.p3d|[12881.12,15072.75,32.60]|212.8|[-4.14,-0.76,4.14,0.76,-1.28,1.28]
OTTOWN|Stavros|OBJ|wall|stone_8m_f.p3d|[12894.25,15068.50,31.89]|146.9|[-4.26,-0.35,4.26,0.35,-1.30,1.30]
OTTOWN|Stavros|OBJ|wall|stone_8m_f.p3d|[12874.62,15082.28,32.51]|302.6|[-4.26,-0.35,4.26,0.35,-1.30,1.30]
OTTOWN|Stavros|OBJ|wall|stone_8m_f.p3d|[12878.91,15089.02,31.99]|302.6|[-4.26,-0.35,4.26,0.35,-1.30,1.30]
OTTOWN|Stavros|OBJ|wall|stone_8m_f.p3d|[12887.54,15068.56,32.35]|213.3|[-4.26,-0.35,4.26,0.35,-1.30,1.30]
OTTOWN|Stavros|OBJ|wall|stone_8m_f.p3d|[12875.39,15076.48,32.80]|213.3|[-4.26,-0.35,4.26,0.35,-1.30,1.30]
OTTOWN|Stavros|OBJ|wall|stone_pillar_f.p3d|[12872.20,15078.65,32.96]|32.0|[-0.45,-0.44,0.45,0.44,-1.79,1.79]
OTTOWN|Stavros|OBJ|wall|stone_pillar_f.p3d|[12891.09,15066.27,32.33]|303.1|[-0.45,-0.44,0.45,0.44,-1.79,1.79]
OTTOWN|Stavros|OBJ|wall|stone_8m_f.p3d|[12919.61,15077.13,30.01]|122.0|[-4.26,-0.35,4.26,0.35,-1.30,1.30]
OTTOWN|Stavros|OBJ|wall|stone_8m_f.p3d|[12923.82,15083.91,29.56]|122.0|[-4.26,-0.35,4.26,0.35,-1.30,1.30]
OTTOWN|Stavros|OBJ|wall|stone_8m_f.p3d|[12905.56,15071.92,31.20]|208.1|[-4.26,-0.35,4.26,0.35,-1.30,1.30]
OTTOWN|Stavros|OBJ|wall|stone_pillar_f.p3d|[12902.20,15073.74,31.33]|34.8|[-0.45,-0.44,0.45,0.44,-1.79,1.79]
OTTOWN|Stavros|OBJ|wall|stone_8m_f.p3d|[12883.19,15095.74,31.63]|302.6|[-4.26,-0.35,4.26,0.35,-1.30,1.30]
OTTOWN|Stavros|OBJ|tree|t_phoenixc3s_f.p3d|[12854.80,15030.89,34.24]|172.0|[-10.50,-10.50,10.50,10.50,-10.52,10.52]
OTTOWN|Stavros|OBJ|tree|t_ficusb2s_f.p3d|[12851.84,15041.94,34.54]|230.3|[-8.66,-8.23,8.66,8.23,-5.99,5.99]
OTTOWN|Stavros|OBJ|tree|t_ficusb2s_f.p3d|[12849.47,15049.33,34.56]|176.8|[-8.66,-8.23,8.66,8.23,-5.99,5.99]
OTTOWN|Stavros|OBJ|tree|t_fraxinusav2s_f.p3d|[12934.40,15057.17,29.41]|243.0|[-13.54,-13.39,13.54,13.39,-13.22,13.22]
OTTOWN|Stavros|OBJ|tree|t_fraxinusav2s_f.p3d|[12932.90,15051.39,29.81]|29.0|[-13.54,-13.39,13.54,13.39,-13.22,13.22]
OTTOWN|Stavros|OBJ|tree|t_ficusb2s_f.p3d|[12891.94,15071.42,32.04]|169.5|[-8.66,-8.23,8.66,8.23,-5.99,5.99]
OTTOWN|Stavros|OBJ|tree|t_ficusb2s_f.p3d|[12897.21,15079.52,31.53]|101.0|[-8.66,-8.23,8.66,8.23,-5.99,5.99]
OTTOWN|Stavros|OBJ|tree|t_ficusb2s_f.p3d|[12918.94,15084.05,29.91]|164.1|[-8.66,-8.23,8.66,8.23,-5.99,5.99]
OTTOWN|Stavros|ROAD|TRACK|10.0|[12878.36,15006.29,33.18]|[12894.70,15011.38,31.83]
OTTOWN|Stavros|ROAD|TRACK|10.0|[12896.83,15025.04,31.76]|[12901.15,15018.52,31.58]
OTTOWN|Stavros|ROAD|TRACK|10.0|[12894.70,15011.38,31.83]|[12905.29,15010.14,31.22]
OTTOWN|Stavros|ROAD|TRACK|10.0|[12901.15,15018.52,31.58]|[12906.26,15010.21,31.14]
OTTOWN|Stavros|ROAD|TRACK|10.0|[12904.57,15009.04,31.12]|[12914.57,15011.23,30.58]
OTTOWN|Stavros|ROAD|TRACK|10.0|[12873.08,15056.76,33.25]|[12885.18,15039.63,32.48]
OTTOWN|Stavros|ROAD|TRACK|10.0|[12885.18,15039.63,32.48]|[12896.83,15025.04,31.76]
OTTOWN|Stavros|ROAD|TRACK|10.0|[12866.69,15067.86,33.54]|[12873.08,15056.76,33.25]
OTTOWN|Stavros|ROAD|TRACK|10.0|[12856.92,15075.19,33.90]|[12866.69,15067.86,33.54]
OTTOWN|Stavros|H|0|[33.98,33.94,33.90,33.86,33.84,33.84,33.84,33.85,33.85,33.83,33.80,33.77,33.71,33.63,33.53,33.39,33.21,33.02,32.79,32.56,32.39,32.23,32.06,31.91,31.78,31.65,31.58,31.45,31.29,31.16,31.09,30.94,30.78,30.63,30.47,30.29,30.10,29.91,29.68,29.41,29.15,28.86,28.57,28.27,27.98]
OTTOWN|Stavros|H|1|[34.04,34.00,33.96,33.93,33.91,33.91,33.92,33.94,33.94,33.92,33.89,33.86,33.80,33.70,33.57,33.43,33.25,33.02,32.77,32.54,32.37,32.21,32.04,31.88,31.76,31.69,31.61,31.48,31.36,31.28,31.20,31.05,30.90,30.75,30.59,30.41,30.21,30.02,29.80,29.53,29.24,28.96,28.67,28.38,28.12]
OTTOWN|Stavros|H|2|[34.09,34.06,34.03,34.00,33.98,34.00,34.02,34.03,34.03,34.01,33.98,33.95,33.87,33.74,33.61,33.47,33.25,33.00,32.76,32.52,32.35,32.18,32.02,31.87,31.80,31.72,31.65,31.55,31.47,31.39,31.32,31.17,31.02,30.87,30.72,30.52,30.33,30.13,29.91,29.63,29.34,29.06,28.78,28.52,28.26]
OTTOWN|Stavros|H|3|[34.14,34.11,34.08,34.05,34.02,34.04,34.06,34.07,34.06,34.03,34.01,33.96,33.84,33.71,33.57,33.53,33.31,33.06,32.81,32.52,32.35,32.18,32.01,31.88,31.81,31.73,31.65,31.57,31.49,31.42,31.35,31.21,31.06,30.91,30.80,30.61,30.41,30.22,29.99,29.71,29.43,29.13,28.86,28.60,28.34]
OTTOWN|Stavros|H|4|[34.18,34.15,34.12,34.08,34.04,34.06,34.07,34.07,34.06,34.03,33.98,33.89,33.78,33.64,33.60,33.62,33.40,33.15,32.83,32.52,32.35,32.18,32.01,31.88,31.81,31.73,31.64,31.56,31.48,31.42,31.36,31.22,31.07,30.98,30.87,30.67,30.48,30.29,30.07,29.79,29.49,29.19,28.91,28.65,28.30]
OTTOWN|Stavros|H|5|[34.22,34.19,34.14,34.10,34.06,34.08,34.07,34.07,34.06,34.01,33.92,33.83,33.72,33.68,33.69,33.71,33.49,33.16,32.83,32.52,32.35,32.18,32.01,31.88,31.80,31.72,31.63,31.55,31.49,31.43,31.37,31.23,31.14,31.05,30.94,30.75,30.56,30.37,30.15,29.85,29.55,29.24,28.96,28.61,28.21]
OTTOWN|Stavros|H|6|[34.26,34.21,34.16,34.12,34.08,34.08,34.07,34.07,34.04,33.95,33.86,33.77,33.75,33.76,33.78,33.80,33.50,33.17,32.83,32.52,32.35,32.18,32.01,31.88,31.79,31.71,31.62,31.55,31.50,31.44,31.39,31.30,31.21,31.11,31.01,30.82,30.64,30.45,30.21,29.91,29.60,29.29,28.93,28.52,28.12]
OTTOWN|Stavros|H|7|[34.33,34.27,34.23,34.18,34.11,34.10,34.10,34.05,33.95,33.86,33.77,33.71,33.70,33.72,33.74,33.68,33.37,33.04,32.71,32.46,32.29,32.12,31.98,31.90,31.81,31.73,31.65,31.58,31.53,31.47,31.42,31.33,31.24,31.13,30.92,30.73,30.55,30.39,30.20,29.89,29.59,29.38,29.06,28.66,28.25]
OTTOWN|Stavros|H|8|[34.40,34.34,34.29,34.20,34.13,34.13,34.08,33.97,33.86,33.77,33.71,33.66,33.66,33.67,33.62,33.55,33.24,32.92,32.65,32.39,32.22,32.08,32.00,31.92,31.83,31.75,31.68,31.62,31.56,31.51,31.45,31.37,31.26,31.04,30.83,30.64,30.48,30.37,30.18,29.88,29.67,29.52,29.20,28.80,28.34]
OTTOWN|Stavros|H|9|[34.46,34.40,34.32,34.23,34.16,34.11,34.00,33.88,33.77,33.71,33.66,33.61,33.61,33.55,33.48,33.42,33.12,32.85,32.58,32.33,32.19,32.11,32.02,31.94,31.86,31.79,31.71,31.65,31.59,31.54,31.49,31.38,31.17,30.95,30.73,30.58,30.47,30.36,30.17,29.96,29.81,29.66,29.35,28.89,28.42]
OTTOWN|Stavros|H|10|[34.52,34.44,34.36,34.27,34.17,34.05,33.93,33.81,33.71,33.66,33.62,33.57,33.51,33.45,33.38,33.30,33.04,32.77,32.50,32.29,32.21,32.13,32.05,31.97,31.89,31.82,31.74,31.68,31.62,31.57,31.50,31.28,31.06,30.84,30.65,30.54,30.43,30.32,30.21,30.06,29.91,29.76,29.44,28.98,28.51]
OTTOWN|Stavros|H|11|[34.61,34.52,34.44,34.33,34.19,34.07,33.95,33.80,33.68,33.63,33.58,33.56,33.51,33.44,33.36,33.16,32.90,32.63,32.42,32.33,32.24,32.16,32.08,32.01,31.93,31.86,31.76,31.69,31.64,31.57,31.36,31.14,30.92,30.71,30.53,30.42,30.31,30.26,30.18,30.03,29.88,29.85,29.54,29.08,28.64]
OTTOWN|Stavros|H|12|[34.69,34.61,34.50,34.35,34.21,34.09,33.94,33.77,33.64,33.60,33.57,33.55,33.50,33.42,33.22,33.02,32.76,32.55,32.45,32.36,32.28,32.20,32.12,32.04,31.97,31.87,31.77,31.70,31.63,31.43,31.22,31.00,30.79,30.60,30.42,30.31,30.25,30.22,30.14,29.99,29.96,29.95,29.64,29.20,28.95]
OTTOWN|Stavros|H|13|[34.77,34.67,34.52,34.37,34.23,34.08,33.90,33.73,33.61,33.58,33.56,33.54,33.47,33.28,33.08,32.88,32.68,32.59,32.49,32.39,32.31,32.23,32.16,32.08,31.98,31.89,31.79,31.70,31.49,31.29,31.08,30.87,30.68,30.49,30.30,30.24,30.22,30.19,30.11,30.08,30.06,30.05,29.77,29.51,29.26]
OTTOWN|Stavros|H|14|[34.81,34.68,34.53,34.38,34.26,34.09,33.91,33.74,33.66,33.64,33.62,33.58,33.39,33.19,32.99,32.82,32.71,32.62,32.52,32.43,32.36,32.28,32.20,32.09,31.99,31.90,31.80,31.64,31.43,31.23,31.02,30.82,30.63,30.43,30.27,30.24,30.21,30.18,30.14,30.13,30.12,30.11,29.94,29.68,29.42]
OTTOWN|Stavros|H|15|[34.81,34.67,34.53,34.42,34.31,34.14,33.97,33.86,33.79,33.77,33.73,33.55,33.35,33.16,32.98,32.85,32.74,32.65,32.56,32.49,32.41,32.33,32.21,32.10,32.00,31.90,31.83,31.67,31.46,31.25,31.03,30.84,30.64,30.46,30.31,30.28,30.25,30.19,30.14,30.13,30.12,30.11,29.94,29.68,29.45]
OTTOWN|Stavros|H|16|[34.80,34.67,34.56,34.47,34.37,34.19,34.08,33.99,33.92,33.88,33.69,33.51,33.32,33.15,33.01,32.88,32.77,32.69,32.62,32.54,32.46,32.34,32.22,32.10,32.01,31.93,31.86,31.70,31.49,31.27,31.05,30.85,30.67,30.49,30.34,30.31,30.25,30.19,30.14,30.13,30.12,30.12,29.95,29.71,29.51]
OTTOWN|Stavros|H|17|[34.80,34.70,34.61,34.52,34.42,34.31,34.21,34.11,34.03,33.84,33.66,33.48,33.31,33.18,33.04,32.90,32.82,32.74,32.67,32.59,32.47,32.35,32.22,32.11,32.04,31.96,31.89,31.72,31.50,31.29,31.07,30.88,30.71,30.53,30.38,30.32,30.25,30.19,30.15,30.14,30.13,30.12,29.97,29.77,29.57]
OTTOWN|Stavros|H|18|[34.76,34.67,34.58,34.49,34.41,34.31,34.21,34.11,33.97,33.79,33.60,33.43,33.29,33.15,33.02,32.93,32.85,32.78,32.70,32.62,32.49,32.37,32.24,32.10,32.03,31.96,31.91,31.77,31.55,31.33,31.07,30.88,30.71,30.53,30.36,30.30,30.24,30.17,30.14,30.13,30.13,30.11,29.97,29.77,29.56]
OTTOWN|Stavros|H|19|[34.69,34.60,34.51,34.43,34.35,34.25,34.15,34.04,33.90,33.72,33.54,33.39,33.24,33.11,33.02,32.96,32.88,32.81,32.73,32.65,32.52,32.39,32.22,32.08,32.01,31.96,31.97,31.83,31.61,31.35,31.05,30.87,30.69,30.51,30.34,30.28,30.22,30.17,30.14,30.13,30.11,30.09,29.95,29.74,29.55]
OTTOWN|Stavros|H|20|[34.62,34.53,34.45,34.38,34.30,34.20,34.08,33.97,33.83,33.66,33.50,33.34,33.20,33.11,33.05,32.99,32.91,32.84,32.76,32.67,32.54,32.37,32.20,32.06,32.02,32.02,32.03,31.89,31.62,31.33,31.04,30.85,30.67,30.49,30.32,30.26,30.21,30.16,30.13,30.12,30.09,30.06,29.92,29.72,29.53]
OTTOWN|Stavros|H|21|[34.55,34.47,34.40,34.32,34.24,34.13,34.01,33.90,33.77,33.61,33.45,33.30,33.20,33.14,33.08,33.02,32.94,32.86,32.78,32.69,32.52,32.35,32.17,32.07,32.08,32.08,32.09,31.90,31.61,31.32,31.03,30.83,30.65,30.47,30.30,30.25,30.21,30.16,30.12,30.09,30.07,30.04,29.90,29.71,29.51]
OTTOWN|Stavros|H|22|[34.53,34.44,34.37,34.29,34.21,34.09,33.98,33.87,33.76,33.60,33.44,33.32,33.24,33.18,33.12,33.07,32.99,32.91,32.83,32.70,32.53,32.35,32.21,32.17,32.17,32.18,32.14,31.93,31.64,31.34,31.18,31.01,30.82,30.63,30.43,30.38,30.34,30.23,30.11,30.08,30.06,29.98,29.82,29.62,29.43]
OTTOWN|Stavros|H|23|[34.50,34.41,34.34,34.26,34.17,34.06,33.95,33.86,33.75,33.59,33.46,33.36,33.28,33.22,33.17,33.12,33.05,32.96,32.84,32.70,32.53,32.39,32.31,32.27,32.27,32.23,32.17,31.95,31.66,31.50,31.36,31.18,30.99,30.76,30.57,30.52,30.42,30.22,30.10,30.07,30.00,29.89,29.73,29.53,29.40]
OTTOWN|Stavros|H|24|[34.47,34.38,34.30,34.22,34.14,34.03,33.94,33.85,33.73,33.61,33.50,33.40,33.32,33.27,33.22,33.17,33.09,32.97,32.84,32.71,32.57,32.49,32.41,32.37,32.33,32.26,32.19,31.98,31.82,31.68,31.54,31.35,31.12,30.90,30.70,30.60,30.40,30.21,30.09,30.01,29.91,29.80,29.64,29.51,29.39]
OTTOWN|Stavros|H|25|[34.46,34.37,34.29,34.21,34.12,34.03,33.93,33.84,33.74,33.63,33.53,33.42,33.36,33.31,33.27,33.22,33.09,32.97,32.84,32.72,32.64,32.56,32.48,32.40,32.33,32.27,32.20,32.06,31.92,31.78,31.65,31.44,31.22,30.99,30.78,30.59,30.40,30.20,30.03,29.93,29.83,29.72,29.62,29.49,29.37]
OTTOWN|Stavros|H|26|[34.49,34.40,34.32,34.23,34.12,34.03,33.93,33.82,33.70,33.59,33.49,33.43,33.38,33.33,33.28,33.21,33.09,32.96,32.83,32.70,32.62,32.54,32.44,32.33,32.27,32.20,32.06,31.91,31.77,31.64,31.60,31.39,31.16,30.96,30.78,30.59,30.40,30.16,29.97,29.86,29.76,29.70,29.60,29.48,29.36]
OTTOWN|Stavros|H|27|[34.53,34.43,34.34,34.23,34.12,34.03,33.91,33.78,33.66,33.56,33.50,33.45,33.40,33.35,33.27,33.20,33.08,32.95,32.81,32.69,32.61,32.50,32.37,32.27,32.20,32.06,31.90,31.75,31.63,31.59,31.55,31.34,31.13,30.96,30.78,30.59,30.35,30.10,29.90,29.80,29.74,29.69,29.59,29.47,29.35]
OTTOWN|Stavros|H|28|[34.56,34.46,34.34,34.23,34.12,34.00,33.87,33.75,33.63,33.57,33.52,33.47,33.42,33.34,33.27,33.19,33.07,32.93,32.79,32.67,32.56,32.43,32.31,32.21,32.06,31.90,31.75,31.61,31.57,31.53,31.49,31.30,31.13,30.96,30.78,30.55,30.29,30.03,29.83,29.78,29.73,29.67,29.58,29.46,29.34]
OTTOWN|Stavros|H|29|[34.51,34.40,34.28,34.17,34.09,33.96,33.83,33.70,33.64,33.59,33.54,33.48,33.41,33.34,33.26,33.16,33.02,32.88,32.75,32.60,32.47,32.35,32.22,32.09,31.93,31.78,31.62,31.55,31.51,31.47,31.44,31.28,31.11,30.93,30.76,30.50,30.24,29.99,29.80,29.75,29.70,29.65,29.59,29.47,29.35]
OTTOWN|Stavros|H|30|[34.39,34.28,34.16,34.09,34.03,33.90,33.78,33.71,33.65,33.60,33.55,33.48,33.41,33.33,33.23,33.08,32.94,32.81,32.65,32.49,32.36,32.24,32.12,31.99,31.83,31.68,31.54,31.47,31.43,31.40,31.39,31.23,31.06,30.90,30.74,30.48,30.23,29.94,29.75,29.70,29.66,29.69,29.62,29.50,29.37]
OTTOWN|Stavros|H|31|[34.26,34.15,34.08,34.04,33.98,33.85,33.78,33.72,33.67,33.62,33.55,33.48,33.40,33.30,33.15,33.00,32.87,32.71,32.54,32.37,32.25,32.13,32.02,31.89,31.74,31.60,31.46,31.39,31.36,31.35,31.34,31.18,31.03,30.89,30.72,30.47,30.18,29.89,29.70,29.66,29.69,29.72,29.65,29.52,29.37]
OTTOWN|Stavros|H|32|[34.14,34.07,34.03,33.98,33.93,33.86,33.80,33.74,33.68,33.61,33.54,33.47,33.37,33.22,33.08,32.93,32.77,32.60,32.43,32.26,32.15,32.04,31.92,31.80,31.66,31.52,31.38,31.32,31.31,31.30,31.29,31.16,31.01,30.87,30.71,30.42,30.13,29.85,29.66,29.69,29.72,29.75,29.67,29.52,29.37]
OTTOWN|Stavros|H|33|[34.12,34.08,34.03,33.99,33.92,33.86,33.80,33.73,33.65,33.58,33.51,33.39,33.23,33.08,32.93,32.81,32.65,32.48,32.31,32.19,32.08,31.97,31.85,31.71,31.57,31.43,31.29,31.24,31.23,31.22,31.18,31.05,30.90,30.76,30.70,30.41,30.12,29.83,29.69,29.71,29.74,29.74,29.61,29.46,29.31]
OTTOWN|Stavros|H|34|[34.15,34.10,34.06,33.98,33.91,33.85,33.78,33.69,33.60,33.53,33.41,33.22,33.05,32.90,32.79,32.69,32.53,32.36,32.24,32.13,32.02,31.90,31.77,31.63,31.49,31.35,31.20,31.14,31.14,31.10,31.04,30.90,30.76,30.74,30.70,30.41,30.12,29.85,29.70,29.73,29.73,29.66,29.54,29.39,29.29]
OTTOWN|Stavros|H|35|[34.17,34.12,34.05,33.97,33.90,33.84,33.74,33.64,33.55,33.43,33.24,33.04,32.87,32.76,32.67,32.57,32.41,32.29,32.18,32.07,31.96,31.82,31.68,31.54,31.40,31.25,31.11,31.05,31.01,30.95,30.89,30.76,30.74,30.74,30.70,30.41,30.14,29.87,29.72,29.72,29.65,29.58,29.46,29.36,29.30]
OTTOWN|Stavros|H|36|[34.19,34.12,34.04,33.97,33.89,33.79,33.69,33.59,33.45,33.26,33.06,32.86,32.73,32.64,32.55,32.45,32.34,32.23,32.12,32.01,31.87,31.73,31.59,31.45,31.31,31.16,31.01,30.93,30.87,30.81,30.75,30.74,30.74,30.74,30.70,30.43,30.16,29.89,29.71,29.64,29.57,29.51,29.44,29.37,29.31]
OTTOWN|Stavros|H|37|[34.18,34.10,34.02,33.94,33.82,33.72,33.62,33.47,33.26,33.06,32.86,32.69,32.57,32.48,32.39,32.34,32.24,32.13,32.03,31.98,31.84,31.70,31.59,31.49,31.34,31.19,30.96,30.82,30.76,30.70,30.63,30.62,30.62,30.59,30.37,30.10,29.84,29.67,29.64,29.57,29.51,29.51,29.48,29.42,29.35]
OTTOWN|Stavros|H|38|[34.16,34.08,34.00,33.87,33.75,33.65,33.51,33.28,33.06,32.86,32.69,32.53,32.41,32.32,32.28,32.24,32.14,32.04,32.00,31.95,31.81,31.69,31.63,31.52,31.38,31.14,30.85,30.71,30.65,30.58,30.50,30.50,30.47,30.26,30.04,29.77,29.60,29.60,29.58,29.51,29.51,29.55,29.52,29.46,29.42]
OTTOWN|Stavros|H|39|[34.15,34.06,33.93,33.81,33.69,33.54,33.31,33.08,32.86,32.69,32.53,32.37,32.25,32.21,32.17,32.13,32.04,32.00,31.97,31.91,31.80,31.73,31.66,31.56,31.32,31.03,30.74,30.60,30.53,30.45,30.38,30.35,30.14,29.93,29.71,29.54,29.54,29.54,29.51,29.51,29.55,29.59,29.57,29.52,29.48]
OTTOWN|Stavros|H|40|[34.11,33.98,33.85,33.73,33.59,33.36,33.13,32.90,32.70,32.54,32.38,32.22,32.15,32.11,32.07,32.04,32.00,31.96,31.92,31.88,31.81,31.74,31.67,31.52,31.22,30.93,30.64,30.49,30.42,30.35,30.29,30.10,29.89,29.68,29.50,29.50,29.50,29.50,29.50,29.54,29.58,29.62,29.60,29.56,29.52]
OTTOWN|Stavros|H|41|[33.99,33.86,33.73,33.61,33.45,33.23,33.00,32.77,32.57,32.41,32.25,32.13,32.07,32.03,31.99,31.95,31.92,31.88,31.84,31.81,31.74,31.67,31.60,31.44,31.15,30.86,30.58,30.44,30.37,30.31,30.32,30.13,29.92,29.71,29.52,29.52,29.52,29.48,29.46,29.50,29.54,29.57,29.56,29.52,29.48]
OTTOWN|Stavros|H|42|[33.87,33.74,33.61,33.47,33.32,33.09,32.87,32.64,32.44,32.28,32.16,32.05,31.99,31.95,31.91,31.87,31.83,31.80,31.77,31.73,31.66,31.60,31.53,31.37,31.08,30.81,30.54,30.40,30.33,30.35,30.36,30.17,29.95,29.73,29.54,29.54,29.50,29.44,29.42,29.46,29.49,29.53,29.51,29.48,29.48]
OTTOWN|Stavros|H|43|[33.75,33.62,33.48,33.34,33.19,32.97,32.74,32.51,32.31,32.19,32.08,31.97,31.91,31.87,31.83,31.79,31.75,31.72,31.69,31.66,31.59,31.52,31.46,31.30,31.03,30.76,30.49,30.36,30.37,30.38,30.39,30.20,29.98,29.75,29.57,29.53,29.46,29.40,29.38,29.41,29.45,29.48,29.47,29.47,29.47]
OTTOWN|Stavros|H|44|[33.63,33.49,33.35,33.22,33.05,32.82,32.60,32.37,32.24,32.13,32.01,31.90,31.84,31.80,31.76,31.73,31.70,31.67,31.64,31.60,31.53,31.46,31.40,31.23,30.96,30.69,30.44,30.41,30.42,30.43,30.39,30.17,29.95,29.73,29.58,29.52,29.45,29.39,29.34,29.37,29.41,29.44,29.45,29.45,29.45]
OTTOWN|Stavros|END
OTTOWN|Lakka|HEAD|i_House_Big_02_V1_F|Land_u_House_Big_02_V1_F|[12379.171,15704.565,22.664]|22.10|false|61|2|3
OTTOWN|Lakka|BOX|[-5.27,-12.09,5.27,12.09,-5.90,5.90]
OTTOWN|Lakka|DOOR|main|[12372.54,15700.60,22.82]|292.1|3.50
OTTOWN|Lakka|DOOR|side|[12381.26,15709.44,22.82]|22.1|1.25
OTTOWN|Lakka|BPOS|[[12380.36,15697.93,23.08],[12378.05,15701.41,23.09],[12376.72,15699.88,26.53],[12384.64,15709.15,26.53],[12383.93,15707.43,23.09],[12384.24,15705.62,26.53],[12381.11,15708.67,26.53],[12379.41,15706.79,26.53],[12380.79,15705.55,23.09]]
OTTOWN|Lakka|OBJ|building|Land_u_House_Big_01_V1_F|[12361.52,15666.92,24.51]|75.8|[-7.89,-8.48,7.89,8.48,-6.61,6.61]
OTTOWN|Lakka|OBJ|building|grave_v3_f.p3d|[12388.88,15667.00,23.48]|330.9|[-1.17,-1.93,1.17,1.93,-1.62,1.62]
OTTOWN|Lakka|OBJ|building|grave_v2_f.p3d|[12384.73,15664.53,23.49]|330.3|[-1.15,-1.89,1.15,1.89,-1.29,1.29]
OTTOWN|Lakka|OBJ|building|grave_v1_f.p3d|[12386.75,15665.67,23.47]|331.0|[-1.15,-1.89,1.15,1.89,-0.73,0.73]
OTTOWN|Lakka|OBJ|building|grave_soldier_f.p3d|[12374.25,15660.75,23.86]|240.9|[-0.84,-1.15,0.84,1.15,-0.35,0.35]
OTTOWN|Lakka|OBJ|building|grave_soldier_f.p3d|[12376.67,15662.04,23.83]|240.9|[-0.84,-1.15,0.84,1.15,-0.35,0.35]
OTTOWN|Lakka|OBJ|building|grave_soldier_f.p3d|[12378.90,15663.25,23.81]|240.9|[-0.84,-1.15,0.84,1.15,-0.35,0.35]
OTTOWN|Lakka|OBJ|building|grave_v3_f.p3d|[12391.04,15668.17,23.42]|330.9|[-1.17,-1.93,1.17,1.93,-1.62,1.62]
OTTOWN|Lakka|OBJ|building|Land_i_House_Small_02_V2_F|[12358.33,15715.03,22.74]|309.0|[-8.20,-4.64,8.20,4.64,-4.71,4.71]
OTTOWN|Lakka|OBJ|building|Land_i_Stone_Shed_V1_F|[12335.96,15716.23,23.10]|43.4|[-4.53,-4.96,4.53,4.96,-3.80,3.80]
OTTOWN|Lakka|OBJ|building|Land_u_Addon_02_V1_F|[12365.97,15732.67,22.22]|216.1|[-4.57,-4.94,4.57,4.94,-3.72,3.72]
OTTOWN|Lakka|OBJ|building|Land_i_Stone_HouseSmall_V2_F|[12393.37,15723.80,20.50]|90.7|[-10.21,-5.82,10.21,5.82,-4.28,4.28]
OTTOWN|Lakka|OBJ|wall|city_8m_f.p3d|[12378.87,15665.18,23.77]|151.1|[-3.53,-0.25,3.53,0.25,-2.08,2.08]
OTTOWN|Lakka|OBJ|wall|city_8m_f.p3d|[12372.84,15661.79,23.91]|151.1|[-3.53,-0.25,3.53,0.25,-2.08,2.08]
OTTOWN|Lakka|OBJ|wall|city_8m_f.p3d|[12384.88,15668.52,23.36]|151.1|[-3.53,-0.25,3.53,0.25,-2.08,2.08]
OTTOWN|Lakka|OBJ|wall|city_4m_f.p3d|[12389.38,15671.02,23.21]|331.9|[-1.79,-0.24,1.79,0.24,-2.08,2.08]
OTTOWN|Lakka|OBJ|wall|city_8m_f.p3d|[12400.85,15669.34,23.18]|193.6|[-3.53,-0.25,3.53,0.25,-2.08,2.08]
OTTOWN|Lakka|OBJ|wall|city_8m_f.p3d|[12394.18,15670.98,23.17]|193.6|[-3.53,-0.25,3.53,0.25,-2.08,2.08]
OTTOWN|Lakka|OBJ|wall|wired_fence_8m_f.p3d|[12417.82,15681.93,21.94]|15.9|[-4.10,-0.08,4.10,0.08,-0.89,0.89]
OTTOWN|Lakka|OBJ|wall|stone_8md_f.p3d|[12335.71,15695.14,23.72]|245.4|[-4.14,-0.76,4.14,0.76,-1.28,1.28]
OTTOWN|Lakka|OBJ|wall|stone_8md_f.p3d|[12354.25,15692.02,23.16]|175.9|[-4.14,-0.76,4.14,0.76,-1.28,1.28]
OTTOWN|Lakka|OBJ|wall|stone_8md_f.p3d|[12341.14,15691.73,23.84]|358.4|[-4.14,-0.76,4.14,0.76,-1.28,1.28]
OTTOWN|Lakka|OBJ|wall|stone_8m_f.p3d|[12355.48,15702.98,23.12]|45.1|[-4.26,-0.35,4.26,0.35,-1.30,1.30]
OTTOWN|Lakka|OBJ|wall|stone_8m_f.p3d|[12349.88,15708.61,23.22]|45.1|[-4.26,-0.35,4.26,0.35,-1.30,1.30]
OTTOWN|Lakka|OBJ|wall|stone_8m_f.p3d|[12344.25,15714.31,23.03]|45.4|[-4.26,-0.35,4.26,0.35,-1.30,1.30]
OTTOWN|Lakka|OBJ|wall|stone_8m_f.p3d|[12358.17,15696.20,22.93]|91.5|[-4.26,-0.35,4.26,0.35,-1.30,1.30]
OTTOWN|Lakka|OBJ|wall|stone_pillar_f.p3d|[12350.11,15718.00,22.87]|36.0|[-0.45,-0.44,0.45,0.44,-1.79,1.79]
OTTOWN|Lakka|OBJ|wall|stone_pillar_f.p3d|[12358.26,15700.06,23.08]|67.1|[-0.45,-0.44,0.45,0.44,-1.79,1.79]
OTTOWN|Lakka|OBJ|wall|stone_pillar_f.p3d|[12358.04,15692.25,23.13]|88.4|[-0.45,-0.44,0.45,0.44,-1.79,1.79]
OTTOWN|Lakka|OBJ|wall|stone_pillar_f.p3d|[12337.17,15691.60,24.14]|88.0|[-0.45,-0.44,0.45,0.44,-1.79,1.79]
OTTOWN|Lakka|OBJ|wall|stone_8md_f.p3d|[12364.85,15704.13,22.79]|225.0|[-4.14,-0.76,4.14,0.76,-1.28,1.28]
OTTOWN|Lakka|OBJ|wall|stone_8m_f.p3d|[12361.70,15707.11,22.77]|223.3|[-4.26,-0.35,4.26,0.35,-1.30,1.30]
OTTOWN|Lakka|OBJ|wall|stone_pillar_f.p3d|[12367.65,15701.28,23.00]|43.8|[-0.45,-0.44,0.45,0.44,-1.79,1.79]
OTTOWN|Lakka|OBJ|wall|wired_fence_8m_f.p3d|[12399.41,15702.08,22.13]|20.5|[-4.10,-0.08,4.10,0.08,-0.89,0.89]
OTTOWN|Lakka|OBJ|wall|wired_fence_8m_f.p3d|[12392.97,15704.40,22.23]|20.5|[-4.10,-0.08,4.10,0.08,-0.89,0.89]
OTTOWN|Lakka|OBJ|wall|wired_fence_8m_f.p3d|[12413.66,15691.96,21.83]|105.3|[-4.10,-0.08,4.10,0.08,-0.89,0.89]
OTTOWN|Lakka|OBJ|wall|wired_fence_8m_f.p3d|[12410.81,15697.45,21.88]|20.5|[-4.10,-0.08,4.10,0.08,-0.89,0.89]
OTTOWN|Lakka|OBJ|wall|stone_8m_f.p3d|[12352.41,15721.19,22.49]|306.0|[-4.26,-0.35,4.26,0.35,-1.30,1.30]
OTTOWN|Lakka|OBJ|wall|stone_8m_f.p3d|[12341.26,15726.45,22.33]|223.3|[-4.26,-0.35,4.26,0.35,-1.30,1.30]
OTTOWN|Lakka|OBJ|wall|stone_8m_f.p3d|[12347.05,15720.92,22.60]|223.8|[-4.26,-0.35,4.26,0.35,-1.30,1.30]
OTTOWN|Lakka|OBJ|wall|stone_8m_f.p3d|[12357.12,15727.67,22.21]|305.8|[-4.26,-0.35,4.26,0.35,-1.30,1.30]
OTTOWN|Lakka|OBJ|wall|stone_8md_f.p3d|[12366.18,15740.31,21.62]|305.1|[-4.14,-0.76,4.14,0.76,-1.28,1.28]
OTTOWN|Lakka|OBJ|wall|stone_8md_f.p3d|[12389.44,15738.68,20.97]|209.0|[-4.14,-0.76,4.14,0.76,-1.28,1.28]
OTTOWN|Lakka|OBJ|wall|stone_8m_f.p3d|[12361.75,15734.11,21.95]|305.8|[-4.26,-0.35,4.26,0.35,-1.30,1.30]
OTTOWN|Lakka|OBJ|wall|stone_8m_f.p3d|[12375.42,15746.44,21.32]|29.1|[-4.26,-0.35,4.26,0.35,-1.30,1.30]
OTTOWN|Lakka|OBJ|wall|stone_8m_f.p3d|[12371.05,15746.96,21.39]|305.8|[-4.26,-0.35,4.26,0.35,-1.30,1.30]
OTTOWN|Lakka|OBJ|wall|stone_8m_f.p3d|[12382.37,15742.59,21.24]|29.1|[-4.26,-0.35,4.26,0.35,-1.30,1.30]
OTTOWN|Lakka|OBJ|wall|stone_pillar_f.p3d|[12372.13,15748.39,21.57]|36.0|[-0.45,-0.44,0.45,0.44,-1.79,1.79]
OTTOWN|Lakka|OBJ|wall|stone_8m_f.p3d|[12396.74,15736.95,20.92]|358.3|[-4.26,-0.35,4.26,0.35,-1.30,1.30]
OTTOWN|Lakka|OBJ|wall|stone_8m_f.p3d|[12404.67,15737.20,20.62]|358.3|[-4.26,-0.35,4.26,0.35,-1.30,1.30]
OTTOWN|Lakka|OBJ|wall|wired_fence_8m_f.p3d|[12412.22,15734.44,20.66]|46.5|[-4.10,-0.08,4.10,0.08,-0.89,0.89]
OTTOWN|Lakka|OBJ|wall|stone_pillar_f.p3d|[12392.77,15736.94,21.28]|5.9|[-0.45,-0.44,0.45,0.44,-1.79,1.79]
OTTOWN|Lakka|OBJ|wall|stone_pillar_f.p3d|[12408.78,15737.24,20.65]|5.9|[-0.45,-0.44,0.45,0.44,-1.79,1.79]
OTTOWN|Lakka|OBJ|tree|t_ficusb2s_f.p3d|[12379.45,15671.62,23.30]|349.0|[-8.66,-8.23,8.66,8.23,-5.99,5.99]
OTTOWN|Lakka|OBJ|tree|t_ficusb2s_f.p3d|[12375.54,15670.18,23.89]|85.2|[-8.66,-8.23,8.66,8.23,-5.99,5.99]
OTTOWN|Lakka|OBJ|tree|t_ficusb2s_f.p3d|[12386.89,15673.14,23.07]|79.4|[-8.66,-8.23,8.66,8.23,-5.99,5.99]
OTTOWN|Lakka|OBJ|tree|t_ficusb2s_f.p3d|[12400.58,15689.21,22.33]|206.9|[-8.66,-8.23,8.66,8.23,-5.99,5.99]
OTTOWN|Lakka|OBJ|tree|t_fraxinusav2s_f.p3d|[12337.23,15699.07,23.49]|235.4|[-13.54,-13.39,13.54,13.39,-13.22,13.22]
OTTOWN|Lakka|OBJ|tree|t_fraxinusav2s_f.p3d|[12344.37,15701.73,23.52]|179.0|[-13.54,-13.39,13.54,13.39,-13.22,13.22]
OTTOWN|Lakka|OBJ|tree|t_ficusb2s_f.p3d|[12354.02,15701.31,23.05]|57.0|[-8.66,-8.23,8.66,8.23,-5.99,5.99]
OTTOWN|Lakka|OBJ|tree|t_ficusb2s_f.p3d|[12393.11,15691.89,22.52]|49.1|[-8.66,-8.23,8.66,8.23,-5.99,5.99]
OTTOWN|Lakka|OBJ|tree|t_ficusb1s_f.p3d|[12405.66,15695.23,22.09]|0.9|[-5.06,-5.62,5.06,5.62,-4.61,4.61]
OTTOWN|Lakka|OBJ|tree|t_ficusb2s_f.p3d|[12348.15,15725.60,22.60]|349.9|[-8.66,-8.23,8.66,8.23,-5.99,5.99]
OTTOWN|Lakka|OBJ|tree|t_ficusb2s_f.p3d|[12369.74,15720.97,22.16]|273.0|[-8.66,-8.23,8.66,8.23,-5.99,5.99]
OTTOWN|Lakka|ROAD|TRACK|10.0|[12344.44,15673.76,24.21]|[12351.89,15652.04,24.83]
OTTOWN|Lakka|ROAD|TRACK|10.0|[12365.32,15686.02,23.47]|[12341.38,15683.33,24.20]
OTTOWN|Lakka|ROAD|TRACK|10.0|[12341.38,15683.33,24.20]|[12326.04,15680.57,24.13]
OTTOWN|Lakka|ROAD|TRACK|10.0|[12341.09,15683.39,24.16]|[12344.44,15673.76,24.21]
OTTOWN|Lakka|ROAD|TRACK|10.0|[12386.63,15683.13,23.03]|[12365.32,15686.02,23.47]
OTTOWN|Lakka|ROAD|TRACK|10.0|[12419.26,15672.25,21.97]|[12386.63,15683.13,23.03]
OTTOWN|Lakka|ROAD|TRACK|10.0|[12324.69,15710.48,23.64]|[12325.92,15689.79,24.22]
OTTOWN|Lakka|ROAD|TRACK|10.0|[12325.60,15724.99,23.03]|[12324.69,15710.48,23.64]
OTTOWN|Lakka|ROAD|TRACK|10.0|[12417.56,15739.54,20.70]|[12411.27,15749.56,20.70]
OTTOWN|Lakka|ROAD|TRACK|10.0|[12430.35,15727.60,20.73]|[12417.56,15739.54,20.70]
OTTOWN|Lakka|H|0|[24.37,24.36,24.38,24.42,24.45,24.48,24.44,24.40,24.36,24.33,24.32,24.30,24.28,24.32,24.39,24.46,24.52,24.35,24.16,23.97,23.84,23.81,23.78,23.74,23.67,23.61,23.55,23.50,23.47,23.43,23.39,23.36,23.35,23.34,23.34,23.31,23.13,22.96,22.79,22.67,22.69,22.72,22.74,22.70,22.68]
OTTOWN|Lakka|H|1|[24.37,24.33,24.35,24.39,24.42,24.44,24.40,24.37,24.32,24.28,24.27,24.25,24.25,24.30,24.37,24.42,24.37,24.21,24.02,23.89,23.87,23.84,23.80,23.71,23.60,23.55,23.49,23.48,23.46,23.43,23.39,23.36,23.35,23.35,23.33,23.27,23.10,22.92,22.73,22.60,22.62,22.65,22.56,22.51,22.48]
OTTOWN|Lakka|H|2|[24.34,24.30,24.32,24.35,24.38,24.41,24.37,24.32,24.27,24.24,24.22,24.22,24.23,24.27,24.33,24.28,24.23,24.06,23.94,23.92,23.90,23.86,23.77,23.64,23.54,23.48,23.48,23.48,23.46,23.43,23.40,23.37,23.36,23.34,23.29,23.24,23.06,22.87,22.66,22.53,22.55,22.47,22.37,22.31,22.28]
OTTOWN|Lakka|H|3|[24.31,24.27,24.29,24.32,24.35,24.37,24.33,24.28,24.23,24.19,24.19,24.19,24.20,24.23,24.18,24.13,24.09,23.98,23.96,23.94,23.92,23.83,23.70,23.58,23.47,23.47,23.47,23.48,23.46,23.43,23.40,23.37,23.35,23.30,23.26,23.20,23.01,22.80,22.59,22.46,22.38,22.27,22.17,22.11,22.01]
OTTOWN|Lakka|H|4|[24.29,24.26,24.28,24.31,24.34,24.33,24.28,24.23,24.18,24.15,24.16,24.16,24.16,24.12,24.07,24.02,23.95,23.91,23.89,23.87,23.79,23.67,23.54,23.41,23.36,23.36,23.37,23.38,23.39,23.36,23.33,23.31,23.27,23.22,23.18,23.06,22.85,22.64,22.44,22.38,22.27,22.17,22.07,21.95,21.85]
OTTOWN|Lakka|H|5|[24.28,24.26,24.29,24.32,24.31,24.29,24.24,24.18,24.14,24.11,24.12,24.12,24.08,24.04,23.99,23.91,23.79,23.75,23.73,23.66,23.54,23.41,23.28,23.20,23.16,23.16,23.17,23.23,23.24,23.21,23.19,23.19,23.15,23.10,22.99,22.83,22.62,22.41,22.39,22.36,22.26,22.15,22.01,21.89,21.79]
OTTOWN|Lakka|H|6|[24.29,24.27,24.29,24.29,24.27,24.24,24.19,24.14,24.10,24.07,24.07,24.03,24.00,23.95,23.88,23.75,23.63,23.60,23.52,23.40,23.29,23.16,23.08,23.00,22.96,22.97,23.03,23.09,23.10,23.08,23.07,23.07,23.03,22.92,22.76,22.60,22.39,22.37,22.37,22.34,22.23,22.09,21.95,21.83,21.72]
OTTOWN|Lakka|H|7|[24.30,24.28,24.27,24.25,24.22,24.20,24.15,24.10,24.06,24.03,23.99,23.95,23.91,23.84,23.72,23.60,23.47,23.38,23.26,23.15,23.03,22.95,22.88,22.80,22.76,22.82,22.88,22.95,22.96,22.96,22.95,22.95,22.84,22.69,22.53,22.37,22.35,22.35,22.35,22.32,22.17,22.03,21.89,21.76,21.62]
OTTOWN|Lakka|H|8|[24.22,24.25,24.24,24.22,24.19,24.18,24.13,24.09,24.04,23.97,23.93,23.89,23.81,23.68,23.56,23.43,23.48,23.41,23.29,23.18,23.06,22.98,22.91,22.84,22.87,22.93,23.00,23.00,22.96,22.96,22.95,22.91,22.77,22.62,22.46,22.35,22.36,22.36,22.35,22.24,22.10,21.96,21.87,21.80,21.66]
OTTOWN|Lakka|H|9|[24.17,24.22,24.21,24.19,24.18,24.17,24.13,24.08,23.99,23.92,23.88,23.80,23.65,23.51,23.39,23.43,23.58,23.51,23.39,23.27,23.15,23.08,23.02,23.03,23.05,23.12,23.12,23.03,22.99,22.99,22.95,22.89,22.75,22.60,22.48,22.37,22.37,22.36,22.27,22.16,22.01,21.93,21.94,21.87,21.73]
OTTOWN|Lakka|H|10|[24.14,24.20,24.19,24.18,24.17,24.16,24.11,24.03,23.94,23.87,23.79,23.63,23.48,23.35,23.39,23.54,23.69,23.61,23.49,23.37,23.25,23.19,23.20,23.21,23.24,23.24,23.15,23.07,23.03,22.99,22.93,22.87,22.73,22.61,22.49,22.38,22.38,22.28,22.18,22.07,21.99,22.00,22.01,21.94,21.77]
OTTOWN|Lakka|H|11|[24.11,24.17,24.18,24.17,24.17,24.15,24.06,23.98,23.89,23.78,23.62,23.47,23.32,23.35,23.49,23.64,23.79,23.70,23.58,23.46,23.35,23.36,23.37,23.38,23.35,23.27,23.18,23.09,23.02,22.96,22.90,22.85,22.74,22.62,22.50,22.39,22.30,22.20,22.10,22.04,22.05,22.07,22.08,21.98,21.80]
OTTOWN|Lakka|H|12|[24.11,24.20,24.21,24.20,24.19,24.12,24.03,23.94,23.83,23.68,23.53,23.38,23.28,23.34,23.48,23.63,23.66,23.56,23.43,23.32,23.32,23.33,23.34,23.30,23.19,23.10,23.01,22.94,22.88,22.82,22.77,22.70,22.59,22.48,22.37,22.38,22.28,22.19,22.06,21.95,21.96,21.97,21.98,21.87,21.69]
OTTOWN|Lakka|H|13|[24.14,24.23,24.24,24.22,24.16,24.09,24.00,23.89,23.74,23.59,23.44,23.34,23.27,23.33,23.48,23.50,23.51,23.41,23.30,23.29,23.28,23.29,23.25,23.13,23.02,22.94,22.86,22.80,22.74,22.69,22.62,22.56,22.45,22.35,22.36,22.36,22.27,22.14,21.97,21.85,21.87,21.87,21.87,21.76,21.58]
OTTOWN|Lakka|H|14|[24.17,24.25,24.26,24.19,24.12,24.06,23.94,23.80,23.65,23.50,23.40,23.33,23.26,23.32,23.35,23.36,23.36,23.28,23.27,23.25,23.25,23.21,23.09,22.97,22.86,22.79,22.73,22.66,22.61,22.54,22.48,22.41,22.32,22.33,22.35,22.35,22.23,22.05,21.87,21.76,21.76,21.76,21.76,21.65,21.61]
OTTOWN|Lakka|H|15|[24.20,24.26,24.17,24.11,24.04,23.99,23.84,23.69,23.54,23.41,23.35,23.28,23.21,23.21,23.22,23.23,23.24,23.24,23.23,23.22,23.18,23.06,22.94,22.82,22.75,22.69,22.63,22.57,22.50,22.44,22.38,22.31,22.32,22.33,22.34,22.30,22.13,21.95,21.77,21.71,21.71,21.70,21.70,21.68,21.67]
OTTOWN|Lakka|H|16|[24.20,24.04,23.96,23.89,23.86,23.86,23.71,23.56,23.39,23.26,23.19,23.12,23.12,23.13,23.14,23.15,23.20,23.20,23.19,23.15,23.05,22.93,22.81,22.77,22.75,22.69,22.63,22.57,22.51,22.45,22.38,22.33,22.34,22.35,22.31,22.19,22.01,21.84,21.77,21.77,21.77,21.77,21.75,21.73,21.71]
OTTOWN|Lakka|H|17|[23.99,23.83,23.75,23.71,23.72,23.72,23.57,23.41,23.24,23.10,23.03,23.03,23.04,23.05,23.06,23.11,23.15,23.15,23.11,23.02,22.93,22.81,22.77,22.77,22.76,22.69,22.64,22.58,22.51,22.45,22.40,22.35,22.35,22.32,22.20,22.07,21.90,21.83,21.84,21.84,21.84,21.82,21.79,21.77,21.73]
OTTOWN|Lakka|H|18|[23.78,23.62,23.56,23.58,23.59,23.59,23.43,23.25,23.08,22.94,22.94,22.95,22.96,22.97,23.02,23.06,23.11,23.08,22.99,22.90,22.81,22.76,22.77,22.78,22.76,22.70,22.64,22.58,22.52,22.47,22.42,22.37,22.32,22.20,22.08,21.96,21.89,21.90,21.91,21.91,21.88,21.86,21.83,21.79,21.59]
OTTOWN|Lakka|H|19|[23.59,23.49,23.50,23.51,23.52,23.52,23.35,23.17,23.00,22.99,23.00,23.01,22.99,22.96,23.00,23.05,23.08,23.00,22.91,22.82,22.76,22.76,22.77,22.77,22.74,22.68,22.62,22.56,22.47,22.42,22.37,22.36,22.27,22.15,22.03,21.92,21.93,21.93,21.94,21.89,21.87,21.84,21.80,21.63,21.43]
OTTOWN|Lakka|H|20|[23.49,23.48,23.49,23.51,23.52,23.51,23.34,23.17,23.16,23.17,23.18,23.17,23.01,22.97,23.02,23.05,23.03,22.95,22.86,22.80,22.75,22.76,22.76,22.74,22.70,22.64,22.57,22.45,22.37,22.32,22.30,22.35,22.26,22.14,22.02,21.92,21.93,21.93,21.88,21.82,21.80,21.76,21.63,21.45,21.26]
OTTOWN|Lakka|H|21|[23.48,23.48,23.49,23.50,23.51,23.50,23.33,23.33,23.34,23.36,23.35,23.19,23.03,22.99,23.01,23.00,22.98,22.90,22.84,22.79,22.75,22.75,22.73,22.70,22.66,22.59,22.47,22.34,22.26,22.25,22.29,22.34,22.25,22.13,22.02,21.92,21.93,21.87,21.81,21.76,21.72,21.58,21.45,21.28,21.15]
OTTOWN|Lakka|H|22|[23.48,23.47,23.48,23.49,23.50,23.50,23.49,23.51,23.53,23.52,23.36,23.20,23.04,22.98,22.97,22.95,22.93,22.88,22.83,22.79,22.74,22.72,22.69,22.66,22.61,22.49,22.36,22.24,22.19,22.24,22.29,22.33,22.25,22.13,22.02,21.92,21.87,21.80,21.74,21.67,21.54,21.41,21.27,21.17,21.17]
OTTOWN|Lakka|H|23|[23.51,23.40,23.38,23.39,23.40,23.45,23.47,23.49,23.51,23.46,23.30,23.14,23.00,22.94,22.92,22.91,22.86,22.81,22.76,22.71,22.67,22.65,22.62,22.57,22.43,22.30,22.18,22.09,22.11,22.16,22.21,22.21,22.11,21.99,21.88,21.91,21.85,21.78,21.72,21.61,21.47,21.34,21.20,21.13,21.12]
OTTOWN|Lakka|H|24|[23.44,23.27,23.25,23.26,23.32,23.38,23.40,23.41,23.43,23.38,23.22,23.07,22.95,22.89,22.88,22.83,22.77,22.72,22.67,22.63,22.59,22.57,22.52,22.37,22.23,22.10,22.02,22.00,22.02,22.06,22.06,22.03,21.93,21.82,21.86,21.91,21.85,21.78,21.68,21.57,21.44,21.29,21.13,21.06,21.06]
OTTOWN|Lakka|H|25|[23.31,23.14,23.12,23.17,23.24,23.30,23.32,23.33,23.34,23.30,23.15,23.03,22.91,22.85,22.81,22.74,22.68,22.63,22.59,22.55,22.51,22.47,22.32,22.17,22.02,21.94,21.92,21.90,21.92,21.92,21.88,21.85,21.75,21.79,21.85,21.91,21.84,21.74,21.64,21.53,21.39,21.22,21.06,20.99,21.00]
OTTOWN|Lakka|H|26|[23.18,23.00,23.04,23.10,23.17,23.23,23.24,23.25,23.26,23.22,23.10,22.98,22.86,22.78,22.71,22.65,22.59,22.55,22.51,22.47,22.42,22.27,22.12,21.97,21.86,21.84,21.82,21.81,21.78,21.74,21.71,21.67,21.72,21.79,21.85,21.90,21.80,21.70,21.60,21.48,21.32,21.16,20.99,20.94,20.94]
OTTOWN|Lakka|H|27|[23.05,23.03,23.09,23.15,23.20,23.13,23.14,23.15,23.13,23.05,22.93,22.81,22.71,22.64,22.58,22.51,22.56,22.54,22.51,22.46,22.31,22.16,22.01,21.88,21.82,21.80,21.78,21.78,21.75,21.72,21.69,21.61,21.65,21.72,21.78,21.82,21.72,21.62,21.52,21.40,21.24,21.08,21.05,21.07,21.07]
OTTOWN|Lakka|H|28|[23.07,23.08,23.13,23.18,23.10,23.03,23.04,23.03,22.96,22.88,22.76,22.66,22.57,22.50,22.44,22.49,22.56,22.54,22.49,22.35,22.20,22.05,21.93,21.84,21.78,21.76,21.75,21.75,21.73,21.70,21.62,21.54,21.58,21.65,21.70,21.74,21.64,21.54,21.44,21.32,21.16,21.13,21.18,21.20,21.20]
OTTOWN|Lakka|H|29|[23.12,23.13,23.16,23.08,23.00,22.93,22.92,22.85,22.79,22.71,22.61,22.52,22.44,22.36,22.41,22.48,22.55,22.52,22.38,22.24,22.10,21.97,21.88,21.80,21.73,21.73,21.73,21.73,21.71,21.63,21.55,21.47,21.51,21.57,21.62,21.66,21.56,21.46,21.36,21.24,21.21,21.26,21.31,21.33,21.24]
OTTOWN|Lakka|H|30|[23.13,23.12,23.02,22.94,22.86,22.83,22.77,22.71,22.65,22.59,22.50,22.42,22.33,22.35,22.42,22.49,22.54,22.42,22.28,22.14,22.00,21.91,21.83,21.74,21.70,21.70,21.70,21.70,21.64,21.56,21.48,21.40,21.44,21.49,21.54,21.56,21.46,21.36,21.26,21.22,21.27,21.32,21.37,21.32,21.22]
OTTOWN|Lakka|H|31|[23.03,22.86,22.76,22.68,22.67,22.76,22.69,22.63,22.60,22.57,22.48,22.39,22.35,22.37,22.44,22.50,22.47,22.35,22.21,22.06,21.90,21.82,21.73,21.69,21.68,21.68,21.68,21.63,21.56,21.48,21.41,21.34,21.38,21.43,21.45,21.41,21.31,21.21,21.14,21.11,21.16,21.21,21.24,21.19,21.08]
OTTOWN|Lakka|H|32|[22.77,22.60,22.50,22.49,22.59,22.68,22.62,22.59,22.58,22.54,22.45,22.41,22.38,22.40,22.46,22.43,22.40,22.28,22.13,21.97,21.81,21.72,21.68,21.67,21.66,21.66,21.61,21.56,21.49,21.41,21.34,21.28,21.31,21.33,21.30,21.25,21.16,21.08,21.02,21.00,21.05,21.08,21.10,21.05,20.96]
OTTOWN|Lakka|H|33|[22.51,22.34,22.31,22.41,22.51,22.60,22.57,22.56,22.55,22.51,22.47,22.44,22.40,22.42,22.39,22.36,22.33,22.20,22.03,21.87,21.72,21.68,21.66,21.65,21.64,21.59,21.54,21.48,21.41,21.35,21.28,21.22,21.22,21.18,21.15,21.10,21.03,20.97,20.91,20.89,20.92,20.94,20.96,20.92,20.90]
OTTOWN|Lakka|H|34|[22.40,22.27,22.34,22.45,22.55,22.55,22.54,22.53,22.52,22.48,22.45,22.41,22.38,22.35,22.33,22.30,22.25,22.11,21.94,21.78,21.65,21.64,21.62,21.61,21.60,21.54,21.48,21.43,21.38,21.31,21.25,21.18,21.13,21.09,21.06,20.99,20.93,20.87,20.81,20.78,20.81,20.83,20.86,20.89,20.87]
OTTOWN|Lakka|H|35|[22.46,22.40,22.48,22.58,22.57,22.51,22.50,22.49,22.45,22.41,22.37,22.34,22.32,22.30,22.27,22.23,22.16,22.01,21.85,21.71,21.60,21.58,21.57,21.58,21.57,21.51,21.46,21.42,21.37,21.31,21.23,21.14,21.10,21.06,20.99,20.90,20.85,20.79,20.73,20.70,20.72,20.75,20.84,20.87,20.85]
OTTOWN|Lakka|H|36|[22.59,22.53,22.61,22.60,22.53,22.47,22.46,22.42,22.38,22.34,22.30,22.29,22.27,22.25,22.20,22.14,22.07,21.92,21.78,21.66,21.54,21.53,21.54,21.55,21.54,21.48,21.45,21.41,21.36,21.29,21.20,21.11,21.06,20.99,20.90,20.82,20.76,20.70,20.64,20.61,20.64,20.73,20.83,20.85,20.81]
OTTOWN|Lakka|H|37|[22.72,22.66,22.63,22.56,22.49,22.43,22.39,22.35,22.30,22.27,22.25,22.23,22.22,22.18,22.11,22.05,21.98,21.86,21.73,21.61,21.49,21.50,21.51,21.52,21.51,21.48,21.44,21.41,21.34,21.25,21.16,21.07,20.99,20.91,20.82,20.73,20.67,20.62,20.56,20.53,20.63,20.72,20.81,20.81,20.73]
OTTOWN|Lakka|H|38|[22.67,22.64,22.58,22.51,22.44,22.42,22.38,22.33,22.29,22.24,22.22,22.20,22.16,22.08,22.02,21.95,21.90,21.78,21.66,21.53,21.47,21.48,21.49,21.50,21.49,21.45,21.42,21.40,21.35,21.25,21.16,21.08,21.00,20.91,20.82,20.75,20.69,20.63,20.57,20.57,20.66,20.75,20.81,20.77,20.69]
OTTOWN|Lakka|H|39|[22.61,22.59,22.53,22.46,22.44,22.42,22.38,22.33,22.26,22.21,22.20,22.15,22.06,21.98,21.92,21.86,21.82,21.70,21.58,21.51,21.46,21.47,21.48,21.47,21.46,21.43,21.41,21.41,21.36,21.27,21.19,21.11,21.03,20.94,20.86,20.79,20.73,20.67,20.63,20.63,20.72,20.78,20.78,20.74,20.66]
OTTOWN|Lakka|H|40|[22.55,22.54,22.48,22.46,22.44,22.42,22.38,22.31,22.24,22.19,22.14,22.05,21.96,21.89,21.83,21.78,21.74,21.62,21.56,21.50,21.44,21.45,21.45,21.45,21.43,21.41,21.42,21.42,21.37,21.29,21.22,21.14,21.06,20.98,20.90,20.83,20.77,20.72,20.68,20.68,20.74,20.75,20.76,20.71,20.69]
OTTOWN|Lakka|H|41|[22.50,22.49,22.47,22.46,22.44,22.42,22.35,22.28,22.21,22.14,22.05,21.96,21.87,21.80,21.76,21.71,21.66,21.60,21.54,21.49,21.43,21.43,21.42,21.42,21.42,21.42,21.43,21.43,21.39,21.32,21.24,21.17,21.10,21.02,20.94,20.87,20.82,20.78,20.73,20.70,20.71,20.72,20.73,20.73,20.75]
OTTOWN|Lakka|H|42|[22.46,22.34,22.31,22.29,22.28,22.32,22.25,22.18,22.12,22.06,21.97,21.88,21.87,21.86,21.81,21.76,21.70,21.65,21.59,21.52,21.43,21.42,21.42,21.42,21.42,21.42,21.43,21.42,21.38,21.30,21.23,21.16,21.08,21.01,20.93,20.86,20.82,20.77,20.73,20.69,20.70,20.71,20.70,20.69,20.70]
OTTOWN|Lakka|H|43|[22.32,22.18,22.14,22.13,22.18,22.22,22.15,22.09,22.05,21.99,21.90,21.89,21.93,21.92,21.87,21.81,21.75,21.69,21.62,21.52,21.42,21.42,21.42,21.42,21.42,21.42,21.42,21.41,21.37,21.29,21.22,21.15,21.07,21.00,20.93,20.86,20.82,20.77,20.72,20.69,20.69,20.68,20.65,20.65,20.66]
OTTOWN|Lakka|H|44|[22.15,22.01,21.98,22.03,22.08,22.12,22.06,22.01,21.97,21.91,21.90,21.94,21.98,21.97,21.91,21.85,21.79,21.72,21.62,21.52,21.42,21.42,21.42,21.42,21.42,21.42,21.41,21.40,21.36,21.28,21.21,21.14,21.06,20.99,20.93,20.86,20.81,20.76,20.71,20.68,20.66,20.64,20.61,20.61,20.56]
OTTOWN|Lakka|END
OTTOWN|Alikampos|HEAD|i_House_Big_02_V1_F|Land_i_House_Big_02_V2_F|[11117.867,14578.930,43.694]|359.24|false|58|2|3
OTTOWN|Alikampos|BOX|[-5.33,-12.09,5.33,12.09,-6.09,6.09]
OTTOWN|Alikampos|DOOR|main|[11113.30,14572.70,44.08]|629.2|3.50
OTTOWN|Alikampos|DOOR|side|[11117.90,14584.23,44.08]|359.2|1.25
OTTOWN|Alikampos|BPOS|[[11121.48,14573.28,44.11],[11118.00,14575.59,44.12],[11117.37,14573.66,47.56],[11121.07,14585.27,47.56],[11121.08,14583.42,44.12],[11122.07,14581.87,47.56],[11118.01,14583.46,47.56],[11117.17,14581.07,47.56],[11118.92,14580.46,44.12]]
OTTOWN|Alikampos|OBJ|building|Land_d_House_Big_02_V1_F|[11123.32,14539.77,40.48]|0.1|[-7.09,-12.09,7.09,12.09,-6.28,6.28]
OTTOWN|Alikampos|OBJ|building|Land_i_Addon_03_V1_F|[11106.27,14540.22,40.24]|90.3|[-5.02,-4.11,5.02,4.11,-3.05,3.05]
OTTOWN|Alikampos|OBJ|building|Land_i_Addon_03mid_V1_F|[11113.53,14540.18,40.23]|90.2|[-5.12,-3.37,5.12,3.37,-3.01,3.01]
OTTOWN|Alikampos|OBJ|building|Land_u_Addon_02_V1_F|[11092.92,14579.29,43.83]|89.9|[-4.57,-4.94,4.57,4.94,-3.72,3.72]
OTTOWN|Alikampos|OBJ|building|ironpipes_f.p3d|[11075.17,14566.75,42.12]|147.7|[-3.17,-1.24,3.17,1.24,-0.70,0.70]
OTTOWN|Alikampos|OBJ|building|treebin_f.p3d|[11092.88,14550.11,41.48]|0.0|[-1.24,-1.26,1.24,1.26,-0.43,0.43]
OTTOWN|Alikampos|OBJ|building|Land_i_House_Big_01_V3_F|[11105.47,14579.05,43.74]|268.7|[-7.89,-8.48,7.89,8.48,-6.61,6.61]
OTTOWN|Alikampos|OBJ|building|water_source_f.p3d|[11103.52,14553.65,41.57]|359.9|[-1.31,-0.87,1.31,0.87,-1.53,1.53]
OTTOWN|Alikampos|OBJ|building|water_source_f.p3d|[11103.52,14555.25,41.58]|179.9|[-1.31,-0.87,1.31,0.87,-1.53,1.53]
OTTOWN|Alikampos|OBJ|building|Land_i_House_Big_02_V2_F|[11144.58,14576.03,42.77]|0.0|[-5.33,-12.09,5.33,12.09,-6.09,6.09]
OTTOWN|Alikampos|OBJ|building|Land_u_House_Big_02_V1_F|[11154.45,14576.09,42.26]|0.0|[-5.27,-12.09,5.27,12.09,-5.90,5.90]
OTTOWN|Alikampos|OBJ|building|Land_Slum_House03_F|[11094.30,14597.71,46.02]|183.6|[-4.75,-3.61,4.75,3.61,-2.37,2.37]
OTTOWN|Alikampos|OBJ|building|Land_i_Shop_02_V3_F|[11116.26,14607.44,46.17]|2.8|[-8.58,-5.44,8.58,5.44,-6.24,6.24]
OTTOWN|Alikampos|OBJ|building|Land_i_Stone_Shed_V3_F|[11092.47,14612.02,46.60]|192.9|[-4.53,-4.96,4.53,4.96,-3.80,3.80]
OTTOWN|Alikampos|OBJ|building|Land_d_House_Big_01_V1_F|[11142.83,14615.28,45.70]|94.4|[-10.81,-12.75,10.81,12.75,-6.95,6.95]
OTTOWN|Alikampos|OBJ|wall|concrete_smallwall_8m_f.p3d|[11144.00,14549.64,40.47]|359.8|[-4.00,-0.26,4.00,0.26,-1.15,1.15]
OTTOWN|Alikampos|OBJ|wall|stone_8m_f.p3d|[11079.61,14573.21,42.69]|177.3|[-4.26,-0.35,4.26,0.35,-1.30,1.30]
OTTOWN|Alikampos|OBJ|wall|stone_8m_f.p3d|[11092.90,14574.14,42.21]|177.3|[-4.26,-0.35,4.26,0.35,-1.30,1.30]
OTTOWN|Alikampos|OBJ|wall|stone_pillar_f.p3d|[11088.76,14573.88,42.61]|358.1|[-0.45,-0.44,0.45,0.44,-1.79,1.79]
OTTOWN|Alikampos|OBJ|wall|stone_pillar_f.p3d|[11083.86,14573.39,42.53]|358.1|[-0.45,-0.44,0.45,0.44,-1.79,1.79]
OTTOWN|Alikampos|OBJ|wall|stone_pillar_f.p3d|[11097.34,14574.26,42.72]|358.1|[-0.45,-0.44,0.45,0.44,-1.79,1.79]
OTTOWN|Alikampos|OBJ|wall|stone_pillar_f.p3d|[11075.90,14573.00,42.82]|359.0|[-0.45,-0.44,0.45,0.44,-1.79,1.79]
OTTOWN|Alikampos|OBJ|wall|concrete_smallwall_8m_f.p3d|[11120.13,14554.81,40.98]|0.0|[-4.00,-0.26,4.00,0.26,-1.15,1.15]
OTTOWN|Alikampos|OBJ|wall|concrete_smallwall_8m_f.p3d|[11120.26,14551.27,40.79]|0.0|[-4.00,-0.26,4.00,0.26,-1.15,1.15]
OTTOWN|Alikampos|OBJ|wall|concrete_smallwall_4m_f.p3d|[11124.32,14553.09,40.88]|267.4|[-2.01,-0.26,2.01,0.26,-1.16,1.16]
OTTOWN|Alikampos|OBJ|wall|concrete_smallwall_4m_f.p3d|[11116.05,14553.09,40.88]|268.7|[-2.01,-0.26,2.01,0.26,-1.16,1.16]
OTTOWN|Alikampos|OBJ|wall|concrete_smallwall_8m_f.p3d|[11144.00,14553.15,40.55]|0.1|[-4.00,-0.26,4.00,0.26,-1.15,1.15]
OTTOWN|Alikampos|OBJ|wall|concrete_smallwall_4m_f.p3d|[11139.92,14551.39,40.57]|266.9|[-2.01,-0.26,2.01,0.26,-1.16,1.16]
OTTOWN|Alikampos|OBJ|wall|concrete_smallwall_4m_f.p3d|[11148.01,14551.46,40.47]|266.5|[-2.01,-0.26,2.01,0.26,-1.16,1.16]
OTTOWN|Alikampos|OBJ|wall|city_8md_f.p3d|[11094.75,14606.13,46.12]|14.2|[-3.50,-0.98,3.50,0.98,-1.80,1.80]
OTTOWN|Alikampos|OBJ|wall|stone_8md_f.p3d|[11088.76,14594.15,44.87]|181.1|[-4.14,-0.76,4.14,0.76,-1.28,1.28]
OTTOWN|Alikampos|OBJ|wall|stone_8m_f.p3d|[11096.41,14593.98,45.04]|181.5|[-4.26,-0.35,4.26,0.35,-1.30,1.30]
OTTOWN|Alikampos|OBJ|wall|city_8m_f.p3d|[11088.05,14607.68,46.23]|192.6|[-3.53,-0.25,3.53,0.25,-2.08,2.08]
OTTOWN|Alikampos|OBJ|wall|stone_4m_f.p3d|[11080.73,14594.37,44.55]|0.0|[-2.22,-0.36,2.22,0.36,-1.29,1.29]
OTTOWN|Alikampos|OBJ|wall|stone_pillar_f.p3d|[11078.40,14594.40,44.43]|0.0|[-0.45,-0.44,0.45,0.44,-1.79,1.79]
OTTOWN|Alikampos|OBJ|wall|city_8md_f.p3d|[11106.66,14603.57,46.07]|191.2|[-3.50,-0.98,3.50,0.98,-1.80,1.80]
OTTOWN|Alikampos|OBJ|wall|Land_Stone_Gate_F|[11103.30,14593.84,45.18]|2.3|[-2.96,-1.47,2.96,1.47,-1.71,1.71]
OTTOWN|Alikampos|OBJ|wall|stone_8m_f.p3d|[11122.37,14589.06,43.97]|89.5|[-4.26,-0.35,4.26,0.35,-1.30,1.30]
OTTOWN|Alikampos|OBJ|wall|stone_8m_f.p3d|[11118.00,14593.45,44.64]|181.5|[-4.26,-0.35,4.26,0.35,-1.30,1.30]
OTTOWN|Alikampos|OBJ|wall|stone_8m_f.p3d|[11110.03,14593.63,45.01]|181.5|[-4.26,-0.35,4.26,0.35,-1.30,1.30]
OTTOWN|Alikampos|OBJ|wall|stone_pillar_f.p3d|[11122.51,14584.84,43.59]|357.3|[-0.45,-0.44,0.45,0.44,-1.79,1.79]
OTTOWN|Alikampos|OBJ|wall|stone_pillar_f.p3d|[11122.32,14593.28,44.36]|0.0|[-0.45,-0.44,0.45,0.44,-1.79,1.79]
OTTOWN|Alikampos|OBJ|wall|stone_8md_f.p3d|[11139.95,14606.90,45.32]|268.2|[-4.14,-0.76,4.14,0.76,-1.28,1.28]
OTTOWN|Alikampos|OBJ|wall|Land_Stone_Gate_F|[11150.96,14602.53,44.46]|181.0|[-2.96,-1.47,2.96,1.47,-1.71,1.71]
OTTOWN|Alikampos|OBJ|wall|stone_8m_f.p3d|[11144.20,14602.69,44.90]|181.5|[-4.26,-0.35,4.26,0.35,-1.30,1.30]
OTTOWN|Alikampos|OBJ|wall|city2_8m_f.p3d|[11143.26,14591.88,43.84]|180.8|[-3.51,-0.25,3.51,0.25,-2.09,2.09]
OTTOWN|Alikampos|OBJ|wall|city2_8m_f.p3d|[11150.24,14591.80,43.49]|180.8|[-3.51,-0.25,3.51,0.25,-2.09,2.09]
OTTOWN|Alikampos|OBJ|wall|city2_8m_f.p3d|[11139.70,14588.37,43.66]|268.0|[-3.51,-0.25,3.51,0.25,-2.09,2.09]
OTTOWN|Alikampos|OBJ|wall|city2_8m_f.p3d|[11159.32,14588.46,42.45]|269.4|[-3.51,-0.25,3.51,0.25,-2.09,2.09]
OTTOWN|Alikampos|OBJ|wall|city2_8md_f.p3d|[11157.17,14591.87,43.07]|179.6|[-2.30,-0.28,2.30,0.28,-2.11,2.11]
OTTOWN|Alikampos|OBJ|wall|city2_4m_f.p3d|[11159.43,14583.29,41.76]|267.3|[-1.76,-0.25,1.76,0.25,-2.09,2.09]
OTTOWN|Alikampos|OBJ|wall|city2_4m_f.p3d|[11139.95,14583.25,43.24]|267.3|[-1.76,-0.25,1.76,0.25,-2.09,2.09]
OTTOWN|Alikampos|OBJ|wall|city2_pillard_f.p3d|[11139.65,14591.32,43.96]|269.4|[-0.84,-0.25,0.84,0.25,-2.10,2.10]
OTTOWN|Alikampos|OBJ|wall|stone_pillar_f.p3d|[11140.10,14602.76,45.10]|358.0|[-0.45,-0.44,0.45,0.44,-1.79,1.79]
OTTOWN|Alikampos|OBJ|wall|city_8m_f.p3d|[11120.11,14615.84,46.42]|269.6|[-3.53,-0.25,3.53,0.25,-2.08,2.08]
OTTOWN|Alikampos|OBJ|tree|t_phoenixc1s_f.p3d|[11092.79,14550.25,41.44]|9.0|[-4.68,-4.32,4.68,4.32,-3.89,3.89]
OTTOWN|Alikampos|OBJ|tree|t_broussonetiap1s_f.p3d|[11121.84,14553.12,41.07]|107.0|[-4.76,-4.57,4.76,4.57,-5.06,5.06]
OTTOWN|Alikampos|OBJ|tree|t_broussonetiap1s_f.p3d|[11118.27,14552.71,41.17]|63.0|[-4.76,-4.57,4.76,4.57,-5.06,5.06]
OTTOWN|Alikampos|OBJ|tree|t_broussonetiap1s_f.p3d|[11142.45,14551.27,40.77]|330.0|[-4.76,-4.57,4.76,4.57,-5.06,5.06]
OTTOWN|Alikampos|OBJ|tree|t_broussonetiap1s_f.p3d|[11145.87,14551.75,40.63]|171.8|[-4.76,-4.57,4.76,4.57,-5.06,5.06]
OTTOWN|Alikampos|OBJ|tree|t_phoenixc3s_f.p3d|[11088.27,14587.11,44.11]|89.0|[-10.50,-10.50,10.50,10.50,-10.52,10.52]
OTTOWN|Alikampos|OBJ|tree|t_broussonetiap1s_f.p3d|[11112.83,14594.98,45.07]|155.0|[-4.76,-4.57,4.76,4.57,-5.06,5.06]
OTTOWN|Alikampos|OBJ|tree|t_broussonetiap1s_f.p3d|[11144.40,14593.68,44.02]|269.0|[-4.76,-4.57,4.76,4.57,-5.06,5.06]
OTTOWN|Alikampos|ROAD|TRACK|10.0|[11102.78,14563.95,41.95]|[11089.68,14561.36,41.78]
OTTOWN|Alikampos|ROAD|TRACK|10.0|[11120.25,14562.49,41.55]|[11102.78,14563.95,41.95]
OTTOWN|Alikampos|ROAD|TRACK|10.0|[11133.07,14562.00,41.29]|[11123.02,14562.35,41.47]
OTTOWN|Alikampos|ROAD|TRACK|10.0|[11123.02,14562.35,41.47]|[11120.25,14562.49,41.55]
OTTOWN|Alikampos|ROAD|TRACK|10.0|[11132.41,14565.85,41.48]|[11131.53,14585.25,43.51]
OTTOWN|Alikampos|ROAD|TRACK|10.0|[11133.20,14547.90,40.58]|[11132.41,14565.85,41.48]
OTTOWN|Alikampos|ROAD|TRACK|10.0|[11140.28,14561.46,41.10]|[11130.52,14561.49,41.26]
OTTOWN|Alikampos|ROAD|TRACK|10.0|[11148.88,14561.68,40.75]|[11140.28,14561.46,41.10]
OTTOWN|Alikampos|ROAD|TRACK|10.0|[11131.53,14585.25,43.51]|[11130.69,14606.18,45.50]
OTTOWN|Alikampos|ROAD|TRACK|10.0|[11130.69,14606.18,45.50]|[11129.85,14627.82,47.08]
OTTOWN|Alikampos|H|0|[39.87,39.83,39.80,39.84,39.88,39.92,39.96,40.01,40.06,40.10,40.09,40.04,40.00,39.95,39.85,39.75,39.64,39.54,39.47,39.40,39.33,39.26,39.19,39.12,39.05,39.04,39.07,39.10,39.13,39.10,39.06,39.03,38.98,38.90,38.81,38.72,38.61,38.48,38.35,38.21,38.07,37.92,37.77,37.62,37.60]
OTTOWN|Alikampos|H|1|[40.00,39.96,39.97,40.01,40.05,40.11,40.18,40.23,40.28,40.32,40.29,40.25,40.20,40.14,40.04,39.93,39.84,39.84,39.77,39.69,39.60,39.49,39.42,39.36,39.34,39.37,39.40,39.43,39.39,39.35,39.31,39.28,39.23,39.14,39.05,38.98,38.90,38.76,38.63,38.50,38.35,38.20,38.05,37.96,37.94]
OTTOWN|Alikampos|H|2|[40.13,40.14,40.15,40.19,40.25,40.34,40.41,40.45,40.49,40.52,40.50,40.45,40.39,40.33,40.23,40.14,40.15,40.14,40.07,39.97,39.84,39.74,39.67,39.66,39.67,39.70,39.73,39.69,39.64,39.60,39.56,39.52,39.47,39.38,39.31,39.26,39.18,39.04,38.91,38.78,38.63,38.48,38.39,38.30,38.28]
OTTOWN|Alikampos|H|3|[40.30,40.31,40.32,40.38,40.47,40.56,40.63,40.66,40.69,40.72,40.70,40.64,40.58,40.52,40.43,40.44,40.45,40.44,40.34,40.21,40.08,39.98,39.97,39.99,40.00,40.03,39.99,39.94,39.89,39.85,39.80,39.76,39.71,39.63,39.59,39.54,39.46,39.33,39.19,39.06,38.92,38.82,38.73,38.64,38.61]
OTTOWN|Alikampos|H|4|[40.47,40.47,40.50,40.59,40.67,40.76,40.82,40.85,40.88,40.91,40.88,40.82,40.76,40.70,40.70,40.71,40.71,40.70,40.57,40.44,40.30,40.24,40.26,40.28,40.30,40.27,40.22,40.17,40.13,40.08,40.04,39.99,39.95,39.90,39.86,39.81,39.74,39.61,39.47,39.34,39.23,39.13,39.04,38.95,38.81]
OTTOWN|Alikampos|H|5|[40.59,40.60,40.64,40.73,40.82,40.89,40.95,40.98,41.01,41.06,41.03,40.97,40.91,40.84,40.84,40.85,40.86,40.84,40.71,40.58,40.46,40.41,40.42,40.44,40.48,40.46,40.41,40.36,40.34,40.30,40.25,40.20,40.15,40.11,40.06,40.05,40.00,39.87,39.73,39.56,39.44,39.35,39.25,39.11,38.97]
OTTOWN|Alikampos|H|6|[40.72,40.75,40.79,40.87,40.95,41.02,41.08,41.11,41.15,41.20,41.18,41.12,41.05,40.98,40.99,40.99,41.00,40.98,40.85,40.73,40.62,40.57,40.59,40.62,40.66,40.64,40.60,40.58,40.55,40.51,40.46,40.41,40.36,40.32,40.31,40.31,40.26,40.13,39.96,39.78,39.66,39.56,39.42,39.28,39.14]
OTTOWN|Alikampos|H|7|[40.86,40.89,40.93,41.01,41.08,41.15,41.20,41.25,41.30,41.35,41.33,41.26,41.19,41.13,41.13,41.13,41.14,41.12,41.00,40.89,40.78,40.73,40.77,40.81,40.85,40.83,40.81,40.79,40.77,40.72,40.67,40.62,40.57,40.56,40.57,40.58,40.52,40.35,40.17,40.00,39.87,39.73,39.59,39.45,39.31]
OTTOWN|Alikampos|H|8|[40.99,41.02,41.04,41.12,41.19,41.26,41.32,41.37,41.42,41.47,41.44,41.37,41.30,41.26,41.27,41.27,41.28,41.27,41.16,41.05,40.94,40.91,40.95,40.99,41.02,40.98,40.96,40.93,40.91,40.86,40.81,40.76,40.74,40.75,40.76,40.77,40.65,40.47,40.30,40.14,40.03,39.89,39.75,39.63,39.50]
OTTOWN|Alikampos|H|9|[41.10,41.11,41.13,41.20,41.28,41.34,41.39,41.44,41.49,41.53,41.50,41.44,41.39,41.39,41.40,41.40,41.42,41.43,41.32,41.21,41.12,41.10,41.14,41.16,41.09,41.05,41.03,41.00,40.97,40.92,40.87,40.85,40.85,40.86,40.87,40.79,40.66,40.48,40.33,40.28,40.17,40.03,39.91,39.84,39.71]
OTTOWN|Alikampos|H|10|[41.19,41.20,41.22,41.29,41.35,41.41,41.47,41.52,41.56,41.60,41.57,41.53,41.52,41.52,41.53,41.55,41.58,41.58,41.47,41.39,41.31,41.28,41.30,41.23,41.15,41.12,41.09,41.06,41.03,40.98,40.96,40.96,40.96,40.97,40.89,40.80,40.67,40.51,40.46,40.42,40.31,40.19,40.12,40.05,39.92]
OTTOWN|Alikampos|H|11|[41.28,41.29,41.31,41.37,41.43,41.49,41.54,41.58,41.62,41.67,41.66,41.66,41.66,41.65,41.67,41.70,41.73,41.74,41.65,41.57,41.49,41.45,41.37,41.30,41.22,41.18,41.15,41.12,41.09,41.07,41.07,41.07,41.07,40.99,40.90,40.81,40.70,40.65,40.60,40.56,40.47,40.40,40.33,40.26,40.18]
OTTOWN|Alikampos|H|12|[41.43,41.44,41.42,41.48,41.54,41.59,41.60,41.65,41.69,41.74,41.76,41.76,41.76,41.74,41.77,41.80,41.83,41.82,41.74,41.66,41.58,41.52,41.45,41.37,41.31,41.27,41.24,41.20,41.16,41.16,41.16,41.16,41.13,41.04,40.95,40.86,40.78,40.73,40.68,40.62,40.55,40.48,40.41,40.33,40.26]
OTTOWN|Alikampos|H|13|[41.61,41.57,41.54,41.60,41.65,41.65,41.66,41.71,41.76,41.83,41.85,41.85,41.83,41.81,41.84,41.87,41.87,41.86,41.78,41.70,41.66,41.60,41.53,41.46,41.41,41.37,41.34,41.29,41.24,41.24,41.24,41.23,41.20,41.11,41.01,40.91,40.83,40.78,40.72,40.64,40.56,40.50,40.42,40.33,40.27]
OTTOWN|Alikampos|H|14|[41.74,41.69,41.66,41.71,41.71,41.71,41.73,41.78,41.85,41.92,41.94,41.93,41.90,41.88,41.91,41.91,41.91,41.90,41.83,41.78,41.74,41.68,41.61,41.56,41.50,41.47,41.42,41.38,41.33,41.32,41.31,41.29,41.26,41.17,41.07,40.96,40.88,40.82,40.74,40.66,40.58,40.51,40.42,40.34,40.27]
OTTOWN|Alikampos|H|15|[41.86,41.81,41.78,41.77,41.77,41.77,41.80,41.87,41.94,42.01,42.02,42.00,41.97,41.95,41.95,41.95,41.96,41.95,41.90,41.86,41.81,41.76,41.71,41.66,41.60,41.55,41.51,41.46,41.41,41.39,41.38,41.36,41.33,41.23,41.12,41.02,40.92,40.84,40.76,40.68,40.59,40.51,40.43,40.35,40.31]
OTTOWN|Alikampos|H|16|[42.12,42.07,42.04,42.04,42.04,42.00,41.98,42.06,42.13,42.15,42.13,42.11,42.08,42.04,42.04,42.04,42.04,42.01,41.97,41.92,41.92,41.93,41.88,41.82,41.80,41.76,41.71,41.66,41.60,41.58,41.57,41.55,41.49,41.39,41.29,41.17,41.05,40.97,40.89,40.76,40.65,40.57,40.49,40.39,40.36]
OTTOWN|Alikampos|H|17|[42.38,42.34,42.31,42.31,42.28,42.19,42.17,42.25,42.27,42.26,42.24,42.21,42.17,42.13,42.13,42.13,42.11,42.08,42.03,42.03,42.09,42.10,42.05,42.02,42.00,41.97,41.92,41.86,41.80,41.78,41.76,41.71,41.66,41.56,41.44,41.30,41.19,41.10,40.97,40.82,40.71,40.63,40.54,40.44,40.40]
OTTOWN|Alikampos|H|18|[42.65,42.61,42.59,42.55,42.47,42.38,42.36,42.38,42.37,42.37,42.35,42.31,42.26,42.22,42.22,42.19,42.17,42.14,42.14,42.20,42.26,42.27,42.24,42.23,42.21,42.17,42.11,42.05,41.99,41.97,41.93,41.88,41.83,41.71,41.57,41.43,41.32,41.19,41.04,40.88,40.78,40.68,40.58,40.49,40.45]
OTTOWN|Alikampos|H|19|[42.86,42.82,42.79,42.70,42.62,42.53,42.52,42.51,42.50,42.50,42.51,42.47,42.42,42.37,42.34,42.32,42.29,42.28,42.34,42.40,42.46,42.48,42.47,42.45,42.43,42.37,42.31,42.25,42.19,42.15,42.10,42.06,42.00,41.87,41.73,41.59,41.47,41.32,41.17,41.01,40.89,40.79,40.70,40.58,40.53]
OTTOWN|Alikampos|H|20|[42.83,42.81,42.80,42.71,42.63,42.67,42.72,42.71,42.71,42.89,42.93,42.88,42.83,42.70,42.67,42.65,42.62,42.59,42.65,42.71,42.75,42.75,42.73,42.72,42.64,42.57,42.51,42.45,42.40,42.36,42.32,42.28,42.24,42.10,41.96,41.92,41.85,41.70,41.54,41.37,41.25,41.15,41.03,40.79,40.73]
OTTOWN|Alikampos|H|21|[42.82,42.82,42.81,42.72,42.76,42.87,42.93,42.92,43.10,43.31,43.34,43.29,43.16,43.04,43.01,42.97,42.92,42.90,42.96,42.99,43.01,43.02,43.00,42.93,42.85,42.78,42.72,42.67,42.62,42.57,42.54,42.51,42.47,42.33,42.29,42.29,42.23,42.08,41.90,41.72,41.60,41.48,41.24,40.99,40.94]
OTTOWN|Alikampos|H|22|[42.83,42.83,42.82,42.86,42.96,43.07,43.13,43.31,43.52,43.72,43.75,43.62,43.50,43.37,43.33,43.28,43.23,43.21,43.24,43.26,43.28,43.29,43.21,43.13,43.05,42.98,42.93,42.88,42.83,42.79,42.77,42.75,42.70,42.66,42.67,42.67,42.61,42.43,42.26,42.08,41.93,41.69,41.44,41.20,41.11]
OTTOWN|Alikampos|H|23|[42.93,42.93,42.97,43.08,43.18,43.29,43.43,43.63,43.84,44.02,43.96,43.83,43.71,43.65,43.61,43.56,43.52,43.47,43.50,43.52,43.54,43.49,43.41,43.33,43.25,43.18,43.13,43.08,43.04,43.02,43.00,42.97,42.96,42.97,42.98,42.98,42.84,42.66,42.49,42.32,42.11,41.87,41.62,41.42,41.29]
OTTOWN|Alikampos|H|24|[43.13,43.15,43.20,43.31,43.42,43.50,43.64,43.84,44.03,44.10,44.04,43.91,43.86,43.90,43.86,43.81,43.76,43.71,43.73,43.75,43.73,43.69,43.60,43.52,43.43,43.37,43.32,43.28,43.27,43.24,43.22,43.20,43.20,43.20,43.21,43.09,42.93,42.75,42.58,42.47,42.26,42.02,41.82,41.68,41.56]
OTTOWN|Alikampos|H|25|[43.35,43.39,43.44,43.54,43.63,43.71,43.85,44.03,44.11,44.18,44.11,44.06,44.11,44.15,44.11,44.06,44.00,43.95,43.97,43.95,43.93,43.88,43.79,43.71,43.62,43.56,43.52,43.51,43.49,43.46,43.45,43.44,43.43,43.44,43.31,43.18,43.02,42.85,42.73,42.62,42.41,42.21,42.08,41.94,41.82]
OTTOWN|Alikampos|H|26|[43.59,43.62,43.67,43.76,43.84,43.92,44.04,44.11,44.18,44.26,44.26,44.31,44.36,44.41,44.36,44.29,44.23,44.19,44.17,44.14,44.12,44.07,43.98,43.90,43.81,43.76,43.75,43.73,43.71,43.69,43.68,43.67,43.66,43.54,43.40,43.26,43.12,43.00,42.88,42.76,42.60,42.47,42.34,42.20,42.14]
OTTOWN|Alikampos|H|27|[43.72,43.76,43.87,43.96,44.04,44.13,44.21,44.29,44.36,44.43,44.48,44.53,44.58,44.62,44.56,44.50,44.44,44.45,44.43,44.41,44.37,44.29,44.20,44.11,44.01,43.95,43.93,43.91,43.92,43.91,43.90,43.89,43.84,43.71,43.57,43.44,43.35,43.23,43.11,43.01,42.89,42.75,42.62,42.47,42.43]
OTTOWN|Alikampos|H|28|[43.81,43.94,44.07,44.15,44.24,44.34,44.43,44.50,44.57,44.64,44.69,44.74,44.78,44.81,44.75,44.69,44.72,44.74,44.72,44.69,44.60,44.51,44.43,44.32,44.18,44.12,44.11,44.11,44.14,44.13,44.12,44.09,44.04,43.90,43.77,43.70,43.61,43.49,43.38,43.30,43.18,43.04,42.89,42.73,42.69]
OTTOWN|Alikampos|H|29|[44.00,44.14,44.26,44.35,44.45,44.55,44.64,44.71,44.78,44.85,44.90,44.94,44.97,45.00,44.94,44.97,45.01,45.03,45.00,44.91,44.83,44.74,44.63,44.49,44.35,44.30,44.31,44.33,44.35,44.35,44.32,44.28,44.23,44.10,44.03,43.96,43.87,43.76,43.67,43.59,43.47,43.32,43.15,42.99,42.95]
OTTOWN|Alikampos|H|30|[44.19,44.33,44.46,44.56,44.66,44.77,44.85,44.92,44.99,45.06,45.10,45.13,45.16,45.19,45.22,45.26,45.30,45.32,45.23,45.14,45.05,44.94,44.81,44.67,44.53,44.50,44.52,44.55,44.57,44.54,44.51,44.48,44.44,44.37,44.29,44.22,44.14,44.05,43.97,43.88,43.74,43.58,43.41,43.25,43.15]
OTTOWN|Alikampos|H|31|[44.60,44.72,44.79,44.89,44.99,45.07,45.12,45.19,45.26,45.29,45.31,45.34,45.37,45.39,45.43,45.47,45.50,45.50,45.41,45.32,45.28,45.23,45.09,44.95,44.75,44.69,44.72,44.74,44.75,44.72,44.69,44.66,44.63,44.56,44.49,44.42,44.34,44.25,44.16,44.04,43.89,43.72,43.56,43.38,43.28]
OTTOWN|Alikampos|H|32|[45.00,45.05,45.11,45.21,45.29,45.34,45.39,45.46,45.49,45.50,45.52,45.55,45.57,45.59,45.63,45.66,45.68,45.68,45.59,45.55,45.57,45.52,45.38,45.18,44.94,44.88,44.91,44.92,44.93,44.90,44.87,44.85,44.82,44.75,44.68,44.61,44.53,44.45,44.32,44.18,44.03,43.86,43.68,43.50,43.40]
OTTOWN|Alikampos|H|33|[45.33,45.38,45.44,45.52,45.57,45.61,45.67,45.70,45.70,45.71,45.73,45.75,45.77,45.79,45.83,45.84,45.86,45.86,45.82,45.84,45.86,45.81,45.61,45.37,45.13,45.08,45.09,45.10,45.11,45.08,45.06,45.04,45.01,44.94,44.87,44.81,44.73,44.61,44.47,44.32,44.17,43.99,43.81,43.63,43.51]
OTTOWN|Alikampos|H|34|[45.65,45.70,45.74,45.79,45.83,45.88,45.88,45.89,45.90,45.91,45.92,45.94,45.96,45.97,45.99,46.01,46.03,46.04,46.06,46.08,46.10,46.01,45.77,45.53,45.30,45.26,45.27,45.28,45.28,45.26,45.24,45.22,45.18,45.11,45.05,44.98,44.88,44.74,44.60,44.46,44.30,44.12,43.94,43.76,43.59]
OTTOWN|Alikampos|H|35|[45.93,45.97,46.00,46.04,46.09,46.06,46.03,46.04,46.04,46.03,46.04,46.06,46.07,46.08,46.09,46.11,46.12,46.11,46.14,46.16,46.17,46.07,45.83,45.59,45.46,45.43,45.45,45.45,45.42,45.40,45.38,45.34,45.28,45.21,45.15,45.08,44.98,44.84,44.70,44.61,44.46,44.28,44.10,43.93,43.75]
OTTOWN|Alikampos|H|36|[46.21,46.23,46.25,46.29,46.27,46.21,46.17,46.18,46.17,46.15,46.16,46.17,46.18,46.18,46.20,46.20,46.19,46.19,46.21,46.22,46.22,46.12,45.88,45.76,45.64,45.61,45.62,45.59,45.56,45.54,45.51,45.44,45.38,45.32,45.25,45.18,45.08,44.94,44.85,44.77,44.61,44.43,44.26,44.09,43.92]
OTTOWN|Alikampos|H|37|[46.46,46.48,46.50,46.48,46.41,46.35,46.32,46.30,46.29,46.27,46.28,46.28,46.28,46.28,46.29,46.28,46.27,46.26,46.27,46.28,46.28,46.18,46.05,45.94,45.82,45.79,45.76,45.73,45.71,45.67,45.61,45.55,45.48,45.42,45.35,45.28,45.18,45.09,45.01,44.92,44.77,44.60,44.43,44.26,44.07]
OTTOWN|Alikampos|H|38|[46.70,46.72,46.72,46.65,46.59,46.52,46.50,46.48,46.46,46.44,46.41,46.42,46.42,46.40,46.39,46.38,46.37,46.37,46.37,46.37,46.38,46.32,46.20,46.09,45.98,45.93,45.90,45.88,45.84,45.78,45.72,45.66,45.60,45.54,45.47,45.40,45.32,45.23,45.15,45.06,44.90,44.73,44.56,44.38,44.17]
OTTOWN|Alikampos|H|39|[46.92,46.93,46.93,46.86,46.80,46.76,46.74,46.72,46.70,46.61,46.59,46.59,46.57,46.53,46.51,46.50,46.50,46.51,46.51,46.52,46.50,46.44,46.33,46.21,46.13,46.08,46.05,46.02,45.98,45.92,45.86,45.80,45.74,45.67,45.61,45.53,45.44,45.36,45.27,45.15,44.99,44.82,44.64,44.45,44.24]
OTTOWN|Alikampos|H|40|[47.13,47.14,47.14,47.07,47.04,47.01,46.98,46.96,46.87,46.79,46.77,46.75,46.70,46.65,46.64,46.64,46.65,46.66,46.66,46.64,46.62,46.56,46.45,46.36,46.28,46.23,46.20,46.15,46.11,46.05,45.99,45.94,45.88,45.81,45.73,45.65,45.57,45.47,45.35,45.23,45.08,44.90,44.71,44.52,44.31]
OTTOWN|Alikampos|H|41|[47.34,47.35,47.35,47.31,47.28,47.25,47.21,47.13,47.05,46.97,46.92,46.87,46.83,46.78,46.78,46.78,46.79,46.80,46.78,46.76,46.75,46.69,46.60,46.51,46.43,46.37,46.33,46.29,46.24,46.19,46.13,46.08,46.02,45.94,45.85,45.77,45.68,45.56,45.44,45.32,45.16,44.97,44.78,44.58,44.43]
OTTOWN|Alikampos|H|42|[47.55,47.56,47.53,47.50,47.47,47.43,47.37,47.28,47.20,47.14,47.09,47.04,47.00,46.94,46.94,46.95,46.96,46.99,46.97,46.95,46.93,46.87,46.78,46.69,46.58,46.51,46.47,46.42,46.40,46.35,46.30,46.24,46.16,46.08,45.99,45.90,45.77,45.65,45.53,45.39,45.21,45.02,44.82,44.66,44.53]
OTTOWN|Alikampos|H|43|[47.75,47.73,47.69,47.66,47.63,47.57,47.51,47.42,47.36,47.33,47.28,47.23,47.17,47.11,47.11,47.12,47.16,47.20,47.18,47.16,47.12,47.06,46.97,46.86,46.72,46.65,46.61,46.59,46.58,46.53,46.47,46.39,46.31,46.22,46.13,46.00,45.87,45.75,45.61,45.43,45.25,45.06,44.89,44.74,44.61]
OTTOWN|Alikampos|H|44|[47.92,47.89,47.86,47.82,47.77,47.71,47.65,47.58,47.55,47.52,47.47,47.41,47.34,47.28,47.28,47.32,47.37,47.41,47.39,47.35,47.31,47.25,47.14,47.00,46.86,46.79,46.77,46.76,46.75,46.70,46.62,46.54,46.45,46.36,46.23,46.09,45.96,45.82,45.65,45.47,45.29,45.12,44.97,44.82,44.69]
OTTOWN|Alikampos|END
OTTOWN|Agios Dionysios|HEAD|i_House_Big_01_V1_F|Land_u_House_Big_01_V1_F|[9240.742,15948.170,117.964]|21.71|false|164|3|4
OTTOWN|Agios Dionysios|BOX|[-7.89,-8.48,7.89,8.48,-6.61,6.61]
OTTOWN|Agios Dionysios|DOOR|main|[9234.96,15942.56,118.53]|201.7|2.25
OTTOWN|Agios Dionysios|DOOR|side|[9247.37,15951.58,118.53]|111.7|1.00
OTTOWN|Agios Dionysios|BPOS|[[9243.54,15953.26,118.53],[9240.41,15943.63,122.04],[9239.85,15947.95,118.59],[9241.72,15949.92,121.93],[9246.28,15952.39,121.96],[9238.46,15949.75,121.96],[9239.40,15954.56,121.96],[9238.63,15942.46,122.04],[9236.24,15946.12,121.96]]
OTTOWN|Agios Dionysios|OBJ|building|Land_Unfinished_Building_01_F|[9227.55,15919.20,120.44]|343.2|[-5.85,-9.28,5.85,9.28,-4.97,4.97]
OTTOWN|Agios Dionysios|OBJ|building|Land_u_Addon_02_V1_F|[9247.95,15911.61,119.72]|160.3|[-4.57,-4.94,4.57,4.94,-3.72,3.72]
OTTOWN|Agios Dionysios|OBJ|building|Land_i_Stone_Shed_V2_F|[9271.41,15923.98,117.10]|294.1|[-4.53,-4.96,4.53,4.96,-3.80,3.80]
OTTOWN|Agios Dionysios|OBJ|building|cargo20_blue_f.p3d|[9206.55,15976.05,118.52]|259.3|[-4.68,-1.24,4.68,1.24,-1.32,1.32]
OTTOWN|Agios Dionysios|OBJ|building|Land_u_Shed_Ind_F|[9227.77,15982.99,118.40]|255.0|[-16.42,-9.39,16.42,9.39,-4.51,4.51]
OTTOWN|Agios Dionysios|OBJ|building|cargo20_yellow_f.p3d|[9234.00,15987.88,118.02]|180.9|[-4.68,-1.24,4.68,1.24,-1.32,1.32]
OTTOWN|Agios Dionysios|OBJ|building|cargo20_yellow_f.p3d|[9223.50,15989.01,118.36]|333.1|[-4.68,-1.24,4.68,1.24,-1.32,1.32]
OTTOWN|Agios Dionysios|OBJ|building|cargobox_v1_f.p3d|[9235.31,15983.22,117.99]|345.5|[-0.75,-0.76,0.75,0.76,-0.76,0.76]
OTTOWN|Agios Dionysios|OBJ|building|cargobox_v1_f.p3d|[9232.78,15990.06,118.09]|4.5|[-0.75,-0.76,0.75,0.76,-0.76,0.76]
OTTOWN|Agios Dionysios|OBJ|wall|concrete_smallwall_8m_f.p3d|[9217.84,15911.91,121.59]|72.6|[-4.00,-0.26,4.00,0.26,-1.15,1.15]
OTTOWN|Agios Dionysios|OBJ|wall|concrete_smallwall_8m_f.p3d|[9236.71,15912.73,119.85]|159.9|[-4.00,-0.26,4.00,0.26,-1.15,1.15]
OTTOWN|Agios Dionysios|OBJ|wall|concrete_smallwall_8m_f.p3d|[9238.91,15917.97,119.86]|71.2|[-4.00,-0.26,4.00,0.26,-1.15,1.15]
OTTOWN|Agios Dionysios|OBJ|wall|concrete_smallwall_8m_f.p3d|[9216.11,15917.58,121.56]|73.4|[-4.00,-0.26,4.00,0.26,-1.15,1.15]
OTTOWN|Agios Dionysios|OBJ|wall|concrete_smallwall_8m_f.p3d|[9216.51,15924.79,121.22]|113.0|[-4.00,-0.26,4.00,0.26,-1.15,1.15]
OTTOWN|Agios Dionysios|OBJ|wall|wired_fence_8m_f.p3d|[9265.65,15924.27,117.24]|114.7|[-4.10,-0.08,4.10,0.08,-0.89,0.89]
OTTOWN|Agios Dionysios|OBJ|wall|wired_fence_8m_f.p3d|[9267.26,15918.31,117.52]|35.2|[-4.10,-0.08,4.10,0.08,-0.89,0.89]
OTTOWN|Agios Dionysios|OBJ|wall|wall_tin_4_2.p3d|[9200.42,15958.79,119.61]|71.3|[-2.02,-0.16,2.02,0.16,-1.48,1.48]
OTTOWN|Agios Dionysios|OBJ|wall|wall_tin_4_2.p3d|[9204.38,15952.88,119.65]|5.1|[-2.02,-0.16,2.02,0.16,-1.48,1.48]
OTTOWN|Agios Dionysios|OBJ|wall|wall_tin_4_2.p3d|[9208.33,15952.53,119.65]|5.1|[-2.02,-0.16,2.02,0.16,-1.48,1.48]
OTTOWN|Agios Dionysios|OBJ|wall|wall_tin_4_2.p3d|[9201.70,15954.99,119.61]|71.3|[-2.02,-0.16,2.02,0.16,-1.48,1.48]
OTTOWN|Agios Dionysios|OBJ|wall|wall_tin_4_2.p3d|[9226.85,15951.90,118.69]|4.5|[-2.02,-0.16,2.02,0.16,-1.48,1.48]
OTTOWN|Agios Dionysios|OBJ|wall|wall_tin_4_2.p3d|[9230.51,15951.38,118.36]|7.3|[-2.02,-0.16,2.02,0.16,-1.48,1.48]
OTTOWN|Agios Dionysios|OBJ|wall|wall_tin_4_2.p3d|[9234.48,15950.85,118.02]|7.3|[-2.02,-0.16,2.02,0.16,-1.48,1.48]
OTTOWN|Agios Dionysios|OBJ|wall|wall_tin_pole.p3d|[9210.32,15952.46,119.75]|0.0|[-0.04,-0.04,0.04,0.04,-1.44,1.44]
OTTOWN|Agios Dionysios|OBJ|wall|wired_fence_8m_f.p3d|[9269.29,15931.52,116.54]|119.2|[-4.10,-0.08,4.10,0.08,-0.89,0.89]
OTTOWN|Agios Dionysios|OBJ|wall|wall_tin_4_2.p3d|[9250.50,15959.14,116.35]|292.4|[-2.02,-0.16,2.02,0.16,-1.48,1.48]
OTTOWN|Agios Dionysios|OBJ|wall|wall_tin_4_2.p3d|[9249.12,15955.42,116.52]|288.2|[-2.02,-0.16,2.02,0.16,-1.48,1.48]
OTTOWN|Agios Dionysios|OBJ|wall|wired_fence_8md_f.p3d|[9272.82,15939.09,115.09]|297.6|[-4.06,-0.14,4.06,0.14,-0.89,0.89]
OTTOWN|Agios Dionysios|OBJ|wall|wired_fence_8m_f.p3d|[9278.57,15940.94,114.56]|22.6|[-4.10,-0.08,4.10,0.08,-0.89,0.89]
OTTOWN|Agios Dionysios|OBJ|wall|wall_tin_4_2.p3d|[9199.13,15962.55,119.41]|71.3|[-2.02,-0.16,2.02,0.16,-1.48,1.48]
OTTOWN|Agios Dionysios|OBJ|wall|wall_tin_4_2.p3d|[9261.38,15986.14,114.52]|291.3|[-2.02,-0.16,2.02,0.16,-1.48,1.48]
OTTOWN|Agios Dionysios|OBJ|wall|wall_tin_4_2.p3d|[9255.54,15971.56,115.61]|300.3|[-2.02,-0.16,2.02,0.16,-1.48,1.48]
OTTOWN|Agios Dionysios|OBJ|wall|wall_tin_4_2.p3d|[9259.92,15982.44,114.83]|291.3|[-2.02,-0.16,2.02,0.16,-1.48,1.48]
OTTOWN|Agios Dionysios|OBJ|wall|wall_tin_4_2.p3d|[9258.47,15978.72,115.11]|291.3|[-2.02,-0.16,2.02,0.16,-1.48,1.48]
OTTOWN|Agios Dionysios|OBJ|wall|wall_tin_4_2.p3d|[9256.99,15975.01,115.37]|291.3|[-2.02,-0.16,2.02,0.16,-1.48,1.48]
OTTOWN|Agios Dionysios|OBJ|wall|wall_tin_4_2.p3d|[9252.10,15962.74,116.15]|295.7|[-2.02,-0.16,2.02,0.16,-1.48,1.48]
OTTOWN|Agios Dionysios|OBJ|wall|wall_tin_4_2.p3d|[9253.60,15966.47,115.94]|289.0|[-2.02,-0.16,2.02,0.16,-1.48,1.48]
OTTOWN|Agios Dionysios|OBJ|tree|t_ficusb2s_f.p3d|[9258.09,15924.27,117.31]|225.0|[-8.66,-8.23,8.66,8.23,-5.99,5.99]
OTTOWN|Agios Dionysios|OBJ|tree|t_ficusb1s_f.p3d|[9262.04,15923.04,117.30]|223.0|[-5.06,-5.62,5.06,5.62,-4.61,4.61]
OTTOWN|Agios Dionysios|OBJ|tree|t_ficusb1s_f.p3d|[9200.06,15931.73,122.84]|249.0|[-5.06,-5.62,5.06,5.62,-4.61,4.61]
OTTOWN|Agios Dionysios|H|0|[123.89,123.87,123.78,123.70,123.71,123.65,123.52,123.35,123.13,122.92,122.71,122.38,121.97,121.57,121.17,121.02,120.90,120.74,120.58,120.41,120.29,120.24,120.17,120.08,119.99,119.91,119.85,119.81,119.75,119.68,119.50,119.29,119.03,118.79,118.70,118.61,118.53,118.45,118.38,118.30,118.21,118.16,118.13,118.09,118.04]
OTTOWN|Agios Dionysios|H|1|[123.96,123.87,123.78,123.71,123.65,123.51,123.38,123.21,123.00,122.78,122.57,122.24,121.84,121.44,121.04,120.88,120.72,120.57,120.41,120.29,120.24,120.18,120.11,120.03,119.95,119.86,119.80,119.74,119.68,119.62,119.43,119.16,118.90,118.66,118.58,118.50,118.42,118.34,118.26,118.17,118.08,118.03,117.99,117.94,117.90]
OTTOWN|Agios Dionysios|H|2|[123.97,123.89,123.80,123.68,123.54,123.41,123.27,123.09,122.88,122.67,122.45,122.07,121.67,121.27,120.90,120.73,120.57,120.42,120.32,120.26,120.21,120.16,120.07,119.99,119.90,119.82,119.75,119.68,119.62,119.54,119.29,119.03,118.77,118.55,118.47,118.39,118.31,118.20,118.11,118.02,117.93,117.88,117.83,117.79,117.76]
OTTOWN|Agios Dionysios|H|3|[124.01,123.92,123.80,123.64,123.50,123.36,123.20,123.02,122.80,122.59,122.22,121.83,121.43,121.06,120.81,120.63,120.48,120.38,120.36,120.30,120.25,120.15,120.04,119.95,119.87,119.77,119.70,119.64,119.55,119.38,119.13,118.86,118.63,118.44,118.36,118.28,118.15,118.02,117.93,117.85,117.77,117.71,117.67,117.64,117.67]
OTTOWN|Agios Dionysios|H|4|[124.04,123.92,123.76,123.59,123.46,123.30,123.13,122.94,122.73,122.36,121.99,121.60,121.23,120.97,120.71,120.54,120.44,120.42,120.40,120.34,120.24,120.11,120.00,119.92,119.82,119.73,119.65,119.56,119.39,119.21,118.96,118.73,118.53,118.34,118.26,118.13,117.97,117.85,117.76,117.68,117.60,117.55,117.52,117.55,117.59]
OTTOWN|Agios Dionysios|H|5|[124.04,123.88,123.71,123.55,123.39,123.22,123.05,122.86,122.50,122.12,121.75,121.39,121.13,120.87,120.61,120.50,120.48,120.46,120.44,120.33,120.21,120.08,119.97,119.87,119.78,119.68,119.58,119.40,119.23,119.05,118.83,118.62,118.42,118.23,118.10,117.95,117.80,117.67,117.59,117.52,117.44,117.40,117.43,117.47,117.51]
OTTOWN|Agios Dionysios|H|6|[124.01,123.85,123.68,123.47,123.30,123.13,122.96,122.68,122.30,121.93,121.55,121.25,120.99,120.73,120.54,120.50,120.48,120.46,120.41,120.29,120.16,120.04,119.91,119.81,119.71,119.61,119.45,119.27,119.10,118.88,118.67,118.47,118.27,118.06,117.90,117.75,117.60,117.52,117.45,117.37,117.31,117.35,117.39,117.42,117.40]
OTTOWN|Agios Dionysios|H|7|[123.99,123.82,123.60,123.37,123.20,123.03,122.80,122.52,122.14,121.77,121.38,121.07,120.81,120.62,120.51,120.47,120.45,120.42,120.36,120.23,120.11,119.97,119.84,119.74,119.64,119.50,119.35,119.17,118.95,118.69,118.48,118.28,118.06,117.84,117.69,117.54,117.46,117.39,117.31,117.26,117.29,117.33,117.36,117.34,117.25]
OTTOWN|Agios Dionysios|H|8|[123.96,123.74,123.50,123.27,123.10,122.87,122.64,122.36,121.98,121.59,121.20,120.89,120.70,120.59,120.48,120.45,120.41,120.36,120.31,120.18,120.04,119.89,119.77,119.66,119.53,119.40,119.24,119.03,118.77,118.50,118.29,118.07,117.84,117.62,117.47,117.40,117.33,117.26,117.20,117.23,117.27,117.30,117.28,117.19,117.09]
OTTOWN|Agios Dionysios|H|9|[123.89,123.64,123.40,123.17,122.94,122.71,122.48,122.19,121.81,121.42,121.03,120.79,120.67,120.56,120.45,120.40,120.35,120.31,120.25,120.11,119.97,119.82,119.69,119.56,119.43,119.30,119.10,118.84,118.58,118.31,118.09,117.86,117.63,117.41,117.33,117.26,117.20,117.15,117.18,117.21,117.24,117.22,117.12,117.03,116.94]
OTTOWN|Agios Dionysios|H|10|[123.92,123.67,123.43,122.99,122.76,122.53,122.31,122.04,121.65,121.26,120.92,120.75,120.64,120.53,120.40,120.35,120.30,120.26,120.13,119.98,119.84,119.69,119.52,119.39,119.26,119.09,118.85,118.59,118.33,118.06,117.83,117.60,117.37,117.26,117.19,117.12,117.06,117.08,117.11,117.14,117.13,117.05,116.95,116.86,116.61]
OTTOWN|Agios Dionysios|H|11|[123.97,123.73,123.26,122.81,122.58,122.36,122.16,121.90,121.51,121.17,120.89,120.71,120.60,120.48,120.35,120.29,120.25,120.12,119.99,119.85,119.70,119.51,119.34,119.21,119.04,118.84,118.60,118.34,118.07,117.80,117.56,117.33,117.22,117.11,117.04,116.99,116.98,117.00,117.03,117.02,116.96,116.87,116.78,116.53,116.21]
OTTOWN|Agios Dionysios|H|12|[124.03,123.56,123.08,122.63,122.41,122.21,122.02,121.75,121.41,121.13,120.85,120.67,120.55,120.42,120.30,120.24,120.11,119.99,119.86,119.70,119.51,119.32,119.16,118.99,118.79,118.58,118.34,118.07,117.80,117.53,117.29,117.18,117.07,116.97,116.91,116.91,116.90,116.92,116.90,116.84,116.78,116.70,116.45,116.13,115.81]
OTTOWN|Agios Dionysios|H|13|[123.87,123.39,122.91,122.44,122.25,122.05,121.86,121.64,121.36,121.08,120.80,120.63,120.50,120.37,120.24,120.11,119.99,119.86,119.71,119.52,119.33,119.14,118.94,118.74,118.53,118.33,118.08,117.80,117.53,117.26,117.14,117.03,116.92,116.82,116.82,116.81,116.81,116.78,116.72,116.66,116.60,116.36,116.04,115.72,115.41]
OTTOWN|Agios Dionysios|H|14|[123.81,123.33,122.80,122.18,121.99,121.79,121.65,121.49,121.21,120.93,120.71,120.56,120.44,120.31,120.18,120.05,119.92,119.77,119.54,119.35,119.16,118.93,118.68,118.47,118.27,118.05,117.79,117.52,117.25,117.03,116.90,116.79,116.68,116.58,116.58,116.57,116.55,116.49,116.43,116.37,116.15,115.85,115.53,115.22,115.27]
OTTOWN|Agios Dionysios|H|15|[123.74,123.22,122.54,121.92,121.73,121.58,121.49,121.33,121.05,120.84,120.65,120.50,120.37,120.24,120.11,119.99,119.83,119.60,119.37,119.18,118.95,118.67,118.42,118.21,117.99,117.76,117.51,117.23,117.01,116.79,116.67,116.56,116.44,116.34,116.34,116.31,116.26,116.21,116.15,115.93,115.64,115.34,115.02,115.08,115.15]
OTTOWN|Agios Dionysios|H|16|[123.64,122.96,122.28,121.66,121.51,121.43,121.34,121.18,120.96,120.78,120.59,120.44,120.31,120.18,120.05,119.90,119.66,119.42,119.19,118.96,118.69,118.41,118.16,117.94,117.71,117.48,117.22,117.00,116.78,116.56,116.44,116.32,116.20,116.10,116.07,116.02,115.97,115.92,115.70,115.42,115.14,114.83,114.88,114.95,115.02]
OTTOWN|Agios Dionysios|H|17|[123.38,122.70,122.02,121.40,121.31,121.23,121.14,121.04,120.85,120.67,120.48,120.35,120.22,120.09,119.94,119.71,119.48,119.24,118.99,118.71,118.43,118.15,117.94,117.72,117.49,117.26,117.03,116.81,116.59,116.36,116.22,116.11,115.99,115.87,115.82,115.77,115.71,115.53,115.24,114.96,114.68,114.67,114.74,114.81,114.85]
OTTOWN|Agios Dionysios|H|18|[123.11,122.43,121.74,121.11,121.03,120.94,120.90,120.83,120.64,120.45,120.32,120.20,120.07,119.92,119.73,119.50,119.26,119.01,118.75,118.47,118.19,118.02,117.85,117.62,117.40,117.15,116.92,116.70,116.47,116.20,116.06,115.95,115.81,115.67,115.62,115.57,115.41,115.17,114.89,114.61,114.49,114.49,114.56,114.60,114.52]
OTTOWN|Agios Dionysios|H|19|[122.85,122.16,121.46,120.83,120.74,120.70,120.69,120.61,120.43,120.30,120.17,120.04,119.90,119.71,119.52,119.29,119.04,118.77,118.51,118.23,118.06,117.93,117.76,117.53,117.29,117.04,116.82,116.59,116.31,116.04,115.90,115.77,115.61,115.47,115.42,115.26,115.05,114.82,114.53,114.42,114.31,114.31,114.35,114.27,114.19]
OTTOWN|Agios Dionysios|H|20|[122.58,121.87,121.17,120.54,120.50,120.49,120.48,120.40,120.27,120.15,120.02,119.88,119.69,119.50,119.31,119.07,118.80,118.53,118.27,118.09,117.97,117.84,117.67,117.43,117.18,116.94,116.70,116.43,116.15,115.88,115.73,115.57,115.41,115.27,115.11,114.90,114.70,114.46,114.35,114.24,114.13,114.10,114.02,113.94,113.86]
OTTOWN|Agios Dionysios|H|21|[122.19,121.49,120.78,120.31,120.29,120.28,120.27,120.23,120.11,119.98,119.86,119.71,119.52,119.33,119.16,118.91,118.64,118.38,118.18,118.05,117.93,117.80,117.59,117.34,117.10,116.86,116.62,116.34,116.07,115.82,115.65,115.49,115.34,115.13,114.93,114.72,114.51,114.32,114.22,114.11,113.92,113.69,113.61,113.53,113.54]
OTTOWN|Agios Dionysios|H|22|[121.74,121.04,120.50,120.09,120.08,120.07,120.09,120.06,119.94,119.82,119.71,119.56,119.37,119.20,119.07,118.82,118.55,118.35,118.18,118.05,117.92,117.73,117.51,117.27,117.03,116.84,116.59,116.32,116.07,115.83,115.66,115.51,115.30,115.07,114.87,114.66,114.42,114.23,114.12,113.93,113.45,113.22,113.14,113.15,113.27]
OTTOWN|Agios Dionysios|H|23|[121.29,120.76,120.29,119.88,119.87,119.90,119.92,119.89,119.77,119.67,119.56,119.41,119.24,119.11,118.97,118.72,118.52,118.34,118.17,118.04,117.85,117.66,117.44,117.21,117.01,116.81,116.57,116.31,116.08,115.84,115.68,115.47,115.24,115.01,114.81,114.57,114.33,114.14,113.95,113.47,112.98,112.75,112.76,112.88,113.00]
OTTOWN|Agios Dionysios|H|24|[121.01,120.55,120.08,119.67,119.70,119.72,119.75,119.73,119.62,119.52,119.41,119.28,119.15,119.01,118.87,118.69,118.51,118.34,118.17,117.97,117.78,117.58,117.38,117.18,116.99,116.79,116.56,116.33,116.09,115.86,115.64,115.41,115.18,114.95,114.72,114.48,114.24,113.97,113.48,113.00,112.51,112.37,112.49,112.62,112.74]
OTTOWN|Agios Dionysios|H|25|[120.69,120.22,119.76,119.57,119.60,119.62,119.65,119.64,119.53,119.43,119.34,119.23,119.10,118.96,118.81,118.64,118.46,118.29,118.13,117.94,117.74,117.55,117.37,117.18,116.98,116.78,116.56,116.33,116.09,115.86,115.63,115.40,115.17,114.90,114.66,114.42,114.16,113.77,113.29,112.80,112.31,112.19,112.32,112.44,112.30]
OTTOWN|Agios Dionysios|H|26|[120.34,119.88,119.66,119.48,119.51,119.54,119.57,119.56,119.46,119.37,119.31,119.20,119.06,118.91,118.75,118.58,118.40,118.25,118.10,117.91,117.72,117.55,117.37,117.17,116.98,116.78,116.55,116.32,116.09,115.85,115.62,115.39,115.12,114.85,114.61,114.35,114.02,113.63,113.14,112.65,112.15,112.03,112.16,112.01,111.76]
OTTOWN|Agios Dionysios|H|27|[119.99,119.78,119.57,119.39,119.42,119.46,119.50,119.48,119.40,119.33,119.27,119.16,119.01,118.85,118.69,118.52,118.37,118.23,118.07,117.88,117.72,117.55,117.37,117.17,116.97,116.77,116.55,116.31,116.08,115.85,115.62,115.34,115.07,114.80,114.55,114.21,113.88,113.49,113.00,112.49,111.99,111.87,111.73,111.48,111.23]
OTTOWN|Agios Dionysios|H|28|[119.88,119.68,119.47,119.31,119.35,119.38,119.42,119.42,119.35,119.29,119.22,119.09,118.93,118.78,118.62,118.48,118.34,118.19,118.05,117.88,117.71,117.55,117.37,117.17,116.97,116.77,116.54,116.31,116.07,115.84,115.57,115.30,115.03,114.74,114.41,114.08,113.74,113.34,112.84,112.33,111.83,111.50,111.24,110.99,110.74]
OTTOWN|Agios Dionysios|H|29|[119.69,119.48,119.30,119.23,119.27,119.31,119.32,119.30,119.23,119.17,119.01,118.83,118.67,118.52,118.51,118.39,118.24,118.11,118.06,117.89,117.73,117.57,117.40,117.20,117.00,116.78,116.54,116.31,116.07,115.81,115.54,115.27,114.99,114.68,114.35,114.01,113.65,113.21,112.70,112.20,111.80,111.51,111.26,111.01,110.58]
OTTOWN|Agios Dionysios|H|30|[119.49,119.31,119.22,119.15,119.19,119.21,119.21,119.18,119.12,118.95,118.75,118.57,118.42,118.41,118.41,118.29,118.16,118.13,118.07,117.90,117.75,117.60,117.43,117.23,117.01,116.78,116.54,116.31,116.05,115.79,115.52,115.24,114.93,114.62,114.28,113.92,113.51,113.07,112.57,112.17,111.81,111.52,111.27,110.85,110.42]
OTTOWN|Agios Dionysios|H|31|[119.32,119.23,119.15,119.08,119.10,119.09,119.09,119.06,118.90,118.70,118.49,118.31,118.31,118.31,118.32,118.21,118.17,118.14,118.08,117.92,117.78,117.63,117.46,117.24,117.01,116.78,116.54,116.28,116.02,115.76,115.48,115.17,114.86,114.55,114.19,113.78,113.38,112.94,112.54,112.18,111.83,111.54,111.11,110.68,110.25]
OTTOWN|Agios Dionysios|H|32|[119.21,119.12,119.04,118.98,118.98,118.98,118.98,118.89,118.69,118.48,118.27,118.24,118.24,118.24,118.24,118.21,118.17,118.14,118.10,117.95,117.81,117.66,117.48,117.25,117.02,116.79,116.53,116.27,116.00,115.74,115.44,115.13,114.82,114.50,114.10,113.69,113.29,112.91,112.56,112.20,111.84,111.44,111.01,110.57,110.15]
OTTOWN|Agios Dionysios|H|33|[119.04,118.96,118.90,118.88,118.88,118.88,118.86,118.76,118.56,118.35,118.26,118.22,118.23,118.23,118.23,118.20,118.16,118.14,118.12,117.97,117.83,117.68,117.51,117.28,117.05,116.79,116.52,116.26,116.00,115.73,115.43,115.12,114.81,114.49,114.09,113.69,113.30,112.93,112.57,112.21,111.86,111.46,111.03,110.60,110.22]
OTTOWN|Agios Dionysios|H|34|[118.87,118.82,118.80,118.78,118.77,118.75,118.73,118.63,118.43,118.33,118.24,118.21,118.21,118.21,118.21,118.18,118.16,118.16,118.14,118.00,117.85,117.71,117.54,117.30,117.04,116.78,116.52,116.26,115.99,115.72,115.42,115.11,114.80,114.48,114.08,113.69,113.32,112.94,112.59,112.24,111.88,111.48,111.06,110.67,110.28]
OTTOWN|Agios Dionysios|H|35|[118.73,118.71,118.69,118.67,118.65,118.63,118.60,118.51,118.41,118.32,118.23,118.20,118.20,118.20,118.20,118.18,118.18,118.18,118.16,118.02,117.88,117.74,117.56,117.30,117.04,116.78,116.52,116.25,115.98,115.71,115.41,115.10,114.79,114.47,114.09,113.71,113.33,112.96,112.61,112.26,111.90,111.51,111.12,110.73,110.34]
OTTOWN|Agios Dionysios|H|36|[118.60,118.57,118.55,118.58,118.55,118.52,118.50,118.46,118.37,118.28,118.20,118.19,118.19,118.19,118.19,118.19,118.19,118.19,118.17,118.03,117.89,117.75,117.56,117.30,117.04,116.78,116.50,116.24,115.97,115.69,115.39,115.08,114.77,114.46,114.08,113.70,113.33,112.96,112.61,112.26,111.90,111.53,111.14,110.75,110.35]
OTTOWN|Agios Dionysios|H|37|[118.43,118.41,118.45,118.49,118.46,118.44,118.43,118.39,118.30,118.22,118.19,118.18,118.18,118.18,118.18,118.18,118.18,118.19,118.17,118.03,117.89,117.75,117.56,117.30,117.04,116.76,116.49,116.22,115.95,115.66,115.36,115.05,114.75,114.44,114.06,113.68,113.31,112.94,112.59,112.24,111.88,111.50,111.11,110.72,110.32]
OTTOWN|Agios Dionysios|H|38|[118.27,118.30,118.36,118.41,118.38,118.37,118.36,118.32,118.25,118.22,118.19,118.18,118.18,118.18,118.18,118.18,118.18,118.19,118.17,118.03,117.89,117.75,117.56,117.30,117.02,116.75,116.48,116.20,115.92,115.64,115.33,115.03,114.73,114.42,114.04,113.67,113.29,112.93,112.57,112.22,111.86,111.48,111.09,110.68,110.28]
OTTOWN|Agios Dionysios|H|39|[118.16,118.22,118.27,118.32,118.31,118.30,118.30,118.27,118.24,118.21,118.18,118.17,118.17,118.17,118.17,118.17,118.18,118.19,118.17,118.03,117.89,117.75,117.56,117.29,117.01,116.74,116.46,116.18,115.89,115.61,115.31,115.01,114.71,114.40,114.02,113.65,113.28,112.91,112.55,112.20,111.84,111.46,111.05,110.65,110.25]
OTTOWN|Agios Dionysios|H|40|[118.09,118.15,118.21,118.29,118.28,118.27,118.26,118.24,118.21,118.18,118.16,118.16,118.16,118.16,118.16,118.17,118.17,118.18,118.16,118.02,117.87,117.74,117.55,117.28,117.00,116.72,116.43,116.15,115.87,115.56,115.26,114.96,114.66,114.35,113.97,113.60,113.22,112.84,112.48,112.12,111.78,111.40,111.00,110.59,110.22]
OTTOWN|Agios Dionysios|H|41|[118.03,118.08,118.18,118.26,118.25,118.24,118.23,118.21,118.18,118.16,118.16,118.16,118.16,118.16,118.16,118.16,118.17,118.16,118.14,118.00,117.86,117.73,117.55,117.27,116.99,116.70,116.41,116.13,115.82,115.51,115.20,114.90,114.60,114.29,113.91,113.54,113.14,112.76,112.40,112.05,111.71,111.34,110.93,110.57,110.21]
OTTOWN|Agios Dionysios|H|42|[117.96,118.05,118.15,118.23,118.22,118.21,118.19,118.17,118.15,118.15,118.15,118.15,118.15,118.15,118.15,118.15,118.15,118.14,118.12,117.98,117.85,117.73,117.54,117.26,116.97,116.67,116.39,116.08,115.77,115.45,115.15,114.84,114.54,114.23,113.85,113.45,113.06,112.67,112.33,111.99,111.65,111.28,110.91,110.55,110.20]
OTTOWN|Agios Dionysios|H|43|[117.93,118.03,118.12,118.20,118.18,118.16,118.15,118.14,118.14,118.13,118.13,118.14,118.14,118.14,118.14,118.13,118.13,118.12,118.10,117.98,117.85,117.72,117.52,117.23,116.94,116.64,116.34,116.03,115.71,115.40,115.09,114.78,114.48,114.16,113.76,113.37,112.97,112.59,112.25,111.92,111.58,111.24,110.88,110.53,110.17]
OTTOWN|Agios Dionysios|H|44|[117.88,117.98,118.06,118.07,118.05,118.03,118.03,118.03,118.03,118.03,118.10,118.13,118.13,118.13,118.13,118.13,118.12,118.12,118.10,117.97,117.84,117.68,117.44,117.15,116.85,116.60,116.32,116.00,115.69,115.33,115.01,114.71,114.40,114.04,113.64,113.24,112.82,112.41,112.07,111.73,111.41,111.07,110.72,110.36,110.19]
OTTOWN|Agios Dionysios|END
OTTOWN|Kore|HEAD|i_House_Big_02_V1_F|Land_i_House_Big_02_V3_F|[7109.802,16544.332,132.794]|266.49|false|67|2|3
OTTOWN|Kore|BOX|[-5.33,-12.09,5.33,12.09,-6.09,6.09]
OTTOWN|Kore|DOOR|main|[7116.24,16540.07,133.17]|536.5|3.50
OTTOWN|Kore|DOOR|side|[7104.50,16544.11,133.18]|266.5|1.25
OTTOWN|Kore|BPOS|[[7115.27,16548.22,133.21],[7113.13,16544.63,133.21],[7115.09,16544.09,136.65],[7103.31,16547.22,136.66],[7105.16,16547.33,133.22],[7106.67,16548.39,136.66],[7105.27,16544.25,136.66],[7107.70,16543.53,136.66],[7108.22,16545.31,133.22]]
OTTOWN|Kore|OBJ|building|Land_i_House_Small_01_V2_F|[7105.80,16517.39,127.63]|311.6|[-5.43,-7.64,5.43,7.64,-5.08,5.08]
OTTOWN|Kore|OBJ|building|Land_u_Addon_01_V1_F|[7100.25,16521.70,127.48]|221.6|[-6.50,-4.51,6.50,4.51,-3.42,3.42]
OTTOWN|Kore|OBJ|building|Land_i_Stone_HouseBig_V2_F|[7086.34,16534.42,130.04]|218.2|[-6.78,-6.16,6.78,6.16,-5.84,5.84]
OTTOWN|Kore|OBJ|building|Land_i_Addon_04_V1_F|[7109.83,16535.41,131.10]|355.7|[-5.02,-3.98,5.02,3.98,-2.94,2.94]
OTTOWN|Kore|OBJ|building|Land_i_Shop_01_V3_F|[7110.58,16553.56,133.30]|266.3|[-4.75,-10.13,4.75,10.13,-6.46,6.46]
OTTOWN|Kore|OBJ|building|Land_i_Shop_01_V2_F|[7141.52,16543.96,133.94]|188.2|[-4.75,-9.79,4.75,9.79,-6.46,6.46]
OTTOWN|Kore|OBJ|building|Land_i_Shop_02_V2_F|[7154.41,16538.91,134.21]|297.5|[-8.58,-5.44,8.58,5.44,-6.24,6.24]
OTTOWN|Kore|OBJ|building|Land_i_House_Small_01_V2_F|[7108.17,16579.84,137.04]|270.2|[-5.43,-7.64,5.43,7.64,-5.08,5.08]
OTTOWN|Kore|OBJ|building|Land_u_Addon_01_V1_F|[7101.09,16579.38,136.77]|179.2|[-6.50,-4.51,6.50,4.51,-3.42,3.42]
OTTOWN|Kore|OBJ|building|Land_i_Stone_HouseSmall_V3_F|[7140.81,16567.30,134.68]|2.9|[-10.21,-5.82,10.21,5.82,-4.28,4.28]
OTTOWN|Kore|OBJ|wall|stone_8m_f.p3d|[7074.23,16521.35,125.54]|132.2|[-4.26,-0.35,4.26,0.35,-1.30,1.30]
OTTOWN|Kore|OBJ|wall|stone_pillar_f.p3d|[7077.11,16524.53,126.08]|46.3|[-0.45,-0.44,0.45,0.44,-1.79,1.79]
OTTOWN|Kore|OBJ|wall|stone_8md_f.p3d|[7094.94,16511.75,125.39]|35.3|[-4.14,-0.76,4.14,0.76,-1.28,1.28]
OTTOWN|Kore|OBJ|wall|stone_8m_f.p3d|[7108.27,16502.38,124.85]|215.0|[-4.26,-0.35,4.26,0.35,-1.30,1.30]
OTTOWN|Kore|OBJ|wall|stone_8m_f.p3d|[7080.49,16522.05,125.94]|214.9|[-4.26,-0.35,4.26,0.35,-1.30,1.30]
OTTOWN|Kore|OBJ|wall|stone_8m_f.p3d|[7101.90,16506.88,125.16]|215.0|[-4.26,-0.35,4.26,0.35,-1.30,1.30]
OTTOWN|Kore|OBJ|wall|stone_8m_f.p3d|[7088.79,16516.07,125.68]|214.7|[-4.26,-0.35,4.26,0.35,-1.30,1.30]
OTTOWN|Kore|OBJ|wall|stone_4m_f.p3d|[7084.74,16518.99,125.69]|36.9|[-2.22,-0.36,2.22,0.36,-1.29,1.29]
OTTOWN|Kore|OBJ|wall|stone_8m_f.p3d|[7118.52,16507.71,126.48]|92.2|[-4.26,-0.35,4.26,0.35,-1.30,1.30]
OTTOWN|Kore|OBJ|wall|city_8m_f.p3d|[7139.84,16529.30,132.38]|41.6|[-3.53,-0.25,3.53,0.25,-2.08,2.08]
OTTOWN|Kore|OBJ|wall|stone_pillar_f.p3d|[7118.75,16511.93,127.21]|359.4|[-0.45,-0.44,0.45,0.44,-1.79,1.79]
OTTOWN|Kore|OBJ|wall|city_8m_f.p3d|[7145.03,16524.72,132.45]|41.6|[-3.53,-0.25,3.53,0.25,-2.08,2.08]
OTTOWN|Kore|OBJ|wall|stone_8m_f.p3d|[7090.26,16538.33,129.91]|102.3|[-4.26,-0.35,4.26,0.35,-1.30,1.30]
OTTOWN|Kore|OBJ|wall|stone_8m_f.p3d|[7091.82,16546.29,131.50]|100.3|[-4.26,-0.35,4.26,0.35,-1.30,1.30]
OTTOWN|Kore|OBJ|wall|stone_8m_f.p3d|[7093.29,16554.23,132.82]|100.3|[-4.26,-0.35,4.26,0.35,-1.30,1.30]
OTTOWN|Kore|OBJ|wall|stone_8m_f.p3d|[7094.88,16561.95,133.99]|102.7|[-4.26,-0.35,4.26,0.35,-1.30,1.30]
OTTOWN|Kore|OBJ|wall|stone_8m_f.p3d|[7099.80,16566.49,134.97]|174.4|[-4.26,-0.35,4.26,0.35,-1.30,1.30]
OTTOWN|Kore|OBJ|wall|city_8m_f.p3d|[7083.18,16578.71,137.09]|270.2|[-3.53,-0.25,3.53,0.25,-2.08,2.08]
OTTOWN|Kore|OBJ|wall|city_4m_f.p3d|[7085.07,16575.40,136.84]|0.5|[-1.79,-0.24,1.79,0.24,-2.08,2.08]
OTTOWN|Kore|OBJ|wall|city_4m_f.p3d|[7093.21,16575.26,136.95]|180.2|[-1.79,-0.24,1.79,0.24,-2.08,2.08]
OTTOWN|Kore|OBJ|wall|stone_pillar_f.p3d|[7103.99,16566.86,135.22]|83.4|[-0.45,-0.44,0.45,0.44,-1.79,1.79]
OTTOWN|Kore|OBJ|wall|stone_pillar_f.p3d|[7095.77,16566.06,134.57]|99.0|[-0.45,-0.44,0.45,0.44,-1.79,1.79]
OTTOWN|Kore|OBJ|tree|t_oleae2s_f.p3d|[7078.94,16516.98,124.39]|27.9|[-7.19,-6.88,7.19,6.88,-7.90,7.90]
OTTOWN|Kore|OBJ|tree|t_ficusb2s_f.p3d|[7135.64,16525.66,130.78]|234.0|[-8.66,-8.23,8.66,8.23,-5.99,5.99]
OTTOWN|Kore|OBJ|tree|t_ficusb2s_f.p3d|[7144.59,16517.56,127.79]|339.0|[-8.66,-8.23,8.66,8.23,-5.99,5.99]
OTTOWN|Kore|OBJ|tree|t_fraxinusav2s_f.p3d|[7094.94,16543.54,131.93]|199.1|[-13.54,-13.39,13.54,13.39,-13.22,13.22]
OTTOWN|Kore|H|0|[120.99,120.87,120.75,120.62,120.66,120.76,120.85,120.94,120.90,120.85,120.80,120.74,120.66,120.57,120.49,120.62,120.75,120.88,121.01,121.74,122.70,123.66,124.56,124.62,124.66,124.70,124.76,124.86,124.97,125.07,125.16,125.27,125.38,125.49,125.70,125.96,126.23,126.47,126.66,126.87,127.09,127.26,127.35,127.43,127.52]
OTTOWN|Kore|H|1|[121.05,120.93,120.81,120.77,120.83,120.93,121.02,121.06,121.01,120.96,120.91,120.83,120.75,120.66,121.04,121.52,121.65,121.78,122.16,122.94,123.90,124.80,124.97,125.02,125.06,125.13,125.23,125.33,125.43,125.49,125.54,125.65,125.77,125.85,126.05,126.32,126.56,126.56,126.75,126.96,127.13,127.23,127.31,127.40,127.55]
OTTOWN|Kore|H|2|[121.11,120.99,120.96,120.94,121.00,121.09,121.13,121.17,121.13,121.07,121.00,120.92,120.84,121.21,121.93,122.42,122.55,122.93,123.36,124.14,125.05,125.21,125.37,125.43,125.49,125.59,125.69,125.79,125.85,125.87,125.93,126.04,126.12,126.20,126.40,126.65,126.65,126.65,126.83,127.01,127.10,127.19,127.28,127.43,127.63]
OTTOWN|Kore|H|3|[121.18,121.14,121.13,121.12,121.17,121.21,121.24,121.28,121.23,121.16,121.09,121.01,121.39,122.11,122.83,123.32,123.70,124.13,124.57,125.29,125.45,125.61,125.78,125.85,125.95,126.05,126.15,126.21,126.23,126.25,126.31,126.40,126.48,126.56,126.74,126.74,126.73,126.73,126.88,126.98,127.07,127.16,127.31,127.51,127.70]
OTTOWN|Kore|H|4|[121.57,121.56,121.54,121.53,121.56,121.60,121.64,121.66,121.60,121.52,121.45,121.66,122.38,123.11,123.83,124.26,124.69,125.13,125.54,125.71,125.87,126.03,126.15,126.24,126.35,126.45,126.56,126.58,126.60,126.62,126.65,126.73,126.81,126.89,126.90,126.90,126.90,126.86,126.93,127.03,127.12,127.19,127.38,127.58,127.77]
OTTOWN|Kore|H|5|[122.32,122.31,122.30,122.31,122.34,122.38,122.41,122.40,122.34,122.27,122.41,122.79,123.51,124.24,124.61,124.96,125.39,125.81,125.97,126.14,126.30,126.42,126.45,126.54,126.64,126.78,126.92,126.94,126.96,126.95,126.97,127.05,127.13,127.17,127.18,127.17,127.14,127.02,127.09,127.19,127.23,127.26,127.46,127.65,127.77]
OTTOWN|Kore|H|6|[123.08,123.07,123.08,123.10,123.13,123.15,123.15,123.15,123.08,123.23,123.54,123.92,124.64,125.02,125.31,125.66,126.08,126.24,126.41,126.57,126.69,126.72,126.74,126.84,126.97,127.13,127.27,127.29,127.28,127.27,127.29,127.37,127.40,127.44,127.45,127.41,127.30,127.18,127.26,127.30,127.30,127.33,127.53,127.65,127.76]
OTTOWN|Kore|H|7|[123.84,123.85,123.87,123.88,123.90,123.90,123.89,123.89,124.05,124.36,124.68,125.05,125.42,125.72,126.01,126.34,126.51,126.67,126.84,126.96,126.99,127.01,127.04,127.17,127.33,127.49,127.63,127.62,127.60,127.58,127.60,127.64,127.68,127.72,127.69,127.58,127.46,127.35,127.37,127.37,127.37,127.41,127.53,127.63,127.74]
OTTOWN|Kore|H|8|[124.39,124.41,124.43,124.45,124.45,124.45,124.45,124.43,124.71,125.02,125.34,125.60,125.89,126.19,126.48,126.76,126.92,127.09,127.18,127.19,127.21,127.24,127.27,127.41,127.57,127.73,127.90,127.88,127.86,127.85,127.92,127.96,128.00,128.02,127.95,127.83,127.72,127.84,127.87,127.87,127.87,128.34,128.45,128.55,128.65]
OTTOWN|Kore|H|9|[124.84,124.85,124.87,124.90,124.91,124.91,124.89,124.85,125.13,125.44,125.70,125.96,126.25,126.55,126.89,127.16,127.33,127.42,127.38,127.38,127.40,127.43,127.46,127.61,127.77,127.96,128.13,128.12,128.11,128.20,128.27,128.31,128.33,128.33,128.25,128.14,128.25,128.55,128.58,128.58,129.13,129.72,129.83,129.93,129.92]
OTTOWN|Kore|H|10|[125.28,125.30,125.33,125.36,125.37,125.35,125.31,125.27,125.55,125.81,126.06,126.31,126.61,126.95,127.29,127.57,127.66,127.62,127.57,127.57,127.60,127.63,127.66,127.80,128.00,128.20,128.37,128.36,128.45,128.54,128.61,128.64,128.63,128.63,128.56,128.67,128.97,129.26,129.29,129.84,130.52,131.11,131.20,131.20,131.19]
OTTOWN|Kore|H|11|[125.73,125.76,125.79,125.82,125.81,125.77,125.74,125.70,125.92,126.17,126.41,126.67,127.01,127.36,127.70,127.90,127.86,127.81,127.76,127.76,127.79,127.82,127.85,128.03,128.24,128.44,128.62,128.71,128.80,128.89,128.94,128.94,128.94,128.94,129.09,129.39,129.68,129.97,130.55,131.23,131.90,132.48,132.48,132.47,132.46]
OTTOWN|Kore|H|12|[126.14,126.17,126.19,126.16,126.11,126.07,126.04,126.11,126.34,126.58,126.83,127.09,127.43,127.78,128.00,127.95,127.90,127.86,127.88,127.92,127.95,127.98,128.01,128.20,128.40,128.62,129.01,129.10,129.19,129.28,129.31,129.31,129.31,129.31,129.51,129.80,130.09,130.64,131.30,131.98,132.61,132.70,132.69,132.68,132.72]
OTTOWN|Kore|H|13|[126.53,126.56,126.53,126.45,126.40,126.37,126.43,126.53,126.76,127.00,127.25,127.51,127.86,128.08,128.03,127.99,127.94,127.96,128.03,128.07,128.10,128.14,128.17,128.36,128.58,129.02,129.42,129.51,129.59,129.65,129.69,129.69,129.69,129.70,129.90,130.19,130.73,131.33,132.00,132.63,132.73,132.82,132.81,132.85,132.99]
OTTOWN|Kore|H|14|[126.93,126.90,126.82,126.74,126.69,126.76,126.86,126.95,127.18,127.43,127.68,127.94,128.16,128.11,128.07,128.02,128.04,128.11,128.18,128.22,128.26,128.30,128.33,128.54,128.98,129.43,129.82,129.90,129.96,130.03,130.07,130.07,130.08,130.09,130.29,130.83,131.43,132.02,132.65,132.75,132.85,132.94,132.98,133.12,133.26]
OTTOWN|Kore|H|15|[127.31,127.23,127.15,127.07,127.09,127.19,127.28,127.38,127.61,127.86,128.11,128.29,128.25,128.20,128.16,128.19,128.26,128.33,128.40,128.50,128.54,128.57,128.61,129.01,129.45,129.90,130.20,130.27,130.33,130.39,130.43,130.44,130.45,130.46,130.86,131.46,132.06,132.63,132.75,132.85,132.95,133.08,133.22,133.37,133.51]
OTTOWN|Kore|H|16|[127.83,127.75,127.67,127.53,127.53,127.62,127.72,127.83,128.07,128.32,128.53,128.66,128.61,128.57,128.64,128.77,128.84,128.91,129.22,129.37,129.41,129.44,129.43,129.83,130.28,130.56,130.52,130.58,130.64,130.68,130.70,130.71,130.72,130.79,131.20,131.80,132.37,132.61,132.72,132.82,132.98,133.22,133.36,133.50,133.62]
OTTOWN|Kore|H|17|[128.35,128.27,128.12,127.96,127.97,128.06,128.18,128.29,128.53,128.75,128.90,129.02,128.98,129.05,129.21,129.34,129.41,129.72,130.09,130.24,130.27,130.26,130.26,130.66,130.94,130.88,130.83,130.90,130.94,130.96,130.97,130.98,131.05,131.12,131.54,132.11,132.35,132.58,132.70,132.85,133.11,133.35,133.49,133.61,133.72]
OTTOWN|Kore|H|18|[128.87,128.72,128.56,128.40,128.41,128.52,128.64,128.75,128.96,129.11,129.27,129.39,129.46,129.63,129.79,129.91,130.22,130.59,130.96,131.10,131.10,131.09,131.08,131.32,131.25,131.19,131.15,131.19,131.21,131.23,131.25,131.31,131.38,131.46,131.85,132.09,132.32,132.56,132.73,132.98,133.24,133.48,133.61,133.72,133.83]
OTTOWN|Kore|H|19|[129.41,129.25,129.09,128.92,128.88,128.99,129.11,129.20,129.34,129.50,129.65,129.76,129.93,130.09,130.25,130.55,130.91,131.28,131.63,131.68,131.68,131.67,131.70,131.65,131.58,131.52,131.47,131.49,131.51,131.53,131.56,131.63,131.71,131.78,131.96,132.20,132.44,132.65,132.89,133.15,133.41,133.62,133.73,133.84,133.95]
OTTOWN|Kore|H|20|[130.07,129.91,129.74,129.41,129.37,129.48,129.57,129.62,129.77,129.92,130.01,130.08,130.24,130.40,130.66,130.98,131.35,131.70,131.87,131.92,131.91,131.94,132.04,132.00,131.93,131.87,131.83,131.85,131.87,131.85,131.87,131.94,132.02,132.09,132.27,132.50,132.71,132.86,133.11,133.37,133.60,133.78,133.89,134.00,134.02]
OTTOWN|Kore|H|21|[130.73,130.56,130.23,129.89,129.85,129.95,130.00,130.04,130.19,130.28,130.33,130.39,130.55,130.81,131.10,131.42,131.77,131.94,132.10,132.16,132.19,132.29,132.39,132.35,132.29,132.23,132.18,132.20,132.19,132.16,132.18,132.25,132.32,132.39,132.57,132.78,132.93,133.08,133.33,133.56,133.75,133.94,134.05,134.06,134.06]
OTTOWN|Kore|H|22|[131.37,131.04,130.71,130.38,130.32,130.37,130.42,130.46,130.55,130.59,130.64,130.70,130.96,131.25,131.53,131.84,132.01,132.17,132.34,132.43,132.54,132.64,132.74,132.70,132.64,132.58,132.54,132.52,132.50,132.47,132.49,132.56,132.63,132.69,132.85,133.00,133.15,133.30,133.52,133.71,133.91,134.09,134.11,134.11,134.11]
OTTOWN|Kore|H|23|[132.14,131.81,131.48,131.08,130.93,130.97,131.02,130.93,130.95,131.00,131.04,131.05,131.33,131.62,131.89,132.03,132.20,132.37,132.52,132.62,132.73,132.83,132.90,132.85,132.79,132.73,132.83,132.80,132.78,132.76,132.79,132.86,132.93,132.97,133.06,133.22,133.37,133.51,133.70,133.89,134.09,134.20,134.20,134.20,134.20]
OTTOWN|Kore|H|24|[133.04,132.71,132.31,131.78,131.62,131.67,131.58,131.38,131.41,131.45,131.40,131.38,131.67,131.94,132.07,132.21,132.38,132.53,132.63,132.74,132.84,132.91,132.94,132.89,132.83,132.96,133.10,133.08,133.05,133.07,133.10,133.17,133.21,133.19,133.28,133.44,133.57,133.70,133.89,134.09,134.22,134.32,134.31,134.31,134.31]
OTTOWN|Kore|H|25|[133.94,133.54,133.01,132.47,132.32,132.23,132.03,131.84,131.86,131.81,131.74,131.72,131.99,132.12,132.24,132.39,132.54,132.64,132.75,132.85,132.92,132.95,132.99,132.94,133.06,133.23,133.37,133.35,133.36,133.38,133.41,133.45,133.43,133.41,133.50,133.64,133.76,133.89,134.08,134.21,134.33,134.43,134.43,134.42,134.41]
OTTOWN|Kore|H|26|[134.78,134.24,133.71,133.17,132.88,132.68,132.49,132.29,132.22,132.15,132.07,132.04,132.17,132.29,132.42,132.54,132.65,132.76,132.86,132.93,132.96,133.00,133.03,133.17,133.34,133.50,133.65,133.66,133.67,133.69,133.69,133.67,133.65,133.63,133.71,133.83,133.96,134.08,134.21,134.32,134.44,134.54,134.53,134.53,134.52]
OTTOWN|Kore|H|27|[135.49,134.96,134.42,133.79,133.42,133.23,133.03,132.79,132.70,132.63,132.55,132.43,132.55,132.68,132.77,132.83,132.94,133.04,133.03,133.01,133.05,133.08,133.12,133.28,133.44,133.61,133.72,133.73,133.74,133.76,133.76,133.74,133.72,133.73,133.83,133.95,134.08,134.14,134.25,134.37,134.49,134.55,134.55,134.54,134.52]
OTTOWN|Kore|H|28|[136.21,135.67,135.05,134.35,133.98,133.78,133.54,133.29,133.20,133.12,132.95,132.83,132.95,133.05,133.07,133.14,133.24,133.22,133.11,133.10,133.13,133.17,133.21,133.37,133.54,133.66,133.76,133.78,133.79,133.81,133.82,133.80,133.81,133.85,133.94,134.07,134.13,134.19,134.30,134.41,134.49,134.56,134.55,134.53,134.47]
OTTOWN|Kore|H|29|[136.93,136.30,135.60,134.90,134.53,134.29,134.04,133.78,133.69,133.52,133.35,133.23,133.32,133.35,133.38,133.44,133.42,133.31,133.20,133.18,133.22,133.27,133.31,133.46,133.58,133.71,133.81,133.83,133.85,133.87,133.87,133.89,133.92,133.96,134.06,134.12,134.18,134.23,134.34,134.42,134.50,134.56,134.54,134.48,134.42]
OTTOWN|Kore|H|30|[137.54,136.84,136.14,135.44,135.04,134.78,134.53,134.28,134.10,133.93,133.76,133.62,133.65,133.68,133.70,133.66,133.55,133.43,133.32,133.36,133.40,133.44,133.48,133.58,133.70,133.82,133.88,133.91,133.93,133.95,133.97,134.01,134.04,134.08,134.14,134.19,134.24,134.30,134.38,134.46,134.54,134.58,134.52,134.46,134.40]
OTTOWN|Kore|H|31|[138.02,137.32,136.62,135.94,135.53,135.28,135.02,134.74,134.56,134.39,134.21,134.05,134.08,134.11,134.07,133.98,133.86,133.75,133.86,133.94,133.98,134.02,133.95,134.05,134.17,134.20,134.07,134.09,134.11,134.11,134.12,134.15,134.19,134.26,134.33,134.38,134.43,134.51,134.59,134.67,134.72,134.70,134.64,134.58,134.59]
OTTOWN|Kore|H|32|[138.50,137.80,137.12,136.43,136.03,135.77,135.49,135.20,135.02,134.85,134.65,134.48,134.51,134.47,134.39,134.29,134.18,134.29,134.44,134.52,134.56,134.49,134.42,134.52,134.55,134.39,134.25,134.27,134.27,134.26,134.26,134.30,134.37,134.45,134.51,134.57,134.65,134.72,134.80,134.85,134.84,134.82,134.76,134.77,134.84]
OTTOWN|Kore|H|33|[138.98,138.29,137.61,136.93,136.52,136.24,135.95,135.67,135.48,135.28,135.08,134.91,134.88,134.79,134.71,134.61,134.72,134.87,135.03,135.10,135.03,134.96,134.89,134.90,134.74,134.57,134.44,134.44,134.42,134.40,134.41,134.48,134.56,134.64,134.71,134.78,134.86,134.94,134.99,134.97,134.96,134.94,134.95,135.02,135.09]
OTTOWN|Kore|H|34|[139.37,138.69,138.01,137.32,136.89,136.61,136.32,136.04,135.84,135.64,135.44,135.33,135.24,135.16,135.07,135.14,135.30,135.45,135.60,135.56,135.49,135.43,135.32,135.15,134.99,134.82,134.69,134.67,134.65,134.64,134.65,134.73,134.81,134.89,134.99,135.06,135.14,135.15,135.13,135.11,135.10,135.15,135.22,135.29,135.36]
OTTOWN|Kore|H|35|[139.62,138.94,138.26,137.56,137.13,136.85,136.57,136.30,136.09,135.89,135.79,135.76,135.67,135.59,135.62,135.71,135.87,136.02,136.05,136.02,135.95,135.84,135.66,135.49,135.33,135.17,135.04,135.03,135.01,134.98,134.98,135.06,135.15,135.27,135.36,135.44,135.45,135.32,135.30,135.28,135.34,135.44,135.51,135.58,135.52]
OTTOWN|Kore|H|36|[139.87,139.19,138.49,137.80,137.37,137.09,136.82,136.55,136.35,136.25,136.22,136.19,136.11,136.14,136.19,136.29,136.43,136.47,136.50,136.47,136.37,136.18,136.00,135.84,135.68,135.53,135.40,135.38,135.35,135.31,135.32,135.40,135.52,135.64,135.73,135.74,135.62,135.49,135.46,135.52,135.63,135.73,135.80,135.74,135.66]
OTTOWN|Kore|H|37|[140.12,139.43,138.73,138.03,137.61,137.34,137.08,136.81,136.70,136.68,136.66,136.62,136.65,136.71,136.77,136.85,136.89,136.92,136.96,136.89,136.71,136.53,136.34,136.19,136.04,135.89,135.76,135.72,135.68,135.64,135.65,135.77,135.89,136.01,136.04,135.91,135.78,135.66,135.70,135.81,135.91,136.01,135.96,135.88,135.80]
OTTOWN|Kore|H|38|[140.37,139.68,138.98,138.28,137.86,137.59,137.33,137.00,136.94,136.92,136.89,136.83,136.88,136.94,136.98,136.91,136.94,136.98,137.02,136.91,136.73,136.55,136.51,136.38,136.23,136.08,136.09,136.05,136.01,135.98,136.06,136.18,136.30,136.44,136.41,136.28,136.15,136.10,136.20,136.31,136.41,136.51,136.43,136.35,136.29]
OTTOWN|Kore|H|39|[140.63,139.93,139.23,138.53,138.11,137.84,137.52,137.14,137.08,137.06,136.97,136.89,136.94,136.98,136.84,136.77,136.80,136.84,136.88,136.78,136.59,136.55,136.61,136.48,136.33,136.36,136.41,136.37,136.34,136.40,136.48,136.60,136.74,136.90,136.88,136.75,136.70,136.71,136.81,136.92,137.05,137.15,137.07,137.01,137.14]
OTTOWN|Kore|H|40|[140.88,140.18,139.48,138.78,138.36,138.03,137.66,137.28,137.23,137.13,137.03,136.94,136.99,136.84,136.70,136.63,136.66,136.70,136.74,136.64,136.60,136.66,136.72,136.59,136.62,136.68,136.73,136.70,136.76,136.82,136.91,137.04,137.21,137.37,137.35,137.30,137.31,137.32,137.42,137.55,137.69,137.79,137.73,137.86,138.00]
OTTOWN|Kore|H|41|[141.14,140.43,139.73,139.03,138.55,138.17,137.80,137.43,137.30,137.19,137.09,136.99,136.85,136.70,136.56,136.49,136.53,136.57,136.61,136.64,136.70,136.76,136.83,136.87,136.94,137.01,137.06,137.13,137.19,137.25,137.35,137.51,137.68,137.84,137.90,137.91,137.92,137.93,138.05,138.19,138.33,138.45,138.58,138.72,138.85]
OTTOWN|Kore|H|42|[141.33,140.62,139.92,139.27,138.81,138.44,138.06,137.51,137.36,137.25,137.15,137.14,136.99,136.85,136.67,136.53,136.57,136.61,136.62,136.66,136.72,136.78,136.98,137.07,137.13,137.21,137.41,137.47,137.53,137.63,137.81,137.97,138.14,138.34,138.42,138.43,138.44,138.59,138.73,138.87,139.02,139.34,139.47,139.61,139.79]
OTTOWN|Kore|H|43|[141.51,140.81,140.15,139.54,139.08,138.71,138.16,137.57,137.42,137.32,137.33,137.31,137.17,136.99,136.73,136.59,136.63,136.64,136.63,136.67,136.73,136.93,137.16,137.25,137.32,137.55,137.75,137.81,137.91,138.09,138.27,138.43,138.63,138.86,138.94,138.95,139.10,139.28,139.42,139.57,139.92,140.23,140.37,140.55,140.85]
OTTOWN|Kore|H|44|[141.69,141.04,140.43,139.82,139.36,138.81,138.22,137.63,137.48,137.49,137.50,137.48,137.30,137.04,136.79,136.65,136.66,136.65,136.64,136.68,136.88,137.11,137.35,137.44,137.67,137.89,138.09,138.19,138.37,138.55,138.72,138.92,139.15,139.38,139.46,139.61,139.79,139.96,140.12,140.46,140.81,141.13,141.31,141.61,141.92]
OTTOWN|Kore|END
OTTOWN|Negades|HEAD|i_Stone_HouseBig_V1_F|Land_i_Stone_HouseBig_V2_F|[4854.883,16205.997,72.927]|207.67|false|43|1|2
OTTOWN|Negades|BOX|[-6.78,-6.16,6.78,6.16,-5.84,5.84]
OTTOWN|Negades|DOOR|main|[4853.15,16209.16,73.37]|387.7|1.00
OTTOWN|Negades|BPOS|[[4854.21,16203.76,73.44],[4853.08,16201.27,73.42],[4849.07,16203.67,76.21],[4853.25,16207.73,76.26],[4854.22,16202.78,76.26],[4850.75,16206.28,73.43]]
OTTOWN|Negades|OBJ|building|Land_i_House_Big_01_V3_F|[4868.16,16167.51,77.75]|127.0|[-7.89,-8.48,7.89,8.48,-6.61,6.61]
OTTOWN|Negades|OBJ|building|Land_i_House_Small_03_V1_F|[4818.44,16182.94,77.43]|125.4|[-6.20,-9.27,6.20,9.27,-3.79,3.79]
OTTOWN|Negades|OBJ|building|Land_i_House_Small_03_V1_F|[4829.35,16197.77,74.93]|125.0|[-6.20,-9.27,6.20,9.27,-3.79,3.79]
OTTOWN|Negades|OBJ|building|Land_i_House_Big_01_V2_F|[4846.93,16182.30,77.18]|306.7|[-7.89,-8.48,7.89,8.48,-6.61,6.61]
OTTOWN|Negades|OBJ|building|Land_u_Addon_02_V1_F|[4837.70,16177.02,77.78]|37.2|[-4.57,-4.94,4.57,4.94,-3.72,3.72]
OTTOWN|Negades|OBJ|building|Land_i_House_Big_01_V3_F|[4869.92,16192.22,74.67]|127.5|[-7.89,-8.48,7.89,8.48,-6.61,6.61]
OTTOWN|Negades|OBJ|building|Land_u_House_Small_02_V1_F|[4886.83,16175.97,77.29]|37.1|[-8.20,-4.64,8.20,4.64,-4.71,4.71]
OTTOWN|Negades|OBJ|building|Land_spp_Transformer_F|[4860.17,16191.41,73.74]|308.2|[-1.40,-3.28,1.40,3.28,-1.45,1.45]
OTTOWN|Negades|OBJ|building|Land_i_Stone_HouseSmall_V1_F|[4839.59,16214.02,71.40]|208.6|[-10.21,-5.82,10.21,5.82,-4.28,4.28]
OTTOWN|Negades|OBJ|building|Land_i_Stone_Shed_V1_F|[4866.33,16216.01,69.80]|12.4|[-4.53,-4.96,4.53,4.96,-3.80,3.80]
OTTOWN|Negades|OBJ|building|cargo_addon02_v1_f.p3d|[4866.64,16212.88,70.27]|12.3|[-3.12,-2.22,3.12,2.22,-2.18,2.18]
OTTOWN|Negades|OBJ|building|Land_u_House_Small_02_V1_F|[4893.03,16200.74,71.17]|43.4|[-8.20,-4.64,8.20,4.64,-4.71,4.71]
OTTOWN|Negades|OBJ|wall|city2_4m_f.p3d|[4857.88,16166.87,77.99]|144.2|[-1.76,-0.25,1.76,0.25,-2.09,2.09]
OTTOWN|Negades|OBJ|wall|city2_4m_f.p3d|[4855.06,16164.86,78.22]|144.2|[-1.76,-0.25,1.76,0.25,-2.09,2.09]
OTTOWN|Negades|OBJ|wall|city2_pillard_f.p3d|[4853.98,16164.06,78.37]|145.4|[-0.84,-0.25,0.84,0.25,-2.10,2.10]
OTTOWN|Negades|OBJ|wall|stone_8m_f.p3d|[4846.53,16194.04,73.79]|310.4|[-4.26,-0.35,4.26,0.35,-1.30,1.30]
OTTOWN|Negades|OBJ|wall|stone_8m_f.p3d|[4855.02,16197.84,72.81]|40.3|[-4.26,-0.35,4.26,0.35,-1.30,1.30]
OTTOWN|Negades|OBJ|wall|city_8m_f.p3d|[4858.58,16179.79,76.51]|215.4|[-3.53,-0.25,3.53,0.25,-2.08,2.08]
OTTOWN|Negades|OBJ|wall|stone_4m_f.p3d|[4850.30,16198.68,72.80]|306.3|[-2.22,-0.36,2.22,0.36,-1.29,1.29]
OTTOWN|Negades|OBJ|wall|stone_4m_f.p3d|[4859.58,16194.04,73.23]|38.0|[-2.22,-0.36,2.22,0.36,-1.29,1.29]
OTTOWN|Negades|OBJ|wall|stone_8m_f.p3d|[4888.16,16183.71,74.76]|308.9|[-4.26,-0.35,4.26,0.35,-1.30,1.30]
OTTOWN|Negades|OBJ|wall|stone_8m_f.p3d|[4893.31,16189.78,72.55]|311.8|[-4.26,-0.35,4.26,0.35,-1.30,1.30]
OTTOWN|Negades|OBJ|wall|stone_8m_f.p3d|[4827.12,16218.86,71.27]|129.0|[-4.26,-0.35,4.26,0.35,-1.30,1.30]
OTTOWN|Negades|OBJ|wall|stone_8m_f.p3d|[4828.29,16213.38,71.77]|208.6|[-4.26,-0.35,4.26,0.35,-1.30,1.30]
OTTOWN|Negades|OBJ|wall|city_8m_f.p3d|[4822.06,16212.47,72.66]|129.5|[-3.53,-0.25,3.53,0.25,-2.08,2.08]
OTTOWN|Negades|OBJ|wall|city_8m_f.p3d|[4817.66,16207.23,73.49]|129.5|[-3.53,-0.25,3.53,0.25,-2.08,2.08]
OTTOWN|Negades|OBJ|wall|wall_tin_4_2.p3d|[4819.18,16224.30,72.60]|308.1|[-2.02,-0.16,2.02,0.16,-1.48,1.48]
OTTOWN|Negades|OBJ|wall|wall_tin_4_2.p3d|[4818.91,16227.34,72.42]|222.9|[-2.02,-0.16,2.02,0.16,-1.48,1.48]
OTTOWN|Negades|OBJ|wall|wall_tin_4_2.p3d|[4811.48,16214.23,73.31]|308.1|[-2.02,-0.16,2.02,0.16,-1.48,1.48]
OTTOWN|Negades|OBJ|wall|wall_tin_4_2.p3d|[4813.97,16217.34,73.25]|308.1|[-2.02,-0.16,2.02,0.16,-1.48,1.48]
OTTOWN|Negades|OBJ|wall|stone_pillar_f.p3d|[4824.49,16215.47,71.86]|28.3|[-0.45,-0.44,0.45,0.44,-1.79,1.79]
OTTOWN|Negades|OBJ|wall|stone_pillar_f.p3d|[4829.74,16221.98,70.68]|37.0|[-0.45,-0.44,0.45,0.44,-1.79,1.79]
OTTOWN|Negades|OBJ|wall|city_pillar_f.p3d|[4815.33,16204.38,73.69]|309.6|[-0.23,-0.24,0.23,0.24,-2.14,2.14]
OTTOWN|Negades|OBJ|wall|wall_tin_pole.p3d|[4815.11,16218.94,73.37]|0.0|[-0.04,-0.04,0.04,0.04,-1.44,1.44]
OTTOWN|Negades|OBJ|wall|wall_tin_pole.p3d|[4816.31,16220.75,73.24]|359.8|[-0.04,-0.04,0.04,0.04,-1.44,1.44]
OTTOWN|Negades|OBJ|wall|stone_8md_f.p3d|[4854.44,16224.87,68.54]|197.1|[-4.14,-0.76,4.14,0.76,-1.28,1.28]
OTTOWN|Negades|OBJ|wall|stone_8m_f.p3d|[4834.54,16228.04,68.87]|129.0|[-4.26,-0.35,4.26,0.35,-1.30,1.30]
OTTOWN|Negades|OBJ|wall|stone_8m_f.p3d|[4841.09,16229.77,68.26]|200.0|[-4.26,-0.35,4.26,0.35,-1.30,1.30]
OTTOWN|Negades|OBJ|wall|stone_8m_f.p3d|[4835.07,16209.68,72.02]|208.6|[-4.26,-0.35,4.26,0.35,-1.30,1.30]
OTTOWN|Negades|OBJ|wall|stone_8m_f.p3d|[4841.79,16206.02,72.46]|208.6|[-4.26,-0.35,4.26,0.35,-1.30,1.30]
OTTOWN|Negades|OBJ|wall|stone_8m_f.p3d|[4848.41,16202.44,72.59]|208.6|[-4.26,-0.35,4.26,0.35,-1.30,1.30]
OTTOWN|Negades|OBJ|wall|stone_pillar_f.p3d|[4851.73,16200.55,72.57]|37.5|[-0.45,-0.44,0.45,0.44,-1.79,1.79]
OTTOWN|Negades|OBJ|wall|stone_pillar_f.p3d|[4832.11,16225.04,69.75]|37.0|[-0.45,-0.44,0.45,0.44,-1.79,1.79]
OTTOWN|Negades|OBJ|wall|stone_8m_f.p3d|[4882.60,16212.47,69.20]|40.3|[-4.26,-0.35,4.26,0.35,-1.30,1.30]
OTTOWN|Negades|OBJ|wall|stone_8m_f.p3d|[4888.82,16207.64,69.68]|35.0|[-4.26,-0.35,4.26,0.35,-1.30,1.30]
OTTOWN|Negades|OBJ|wall|stone_8m_f.p3d|[4861.78,16222.69,68.80]|17.3|[-4.26,-0.35,4.26,0.35,-1.30,1.30]
OTTOWN|Negades|OBJ|wall|stone_8m_f.p3d|[4876.39,16217.48,68.85]|37.4|[-4.26,-0.35,4.26,0.35,-1.30,1.30]
OTTOWN|Negades|OBJ|wall|stone_8m_f.p3d|[4869.40,16220.67,68.84]|12.0|[-4.26,-0.35,4.26,0.35,-1.30,1.30]
OTTOWN|Negades|OBJ|wall|stone_pillar_f.p3d|[4873.33,16219.78,68.75]|31.0|[-0.45,-0.44,0.45,0.44,-1.79,1.79]
OTTOWN|Negades|OBJ|wall|pipewall_concretel_8m_f.p3d|[4895.94,16224.14,60.95]|44.6|[-4.01,-0.36,4.01,0.36,-2.24,2.24]
OTTOWN|Negades|OBJ|wall|stone_pillar_f.p3d|[4837.30,16231.20,67.87]|38.9|[-0.45,-0.44,0.45,0.44,-1.79,1.79]
OTTOWN|Negades|OBJ|wall|pipewall_concretel_8m_f.p3d|[4873.43,16246.65,55.62]|44.6|[-4.01,-0.36,4.01,0.36,-2.24,2.24]
OTTOWN|Negades|OBJ|wall|pipewall_concretel_8m_f.p3d|[4879.06,16241.03,56.93]|44.6|[-4.01,-0.36,4.01,0.36,-2.24,2.24]
OTTOWN|Negades|OBJ|wall|pipewall_concretel_8m_f.p3d|[4884.66,16235.43,58.15]|44.6|[-4.01,-0.36,4.01,0.36,-2.24,2.24]
OTTOWN|Negades|OBJ|tree|t_ficusb2s_f.p3d|[4828.27,16169.97,78.31]|333.0|[-8.66,-8.23,8.66,8.23,-5.99,5.99]
OTTOWN|Negades|OBJ|tree|t_ficusb1s_f.p3d|[4833.49,16171.72,77.94]|83.1|[-5.06,-5.62,5.06,5.62,-4.61,4.61]
OTTOWN|Negades|OBJ|tree|t_oleae2s_f.p3d|[4859.11,16228.52,66.13]|107.0|[-7.19,-6.88,7.19,6.88,-7.90,7.90]
OTTOWN|Negades|OBJ|tree|t_oleae1s_f.p3d|[4851.10,16218.50,69.76]|110.0|[-3.91,-4.12,3.91,4.12,-5.03,5.03]
OTTOWN|Negades|OBJ|tree|t_oleae2s_f.p3d|[4887.58,16218.12,63.85]|159.0|[-7.19,-6.88,7.19,6.88,-7.90,7.90]
OTTOWN|Negades|OBJ|tree|t_oleae2s_f.p3d|[4881.67,16227.62,62.54]|2.4|[-7.19,-6.88,7.19,6.88,-7.90,7.90]
OTTOWN|Negades|OBJ|tree|t_oleae2s_f.p3d|[4895.60,16211.12,65.62]|132.9|[-7.19,-6.88,7.19,6.88,-7.90,7.90]
OTTOWN|Negades|OBJ|tree|t_oleae2s_f.p3d|[4821.35,16231.35,71.87]|14.9|[-7.19,-6.88,7.19,6.88,-7.90,7.90]
OTTOWN|Negades|OBJ|tree|t_oleae2s_f.p3d|[4851.43,16244.22,58.41]|149.9|[-7.19,-6.88,7.19,6.88,-7.90,7.90]
OTTOWN|Negades|OBJ|tree|t_oleae2s_f.p3d|[4850.74,16237.56,62.61]|92.0|[-7.19,-6.88,7.19,6.88,-7.90,7.90]
OTTOWN|Negades|OBJ|tree|t_ficusb1s_f.p3d|[4835.85,16236.00,66.24]|161.8|[-5.06,-5.62,5.06,5.62,-4.61,4.61]
OTTOWN|Negades|OBJ|tree|t_oleae2s_f.p3d|[4873.50,16230.27,61.77]|93.0|[-7.19,-6.88,7.19,6.88,-7.90,7.90]
OTTOWN|Negades|OBJ|tree|t_oleae2s_f.p3d|[4863.30,16238.36,59.27]|137.0|[-7.19,-6.88,7.19,6.88,-7.90,7.90]
OTTOWN|Negades|H|0|[80.18,80.11,80.04,80.00,79.97,79.93,79.89,79.83,79.76,79.70,79.61,79.51,79.41,79.31,79.19,79.06,78.92,78.78,78.73,78.69,78.66,78.62,78.55,78.49,78.43,78.36,78.30,78.24,78.17,78.11,78.05,78.00,77.95,77.91,77.89,77.86,77.83,77.81,77.79,77.78,77.75,77.74,77.72,77.70,77.68]
OTTOWN|Negades|H|1|[79.99,79.92,79.94,79.91,79.87,79.84,79.70,79.63,79.57,79.46,79.26,79.16,79.06,79.08,79.04,78.91,78.77,78.70,78.66,78.62,78.59,78.40,78.34,78.27,78.23,78.22,78.16,78.10,78.04,77.98,77.93,77.88,77.87,77.85,77.82,77.80,77.79,77.77,77.75,77.74,77.72,77.70,77.68,77.66,77.64]
OTTOWN|Negades|H|2|[79.77,79.79,79.86,79.83,79.79,79.63,79.48,79.42,79.31,79.03,78.83,78.73,78.75,78.93,78.89,78.75,78.68,78.64,78.60,78.56,78.35,78.15,78.09,78.04,78.07,78.07,78.01,77.95,77.89,77.84,77.78,77.78,77.80,77.78,77.75,77.75,77.74,77.72,77.71,77.70,77.68,77.66,77.64,77.62,77.60]
OTTOWN|Negades|H|3|[79.64,79.70,79.77,79.74,79.58,79.41,79.26,79.16,78.88,78.60,78.40,78.43,78.60,78.78,78.74,78.67,78.62,78.58,78.54,78.33,78.10,77.90,77.85,77.89,77.92,77.92,77.86,77.80,77.74,77.69,77.69,77.71,77.73,77.71,77.70,77.70,77.69,77.68,77.67,77.66,77.64,77.62,77.60,77.58,77.56]
OTTOWN|Negades|H|4|[79.55,79.62,79.69,79.53,79.36,79.20,79.01,78.73,78.45,78.18,78.10,78.27,78.45,78.63,78.65,78.61,78.57,78.52,78.30,78.07,77.85,77.67,77.70,77.74,77.77,77.77,77.71,77.65,77.60,77.59,77.62,77.64,77.66,77.66,77.65,77.65,77.65,77.64,77.63,77.62,77.60,77.58,77.56,77.54,77.51]
OTTOWN|Negades|H|5|[79.19,79.25,78.89,78.71,78.54,78.40,78.33,78.05,77.78,77.65,77.76,77.94,78.11,78.34,78.38,78.34,78.30,78.24,78.02,77.79,77.59,77.53,77.57,77.60,77.59,77.53,77.47,77.42,77.37,77.37,77.39,77.41,77.41,77.41,77.41,77.42,77.46,77.45,77.43,77.39,77.33,77.31,77.29,77.15,77.08]
OTTOWN|Negades|H|6|[78.82,78.45,78.06,77.88,77.74,77.72,77.65,77.38,77.25,77.31,77.42,77.60,77.82,78.07,78.12,78.07,78.01,77.95,77.73,77.53,77.45,77.39,77.43,77.42,77.35,77.29,77.23,77.19,77.15,77.15,77.17,77.17,77.17,77.17,77.17,77.23,77.26,77.25,77.21,77.12,77.06,77.04,76.91,76.72,76.64]
OTTOWN|Negades|H|7|[78.02,77.63,77.23,77.08,77.06,77.04,76.98,76.85,76.91,76.97,77.08,77.31,77.56,77.80,77.85,77.79,77.73,77.67,77.48,77.40,77.32,77.26,77.25,77.18,77.12,77.05,77.01,76.96,76.92,76.92,76.92,76.92,76.92,76.93,76.98,77.03,77.07,77.03,76.94,76.85,76.79,76.66,76.47,76.28,76.21]
OTTOWN|Negades|H|8|[77.27,76.88,76.57,76.55,76.54,76.52,76.55,76.61,76.67,76.74,76.81,77.06,77.31,77.55,77.53,77.47,77.40,77.35,77.28,77.20,77.12,77.06,77.00,76.93,76.86,76.75,76.71,76.66,76.62,76.62,76.62,76.62,76.62,76.66,76.71,76.76,76.78,76.69,76.60,76.52,76.36,76.18,75.99,75.80,75.75]
OTTOWN|Negades|H|9|[76.76,76.45,76.50,76.48,76.46,76.51,76.63,76.69,76.75,76.62,76.61,76.86,77.11,77.13,77.08,77.02,76.97,76.95,76.88,76.80,76.76,76.77,76.71,76.64,76.41,76.22,76.17,76.13,76.15,76.15,76.15,76.15,76.11,76.16,76.21,76.24,76.25,76.16,76.07,75.92,75.74,75.55,75.36,75.23,75.17]
OTTOWN|Negades|H|10|[76.33,76.38,76.43,76.41,76.46,76.59,76.71,76.77,76.64,76.42,76.41,76.66,76.68,76.68,76.64,76.59,76.57,76.55,76.48,76.44,76.47,76.48,76.42,76.18,75.87,75.68,75.64,75.66,75.68,75.68,75.68,75.64,75.60,75.65,75.69,75.71,75.71,75.63,75.48,75.30,75.11,74.93,74.79,74.65,74.60]
OTTOWN|Negades|H|11|[76.26,76.31,76.35,76.40,76.54,76.67,76.78,76.65,76.44,76.22,76.21,76.23,76.23,76.24,76.21,76.19,76.17,76.15,76.12,76.15,76.18,76.19,75.96,75.65,75.34,75.15,75.17,75.19,75.21,75.21,75.17,75.13,75.10,75.13,75.15,75.18,75.18,75.03,74.85,74.67,74.49,74.35,74.22,74.08,74.05]
OTTOWN|Negades|H|12|[76.07,76.11,76.23,76.36,76.49,76.62,76.53,76.31,76.09,75.88,75.76,75.76,75.77,75.78,75.77,75.75,75.73,75.72,75.75,75.78,75.81,75.64,75.33,75.02,74.71,74.70,74.72,74.74,74.79,74.81,74.77,74.73,74.73,74.75,74.77,74.80,74.56,74.38,74.20,74.03,73.84,73.71,73.57,73.46,73.51]
OTTOWN|Negades|H|13|[75.75,75.87,76.06,76.19,76.32,76.23,76.04,75.83,75.61,75.39,75.27,75.28,75.28,75.30,75.29,75.27,75.27,75.27,75.30,75.33,75.17,74.91,74.60,74.29,74.27,74.28,74.30,74.35,74.50,74.51,74.48,74.47,74.50,74.52,74.55,74.27,73.89,73.71,73.54,73.32,73.13,73.00,72.88,72.87,72.92]
OTTOWN|Negades|H|14|[75.50,75.70,75.89,76.02,75.93,75.75,75.56,75.34,75.12,74.90,74.78,74.79,74.81,74.82,74.81,74.81,74.82,74.82,74.85,74.69,74.44,74.18,73.87,73.85,73.85,73.86,73.91,74.05,74.20,74.22,74.21,74.24,74.27,74.30,74.01,73.60,73.22,73.04,72.83,72.60,72.42,72.31,72.29,72.28,72.32]
OTTOWN|Negades|H|15|[75.34,75.53,75.72,75.64,75.45,75.26,75.07,74.85,74.63,74.41,74.30,74.31,74.33,74.34,74.35,74.36,74.36,74.37,74.21,73.96,73.71,73.45,73.44,73.44,73.44,73.47,73.62,73.76,73.91,73.96,73.99,74.02,74.05,73.76,73.34,72.93,72.55,72.33,72.11,71.89,71.73,71.72,71.70,71.68,71.79]
OTTOWN|Negades|H|16|[75.13,75.32,75.36,75.18,74.99,74.81,74.75,74.53,74.31,74.12,74.09,74.10,74.12,74.10,74.09,74.10,74.10,73.99,73.75,73.50,73.25,73.18,73.18,73.18,73.19,73.28,73.42,73.57,73.73,73.81,73.84,73.87,73.71,73.30,72.89,72.47,72.16,71.94,71.72,71.52,71.48,71.47,71.45,71.39,71.49]
OTTOWN|Negades|H|17|[74.91,74.95,74.91,74.74,74.55,74.53,74.48,74.26,74.07,74.00,73.97,73.98,73.97,73.90,73.89,73.90,73.78,73.62,73.37,73.13,73.04,72.98,72.98,72.99,73.03,73.12,73.27,73.43,73.62,73.70,73.72,73.57,73.32,72.91,72.50,72.17,71.86,71.64,71.45,71.39,71.35,71.33,71.27,71.15,71.25]
OTTOWN|Negades|H|18|[74.54,74.50,74.47,74.29,74.27,74.26,74.21,74.02,73.95,73.88,73.85,73.83,73.77,73.71,73.69,73.58,73.41,73.24,73.00,72.92,72.84,72.78,72.79,72.83,72.87,72.96,73.13,73.31,73.50,73.58,73.42,73.18,72.93,72.53,72.20,71.87,71.57,71.38,71.32,71.25,71.21,71.15,71.03,70.91,71.01]
OTTOWN|Negades|H|19|[74.09,74.06,74.02,74.01,74.00,74.00,73.98,73.90,73.83,73.76,73.69,73.63,73.57,73.51,73.37,73.21,73.04,72.87,72.79,72.72,72.64,72.59,72.63,72.67,72.72,72.82,73.01,73.20,73.38,73.27,73.03,72.79,72.54,72.23,71.90,71.58,71.31,71.24,71.18,71.12,71.03,70.91,70.79,70.67,70.05]
OTTOWN|Negades|H|20|[73.90,73.87,73.87,73.86,73.85,73.85,73.85,73.78,73.70,73.54,73.36,73.30,73.24,73.20,73.08,72.91,72.74,72.74,72.67,72.60,72.51,72.40,72.44,72.49,72.45,72.47,72.65,72.84,72.87,72.69,72.44,72.20,72.12,71.81,71.49,71.20,71.08,71.02,70.96,70.82,70.64,70.52,70.40,70.01,69.28]
OTTOWN|Negades|H|21|[73.72,73.72,73.72,73.71,73.71,73.72,73.72,73.65,73.49,73.21,73.03,72.97,72.94,72.91,72.79,72.62,72.61,72.62,72.55,72.46,72.32,72.22,72.26,72.23,72.10,72.11,72.29,72.32,72.28,72.10,71.86,71.77,71.70,71.39,71.10,70.98,70.86,70.80,70.66,70.43,70.25,70.13,69.75,69.24,68.51]
OTTOWN|Negades|H|22|[73.56,73.56,73.56,73.56,73.58,73.59,73.59,73.43,73.16,72.88,72.70,72.67,72.64,72.62,72.49,72.49,72.49,72.50,72.42,72.28,72.13,72.03,72.00,71.87,71.74,71.75,71.78,71.74,71.69,71.51,71.43,71.35,71.28,71.01,70.88,70.75,70.64,70.50,70.27,70.04,69.86,69.48,68.97,68.47,67.74]
OTTOWN|Negades|H|23|[73.45,73.45,73.44,73.45,73.47,73.49,73.37,73.09,72.82,72.54,72.37,72.35,72.33,72.30,72.29,72.29,72.30,72.28,72.14,72.00,71.86,71.74,71.61,71.49,71.36,71.28,71.24,71.20,71.15,71.10,71.02,70.95,70.89,70.77,70.64,70.51,70.30,70.07,69.84,69.61,69.14,68.64,68.14,67.64,66.90]
OTTOWN|Negades|H|24|[73.46,73.45,73.40,73.41,73.43,73.30,73.00,72.73,72.45,72.17,71.99,71.97,71.95,71.88,71.86,71.87,71.85,71.72,71.58,71.44,71.34,71.28,71.15,71.03,70.94,70.89,70.85,70.80,70.80,70.74,70.67,70.61,70.60,70.48,70.35,70.10,69.74,69.51,69.28,68.73,68.11,67.61,67.11,66.50,65.75]
OTTOWN|Negades|H|25|[73.46,73.41,73.36,73.37,73.24,72.94,72.64,72.36,72.08,71.78,71.61,71.59,71.52,71.46,71.44,71.42,71.30,71.17,71.03,70.93,70.89,70.82,70.70,70.61,70.55,70.49,70.45,70.44,70.44,70.38,70.32,70.31,70.31,70.19,69.94,69.55,69.19,68.96,68.40,67.69,67.08,66.58,65.97,65.36,64.61]
OTTOWN|Negades|H|26|[73.42,73.36,73.31,73.18,72.88,72.57,72.27,71.98,71.69,71.40,71.23,71.17,71.10,71.03,70.99,70.87,70.74,70.62,70.52,70.47,70.43,70.37,70.28,70.22,70.15,70.10,70.09,70.09,70.08,70.04,70.03,70.02,70.02,69.78,69.39,68.99,68.63,68.07,67.37,66.66,66.05,65.44,64.83,64.21,63.65]
OTTOWN|Negades|H|27|[73.35,73.30,73.31,73.02,72.71,72.41,72.09,71.80,71.51,71.22,70.96,70.89,70.83,70.73,70.59,70.46,70.34,70.19,70.13,70.09,70.04,70.05,69.98,69.92,69.85,69.78,69.77,69.77,69.76,69.75,69.74,69.73,69.61,69.22,68.83,68.44,67.72,67.01,66.30,65.60,64.95,64.34,63.73,63.21,63.30]
OTTOWN|Negades|H|28|[73.27,73.28,73.35,73.06,72.75,72.43,72.10,71.81,71.52,71.10,70.84,70.77,70.68,70.48,70.33,70.21,70.06,69.88,69.83,69.78,69.81,69.84,69.78,69.71,69.58,69.50,69.49,69.48,69.46,69.45,69.44,69.32,69.05,68.66,68.27,67.51,66.62,65.91,65.20,64.54,63.90,63.29,62.77,62.68,62.76]
OTTOWN|Negades|H|29|[73.25,73.32,73.39,73.10,72.77,72.44,72.11,71.82,71.40,70.98,70.71,70.62,70.42,70.23,70.08,69.93,69.75,69.57,69.52,69.55,69.60,69.63,69.57,69.44,69.30,69.22,69.21,69.19,69.17,69.15,69.03,68.76,68.49,68.10,67.34,66.41,65.52,64.81,64.15,63.49,62.85,62.33,62.24,62.15,62.23]
OTTOWN|Negades|H|30|[73.29,73.36,73.43,73.12,72.78,72.45,72.12,71.71,71.28,70.86,70.57,70.37,70.17,69.97,69.80,69.62,69.45,69.27,69.28,69.34,69.40,69.43,69.29,69.16,69.02,68.93,68.91,68.89,68.87,68.74,68.47,68.20,67.93,67.17,66.24,65.31,64.42,63.76,63.09,62.43,61.89,61.80,61.71,61.61,61.75]
OTTOWN|Negades|H|31|[73.34,73.41,73.39,73.07,72.73,72.39,71.91,71.49,71.06,70.60,70.14,69.94,69.74,69.57,69.40,69.22,69.05,69.03,69.08,69.14,69.20,68.99,68.85,68.71,68.52,68.28,68.26,68.24,67.97,67.61,67.33,67.06,66.54,65.63,64.70,63.77,63.29,62.63,61.97,61.39,61.24,61.14,61.05,60.90,61.02]
OTTOWN|Negades|H|32|[73.40,73.37,73.31,72.99,72.65,72.16,71.67,71.24,70.77,70.11,69.65,69.45,69.28,69.14,68.97,68.79,68.78,68.83,68.89,68.94,68.72,68.49,68.35,68.16,67.75,67.51,67.49,67.22,66.64,66.27,66.00,65.48,64.85,63.94,63.01,62.58,62.13,61.47,60.90,60.70,60.54,60.45,60.29,60.06,60.19]
OTTOWN|Negades|H|33|[73.36,73.30,73.23,72.91,72.41,71.91,71.42,70.95,70.28,69.62,69.16,68.99,68.85,68.71,68.54,68.52,68.58,68.63,68.69,68.46,68.22,67.99,67.80,67.39,66.98,66.74,66.47,65.89,65.31,64.94,64.42,63.80,63.17,62.25,61.82,61.43,60.98,60.40,60.20,60.00,59.85,59.69,59.46,59.23,59.35]
OTTOWN|Negades|H|34|[73.28,73.22,73.15,72.67,72.17,71.66,71.12,70.46,69.80,69.13,68.70,68.56,68.42,68.27,68.27,68.32,68.38,68.44,68.21,67.96,67.72,67.44,67.03,66.62,66.21,65.72,65.14,64.56,63.98,63.37,62.74,62.11,61.48,61.07,60.67,60.27,59.91,59.71,59.51,59.30,59.09,58.86,58.62,58.39,58.27]
OTTOWN|Negades|H|35|[73.03,72.96,72.66,72.17,71.66,71.14,70.52,69.85,69.19,68.59,68.23,68.09,67.95,67.69,67.64,67.69,67.75,67.36,67.11,66.86,66.58,66.17,65.75,65.34,65.02,64.64,64.06,63.48,62.86,62.23,61.60,60.97,60.65,60.25,59.86,59.50,59.33,59.13,58.92,58.72,58.50,58.26,58.03,57.87,57.78]
OTTOWN|Negades|H|36|[72.78,72.48,72.16,71.67,71.14,70.53,69.91,69.25,68.64,68.12,67.76,67.62,67.36,67.06,67.01,67.06,66.68,66.26,66.01,65.73,65.31,64.89,64.48,64.15,63.93,63.55,62.97,62.36,61.72,61.09,60.46,60.14,59.83,59.44,59.09,58.92,58.74,58.54,58.34,58.12,57.90,57.67,57.51,57.39,57.30]
OTTOWN|Negades|H|37|[72.29,71.97,71.66,71.14,70.53,69.93,69.31,68.70,68.18,67.65,67.29,67.04,66.73,66.43,66.37,65.99,65.57,65.16,64.87,64.45,64.03,63.61,63.28,63.07,62.85,62.47,61.85,61.22,60.59,59.96,59.63,59.33,59.02,58.67,58.50,58.33,58.16,57.95,57.74,57.53,57.31,57.15,57.03,56.90,56.81]
OTTOWN|Negades|H|38|[71.77,71.45,71.15,70.57,69.96,69.35,68.67,68.14,67.61,67.08,66.68,66.38,66.07,65.77,65.33,64.91,64.50,64.10,63.68,63.26,62.84,62.44,62.22,62.00,61.78,61.34,60.71,60.08,59.45,59.13,58.82,58.51,58.24,58.07,57.91,57.74,57.57,57.36,57.15,56.94,56.82,56.69,56.57,56.44,56.48]
OTTOWN|Negades|H|39|[71.21,70.91,70.66,70.08,69.47,68.70,67.82,67.29,66.76,66.31,65.94,65.63,65.33,64.78,64.33,63.91,63.51,63.17,62.75,62.33,61.88,61.43,61.21,61.00,60.67,60.19,59.56,58.92,58.62,58.32,58.01,57.74,57.61,57.44,57.27,57.12,56.98,56.77,56.56,56.49,56.43,56.31,56.18,56.38,56.44]
OTTOWN|Negades|H|40|[70.67,70.42,70.18,69.59,68.82,67.85,66.97,66.44,65.98,65.56,65.19,64.89,64.34,63.78,63.33,62.93,62.58,62.24,61.83,61.37,60.87,60.43,60.21,59.89,59.52,59.03,58.40,58.10,57.81,57.51,57.24,57.10,56.97,56.80,56.66,56.53,56.39,56.18,56.11,56.10,56.05,55.92,56.12,56.34,56.40]
OTTOWN|Negades|H|41|[70.18,69.93,69.69,68.94,67.97,67.00,66.11,65.66,65.24,64.82,64.45,63.90,63.34,62.78,62.34,62.00,61.66,61.31,60.86,60.37,59.87,59.42,59.10,58.73,58.36,57.88,57.57,57.29,57.00,56.74,56.60,56.47,56.34,56.19,56.06,55.94,55.80,55.73,55.72,55.72,55.66,55.86,56.08,56.29,56.31]
OTTOWN|Negades|H|42|[69.42,69.18,68.79,67.84,66.87,65.90,65.23,64.81,64.39,63.96,63.29,62.73,62.17,61.67,61.34,61.00,60.66,60.32,59.83,59.34,58.84,58.45,58.08,57.71,57.35,57.03,56.75,56.46,56.22,56.12,55.98,55.85,55.66,55.53,55.40,55.28,55.24,55.23,55.23,55.22,55.34,55.56,55.78,56.00,55.91]
OTTOWN|Negades|H|43|[68.39,68.01,67.44,66.49,65.52,64.82,64.27,63.85,63.42,62.64,61.95,61.39,60.88,60.60,60.28,59.94,59.60,59.27,58.78,58.28,57.90,57.57,57.20,56.83,56.50,56.20,55.91,55.67,55.62,55.51,55.38,55.19,54.93,54.80,54.68,54.64,54.64,54.63,54.63,54.67,54.79,55.01,55.23,55.48,55.39]
OTTOWN|Negades|H|44|[67.22,66.66,66.09,65.14,64.44,63.86,63.30,62.88,62.10,61.30,60.60,60.10,59.82,59.54,59.22,58.88,58.55,58.22,57.73,57.35,57.02,56.68,56.32,55.99,55.66,55.35,55.11,55.07,55.02,54.91,54.72,54.46,54.21,54.07,54.03,54.03,54.03,54.03,54.07,54.12,54.24,54.46,54.71,54.96,54.87]
OTTOWN|Negades|END
OTTOWN|Agios Konstantinos|HEAD|i_House_Big_02_V1_F|Land_u_House_Big_02_V1_F|[3950.367,17305.805,11.475]|53.80|false|18|1|2
OTTOWN|Agios Konstantinos|BOX|[-5.27,-12.09,5.27,12.09,-5.90,5.90]
OTTOWN|Agios Konstantinos|DOOR|main|[3942.64,17305.91,11.64]|323.8|3.50
OTTOWN|Agios Konstantinos|DOOR|side|[3954.70,17308.86,11.63]|53.8|1.25
OTTOWN|Agios Konstantinos|BPOS|[[3947.89,17299.54,11.90],[3947.76,17303.71,11.90],[3945.82,17303.11,15.34],[3957.43,17306.83,15.33],[3955.92,17305.74,11.89],[3955.23,17304.04,15.33],[3954.17,17308.27,15.33],[3951.74,17307.57,15.34],[3952.26,17305.79,11.89]]
OTTOWN|Agios Konstantinos|OBJ|building|Land_i_House_Small_01_V3_F|[3968.09,17268.77,13.81]|322.5|[-5.43,-7.64,5.43,7.64,-5.08,5.08]
OTTOWN|Agios Konstantinos|OBJ|wall|city_8m_f.p3d|[3951.03,17290.95,11.36]|58.1|[-3.53,-0.25,3.53,0.25,-2.08,2.08]
OTTOWN|Agios Konstantinos|OBJ|wall|city_8m_f.p3d|[3955.19,17285.55,11.82]|47.0|[-3.53,-0.25,3.53,0.25,-2.08,2.08]
OTTOWN|Agios Konstantinos|OBJ|wall|city_8m_f.p3d|[3966.44,17288.20,13.99]|328.8|[-3.53,-0.25,3.53,0.25,-2.08,2.08]
OTTOWN|Agios Konstantinos|OBJ|wall|city_8m_f.p3d|[3977.84,17295.24,17.86]|328.8|[-3.53,-0.25,3.53,0.25,-2.08,2.08]
OTTOWN|Agios Konstantinos|OBJ|wall|city_8m_f.p3d|[3971.98,17291.60,15.61]|328.8|[-3.53,-0.25,3.53,0.25,-2.08,2.08]
OTTOWN|Agios Konstantinos|OBJ|wall|city_8m_f.p3d|[3983.79,17298.85,19.79]|328.8|[-3.53,-0.25,3.53,0.25,-2.08,2.08]
OTTOWN|Agios Konstantinos|OBJ|wall|city_8m_f.p3d|[3960.48,17284.60,12.58]|328.8|[-3.53,-0.25,3.53,0.25,-2.08,2.08]
OTTOWN|Agios Konstantinos|OBJ|wall|city_8m_f.p3d|[3985.01,17303.36,20.63]|237.1|[-3.53,-0.25,3.53,0.25,-2.08,2.08]
OTTOWN|Agios Konstantinos|OBJ|wall|city_8m_f.p3d|[3981.19,17309.11,20.43]|237.1|[-3.53,-0.25,3.53,0.25,-2.08,2.08]
OTTOWN|Agios Konstantinos|OBJ|wall|city_8m_f.p3d|[3960.28,17336.66,20.88]|230.9|[-3.53,-0.25,3.53,0.25,-2.08,2.08]
OTTOWN|Agios Konstantinos|OBJ|wall|city_8m_f.p3d|[3969.01,17325.89,20.66]|230.9|[-3.53,-0.25,3.53,0.25,-2.08,2.08]
OTTOWN|Agios Konstantinos|OBJ|wall|city_8m_f.p3d|[3973.42,17320.59,20.34]|230.9|[-3.53,-0.25,3.53,0.25,-2.08,2.08]
OTTOWN|Agios Konstantinos|OBJ|wall|city_8m_f.p3d|[3964.63,17331.29,20.75]|230.9|[-3.53,-0.25,3.53,0.25,-2.08,2.08]
OTTOWN|Agios Konstantinos|OBJ|wall|city_8m_f.p3d|[3977.42,17314.96,20.39]|237.1|[-3.53,-0.25,3.53,0.25,-2.08,2.08]
OTTOWN|Agios Konstantinos|OBJ|wall|city_8m_f.p3d|[3955.91,17342.07,20.91]|230.9|[-3.53,-0.25,3.53,0.25,-2.08,2.08]
OTTOWN|Agios Konstantinos|OBJ|wall|city_8m_f.p3d|[3954.48,17348.08,21.02]|282.9|[-3.53,-0.25,3.53,0.25,-2.08,2.08]
OTTOWN|Agios Konstantinos|OBJ|wall|city2_8m_f.p3d|[3930.81,17344.32,11.77]|357.4|[-3.51,-0.25,3.51,0.25,-2.09,2.09]
OTTOWN|Agios Konstantinos|OBJ|wall|city2_8m_f.p3d|[3937.62,17344.63,12.86]|357.4|[-3.51,-0.25,3.51,0.25,-2.09,2.09]
OTTOWN|Agios Konstantinos|OBJ|wall|city2_4m_f.p3d|[3940.86,17346.17,13.30]|258.1|[-1.76,-0.25,1.76,0.25,-2.09,2.09]
OTTOWN|Agios Konstantinos|OBJ|tree|t_ficusb1s_f.p3d|[3909.62,17292.46,8.86]|317.3|[-5.06,-5.62,5.06,5.62,-4.61,4.61]
OTTOWN|Agios Konstantinos|OBJ|tree|t_phoenixc1s_f.p3d|[3954.77,17291.21,11.10]|190.9|[-4.68,-4.32,4.68,4.32,-3.89,3.89]
OTTOWN|Agios Konstantinos|OBJ|tree|t_ficusb2s_f.p3d|[3969.74,17296.45,15.48]|11.1|[-8.66,-8.23,8.66,8.23,-5.99,5.99]
OTTOWN|Agios Konstantinos|OBJ|tree|t_oleae2s_f.p3d|[3990.71,17309.14,21.83]|147.8|[-7.19,-6.88,7.19,6.88,-7.90,7.90]
OTTOWN|Agios Konstantinos|OBJ|tree|t_ficusb2s_f.p3d|[3929.95,17330.44,10.62]|315.9|[-8.66,-8.23,8.66,8.23,-5.99,5.99]
OTTOWN|Agios Konstantinos|OBJ|tree|t_ficusb2s_f.p3d|[3932.79,17314.09,9.62]|113.0|[-8.66,-8.23,8.66,8.23,-5.99,5.99]
OTTOWN|Agios Konstantinos|OBJ|tree|t_ficusb2s_f.p3d|[3943.09,17313.00,10.98]|300.7|[-8.66,-8.23,8.66,8.23,-5.99,5.99]
OTTOWN|Agios Konstantinos|OBJ|tree|t_oleae2s_f.p3d|[3975.88,17333.75,21.65]|221.0|[-7.19,-6.88,7.19,6.88,-7.90,7.90]
OTTOWN|Agios Konstantinos|OBJ|tree|t_oleae2s_f.p3d|[3984.33,17320.59,21.59]|69.0|[-7.19,-6.88,7.19,6.88,-7.90,7.90]
OTTOWN|Agios Konstantinos|ROAD|ROAD|10.0|[3928.25,17264.16,8.93]|[3924.14,17288.21,9.00]
OTTOWN|Agios Konstantinos|ROAD|ROAD|10.0|[3924.14,17288.21,9.00]|[3919.95,17309.54,9.07]
OTTOWN|Agios Konstantinos|ROAD|ROAD|10.0|[3919.95,17309.54,9.07]|[3912.18,17336.40,10.12]
OTTOWN|Agios Konstantinos|ROAD|ROAD|10.0|[3912.18,17336.40,10.12]|[3905.21,17356.74,11.03]
OTTOWN|Agios Konstantinos|H|0|[7.53,7.87,8.15,8.44,8.72,8.85,8.90,8.95,9.00,9.00,8.99,8.96,8.94,8.98,9.00,9.01,9.10,9.31,9.65,10.02,10.45,10.91,11.37,11.83,12.17,12.47,12.69,12.88,12.90,12.92,12.94,12.97,13.00,13.05,13.10,13.56,14.20,14.86,15.51,15.88,16.26,16.66,17.04,17.31,17.60]
OTTOWN|Agios Konstantinos|H|1|[7.52,7.87,8.15,8.43,8.71,8.84,8.89,8.94,8.98,8.98,8.95,8.92,8.90,8.92,8.93,8.93,9.02,9.37,9.74,10.11,10.54,11.00,11.46,11.92,12.22,12.45,12.68,12.86,12.88,12.91,12.94,12.96,13.02,13.07,13.13,13.59,14.24,14.89,15.54,15.93,16.33,16.74,17.11,17.40,17.69]
OTTOWN|Agios Konstantinos|H|2|[7.54,7.92,8.21,8.49,8.77,8.88,8.92,8.97,8.99,8.96,8.93,8.90,8.87,8.87,8.88,8.88,9.09,9.47,9.84,10.23,10.72,11.18,11.64,12.01,12.23,12.46,12.68,12.82,12.85,12.88,12.90,13.00,13.06,13.11,13.21,13.81,14.46,15.11,15.66,16.06,16.46,16.87,17.23,17.52,17.82]
OTTOWN|Agios Konstantinos|H|3|[7.68,8.08,8.36,8.64,8.87,8.98,9.03,9.05,9.01,8.98,8.95,8.90,8.86,8.87,8.87,8.97,9.20,9.57,9.96,10.55,11.05,11.50,11.87,12.05,12.27,12.50,12.65,12.75,12.77,12.80,12.95,13.07,13.13,13.22,13.71,14.31,14.96,15.51,15.87,16.27,16.67,17.04,17.39,17.68,17.97]
OTTOWN|Agios Konstantinos|H|4|[7.83,8.23,8.51,8.74,8.98,9.09,9.11,9.07,9.03,9.00,8.95,8.90,8.85,8.86,8.96,9.08,9.31,9.70,10.29,10.87,11.37,11.73,11.91,12.09,12.31,12.47,12.58,12.67,12.70,12.85,13.02,13.14,13.23,13.73,14.22,14.82,15.37,15.72,16.08,16.48,16.85,17.20,17.55,17.84,18.11]
OTTOWN|Agios Konstantinos|H|5|[7.98,8.38,8.61,8.85,9.09,9.17,9.13,9.09,9.05,9.00,8.94,8.89,8.84,8.95,9.07,9.19,9.44,10.03,10.61,11.19,11.60,11.78,11.95,12.13,12.29,12.39,12.50,12.59,12.74,12.91,13.09,13.25,13.74,14.23,14.72,15.22,15.58,15.93,16.28,16.66,17.01,17.37,17.71,17.98,18.25]
OTTOWN|Agios Konstantinos|H|6|[7.91,8.48,8.71,8.95,9.17,9.20,9.16,9.12,9.06,9.01,8.95,8.89,8.84,8.97,9.09,9.23,9.65,10.24,10.82,11.33,11.57,11.74,11.92,12.10,12.22,12.32,12.43,12.62,12.80,12.97,13.15,13.53,14.02,14.51,15.02,15.44,15.79,16.15,16.50,16.86,17.21,17.57,17.91,18.18,18.45]
OTTOWN|Agios Konstantinos|H|7|[8.01,8.58,8.81,9.03,9.21,9.23,9.19,9.14,9.08,9.02,8.96,8.87,8.81,8.94,9.08,9.38,9.80,10.39,10.90,11.26,11.49,11.67,11.85,12.04,12.15,12.26,12.46,12.67,12.84,13.03,13.31,13.68,14.17,14.69,15.24,15.66,16.02,16.37,16.73,17.09,17.44,17.80,18.15,18.42,18.68]
OTTOWN|Agios Konstantinos|H|8|[8.11,8.67,8.89,9.07,9.24,9.27,9.22,9.15,9.09,9.03,8.94,8.84,8.78,8.92,9.23,9.53,9.96,10.47,10.83,11.19,11.42,11.60,11.79,11.97,12.08,12.29,12.51,12.72,12.90,13.18,13.47,13.84,14.35,14.91,15.47,15.89,16.24,16.60,16.96,17.31,17.68,18.04,18.39,18.66,18.92]
OTTOWN|Agios Konstantinos|H|9|[8.20,8.75,8.93,9.10,9.28,9.29,9.23,9.17,9.10,9.01,8.91,8.81,8.77,9.08,9.38,9.68,10.03,10.39,10.75,11.11,11.35,11.54,11.72,11.90,12.11,12.33,12.55,12.78,13.06,13.34,13.62,14.02,14.58,15.13,15.69,16.11,16.47,16.83,17.18,17.55,17.91,18.28,18.63,18.89,19.15]
OTTOWN|Agios Konstantinos|H|10|[8.13,8.79,8.97,9.15,9.30,9.30,9.24,9.17,9.11,9.01,8.91,8.81,8.78,9.09,9.39,9.78,10.26,10.62,10.98,11.19,11.35,11.53,11.72,11.78,11.98,12.21,12.43,12.71,13.00,13.28,13.63,14.16,14.71,15.27,15.82,16.23,16.59,16.95,17.43,17.80,18.17,18.53,18.84,19.10,19.36]
OTTOWN|Agios Konstantinos|H|11|[8.18,8.84,9.01,9.17,9.31,9.31,9.24,9.18,9.11,9.02,8.92,8.81,8.78,9.08,9.47,10.04,10.52,10.88,11.09,11.19,11.35,11.53,11.59,11.63,11.84,12.06,12.34,12.62,12.91,13.26,13.76,14.29,14.84,15.39,15.93,16.34,16.70,17.18,17.68,18.06,18.42,18.74,19.04,19.31,19.62]
OTTOWN|Agios Konstantinos|H|12|[8.22,8.88,9.03,9.17,9.31,9.31,9.25,9.18,9.12,9.02,8.91,8.80,8.77,9.16,9.73,10.30,10.78,10.99,11.09,11.19,11.35,11.41,11.45,11.48,11.70,11.98,12.26,12.54,12.89,13.39,13.89,14.41,14.96,15.50,16.04,16.45,16.93,17.44,17.94,18.31,18.63,18.94,19.25,19.56,19.97]
OTTOWN|Agios Konstantinos|H|13|[8.24,8.89,9.03,9.17,9.30,9.31,9.25,9.18,9.12,9.02,8.91,8.80,8.82,9.39,9.96,10.53,10.87,10.97,11.08,11.18,11.24,11.27,11.31,11.36,11.64,11.92,12.20,12.49,12.99,13.49,13.99,14.52,15.05,15.59,16.13,16.68,17.19,17.69,18.19,18.52,18.83,19.15,19.51,19.91,20.32]
OTTOWN|Agios Konstantinos|H|14|[8.15,8.81,8.95,9.09,9.26,9.27,9.20,9.14,9.10,9.00,8.89,8.81,8.88,9.45,10.01,10.49,10.76,10.86,10.97,11.07,11.13,11.16,11.21,11.45,11.73,12.01,12.24,12.45,12.94,13.44,13.98,14.53,15.06,15.60,16.34,16.93,17.43,17.93,18.39,18.72,19.03,19.40,19.85,20.25,20.66]
OTTOWN|Agios Konstantinos|H|15|[8.08,8.73,8.87,9.04,9.21,9.22,9.16,9.13,9.09,8.98,8.90,8.86,8.93,9.50,9.97,10.38,10.65,10.75,10.86,10.96,11.02,11.07,11.31,11.55,11.83,12.06,12.20,12.40,12.90,13.43,13.99,14.54,15.08,15.81,16.59,17.18,17.68,18.13,18.59,18.92,19.28,19.74,20.18,20.59,20.98]
OTTOWN|Agios Konstantinos|H|16|[8.00,8.66,8.82,9.00,9.17,9.18,9.15,9.11,9.07,8.99,8.95,8.92,8.99,9.46,9.86,10.27,10.54,10.64,10.75,10.85,10.93,11.17,11.41,11.65,11.88,12.01,12.15,12.35,12.88,13.44,14.00,14.55,15.28,16.06,16.84,17.42,17.88,18.33,18.79,19.16,19.62,20.08,20.52,20.91,21.28]
OTTOWN|Agios Konstantinos|H|17|[8.00,8.56,8.73,8.91,9.09,9.18,9.14,9.10,9.05,9.01,8.97,8.94,9.02,9.42,9.82,10.23,10.42,10.52,10.63,10.73,10.94,11.18,11.42,11.69,11.84,11.97,12.11,12.29,12.84,13.40,13.96,14.59,15.37,16.14,16.94,17.56,18.02,18.47,19.01,19.48,19.94,20.39,20.81,21.19,21.56]
OTTOWN|Agios Konstantinos|H|18|[7.89,8.40,8.57,8.76,9.10,9.19,9.15,9.10,9.02,8.98,8.94,8.96,9.08,9.48,9.89,10.12,10.28,10.38,10.49,10.62,10.83,11.07,11.34,11.66,11.81,11.95,12.03,12.17,12.73,13.29,13.80,14.42,15.20,15.99,16.98,17.60,18.06,18.60,19.30,19.77,20.23,20.65,21.05,21.42,21.80]
OTTOWN|Agios Konstantinos|H|19|[7.73,8.23,8.42,8.77,9.11,9.19,9.14,9.07,8.99,8.95,8.97,9.02,9.14,9.54,9.78,9.98,10.14,10.24,10.38,10.51,10.72,10.98,11.31,11.64,11.79,11.87,11.92,12.06,12.61,13.13,13.64,14.26,15.05,16.04,17.02,17.64,18.18,18.89,19.59,20.06,20.49,20.89,21.29,21.66,21.94]
OTTOWN|Agios Konstantinos|H|20|[7.56,8.09,8.43,8.77,9.12,9.19,9.11,9.03,8.96,8.97,9.03,9.08,9.20,9.44,9.64,9.84,10.00,10.13,10.26,10.40,10.63,10.96,11.29,11.62,11.71,11.76,11.80,11.94,12.46,12.96,13.47,14.11,15.10,16.08,17.06,17.77,18.47,19.18,19.88,20.32,20.73,21.13,21.53,21.80,22.06]
OTTOWN|Agios Konstantinos|H|21|[7.70,8.14,8.49,8.83,9.13,9.14,9.07,8.99,8.96,9.01,9.07,9.12,9.26,9.46,9.66,9.85,9.95,10.09,10.22,10.39,10.70,11.02,11.35,11.60,11.65,11.70,11.74,11.90,12.41,12.92,13.43,14.23,15.22,16.20,17.18,17.97,18.67,19.38,20.17,20.60,21.00,21.40,21.62,21.88,22.14]
OTTOWN|Agios Konstantinos|H|22|[7.78,8.22,8.57,8.87,9.08,9.09,9.02,8.98,8.98,9.04,9.09,9.22,9.37,9.57,9.76,9.84,9.94,10.08,10.25,10.50,10.80,11.13,11.38,11.56,11.62,11.66,11.75,11.92,12.42,12.94,13.59,14.39,15.38,16.35,17.33,18.11,18.82,19.61,20.46,20.89,21.29,21.50,21.68,21.94,22.19]
OTTOWN|Agios Konstantinos|H|23|[7.86,8.30,8.60,8.81,9.03,9.04,9.01,9.01,9.01,9.06,9.19,9.33,9.48,9.67,9.75,9.83,9.94,10.11,10.36,10.61,10.91,11.16,11.34,11.53,11.58,11.67,11.76,11.93,12.45,13.10,13.75,14.55,15.53,16.50,17.47,18.26,19.05,19.90,20.75,21.18,21.39,21.55,21.74,21.99,22.27]
OTTOWN|Agios Konstantinos|H|24|[7.94,8.34,8.55,8.76,8.98,9.04,9.04,9.04,9.04,9.16,9.30,9.44,9.59,9.67,9.75,9.83,9.97,10.22,10.47,10.72,10.94,11.12,11.31,11.49,11.59,11.68,11.77,11.95,12.61,13.26,13.91,14.71,15.68,16.65,17.62,18.49,19.34,20.19,21.05,21.28,21.44,21.61,21.79,22.07,22.34]
OTTOWN|Agios Konstantinos|H|25|[8.17,8.45,8.67,8.88,9.04,9.08,9.08,9.08,9.11,9.24,9.38,9.52,9.61,9.69,9.77,9.86,10.02,10.27,10.52,10.81,11.03,11.21,11.40,11.66,11.77,11.86,11.98,12.35,13.00,13.66,14.35,15.20,16.17,17.14,18.12,19.02,19.87,20.72,21.19,21.37,21.54,21.69,21.79,22.06,22.34]
OTTOWN|Agios Konstantinos|H|26|[8.30,8.59,8.80,8.96,9.09,9.13,9.13,9.15,9.18,9.31,9.45,9.54,9.64,9.72,9.80,9.90,10.07,10.32,10.60,10.91,11.13,11.32,11.58,11.87,11.97,12.08,12.40,12.77,13.42,14.11,14.87,15.72,16.69,17.68,18.68,19.58,20.43,20.90,21.29,21.47,21.63,21.69,21.78,22.06,22.33]
OTTOWN|Agios Konstantinos|H|27|[8.43,8.72,8.88,9.01,9.13,9.17,9.20,9.23,9.25,9.38,9.48,9.57,9.66,9.75,9.85,9.95,10.12,10.40,10.71,11.01,11.24,11.50,11.79,12.07,12.19,12.51,12.82,13.19,13.88,14.64,15.40,16.25,17.23,18.23,19.23,20.13,20.60,21.00,21.39,21.56,21.62,21.68,21.78,22.05,22.32]
OTTOWN|Agios Konstantinos|H|28|[8.57,8.82,8.94,9.07,9.19,9.25,9.28,9.31,9.33,9.42,9.52,9.61,9.69,9.79,9.89,10.00,10.24,10.55,10.85,11.16,11.50,11.78,12.06,12.36,12.68,12.99,13.30,13.69,14.45,15.20,15.96,16.87,17.87,18.87,19.87,20.35,20.74,21.14,21.50,21.56,21.62,21.68,21.78,22.05,22.32]
OTTOWN|Agios Konstantinos|H|29|[8.70,8.95,9.08,9.20,9.31,9.36,9.39,9.42,9.43,9.52,9.61,9.68,9.72,9.82,9.92,10.23,10.62,10.93,11.23,11.79,12.17,12.46,12.75,13.17,13.49,13.80,14.11,14.48,15.24,15.99,16.92,17.95,18.95,19.95,20.36,20.72,21.11,21.48,21.54,21.59,21.65,21.72,21.82,22.09,22.36]
OTTOWN|Agios Konstantinos|H|30|[8.84,9.09,9.21,9.32,9.42,9.48,9.50,9.52,9.53,9.61,9.68,9.70,9.74,9.84,10.15,10.61,11.00,11.30,11.86,12.47,12.85,13.15,13.57,13.99,14.31,14.61,14.90,15.27,16.03,16.95,18.00,19.03,20.03,20.44,20.73,21.09,21.46,21.51,21.57,21.63,21.69,21.76,21.87,22.14,22.37]
OTTOWN|Agios Konstantinos|H|31|[8.98,9.22,9.33,9.43,9.54,9.59,9.60,9.61,9.62,9.69,9.71,9.73,9.76,10.07,10.53,10.99,11.38,11.93,12.54,13.14,13.54,13.96,14.38,14.81,15.12,15.40,15.69,16.06,16.99,18.03,19.08,20.11,20.52,20.81,21.10,21.44,21.49,21.55,21.61,21.67,21.74,21.81,21.91,22.15,22.35]
OTTOWN|Agios Konstantinos|H|32|[9.14,9.36,9.46,9.56,9.66,9.69,9.70,9.71,9.73,9.75,9.77,9.79,9.91,10.37,10.83,11.28,11.97,12.58,13.18,13.78,14.25,14.67,15.10,15.62,15.93,16.22,16.50,16.97,18.02,19.06,20.11,20.57,20.86,21.16,21.43,21.48,21.53,21.59,21.64,21.71,21.78,21.85,21.98,22.19,22.39]
OTTOWN|Agios Konstantinos|H|33|[9.29,9.51,9.61,9.71,9.76,9.79,9.80,9.82,9.85,9.87,9.89,9.94,10.09,10.54,11.00,11.80,12.56,13.16,13.77,14.34,14.81,15.23,15.75,16.47,16.79,17.07,17.42,17.93,18.97,20.02,20.52,20.87,21.17,21.44,21.47,21.52,21.57,21.63,21.69,21.75,21.82,21.94,22.10,22.31,22.52]
OTTOWN|Agios Konstantinos|H|34|[9.45,9.66,9.76,9.81,9.86,9.88,9.90,9.94,9.97,9.99,10.05,10.12,10.26,10.72,11.52,12.39,13.15,13.75,14.32,14.90,15.37,15.89,16.61,17.33,17.64,17.99,18.37,18.88,19.93,20.43,20.83,21.18,21.45,21.48,21.51,21.56,21.62,21.67,21.73,21.80,21.92,22.07,22.23,22.44,22.69]
OTTOWN|Agios Konstantinos|H|35|[9.60,9.81,9.86,9.91,9.96,9.99,10.03,10.06,10.10,10.15,10.22,10.29,10.43,11.24,12.11,12.98,13.74,14.31,14.88,15.46,16.03,16.75,17.47,18.19,18.56,18.95,19.33,19.84,20.34,20.74,21.13,21.46,21.49,21.52,21.56,21.60,21.66,21.72,21.77,21.89,22.04,22.19,22.35,22.61,22.87]
OTTOWN|Agios Konstantinos|H|36|[9.79,9.92,9.97,10.02,10.06,10.08,10.12,10.15,10.18,10.25,10.32,10.39,10.72,11.59,12.46,13.30,13.79,14.37,14.94,15.50,16.17,16.89,17.61,18.67,19.12,19.50,19.89,20.32,20.72,21.11,21.47,21.49,21.53,21.56,21.58,21.62,21.68,21.73,21.82,21.97,22.12,22.27,22.53,22.79,23.05]
OTTOWN|Agios Konstantinos|H|37|[9.91,10.04,10.10,10.13,10.13,10.16,10.19,10.22,10.24,10.31,10.38,10.59,10.94,11.82,12.65,13.09,13.59,14.16,14.73,15.27,15.93,16.65,17.72,19.02,19.46,19.85,20.29,20.74,21.13,21.49,21.50,21.52,21.55,21.58,21.59,21.63,21.68,21.77,21.87,22.02,22.17,22.43,22.71,22.97,23.24]
OTTOWN|Agios Konstantinos|H|38|[10.04,10.17,10.20,10.20,10.21,10.23,10.26,10.28,10.31,10.38,10.59,10.82,11.17,12.01,12.45,12.89,13.38,13.95,14.49,15.04,15.70,16.76,18.06,19.36,19.81,20.25,20.71,21.15,21.51,21.52,21.53,21.55,21.58,21.58,21.59,21.63,21.72,21.82,21.92,22.07,22.33,22.62,22.90,23.16,23.48]
OTTOWN|Agios Konstantinos|H|39|[10.16,10.27,10.28,10.28,10.28,10.30,10.32,10.35,10.37,10.58,10.81,11.05,11.36,11.80,12.24,12.68,13.17,13.71,14.26,14.80,15.81,17.11,18.41,19.71,20.21,20.67,21.12,21.53,21.54,21.55,21.56,21.57,21.58,21.59,21.60,21.67,21.77,21.87,21.98,22.24,22.52,22.80,23.08,23.40,23.71]
OTTOWN|Agios Konstantinos|H|40|[10.35,10.38,10.38,10.38,10.38,10.40,10.42,10.45,10.64,10.87,11.10,11.33,11.48,11.92,12.36,12.74,13.11,13.66,14.20,14.96,16.13,17.43,18.74,19.98,20.49,20.94,21.38,21.55,21.56,21.57,21.58,21.58,21.59,21.60,21.63,21.71,21.82,21.92,22.16,22.44,22.72,23.01,23.30,23.61,23.93]
OTTOWN|Agios Konstantinos|H|41|[10.46,10.48,10.49,10.49,10.49,10.50,10.53,10.72,10.93,11.17,11.39,11.48,11.64,12.08,12.45,12.70,13.08,13.62,14.38,15.28,16.46,17.76,19.01,20.25,20.75,21.18,21.40,21.57,21.58,21.59,21.59,21.59,21.60,21.63,21.68,21.76,21.87,22.10,22.37,22.65,22.93,23.22,23.51,23.82,24.20]
OTTOWN|Agios Konstantinos|H|42|[10.57,10.59,10.59,10.59,10.59,10.61,10.80,11.01,11.23,11.45,11.54,11.64,11.79,12.17,12.42,12.67,13.05,13.80,14.70,15.61,16.78,18.03,19.27,20.51,20.99,21.20,21.42,21.59,21.60,21.60,21.59,21.60,21.63,21.68,21.72,21.81,22.05,22.31,22.58,22.86,23.14,23.43,23.72,24.09,24.59]
OTTOWN|Agios Konstantinos|H|43|[10.68,10.69,10.69,10.69,10.69,10.84,11.06,11.28,11.51,11.62,11.71,11.80,11.90,12.15,12.40,12.65,13.15,14.06,14.96,15.87,17.04,18.28,19.52,20.74,21.01,21.22,21.44,21.61,21.61,21.60,21.60,21.63,21.68,21.73,21.78,21.98,22.25,22.51,22.78,23.08,23.36,23.65,24.00,24.49,24.98]
OTTOWN|Agios Konstantinos|H|44|[10.77,10.76,10.76,10.76,10.77,10.92,11.14,11.37,11.73,11.84,11.93,11.97,11.95,12.20,12.46,12.60,13.03,13.93,14.84,15.98,17.20,18.44,19.66,20.74,21.02,21.23,21.44,21.62,21.61,21.61,21.65,21.71,21.76,21.81,21.91,22.13,22.39,22.66,23.04,23.33,23.61,23.96,24.42,24.92,25.41]
OTTOWN|Agios Konstantinos|END
OTTOWN|Topolia|HEAD|i_House_Big_02_V1_F|Land_i_House_Big_02_V3_F|[7416.954,15405.812,57.039]|183.71|false|19|1|2
OTTOWN|Topolia|BOX|[-5.33,-12.09,5.33,12.09,-6.09,6.09]
OTTOWN|Topolia|DOOR|main|[7421.99,15411.67,57.42]|453.7|3.50
OTTOWN|Topolia|DOOR|side|[7416.51,15400.53,57.42]|183.7|1.25
OTTOWN|Topolia|BPOS|[[7413.79,15411.73,57.46],[7417.07,15409.15,57.46],[7417.86,15411.02,60.90],[7413.27,15399.74,60.91],[7413.40,15401.58,57.46],[7412.54,15403.21,60.91],[7416.46,15401.31,60.90],[7417.48,15403.62,60.90],[7415.78,15404.37,57.46]]
OTTOWN|Topolia|OBJ|building|Land_i_House_Big_01_V3_F|[7404.02,15406.36,55.93]|94.0|[-7.89,-8.48,7.89,8.48,-6.61,6.61]
OTTOWN|Topolia|OBJ|building|Land_u_Addon_02_V1_F|[7381.11,15393.98,55.78]|184.8|[-4.57,-4.94,4.57,4.94,-3.72,3.72]
OTTOWN|Topolia|OBJ|building|Land_i_Addon_03_V1_F|[7395.14,15392.82,56.37]|95.9|[-5.02,-4.11,5.02,4.11,-3.05,3.05]
OTTOWN|Topolia|OBJ|building|Land_i_Addon_03_V1_F|[7392.42,15406.91,54.98]|93.7|[-5.02,-4.11,5.02,4.11,-3.05,3.05]
OTTOWN|Topolia|OBJ|building|Land_i_Addon_03mid_V1_F|[7408.91,15391.48,56.37]|275.7|[-5.12,-3.37,5.12,3.37,-3.01,3.01]
OTTOWN|Topolia|OBJ|building|Land_i_Addon_03mid_V1_F|[7402.47,15392.06,56.35]|275.7|[-5.12,-3.37,5.12,3.37,-3.01,3.01]
OTTOWN|Topolia|OBJ|building|water_source_f.p3d|[7392.09,15416.38,55.50]|92.1|[-1.31,-0.87,1.31,0.87,-1.53,1.53]
OTTOWN|Topolia|OBJ|building|water_source_f.p3d|[7393.68,15416.32,55.50]|272.1|[-1.31,-0.87,1.31,0.87,-1.53,1.53]
OTTOWN|Topolia|OBJ|building|Land_i_Addon_03_V1_F|[7416.20,15390.71,56.36]|276.3|[-5.02,-4.11,5.02,4.11,-3.05,3.05]
OTTOWN|Topolia|OBJ|building|Land_d_Stone_HouseBig_V1_F|[7399.35,15444.50,56.66]|21.4|[-8.37,-8.23,8.37,8.23,-5.84,5.84]
OTTOWN|Topolia|OBJ|building|Land_i_Garage_V2_F|[7408.80,15449.00,56.86]|291.1|[-9.00,-3.69,9.00,3.69,-3.37,3.37]
OTTOWN|Topolia|OBJ|building|calvary_02_v2_f.p3d|[7418.65,15435.07,57.49]|108.3|[-0.48,-0.43,0.48,0.43,-1.25,1.25]
OTTOWN|Topolia|OBJ|wall|city2_8m_f.p3d|[7376.08,15389.49,55.66]|5.7|[-3.51,-0.25,3.51,0.25,-2.09,2.09]
OTTOWN|Topolia|OBJ|wall|city2_8m_f.p3d|[7382.95,15388.82,56.20]|6.0|[-3.51,-0.25,3.51,0.25,-2.09,2.09]
OTTOWN|Topolia|OBJ|wall|city2_8m_f.p3d|[7403.55,15386.59,56.23]|5.7|[-3.51,-0.25,3.51,0.25,-2.09,2.09]
OTTOWN|Topolia|OBJ|wall|city2_8m_f.p3d|[7389.77,15388.03,56.07]|5.6|[-3.51,-0.25,3.51,0.25,-2.09,2.09]
OTTOWN|Topolia|OBJ|wall|city2_8m_f.p3d|[7396.69,15387.31,56.16]|5.6|[-3.51,-0.25,3.51,0.25,-2.09,2.09]
OTTOWN|Topolia|OBJ|wall|pipe_fence_4m_f.p3d|[7394.30,15376.02,58.94]|187.4|[-2.08,-0.09,2.08,0.09,-0.85,0.85]
OTTOWN|Topolia|OBJ|wall|pipe_fence_4m_f.p3d|[7390.31,15376.52,58.94]|187.4|[-2.08,-0.09,2.08,0.09,-0.85,0.85]
OTTOWN|Topolia|OBJ|wall|pipe_fence_4m_f.p3d|[7382.16,15377.60,58.72]|187.4|[-2.08,-0.09,2.08,0.09,-0.85,0.85]
OTTOWN|Topolia|OBJ|wall|pipe_fence_4m_f.p3d|[7386.23,15377.04,58.83]|187.4|[-2.08,-0.09,2.08,0.09,-0.85,0.85]
OTTOWN|Topolia|OBJ|wall|pipe_fence_4m_f.p3d|[7398.37,15375.45,58.86]|187.4|[-2.08,-0.09,2.08,0.09,-0.85,0.85]
OTTOWN|Topolia|OBJ|wall|city2_8m_f.p3d|[7410.42,15385.93,56.45]|6.0|[-3.51,-0.25,3.51,0.25,-2.09,2.09]
OTTOWN|Topolia|OBJ|wall|city2_8m_f.p3d|[7424.15,15384.41,57.05]|5.6|[-3.51,-0.25,3.51,0.25,-2.09,2.09]
OTTOWN|Topolia|OBJ|wall|city2_8m_f.p3d|[7417.24,15385.12,56.71]|5.6|[-3.51,-0.25,3.51,0.25,-2.09,2.09]
OTTOWN|Topolia|OBJ|wall|city_pillar_f.p3d|[7427.64,15384.03,56.81]|1.2|[-0.23,-0.24,0.23,0.24,-2.14,2.14]
OTTOWN|Topolia|OBJ|wall|pipe_fence_4m_f.p3d|[7379.07,15399.37,55.29]|3.7|[-2.08,-0.09,2.08,0.09,-0.85,0.85]
OTTOWN|Topolia|OBJ|wall|pipe_fence_4m_f.p3d|[7379.03,15409.53,55.08]|101.3|[-2.08,-0.09,2.08,0.09,-0.85,0.85]
OTTOWN|Topolia|OBJ|wall|pipe_fence_4m_f.p3d|[7377.35,15401.47,55.08]|101.8|[-2.08,-0.09,2.08,0.09,-0.85,0.85]
OTTOWN|Topolia|OBJ|wall|pipe_fence_4m_f.p3d|[7378.20,15405.49,55.05]|101.8|[-2.08,-0.09,2.08,0.09,-0.85,0.85]
OTTOWN|Topolia|OBJ|wall|pipe_fence_4m_f.p3d|[7379.85,15413.49,55.12]|101.8|[-2.08,-0.09,2.08,0.09,-0.85,0.85]
OTTOWN|Topolia|OBJ|wall|pipe_fence_4m_f.p3d|[7408.22,15396.86,56.30]|4.4|[-2.08,-0.09,2.08,0.09,-0.85,0.85]
OTTOWN|Topolia|OBJ|wall|pipe_fence_4m_f.p3d|[7404.11,15397.17,55.99]|4.9|[-2.08,-0.09,2.08,0.09,-0.85,0.85]
OTTOWN|Topolia|OBJ|wall|pipe_fence_4m_f.p3d|[7383.17,15399.08,55.53]|3.7|[-2.08,-0.09,2.08,0.09,-0.85,0.85]
OTTOWN|Topolia|OBJ|wall|pipe_fence_4m_f.p3d|[7391.79,15398.26,55.76]|4.9|[-2.08,-0.09,2.08,0.09,-0.85,0.85]
OTTOWN|Topolia|OBJ|wall|pipe_fence_4m_f.p3d|[7380.69,15417.51,55.09]|101.8|[-2.08,-0.09,2.08,0.09,-0.85,0.85]
OTTOWN|Topolia|OBJ|wall|pipe_fence_4m_f.p3d|[7395.88,15397.90,55.82]|4.9|[-2.08,-0.09,2.08,0.09,-0.85,0.85]
OTTOWN|Topolia|OBJ|wall|pipe_fence_4m_f.p3d|[7400.02,15397.54,55.84]|4.9|[-2.08,-0.09,2.08,0.09,-0.85,0.85]
OTTOWN|Topolia|OBJ|wall|city2_8m_f.p3d|[7428.52,15405.72,57.74]|273.3|[-3.51,-0.25,3.51,0.25,-2.09,2.09]
OTTOWN|Topolia|OBJ|wall|city2_8m_f.p3d|[7425.47,15409.34,57.40]|182.6|[-3.51,-0.25,3.51,0.25,-2.09,2.09]
OTTOWN|Topolia|OBJ|wall|pipe_fence_4m_f.p3d|[7420.52,15395.96,56.90]|3.6|[-2.08,-0.09,2.08,0.09,-0.85,0.85]
OTTOWN|Topolia|OBJ|wall|pipe_fence_4m_f.p3d|[7416.41,15396.23,56.69]|3.6|[-2.08,-0.09,2.08,0.09,-0.85,0.85]
OTTOWN|Topolia|OBJ|wall|pipe_fence_4m_f.p3d|[7412.35,15396.54,56.53]|4.4|[-2.08,-0.09,2.08,0.09,-0.85,0.85]
OTTOWN|Topolia|OBJ|wall|city2_8m_f.p3d|[7374.71,15420.35,54.55]|109.2|[-3.51,-0.25,3.51,0.25,-2.09,2.09]
OTTOWN|Topolia|OBJ|wall|city2_8m_f.p3d|[7379.33,15422.35,54.58]|198.0|[-3.51,-0.25,3.51,0.25,-2.09,2.09]
OTTOWN|Topolia|OBJ|wall|stone_8m_f.p3d|[7396.23,15436.56,56.11]|22.1|[-4.26,-0.35,4.26,0.35,-1.30,1.30]
OTTOWN|Topolia|OBJ|wall|stone_8m_f.p3d|[7408.25,15440.24,56.65]|291.4|[-4.26,-0.35,4.26,0.35,-1.30,1.30]
OTTOWN|Topolia|OBJ|wall|stone_4m_f.p3d|[7406.21,15434.96,56.57]|290.9|[-2.22,-0.36,2.22,0.36,-1.29,1.29]
OTTOWN|Topolia|OBJ|wall|stone_pillar_f.p3d|[7399.85,15435.05,56.19]|22.3|[-0.45,-0.44,0.45,0.44,-1.79,1.79]
OTTOWN|Topolia|OBJ|wall|stone_pillar_f.p3d|[7392.44,15438.07,56.03]|22.3|[-0.45,-0.44,0.45,0.44,-1.79,1.79]
OTTOWN|Topolia|OBJ|wall|stone_pillar_f.p3d|[7405.46,15432.97,56.44]|22.3|[-0.45,-0.44,0.45,0.44,-1.79,1.79]
OTTOWN|Topolia|OBJ|tree|t_broussonetiap1s_f.p3d|[7408.37,15377.21,58.17]|9.1|[-4.76,-4.57,4.76,4.57,-5.06,5.06]
OTTOWN|Topolia|OBJ|tree|t_broussonetiap1s_f.p3d|[7390.39,15379.31,58.91]|169.0|[-4.76,-4.57,4.76,4.57,-5.06,5.06]
OTTOWN|Topolia|OBJ|tree|t_broussonetiap1s_f.p3d|[7383.61,15384.98,57.62]|114.8|[-4.76,-4.57,4.76,4.57,-5.06,5.06]
OTTOWN|Topolia|OBJ|tree|t_broussonetiap1s_f.p3d|[7402.73,15379.66,57.48]|325.0|[-4.76,-4.57,4.76,4.57,-5.06,5.06]
OTTOWN|Topolia|OBJ|tree|t_fraxinusav2s_f.p3d|[7427.59,15380.96,57.38]|69.3|[-13.54,-13.39,13.54,13.39,-13.22,13.22]
OTTOWN|Topolia|OBJ|tree|t_broussonetiap1s_f.p3d|[7415.77,15366.59,59.57]|174.0|[-4.76,-4.57,4.76,4.57,-5.06,5.06]
OTTOWN|Topolia|OBJ|tree|t_broussonetiap1s_f.p3d|[7413.80,15375.28,58.81]|26.7|[-4.76,-4.57,4.76,4.57,-5.06,5.06]
OTTOWN|Topolia|OBJ|tree|t_ficusb2s_f.p3d|[7451.95,15380.19,62.51]|207.2|[-8.66,-8.23,8.66,8.23,-5.99,5.99]
OTTOWN|Topolia|OBJ|tree|t_broussonetiap1s_f.p3d|[7378.77,15418.55,54.87]|326.0|[-4.76,-4.57,4.76,4.57,-5.06,5.06]
OTTOWN|Topolia|OBJ|tree|t_broussonetiap1s_f.p3d|[7375.78,15413.55,54.58]|240.0|[-4.76,-4.57,4.76,4.57,-5.06,5.06]
OTTOWN|Topolia|OBJ|tree|t_fraxinusav2s_f.p3d|[7430.49,15404.68,57.85]|351.1|[-13.54,-13.39,13.54,13.39,-13.22,13.22]
OTTOWN|Topolia|OBJ|tree|t_ficusb2s_f.p3d|[7438.64,15391.26,59.20]|334.9|[-8.66,-8.23,8.66,8.23,-5.99,5.99]
OTTOWN|Topolia|OBJ|tree|t_fraxinusav2s_f.p3d|[7460.79,15398.02,62.11]|272.0|[-13.54,-13.39,13.54,13.39,-13.22,13.22]
OTTOWN|Topolia|OBJ|tree|t_ficusb2s_f.p3d|[7440.95,15404.68,59.36]|188.0|[-8.66,-8.23,8.66,8.23,-5.99,5.99]
OTTOWN|Topolia|OBJ|tree|t_ficusb2s_f.p3d|[7452.54,15406.02,60.77]|331.1|[-8.66,-8.23,8.66,8.23,-5.99,5.99]
OTTOWN|Topolia|OBJ|tree|t_ficusb1s_f.p3d|[7447.65,15394.19,60.25]|93.0|[-5.06,-5.62,5.06,5.62,-4.61,4.61]
OTTOWN|Topolia|OBJ|tree|t_ficusb1s_f.p3d|[7444.96,15397.31,59.63]|33.9|[-5.06,-5.62,5.06,5.62,-4.61,4.61]
OTTOWN|Topolia|ROAD|ROAD|10.0|[7420.59,15417.77,57.15]|[7406.51,15421.83,56.20]
OTTOWN|Topolia|ROAD|ROAD|10.0|[7430.45,15415.47,58.24]|[7420.59,15417.77,57.15]
OTTOWN|Topolia|ROAD|TRACK|10.0|[7419.13,15417.41,56.98]|[7431.06,15416.55,58.36]
OTTOWN|Topolia|H|0|[58.86,58.89,58.93,58.96,59.02,59.12,59.22,59.28,59.31,59.35,59.39,59.50,59.48,59.46,59.44,59.43,59.45,59.47,59.49,59.51,59.54,59.57,59.60,59.73,59.91,60.08,60.08,60.65,61.22,61.74,62.02,62.71,63.41,64.09,64.64,65.05,65.46,65.94,66.26,66.51,66.75,67.16,67.42,67.66,67.92]
OTTOWN|Topolia|H|1|[58.87,58.91,58.94,58.96,59.02,59.12,59.18,59.20,59.24,59.28,59.38,59.50,59.48,59.46,59.44,59.42,59.44,59.46,59.48,59.51,59.54,59.57,59.59,59.72,59.89,59.90,59.89,60.45,60.97,61.13,61.41,62.10,62.78,63.45,64.00,64.41,64.89,65.41,65.73,65.98,66.39,66.82,67.08,67.33,67.62]
OTTOWN|Topolia|H|2|[58.89,58.92,58.94,58.97,59.03,59.08,59.10,59.13,59.16,59.27,59.38,59.50,59.48,59.46,59.43,59.42,59.44,59.46,59.47,59.50,59.53,59.56,59.58,59.71,59.72,59.71,59.69,60.20,60.36,60.52,60.80,61.48,62.15,62.81,63.36,63.84,64.36,64.88,65.20,65.62,66.05,66.49,66.74,67.03,67.31]
OTTOWN|Topolia|H|3|[58.87,58.90,58.92,58.95,58.98,59.00,59.02,59.05,59.15,59.26,59.37,59.48,59.46,59.44,59.41,59.39,59.41,59.43,59.45,59.48,59.50,59.53,59.56,59.54,59.52,59.51,59.49,59.64,59.80,59.96,60.22,60.89,61.55,62.22,62.76,63.29,63.81,64.33,64.82,65.26,65.69,66.12,66.41,66.69,66.98]
OTTOWN|Topolia|H|4|[58.74,58.77,58.79,58.84,58.88,58.90,58.93,58.99,59.09,59.21,59.32,59.38,59.36,59.34,59.29,59.24,59.25,59.27,59.32,59.37,59.39,59.42,59.36,59.33,59.32,59.30,59.24,59.39,59.55,59.68,59.90,60.57,61.23,61.67,62.08,62.61,63.13,63.83,64.34,64.78,65.20,65.59,65.88,66.16,66.45]
OTTOWN|Topolia|H|5|[58.61,58.63,58.68,58.74,58.78,58.81,58.87,58.94,59.04,59.15,59.22,59.29,59.26,59.22,59.14,59.08,59.10,59.15,59.21,59.26,59.28,59.22,59.15,59.12,59.10,59.04,58.98,59.13,59.26,59.36,59.58,60.25,60.69,60.99,61.40,61.93,62.63,63.35,63.86,64.29,64.67,65.06,65.34,65.63,65.92]
OTTOWN|Topolia|H|6|[58.47,58.52,58.58,58.64,58.69,58.75,58.82,58.88,58.98,59.05,59.12,59.19,59.14,59.06,58.98,58.93,58.97,59.04,59.10,59.15,59.09,59.02,58.94,58.91,58.85,58.78,58.72,58.85,58.94,59.04,59.26,59.70,60.01,60.31,60.72,61.42,62.15,62.87,63.37,63.76,64.14,64.53,64.81,65.10,65.38]
OTTOWN|Topolia|H|7|[58.41,58.47,58.53,58.59,58.66,58.73,58.79,58.85,58.91,58.97,59.04,58.89,58.80,58.72,58.64,58.61,58.67,58.74,58.80,58.78,58.71,58.64,58.58,58.54,58.48,58.42,58.41,58.51,58.60,58.69,58.83,59.14,59.44,59.75,60.35,61.08,61.80,62.50,62.93,63.32,63.70,64.10,64.39,64.68,64.96]
OTTOWN|Topolia|H|8|[58.41,58.47,58.53,58.61,58.68,58.75,58.81,58.82,58.87,58.94,58.79,58.28,58.19,58.11,58.05,58.03,58.09,58.16,58.18,58.16,58.09,58.03,58.06,58.02,57.96,57.95,58.03,58.12,58.21,58.30,58.44,58.75,59.05,59.57,60.20,60.93,61.63,62.19,62.62,63.01,63.41,63.84,64.12,64.41,64.69]
OTTOWN|Topolia|H|9|[58.42,58.48,58.55,58.63,58.70,58.76,58.77,58.78,58.83,58.68,58.17,57.67,57.58,57.52,57.47,57.45,57.52,57.54,57.56,57.53,57.48,57.51,57.54,57.50,57.50,57.57,57.64,57.74,57.83,57.91,58.05,58.35,58.87,59.42,60.06,60.76,61.32,61.88,62.31,62.72,63.14,63.57,63.86,64.14,64.42]
OTTOWN|Topolia|H|10|[58.42,58.50,58.57,58.65,58.72,58.72,58.73,58.74,58.57,58.07,57.56,57.05,56.98,56.94,56.89,56.87,56.90,56.92,56.94,56.92,56.96,56.99,57.02,57.04,57.11,57.19,57.26,57.35,57.43,57.52,57.65,58.18,58.72,59.27,59.88,60.45,61.01,61.57,62.02,62.45,62.88,63.30,63.59,63.87,64.15]
OTTOWN|Topolia|H|11|[57.88,57.96,58.04,58.12,58.16,58.17,58.18,58.20,57.85,57.34,56.83,56.66,56.62,56.57,56.53,56.52,56.54,56.56,56.58,56.62,56.65,56.68,56.75,56.84,56.92,56.99,57.13,57.22,57.31,57.39,57.60,58.15,58.70,59.23,59.72,60.28,60.84,61.37,61.82,62.24,62.67,63.08,63.36,63.64,63.93]
OTTOWN|Topolia|H|12|[57.05,57.13,57.21,57.30,57.34,57.35,57.37,57.42,57.06,56.56,56.38,56.40,56.36,56.31,56.30,56.31,56.33,56.35,56.39,56.43,56.46,56.53,56.66,56.75,56.82,56.96,57.15,57.24,57.32,57.43,57.65,58.19,58.73,59.14,59.62,60.19,60.72,61.20,61.64,62.07,62.48,62.87,63.16,63.44,63.72]
OTTOWN|Topolia|H|13|[56.22,56.30,56.39,56.47,56.52,56.54,56.59,56.64,56.28,56.11,56.12,56.14,56.10,56.09,56.09,56.09,56.11,56.16,56.20,56.24,56.30,56.43,56.56,56.65,56.79,56.98,57.16,57.25,57.36,57.47,57.69,58.22,58.63,59.05,59.53,60.06,60.55,61.03,61.47,61.88,62.27,62.67,62.95,63.24,63.52]
OTTOWN|Topolia|H|14|[55.40,55.48,55.57,55.65,55.71,55.76,55.81,55.85,55.83,55.85,55.87,55.88,55.88,55.87,55.87,55.88,55.92,55.96,56.01,56.08,56.21,56.34,56.46,56.62,56.81,56.99,57.17,57.29,57.40,57.52,57.71,58.13,58.54,58.95,59.41,59.89,60.37,60.85,61.28,61.67,62.07,62.46,62.75,63.03,63.32]
OTTOWN|Topolia|H|15|[55.18,55.26,55.35,55.48,55.61,55.66,55.70,55.76,55.78,55.80,55.82,55.85,55.85,55.85,55.85,55.86,55.90,55.95,56.04,56.19,56.32,56.45,56.53,56.69,56.87,57.05,57.16,57.28,57.39,57.51,57.74,58.16,58.57,58.94,59.33,59.81,60.29,60.66,61.03,61.42,61.82,62.16,62.45,62.73,63.01]
OTTOWN|Topolia|H|16|[55.02,55.10,55.24,55.45,55.58,55.63,55.68,55.73,55.76,55.78,55.81,55.85,55.85,55.85,55.85,55.86,55.90,56.00,56.17,56.32,56.45,56.54,56.60,56.76,56.94,57.05,57.15,57.26,57.38,57.56,57.79,58.20,58.57,58.87,59.25,59.74,60.10,60.40,60.77,61.17,61.51,61.85,62.14,62.42,62.66]
OTTOWN|Topolia|H|17|[54.86,55.00,55.21,55.42,55.55,55.60,55.66,55.71,55.74,55.77,55.81,55.84,55.84,55.85,55.85,55.86,55.95,56.13,56.30,56.45,56.54,56.61,56.67,56.83,56.93,57.03,57.13,57.25,57.43,57.60,57.83,58.20,58.50,58.79,59.18,59.55,59.85,60.15,60.52,60.87,61.20,61.54,61.82,62.07,62.31]
OTTOWN|Topolia|H|18|[54.75,54.96,55.17,55.38,55.52,55.57,55.63,55.68,55.73,55.76,55.80,55.83,55.84,55.84,55.84,55.89,56.06,56.24,56.41,56.52,56.58,56.65,56.72,56.82,56.91,57.01,57.12,57.30,57.47,57.64,57.85,58.15,58.45,58.75,59.05,59.35,59.65,59.95,60.27,60.61,60.95,61.27,61.51,61.75,61.99]
OTTOWN|Topolia|H|19|[54.67,54.89,55.10,55.31,55.45,55.51,55.56,55.62,55.67,55.70,55.74,55.79,55.79,55.79,55.81,55.88,56.06,56.23,56.35,56.42,56.49,56.56,56.68,56.78,56.88,56.99,57.16,57.33,57.51,57.71,57.96,58.26,58.56,58.86,59.15,59.46,59.76,59.99,60.29,60.63,60.95,61.13,61.37,61.62,61.82]
OTTOWN|Topolia|H|20|[54.60,54.81,55.03,55.24,55.38,55.44,55.50,55.57,55.61,55.65,55.69,55.74,55.74,55.76,55.81,55.88,56.05,56.17,56.25,56.33,56.40,56.52,56.64,56.75,56.86,57.03,57.20,57.37,57.57,57.82,58.07,58.37,58.67,58.96,59.26,59.56,59.79,60.01,60.32,60.64,60.82,61.00,61.24,61.44,61.58]
OTTOWN|Topolia|H|21|[54.53,54.74,54.96,55.18,55.32,55.38,55.44,55.51,55.55,55.60,55.65,55.70,55.71,55.76,55.80,55.87,55.99,56.08,56.16,56.24,56.36,56.48,56.61,56.72,56.89,57.06,57.23,57.43,57.68,57.93,58.18,58.48,58.77,59.06,59.36,59.59,59.81,60.04,60.32,60.50,60.68,60.87,61.07,61.21,61.34]
OTTOWN|Topolia|H|22|[54.45,54.67,54.89,55.10,55.27,55.34,55.40,55.47,55.53,55.58,55.63,55.65,55.70,55.74,55.78,55.84,55.93,56.01,56.10,56.22,56.35,56.47,56.60,56.77,56.94,57.11,57.27,57.51,57.76,58.00,58.27,58.56,58.86,59.15,59.41,59.64,59.86,60.07,60.25,60.43,60.61,60.78,60.92,61.06,61.20]
OTTOWN|Topolia|H|23|[54.37,54.59,54.80,55.08,55.26,55.32,55.39,55.49,55.55,55.60,55.62,55.61,55.66,55.70,55.75,55.82,55.90,55.99,56.12,56.25,56.38,56.51,56.67,56.83,57.00,57.16,57.31,57.55,57.79,58.05,58.33,58.62,58.91,59.22,59.48,59.70,59.92,60.09,60.27,60.45,60.62,60.76,60.90,61.04,61.18]
OTTOWN|Topolia|H|24|[54.28,54.50,54.78,55.06,55.24,55.31,55.41,55.51,55.57,55.60,55.58,55.57,55.62,55.67,55.73,55.80,55.88,56.02,56.15,56.29,56.42,56.57,56.73,56.90,57.06,57.20,57.34,57.58,57.84,58.11,58.38,58.67,58.98,59.29,59.55,59.77,59.94,60.11,60.29,60.46,60.60,60.74,60.88,61.02,61.17]
OTTOWN|Topolia|H|25|[54.20,54.48,54.76,55.05,55.23,55.33,55.43,55.53,55.57,55.56,55.54,55.53,55.59,55.65,55.71,55.78,55.91,56.05,56.19,56.32,56.48,56.64,56.80,56.95,57.09,57.23,57.37,57.63,57.90,58.16,58.44,58.74,59.05,59.36,59.62,59.79,59.96,60.14,60.30,60.44,60.58,60.72,60.87,61.01,61.16]
OTTOWN|Topolia|H|26|[54.23,54.51,54.80,55.07,55.20,55.30,55.40,55.51,55.53,55.52,55.51,55.52,55.58,55.64,55.70,55.81,55.95,56.09,56.22,56.35,56.51,56.66,56.81,56.95,57.09,57.23,57.43,57.70,57.96,58.23,58.52,58.82,59.13,59.42,59.62,59.79,59.96,60.15,60.31,60.45,60.59,60.72,60.86,61.01,61.15]
OTTOWN|Topolia|H|27|[54.30,54.58,54.85,55.01,55.14,55.24,55.35,55.48,55.51,55.50,55.50,55.52,55.58,55.64,55.74,55.85,55.99,56.12,56.23,56.36,56.52,56.66,56.79,56.93,57.07,57.27,57.50,57.77,58.04,58.31,58.60,58.91,59.20,59.42,59.61,59.78,59.97,60.17,60.33,60.47,60.60,60.71,60.86,61.01,61.13]
OTTOWN|Topolia|H|28|[54.36,54.63,54.79,54.96,55.09,55.20,55.33,55.45,55.48,55.49,55.50,55.52,55.58,55.68,55.78,55.89,56.03,56.13,56.24,56.37,56.51,56.64,56.77,56.91,57.11,57.34,57.58,57.84,58.12,58.40,58.69,58.98,59.19,59.41,59.60,59.79,59.99,60.19,60.35,60.48,60.59,60.71,60.86,60.98,61.11]
OTTOWN|Topolia|H|29|[54.41,54.57,54.74,54.90,55.04,55.17,55.30,55.43,55.47,55.49,55.50,55.52,55.62,55.72,55.83,55.93,56.04,56.14,56.24,56.36,56.49,56.62,56.75,56.94,57.18,57.41,57.65,57.93,58.21,58.49,58.76,58.97,59.19,59.40,59.60,59.81,60.01,60.21,60.36,60.47,60.59,60.71,60.83,60.96,61.09]
OTTOWN|Topolia|H|30|[54.45,54.61,54.77,54.93,55.06,55.19,55.32,55.41,55.44,55.45,55.47,55.56,55.66,55.77,55.87,55.99,56.09,56.19,56.30,56.43,56.55,56.68,56.83,57.04,57.28,57.51,57.77,58.05,58.33,58.60,58.82,59.04,59.25,59.45,59.64,59.84,60.04,60.24,60.37,60.49,60.61,60.75,60.88,61.00,61.13]
OTTOWN|Topolia|H|31|[54.49,54.66,54.81,54.95,55.09,55.21,55.30,55.37,55.40,55.42,55.51,55.60,55.71,55.81,55.93,56.05,56.15,56.26,56.38,56.50,56.63,56.77,56.93,57.15,57.38,57.64,57.90,58.18,58.45,58.68,58.90,59.11,59.31,59.48,59.67,59.88,60.07,60.25,60.39,60.51,60.65,60.80,60.93,61.06,61.20]
OTTOWN|Topolia|H|32|[54.54,54.69,54.83,54.98,55.11,55.20,55.27,55.33,55.36,55.45,55.55,55.65,55.76,55.87,55.99,56.10,56.21,56.33,56.45,56.57,56.72,56.88,57.04,57.25,57.51,57.77,58.03,58.31,58.53,58.75,58.97,59.17,59.34,59.52,59.71,59.90,60.09,60.27,60.41,60.56,60.70,60.85,60.98,61.12,61.26]
OTTOWN|Topolia|H|33|[54.57,54.71,54.86,55.00,55.10,55.17,55.24,55.30,55.40,55.50,55.60,55.70,55.82,55.93,56.05,56.16,56.28,56.40,56.52,56.65,56.81,56.97,57.13,57.37,57.63,57.89,58.15,58.38,58.60,58.82,59.04,59.22,59.39,59.57,59.76,59.95,60.14,60.32,60.48,60.63,60.78,60.93,61.07,61.21,61.35]
OTTOWN|Topolia|H|34|[54.58,54.72,54.86,55.00,55.11,55.17,55.24,55.37,55.48,55.58,55.68,55.77,55.89,56.01,56.12,56.21,56.33,56.45,56.57,56.71,56.87,57.03,57.18,57.41,57.67,57.93,58.21,58.43,58.66,58.90,59.16,59.34,59.52,59.75,59.97,60.16,60.35,60.52,60.68,60.83,60.98,61.14,61.28,61.42,61.57]
OTTOWN|Topolia|H|35|[54.59,54.73,54.87,55.01,55.11,55.18,55.31,55.44,55.55,55.65,55.75,55.85,55.97,56.07,56.16,56.26,56.38,56.50,56.62,56.76,56.92,57.07,57.22,57.45,57.72,57.99,58.27,58.49,58.74,59.03,59.29,59.47,59.70,59.96,60.18,60.37,60.55,60.72,60.88,61.03,61.19,61.34,61.49,61.64,61.80]
OTTOWN|Topolia|H|36|[54.60,54.74,54.88,55.01,55.12,55.25,55.38,55.52,55.63,55.73,55.82,55.92,56.03,56.12,56.21,56.31,56.43,56.55,56.67,56.81,56.97,57.11,57.26,57.50,57.77,58.05,58.33,58.58,58.86,59.15,59.42,59.65,59.91,60.17,60.39,60.57,60.75,60.92,61.08,61.24,61.40,61.55,61.70,61.87,62.03]
OTTOWN|Topolia|H|37|[54.62,54.76,54.90,55.04,55.20,55.34,55.47,55.61,55.72,55.82,55.92,56.02,56.11,56.20,56.30,56.39,56.51,56.64,56.76,56.83,56.97,57.12,57.27,57.51,57.79,58.07,58.35,58.64,58.93,59.22,59.50,59.76,60.02,60.28,60.53,60.71,60.89,61.08,61.27,61.43,61.59,61.81,61.97,62.13,62.30]
OTTOWN|Topolia|H|38|[54.68,54.82,54.96,55.15,55.32,55.45,55.59,55.73,55.84,55.94,56.04,56.16,56.25,56.34,56.43,56.52,56.64,56.76,56.74,56.79,56.93,57.08,57.22,57.46,57.74,58.03,58.33,58.62,58.91,59.20,59.48,59.74,60.00,60.33,60.59,60.76,60.95,61.24,61.44,61.59,61.81,62.13,62.30,62.46,62.57]
OTTOWN|Topolia|H|39|[54.74,54.87,55.07,55.26,55.43,55.57,55.71,55.84,55.95,56.06,56.18,56.29,56.39,56.47,56.55,56.65,56.77,56.74,56.70,56.75,56.89,57.03,57.17,57.41,57.70,58.01,58.31,58.60,58.89,59.18,59.46,59.72,60.04,60.38,60.64,60.83,61.12,61.41,61.60,61.82,62.14,62.46,62.62,62.74,62.83]
OTTOWN|Topolia|H|40|[54.79,54.98,55.18,55.38,55.55,55.68,55.82,55.96,56.08,56.20,56.31,56.43,56.52,56.60,56.68,56.77,56.75,56.70,56.66,56.70,56.84,56.98,57.12,57.37,57.68,57.98,58.29,58.58,58.87,59.15,59.44,59.76,60.09,60.43,60.70,60.99,61.28,61.57,61.83,62.15,62.46,62.78,62.90,62.99,63.08]
OTTOWN|Topolia|H|41|[54.97,55.16,55.36,55.55,55.67,55.81,55.94,56.04,56.13,56.25,56.37,56.40,56.48,56.56,56.64,56.77,56.72,56.68,56.63,56.69,56.82,56.96,57.07,57.31,57.62,57.93,58.28,58.57,58.86,59.15,59.57,59.90,60.24,60.58,60.95,61.24,61.53,61.81,62.11,62.43,62.75,62.99,63.08,63.17,63.26]
OTTOWN|Topolia|H|42|[55.18,55.38,55.56,55.67,55.79,55.93,56.02,56.05,56.14,56.26,56.29,56.27,56.35,56.43,56.61,56.74,56.70,56.66,56.63,56.69,56.82,56.93,57.00,57.23,57.54,57.90,58.28,58.57,58.86,59.31,59.76,60.09,60.44,60.88,61.24,61.54,61.81,62.07,62.37,62.69,62.93,63.14,63.23,63.32,63.40]
OTTOWN|Topolia|H|43|[55.40,55.58,55.69,55.79,55.91,56.01,56.03,56.05,56.15,56.18,56.16,56.14,56.22,56.40,56.59,56.72,56.68,56.66,56.63,56.69,56.80,56.86,56.92,57.16,57.51,57.89,58.27,58.56,59.02,59.50,59.95,60.30,60.73,61.17,61.54,61.82,62.07,62.33,62.63,62.88,63.08,63.29,63.38,63.46,63.54]
OTTOWN|Topolia|H|44|[55.60,55.71,55.81,55.91,55.99,56.01,56.04,56.06,56.07,56.05,56.03,56.01,56.19,56.38,56.57,56.70,56.68,56.66,56.63,56.66,56.72,56.78,56.84,57.13,57.51,57.89,58.27,58.73,59.21,59.69,60.15,60.59,61.03,61.46,61.82,62.07,62.33,62.59,62.82,63.03,63.23,63.44,63.52,63.60,63.68]
OTTOWN|Topolia|END
OTTOWN|Gravia|HEAD|i_House_Big_02_V1_F|Land_u_House_Big_02_V1_F|[14494.149,17630.039,22.170]|60.32|false|91|2|3
OTTOWN|Gravia|BOX|[-5.27,-12.09,5.27,12.09,-5.90,5.90]
OTTOWN|Gravia|DOOR|main|[14486.48,17631.02,22.33]|330.3|3.50
OTTOWN|Gravia|DOOR|side|[14498.80,17632.58,22.32]|60.3|1.25
OTTOWN|Gravia|BPOS|[[14490.98,17624.09,22.59],[14491.32,17628.26,22.59],[14489.33,17627.88,26.04],[14501.28,17630.26,26.03],[14499.66,17629.35,22.59],[14498.78,17627.73,26.03],[14498.21,17632.06,26.03],[14495.71,17631.64,26.03],[14496.03,17629.81,22.59]]
OTTOWN|Gravia|OBJ|building|Land_u_House_Small_02_V1_F|[14488.29,17607.23,21.94]|76.0|[-8.20,-4.64,8.20,4.64,-4.71,4.71]
OTTOWN|Gravia|OBJ|building|Land_i_Addon_03_V1_F|[14473.92,17590.50,21.58]|347.6|[-5.02,-4.11,5.02,4.11,-3.05,3.05]
OTTOWN|Gravia|OBJ|building|Land_i_Addon_03_V1_F|[14470.89,17604.80,21.59]|167.8|[-5.02,-4.11,5.02,4.11,-3.05,3.05]
OTTOWN|Gravia|OBJ|building|Land_i_Addon_03mid_V1_F|[14472.42,17597.62,21.58]|347.6|[-5.12,-3.37,5.12,3.37,-3.01,3.01]
OTTOWN|Gravia|OBJ|building|Land_i_Shop_02_V3_F|[14491.22,17594.49,22.07]|167.6|[-8.58,-5.44,8.58,5.44,-6.24,6.24]
OTTOWN|Gravia|OBJ|building|Land_u_House_Small_02_V1_F|[14506.51,17604.49,23.22]|239.6|[-8.20,-4.64,8.20,4.64,-4.71,4.71]
OTTOWN|Gravia|OBJ|building|Land_i_Garage_V2_F|[14494.06,17586.70,22.30]|348.2|[-9.00,-3.69,9.00,3.69,-3.37,3.37]
OTTOWN|Gravia|OBJ|building|Land_i_Stone_HouseBig_V2_F|[14528.83,17604.59,24.30]|320.0|[-6.78,-6.16,6.78,6.16,-5.84,5.84]
OTTOWN|Gravia|OBJ|building|Land_i_House_Big_01_V2_F|[14471.64,17634.23,20.70]|37.5|[-7.89,-8.48,7.89,8.48,-6.61,6.61]
OTTOWN|Gravia|OBJ|building|Land_i_Addon_04_V1_F|[14464.85,17624.96,20.25]|37.2|[-5.02,-3.98,5.02,3.98,-2.94,2.94]
OTTOWN|Gravia|OBJ|building|Land_i_House_Big_01_V3_F|[14500.99,17619.54,22.39]|150.4|[-7.89,-8.48,7.89,8.48,-6.61,6.61]
OTTOWN|Gravia|OBJ|building|Land_d_House_Small_02_V1_F|[14515.44,17633.13,22.82]|60.8|[-8.52,-7.25,8.52,7.25,-4.98,4.98]
OTTOWN|Gravia|OBJ|building|Land_d_House_Big_02_V1_F|[14522.52,17619.70,22.84]|61.0|[-7.09,-12.09,7.09,12.09,-6.28,6.28]
OTTOWN|Gravia|OBJ|building|Land_u_Addon_01_V1_F|[14523.73,17634.80,22.86]|241.6|[-6.50,-4.51,6.50,4.51,-3.42,3.42]
OTTOWN|Gravia|OBJ|building|Land_d_House_Big_02_V1_F|[14483.33,17649.97,21.18]|127.9|[-7.09,-12.09,7.09,12.09,-6.28,6.28]
OTTOWN|Gravia|OBJ|building|Land_i_Shop_01_V3_F|[14477.60,17645.07,20.88]|127.9|[-4.75,-10.13,4.75,10.13,-6.46,6.46]
OTTOWN|Gravia|OBJ|building|Land_i_House_Big_02_V2_F|[14509.78,17657.50,22.47]|218.7|[-5.33,-12.09,5.33,12.09,-6.09,6.09]
OTTOWN|Gravia|OBJ|building|Land_u_Addon_02_V1_F|[14516.88,17650.79,22.70]|308.9|[-4.57,-4.94,4.57,4.94,-3.72,3.72]
OTTOWN|Gravia|OBJ|building|Land_i_Addon_03_V1_F|[14502.38,17662.80,21.82]|128.7|[-5.02,-4.11,5.02,4.11,-3.05,3.05]
OTTOWN|Gravia|OBJ|building|water_source_f.p3d|[14506.47,17644.39,22.75]|127.8|[-1.31,-0.87,1.31,0.87,-1.53,1.53]
OTTOWN|Gravia|OBJ|building|Land_d_Shop_01_V1_F|[14535.59,17646.84,22.83]|216.6|[-7.34,-11.89,7.34,11.89,-6.58,6.58]
OTTOWN|Gravia|OBJ|wall|concrete_smallwall_8m_f.p3d|[14461.55,17605.92,20.31]|353.5|[-4.00,-0.26,4.00,0.26,-1.15,1.15]
OTTOWN|Gravia|OBJ|wall|pipe_fence_4m_f.p3d|[14477.83,17605.15,21.68]|77.9|[-2.08,-0.09,2.08,0.09,-0.85,0.85]
OTTOWN|Gravia|OBJ|wall|pipe_fence_4m_f.p3d|[14478.71,17601.13,21.81]|77.9|[-2.08,-0.09,2.08,0.09,-0.85,0.85]
OTTOWN|Gravia|OBJ|wall|pipe_fence_4m_f.p3d|[14479.54,17597.08,21.84]|77.9|[-2.08,-0.09,2.08,0.09,-0.85,0.85]
OTTOWN|Gravia|OBJ|wall|pipe_fence_4m_f.p3d|[14480.40,17593.04,21.82]|77.9|[-2.08,-0.09,2.08,0.09,-0.85,0.85]
OTTOWN|Gravia|OBJ|wall|city_pillar_f.p3d|[14519.04,17596.33,23.88]|125.6|[-0.23,-0.24,0.23,0.24,-2.14,2.14]
OTTOWN|Gravia|OBJ|wall|stone_pillar_f.p3d|[14528.68,17601.61,24.20]|305.0|[-0.45,-0.44,0.45,0.44,-1.79,1.79]
OTTOWN|Gravia|OBJ|wall|city_8m_f.p3d|[14478.42,17617.54,21.57]|47.2|[-3.53,-0.25,3.53,0.25,-2.08,2.08]
OTTOWN|Gravia|OBJ|wall|city_8m_f.p3d|[14473.63,17622.68,21.05]|47.2|[-3.53,-0.25,3.53,0.25,-2.08,2.08]
OTTOWN|Gravia|OBJ|wall|city_pillar_f.p3d|[14480.82,17614.92,21.74]|315.6|[-0.23,-0.24,0.23,0.24,-2.14,2.14]
OTTOWN|Gravia|OBJ|wall|stone_pillar_f.p3d|[14461.28,17660.63,19.91]|310.9|[-0.45,-0.44,0.45,0.44,-1.79,1.79]
OTTOWN|Gravia|OBJ|wall|city_8md_f.p3d|[14495.25,17641.92,22.20]|69.7|[-3.50,-0.98,3.50,0.98,-1.80,1.80]
OTTOWN|Gravia|OBJ|wall|city_8m_f.p3d|[14492.88,17648.50,22.19]|71.0|[-3.53,-0.25,3.53,0.25,-2.08,2.08]
OTTOWN|Gravia|OBJ|tree|t_ficusb1s_f.p3d|[14461.15,17600.38,20.47]|292.1|[-5.06,-5.62,5.06,5.62,-4.61,4.61]
OTTOWN|Gravia|OBJ|tree|t_ficusb2s_f.p3d|[14479.27,17626.53,21.21]|132.0|[-8.66,-8.23,8.66,8.23,-5.99,5.99]
OTTOWN|Gravia|ROAD|ROAD|10.0|[14450.50,17615.29,19.82]|[14450.57,17595.94,20.18]
OTTOWN|Gravia|ROAD|ROAD|10.0|[14457.65,17640.48,19.88]|[14450.50,17615.29,19.82]
OTTOWN|Gravia|ROAD|ROAD|10.0|[14479.37,17666.50,20.48]|[14457.65,17640.48,19.88]
OTTOWN|Gravia|ROAD|ROAD|10.0|[14527.29,17664.44,22.69]|[14511.42,17673.64,21.78]
OTTOWN|Gravia|ROAD|TRACK|10.0|[14535.71,17664.27,22.68]|[14543.49,17657.36,22.74]
OTTOWN|Gravia|ROAD|ROAD|10.0|[14539.23,17663.73,22.67]|[14527.29,17664.44,22.69]
OTTOWN|Gravia|ROAD|ROAD|10.0|[14496.37,17675.86,21.08]|[14479.37,17666.50,20.48]
OTTOWN|Gravia|ROAD|ROAD|10.0|[14484.26,17679.02,20.53]|[14488.95,17670.05,20.91]
OTTOWN|Gravia|ROAD|ROAD|10.0|[14511.42,17673.64,21.78]|[14496.37,17675.86,21.08]
OTTOWN|Gravia|H|0|[20.51,20.61,20.61,20.60,20.59,20.58,20.67,20.88,21.10,21.29,21.42,21.53,21.65,21.76,21.80,21.82,21.84,21.89,21.93,21.97,22.01,22.05,22.09,22.14,22.21,22.38,22.58,22.78,22.99,23.12,23.25,23.37,23.49,23.63,23.78,23.91,24.01,24.10,24.18,24.26,24.38,24.51,24.64,24.72,24.78]
OTTOWN|Gravia|H|1|[20.41,20.52,20.53,20.52,20.51,20.51,20.72,20.94,21.15,21.34,21.45,21.57,21.68,21.75,21.77,21.79,21.82,21.86,21.90,21.94,21.97,22.02,22.06,22.11,22.22,22.43,22.63,22.83,22.96,23.09,23.21,23.34,23.48,23.62,23.76,23.90,23.98,24.06,24.14,24.26,24.39,24.52,24.65,24.73,24.80]
OTTOWN|Gravia|H|2|[20.35,20.46,20.47,20.46,20.45,20.46,20.67,20.88,21.11,21.31,21.43,21.54,21.68,21.75,21.77,21.79,21.83,21.87,21.91,21.95,21.97,22.02,22.06,22.15,22.29,22.49,22.70,22.81,22.92,23.04,23.17,23.31,23.45,23.59,23.73,23.86,23.94,24.02,24.15,24.29,24.42,24.55,24.64,24.72,24.79]
OTTOWN|Gravia|H|3|[20.30,20.41,20.42,20.41,20.40,20.40,20.62,20.85,21.09,21.29,21.40,21.53,21.67,21.74,21.76,21.81,21.85,21.89,21.92,21.94,21.97,22.01,22.10,22.21,22.36,22.56,22.67,22.76,22.88,23.00,23.14,23.27,23.41,23.55,23.69,23.82,23.90,24.03,24.18,24.32,24.45,24.54,24.62,24.70,24.76]
OTTOWN|Gravia|H|4|[20.25,20.36,20.37,20.36,20.35,20.35,20.58,20.82,21.06,21.26,21.39,21.53,21.66,21.74,21.78,21.82,21.86,21.90,21.92,21.94,21.96,22.05,22.17,22.28,22.42,22.53,22.63,22.72,22.83,22.97,23.11,23.24,23.38,23.52,23.65,23.78,23.91,24.06,24.21,24.35,24.44,24.52,24.60,24.68,24.71]
OTTOWN|Gravia|H|5|[20.20,20.31,20.32,20.31,20.30,20.32,20.56,20.80,21.04,21.27,21.41,21.54,21.68,21.76,21.80,21.84,21.87,21.89,21.91,21.93,21.97,22.08,22.20,22.31,22.40,22.49,22.59,22.68,22.80,22.94,23.07,23.20,23.33,23.46,23.60,23.75,23.90,24.05,24.20,24.32,24.40,24.49,24.57,24.61,24.64]
OTTOWN|Gravia|H|6|[20.16,20.26,20.27,20.26,20.27,20.30,20.54,20.78,21.06,21.30,21.43,21.57,21.70,21.78,21.82,21.85,21.85,21.87,21.89,21.92,21.96,22.08,22.19,22.28,22.36,22.46,22.55,22.65,22.77,22.91,23.03,23.13,23.26,23.39,23.55,23.71,23.86,24.01,24.15,24.27,24.35,24.43,24.49,24.53,24.57]
OTTOWN|Gravia|H|7|[20.11,20.22,20.23,20.23,20.24,20.27,20.51,20.80,21.09,21.33,21.46,21.59,21.72,21.81,21.83,21.83,21.83,21.85,21.88,21.91,21.96,22.07,22.16,22.24,22.33,22.42,22.52,22.62,22.74,22.86,22.96,23.06,23.19,23.34,23.51,23.67,23.82,23.96,24.10,24.22,24.30,24.36,24.41,24.46,24.48]
OTTOWN|Gravia|H|8|[20.07,20.17,20.20,20.21,20.22,20.25,20.54,20.83,21.12,21.36,21.49,21.62,21.75,21.81,21.81,21.81,21.81,21.84,21.87,21.91,21.95,22.04,22.12,22.20,22.29,22.39,22.49,22.59,22.69,22.79,22.89,22.99,23.14,23.30,23.47,23.63,23.77,23.91,24.05,24.17,24.22,24.28,24.33,24.37,24.39]
OTTOWN|Gravia|H|9|[20.02,20.11,20.14,20.15,20.17,20.23,20.52,20.81,21.10,21.26,21.39,21.52,21.67,21.74,21.74,21.74,21.80,21.85,21.89,21.92,21.95,22.04,22.12,22.20,22.28,22.38,22.48,22.57,22.67,22.77,22.86,22.92,23.07,23.23,23.40,23.49,23.63,23.77,23.91,24.07,24.13,24.19,24.23,24.25,24.26]
OTTOWN|Gravia|H|10|[19.96,20.05,20.07,20.09,20.14,20.21,20.50,20.78,20.96,21.13,21.26,21.40,21.57,21.64,21.64,21.71,21.82,21.87,21.90,21.93,21.96,22.04,22.12,22.20,22.28,22.38,22.47,22.56,22.65,22.75,22.81,22.85,22.99,23.15,23.24,23.32,23.46,23.61,23.82,23.98,24.03,24.08,24.09,24.11,24.13]
OTTOWN|Gravia|H|11|[19.90,19.98,20.01,20.06,20.11,20.19,20.47,20.65,20.83,21.00,21.14,21.31,21.47,21.54,21.61,21.72,21.83,21.88,21.91,21.94,21.97,22.05,22.12,22.20,22.28,22.38,22.46,22.55,22.64,22.70,22.74,22.77,22.91,23.00,23.08,23.15,23.30,23.51,23.72,23.88,23.92,23.94,23.96,23.97,24.04]
OTTOWN|Gravia|H|12|[19.83,19.92,19.98,20.03,20.09,20.15,20.34,20.52,20.71,20.88,21.05,21.21,21.38,21.51,21.63,21.74,21.85,21.89,21.92,21.95,21.98,22.05,22.12,22.20,22.28,22.36,22.45,22.53,22.59,22.62,22.66,22.69,22.76,22.84,22.91,22.99,23.21,23.42,23.63,23.77,23.79,23.80,23.82,23.88,23.98]
OTTOWN|Gravia|H|13|[19.83,19.91,19.97,20.02,20.07,20.12,20.30,20.48,20.66,20.82,20.98,21.15,21.34,21.49,21.60,21.71,21.84,21.88,21.91,21.93,21.97,22.04,22.12,22.20,22.29,22.37,22.46,22.52,22.57,22.60,22.63,22.68,22.75,22.82,22.89,22.92,23.13,23.34,23.51,23.56,23.58,23.59,23.70,23.83,23.92]
OTTOWN|Gravia|H|14|[19.82,19.90,19.95,20.01,20.04,20.08,20.26,20.44,20.59,20.75,20.91,21.10,21.31,21.46,21.57,21.70,21.83,21.87,21.90,21.93,21.96,22.04,22.12,22.21,22.29,22.38,22.45,22.50,22.54,22.58,22.62,22.66,22.73,22.80,22.82,22.85,23.06,23.22,23.30,23.35,23.37,23.47,23.64,23.77,23.87]
OTTOWN|Gravia|H|15|[19.81,19.88,19.94,19.97,20.00,20.04,20.21,20.37,20.52,20.68,20.87,21.08,21.28,21.43,21.56,21.69,21.82,21.86,21.89,21.92,21.96,22.04,22.13,22.21,22.30,22.37,22.42,22.47,22.52,22.56,22.60,22.64,22.71,22.73,22.75,22.78,22.94,23.01,23.09,23.14,23.25,23.42,23.59,23.72,23.85]
OTTOWN|Gravia|H|16|[19.79,19.86,19.90,19.93,19.96,20.00,20.15,20.31,20.46,20.63,20.84,21.05,21.25,21.41,21.53,21.66,21.79,21.85,21.88,21.92,21.96,22.05,22.13,22.22,22.30,22.36,22.41,22.46,22.50,22.55,22.59,22.63,22.66,22.68,22.70,22.72,22.79,22.87,22.94,23.02,23.19,23.36,23.53,23.67,23.80]
OTTOWN|Gravia|H|17|[19.74,19.81,19.85,19.88,19.91,19.96,20.11,20.27,20.42,20.59,20.79,21.00,21.19,21.34,21.47,21.60,21.78,21.84,21.87,21.91,21.97,22.05,22.14,22.24,22.32,22.37,22.43,22.46,22.50,22.54,22.59,22.67,22.70,22.72,22.73,22.74,22.81,22.89,22.90,22.94,23.11,23.29,23.42,23.55,23.68]
OTTOWN|Gravia|H|18|[19.69,19.76,19.80,19.83,19.87,19.91,20.07,20.22,20.37,20.54,20.75,20.94,21.12,21.27,21.41,21.58,21.76,21.82,21.86,21.92,21.97,22.06,22.16,22.26,22.34,22.39,22.43,22.46,22.49,22.54,22.62,22.70,22.73,22.75,22.75,22.76,22.84,22.85,22.83,22.87,23.04,23.17,23.30,23.43,23.56]
OTTOWN|Gravia|H|19|[19.64,19.71,19.75,19.79,19.83,19.87,20.03,20.18,20.33,20.50,20.69,20.87,21.05,21.21,21.39,21.57,21.75,21.81,21.87,21.92,21.98,22.08,22.18,22.27,22.36,22.39,22.42,22.45,22.49,22.57,22.66,22.74,22.76,22.77,22.77,22.79,22.80,22.78,22.76,22.80,22.93,23.05,23.18,23.31,23.47]
OTTOWN|Gravia|H|20|[19.61,19.69,19.74,19.77,19.81,19.87,20.02,20.17,20.32,20.45,20.63,20.81,20.99,21.15,21.33,21.51,21.70,21.79,21.84,21.90,21.97,22.07,22.17,22.27,22.36,22.39,22.42,22.45,22.52,22.60,22.69,22.76,22.77,22.77,22.78,22.81,22.79,22.77,22.74,22.78,22.90,23.02,23.13,23.23,23.40]
OTTOWN|Gravia|H|21|[19.60,19.70,19.75,19.78,19.83,19.89,20.04,20.20,20.29,20.40,20.58,20.76,20.90,21.06,21.24,21.43,21.64,21.73,21.78,21.86,21.94,22.04,22.14,22.26,22.36,22.39,22.42,22.48,22.55,22.63,22.70,22.75,22.76,22.76,22.80,22.85,22.82,22.80,22.79,22.83,22.95,23.06,23.07,23.16,23.33]
OTTOWN|Gravia|H|22|[19.61,19.71,19.76,19.80,19.86,19.92,20.07,20.16,20.24,20.36,20.53,20.67,20.80,20.96,21.15,21.37,21.58,21.67,21.74,21.83,21.91,22.01,22.14,22.26,22.36,22.39,22.45,22.50,22.57,22.64,22.69,22.74,22.75,22.78,22.83,22.88,22.86,22.85,22.84,22.88,22.99,22.99,23.00,23.10,23.21]
OTTOWN|Gravia|H|23|[19.62,19.72,19.78,19.83,19.88,19.95,20.04,20.12,20.20,20.31,20.44,20.57,20.71,20.88,21.09,21.31,21.53,21.63,21.71,21.80,21.88,22.01,22.14,22.26,22.36,22.42,22.47,22.53,22.59,22.63,22.68,22.72,22.77,22.82,22.87,22.92,22.91,22.90,22.89,22.92,22.92,22.93,22.93,22.98,23.00]
OTTOWN|Gravia|H|24|[19.62,19.71,19.77,19.82,19.87,19.96,20.04,20.12,20.20,20.28,20.41,20.54,20.65,20.80,21.02,21.23,21.40,21.49,21.58,21.66,21.79,21.92,22.05,22.19,22.40,22.46,22.52,22.57,22.61,22.65,22.70,22.72,22.76,22.82,22.87,22.90,22.89,22.89,22.88,22.89,22.90,22.90,22.91,22.92,22.94]
OTTOWN|Gravia|H|25|[19.60,19.68,19.74,19.79,19.89,19.98,20.06,20.14,20.19,20.26,20.40,20.51,20.57,20.72,20.94,21.10,21.23,21.33,21.41,21.54,21.67,21.80,21.94,22.23,22.45,22.50,22.55,22.59,22.64,22.68,22.70,22.70,22.75,22.80,22.84,22.87,22.86,22.85,22.87,22.88,22.88,22.89,22.90,22.92,22.94]
OTTOWN|Gravia|H|26|[19.58,19.66,19.72,19.81,19.91,20.01,20.08,20.13,20.18,20.25,20.36,20.43,20.49,20.64,20.81,20.94,21.07,21.16,21.29,21.42,21.55,21.70,21.99,22.28,22.49,22.54,22.58,22.62,22.67,22.69,22.69,22.69,22.73,22.77,22.80,22.83,22.83,22.84,22.85,22.86,22.87,22.88,22.89,22.91,22.91]
OTTOWN|Gravia|H|27|[19.56,19.64,19.73,19.83,19.93,20.02,20.07,20.12,20.17,20.22,20.28,20.35,20.41,20.51,20.65,20.78,20.91,21.04,21.17,21.31,21.45,21.74,22.03,22.32,22.53,22.57,22.61,22.65,22.67,22.67,22.67,22.67,22.70,22.73,22.77,22.80,22.81,22.83,22.84,22.85,22.86,22.87,22.88,22.89,22.88]
OTTOWN|Gravia|H|28|[19.56,19.62,19.71,19.81,19.91,19.99,20.04,20.09,20.15,20.22,20.28,20.35,20.39,20.49,20.62,20.75,20.88,21.01,21.14,21.28,21.46,21.75,22.04,22.32,22.51,22.55,22.59,22.67,22.71,22.71,22.71,22.69,22.72,22.75,22.78,22.80,22.81,22.82,22.83,22.83,22.84,22.85,22.87,22.88,22.87]
OTTOWN|Gravia|H|29|[19.54,19.60,19.69,19.79,19.88,19.96,20.01,20.07,20.14,20.22,20.28,20.33,20.36,20.46,20.59,20.72,20.85,20.98,21.12,21.29,21.47,21.76,22.04,22.30,22.48,22.52,22.60,22.71,22.75,22.75,22.73,22.71,22.74,22.77,22.78,22.79,22.80,22.81,22.81,22.80,22.82,22.83,22.86,22.87,22.86]
OTTOWN|Gravia|H|30|[19.52,19.58,19.67,19.76,19.84,19.93,19.99,20.06,20.14,20.21,20.26,20.30,20.34,20.43,20.56,20.69,20.82,20.96,21.13,21.30,21.48,21.76,22.02,22.27,22.45,22.53,22.64,22.75,22.79,22.77,22.75,22.73,22.75,22.76,22.77,22.78,22.79,22.79,22.78,22.78,22.80,22.82,22.85,22.85,22.88]
OTTOWN|Gravia|H|31|[19.51,19.58,19.66,19.74,19.83,19.91,19.98,20.06,20.14,20.21,20.24,20.28,20.32,20.42,20.55,20.68,20.80,20.96,21.13,21.30,21.46,21.72,21.97,22.22,22.42,22.53,22.64,22.74,22.78,22.76,22.74,22.72,22.74,22.75,22.76,22.78,22.77,22.77,22.76,22.76,22.79,22.81,22.84,22.86,22.88]
OTTOWN|Gravia|H|32|[19.53,19.60,19.68,19.77,19.84,19.90,19.98,20.06,20.14,20.22,20.26,20.29,20.36,20.47,20.60,20.72,20.77,20.93,21.10,21.25,21.36,21.62,21.87,22.11,22.31,22.42,22.52,22.64,22.69,22.66,22.65,22.70,22.72,22.73,22.75,22.78,22.77,22.77,22.76,22.75,22.78,22.80,22.81,22.83,22.86]
OTTOWN|Gravia|H|33|[19.56,19.63,19.71,19.79,19.84,19.90,19.98,20.06,20.16,20.23,20.27,20.34,20.41,20.52,20.64,20.69,20.74,20.90,21.05,21.15,21.27,21.52,21.76,22.00,22.19,22.30,22.42,22.55,22.59,22.58,22.63,22.68,22.69,22.71,22.74,22.77,22.77,22.76,22.74,22.74,22.77,22.78,22.79,22.80,22.83]
OTTOWN|Gravia|H|34|[19.59,19.66,19.73,19.78,19.84,19.90,19.98,20.08,20.17,20.25,20.31,20.39,20.46,20.56,20.61,20.66,20.72,20.84,20.95,21.05,21.17,21.41,21.65,21.88,22.08,22.20,22.33,22.45,22.50,22.55,22.60,22.65,22.68,22.71,22.74,22.77,22.76,22.75,22.73,22.73,22.74,22.75,22.76,22.78,22.78]
OTTOWN|Gravia|H|35|[19.57,19.65,19.71,19.76,19.82,19.89,19.98,20.08,20.17,20.25,20.33,20.40,20.48,20.54,20.59,20.64,20.69,20.78,20.89,20.99,21.11,21.35,21.59,21.82,21.94,22.06,22.19,22.32,22.44,22.49,22.54,22.61,22.65,22.68,22.71,22.75,22.74,22.73,22.71,22.72,22.73,22.74,22.74,22.74,22.74]
OTTOWN|Gravia|H|36|[19.53,19.61,19.67,19.72,19.79,19.88,19.97,20.06,20.15,20.23,20.30,20.38,20.45,20.51,20.56,20.61,20.66,20.76,20.86,20.98,21.10,21.34,21.58,21.67,21.76,21.89,22.02,22.22,22.33,22.38,22.45,22.55,22.60,22.63,22.67,22.72,22.71,22.69,22.71,22.72,22.73,22.74,22.72,22.72,22.72]
OTTOWN|Gravia|H|37|[19.49,19.57,19.63,19.70,19.78,19.86,19.96,20.04,20.12,20.20,20.28,20.35,20.43,20.49,20.54,20.59,20.64,20.74,20.85,20.96,21.09,21.33,21.43,21.50,21.59,21.72,21.92,22.11,22.23,22.30,22.40,22.50,22.55,22.59,22.64,22.69,22.68,22.69,22.71,22.72,22.73,22.72,22.70,22.70,22.69]
OTTOWN|Gravia|H|38|[19.45,19.53,19.60,19.68,19.77,19.85,19.93,20.02,20.10,20.18,20.25,20.33,20.40,20.46,20.52,20.57,20.62,20.72,20.84,20.95,21.08,21.18,21.25,21.32,21.42,21.62,21.81,22.01,22.14,22.25,22.35,22.45,22.51,22.56,22.61,22.66,22.67,22.69,22.71,22.72,22.71,22.69,22.68,22.67,22.67]
OTTOWN|Gravia|H|39|[19.37,19.46,19.55,19.63,19.71,19.81,19.89,19.97,20.06,20.13,20.21,20.28,20.36,20.43,20.48,20.53,20.59,20.70,20.82,20.93,21.06,21.13,21.20,21.27,21.38,21.58,21.77,21.92,22.00,22.11,22.21,22.38,22.45,22.51,22.56,22.63,22.65,22.67,22.69,22.70,22.69,22.68,22.67,22.67,22.66]
OTTOWN|Gravia|H|40|[19.29,19.40,19.48,19.57,19.66,19.76,19.84,19.93,20.00,20.08,20.15,20.24,20.33,20.40,20.45,20.51,20.57,20.67,20.79,20.92,21.05,21.12,21.19,21.25,21.36,21.55,21.70,21.75,21.84,21.94,22.11,22.32,22.39,22.44,22.52,22.60,22.62,22.64,22.67,22.69,22.67,22.67,22.67,22.67,22.66]
OTTOWN|Gravia|H|41|[19.22,19.33,19.42,19.52,19.62,19.71,19.80,19.87,19.95,20.03,20.11,20.20,20.29,20.36,20.42,20.48,20.54,20.65,20.78,20.91,21.04,21.11,21.17,21.23,21.34,21.48,21.54,21.59,21.67,21.84,22.05,22.25,22.33,22.41,22.50,22.58,22.60,22.63,22.66,22.67,22.66,22.67,22.67,22.67,22.67]
OTTOWN|Gravia|H|42|[19.16,19.27,19.37,19.47,19.57,19.67,19.74,19.82,19.90,19.98,20.07,20.17,20.26,20.33,20.40,20.46,20.52,20.64,20.77,20.90,21.02,21.09,21.15,21.21,21.27,21.32,21.37,21.43,21.57,21.78,21.98,22.19,22.30,22.38,22.47,22.55,22.58,22.61,22.64,22.66,22.66,22.66,22.67,22.67,22.67]
OTTOWN|Gravia|H|43|[19.14,19.24,19.34,19.44,19.54,19.65,19.73,19.81,19.88,19.96,20.05,20.15,20.24,20.31,20.37,20.43,20.50,20.62,20.75,20.88,20.99,21.05,21.11,21.17,21.22,21.27,21.32,21.38,21.53,21.74,21.94,22.03,22.11,22.19,22.28,22.40,22.43,22.46,22.52,22.59,22.60,22.60,22.64,22.67,22.67]
OTTOWN|Gravia|H|44|[19.11,19.21,19.31,19.41,19.52,19.64,19.72,19.79,19.86,19.94,20.03,20.12,20.21,20.29,20.35,20.41,20.48,20.59,20.72,20.84,20.95,21.02,21.07,21.12,21.17,21.22,21.28,21.34,21.49,21.70,21.78,21.84,21.92,22.01,22.14,22.26,22.29,22.34,22.45,22.53,22.53,22.57,22.63,22.66,22.66]
OTTOWN|Gravia|END
OTTOWN|Athira|HEAD|i_House_Big_01_V1_F|Land_i_House_Big_01_V3_F|[14010.835,18684.309,26.424]|299.54|false|319|4|5
OTTOWN|Athira|BOX|[-7.89,-8.48,7.89,8.48,-6.61,6.61]
OTTOWN|Athira|DOOR|main|[14015.60,18677.81,26.99]|479.5|2.25
OTTOWN|Athira|DOOR|side|[14008.36,18691.34,26.99]|389.5|1.00
OTTOWN|Athira|BPOS|[[14006.17,18687.77,26.99],[14015.29,18683.36,30.50],[14010.93,18683.40,27.05],[14009.23,18685.52,30.39],[14007.41,18690.37,30.42],[14008.96,18682.26,30.42],[14004.33,18683.85,30.42],[14016.20,18681.44,30.50],[14012.25,18679.57,30.42]]
OTTOWN|Athira|OBJ|building|Land_i_House_Small_01_V3_F|[14012.00,18657.18,26.26]|19.2|[-5.43,-7.64,5.43,7.64,-5.08,5.08]
OTTOWN|Athira|OBJ|building|Land_i_Addon_03_V1_F|[14026.75,18652.33,26.05]|289.1|[-5.02,-4.11,5.02,4.11,-3.05,3.05]
OTTOWN|Athira|OBJ|building|Land_i_Addon_03mid_V1_F|[14019.92,18654.72,26.11]|289.2|[-5.12,-3.37,5.12,3.37,-3.01,3.01]
OTTOWN|Athira|OBJ|building|Land_i_House_Big_02_V2_F|[13973.91,18680.63,24.47]|210.5|[-5.33,-12.09,5.33,12.09,-6.09,6.09]
OTTOWN|Athira|OBJ|building|Land_i_House_Big_01_V1_F|[13993.28,18668.41,25.04]|298.7|[-7.89,-8.48,7.89,8.48,-6.61,6.61]
OTTOWN|Athira|OBJ|building|Land_i_Shop_02_V1_F|[13981.56,18673.82,24.69]|118.9|[-8.58,-5.44,8.58,5.44,-6.24,6.24]
OTTOWN|Athira|OBJ|building|scaffolding_f.p3d|[13996.21,18674.51,25.53]|119.7|[-3.11,-9.28,3.11,9.28,-5.70,5.70]
OTTOWN|Athira|OBJ|building|Land_u_House_Big_02_V1_F|[14038.29,18678.82,27.81]|333.1|[-5.27,-12.09,5.27,12.09,-5.90,5.90]
OTTOWN|Athira|OBJ|building|Land_i_House_Small_01_V2_F|[14047.16,18683.72,27.81]|333.1|[-5.43,-7.64,5.43,7.64,-5.08,5.08]
OTTOWN|Athira|OBJ|building|Land_u_House_Big_02_V1_F|[14002.82,18705.13,26.23]|209.1|[-5.27,-12.09,5.27,12.09,-5.90,5.90]
OTTOWN|Athira|OBJ|building|Land_u_Shop_01_V1_F|[13982.53,18698.12,25.27]|300.6|[-4.75,-10.13,4.75,10.13,-6.58,6.58]
OTTOWN|Athira|OBJ|building|Land_i_House_Small_01_V3_F|[13985.55,18707.18,25.40]|300.6|[-5.43,-7.64,5.43,7.64,-5.08,5.08]
OTTOWN|Athira|OBJ|building|Land_i_House_Small_02_V1_F|[13996.72,18691.17,25.62]|29.5|[-8.20,-4.64,8.20,4.64,-4.71,4.71]
OTTOWN|Athira|OBJ|building|Land_i_House_Big_02_V2_F|[14035.94,18707.46,27.17]|334.7|[-5.33,-12.09,5.33,12.09,-6.09,6.09]
OTTOWN|Athira|OBJ|building|Land_i_Shop_02_V2_F|[14026.32,18704.67,26.97]|245.3|[-8.58,-5.44,8.58,5.44,-6.24,6.24]
OTTOWN|Athira|OBJ|building|Land_u_Addon_02_V1_F|[14044.12,18693.57,27.65]|152.8|[-4.57,-4.94,4.57,4.94,-3.72,3.72]
OTTOWN|Athira|OBJ|wall|city_4m_f.p3d|[14043.51,18656.59,26.95]|105.5|[-1.79,-0.24,1.79,0.24,-2.08,2.08]
OTTOWN|Athira|OBJ|wall|city_8m_f.p3d|[14030.47,18668.53,26.94]|26.6|[-3.53,-0.25,3.53,0.25,-2.08,2.08]
OTTOWN|Athira|OBJ|wall|city_8m_f.p3d|[14039.61,18666.73,27.24]|333.5|[-3.53,-0.25,3.53,0.25,-2.08,2.08]
OTTOWN|Athira|OBJ|wall|city_8m_f.p3d|[14024.26,18671.73,26.88]|27.6|[-3.53,-0.25,3.53,0.25,-2.08,2.08]
OTTOWN|Athira|OBJ|wall|city_8m_f.p3d|[14018.12,18675.03,26.74]|28.5|[-3.53,-0.25,3.53,0.25,-2.08,2.08]
OTTOWN|Athira|OBJ|wall|city_4m_f.p3d|[14035.08,18666.15,27.01]|206.4|[-1.79,-0.24,1.79,0.24,-2.08,2.08]
OTTOWN|Athira|OBJ|wall|city_8m_f.p3d|[14055.12,18678.50,27.80]|64.4|[-3.53,-0.25,3.53,0.25,-2.08,2.08]
OTTOWN|Athira|OBJ|wall|city_pillar_f.p3d|[14042.81,18668.29,27.45]|334.4|[-0.23,-0.24,0.23,0.24,-2.14,2.14]
OTTOWN|Athira|OBJ|wall|city2_4m_f.p3d|[13972.40,18699.49,24.61]|29.3|[-1.76,-0.25,1.76,0.25,-2.09,2.09]
OTTOWN|Athira|OBJ|wall|city2_pillard_f.p3d|[13973.56,18698.80,24.70]|28.1|[-0.84,-0.25,0.84,0.25,-2.10,2.10]
OTTOWN|Athira|OBJ|wall|city_8m_f.p3d|[14008.74,18695.42,26.34]|303.6|[-3.53,-0.25,3.53,0.25,-2.08,2.08]
OTTOWN|Athira|OBJ|wall|city2_8m_f.p3d|[13993.76,18712.14,25.99]|302.2|[-3.51,-0.25,3.51,0.25,-2.09,2.09]
OTTOWN|Athira|OBJ|wall|city2_8m_f.p3d|[13992.69,18717.12,26.01]|30.9|[-3.51,-0.25,3.51,0.25,-2.09,2.09]
OTTOWN|Athira|OBJ|wall|city2_pillard_f.p3d|[13995.20,18715.57,26.08]|30.4|[-0.84,-0.25,0.84,0.25,-2.10,2.10]
OTTOWN|Athira|OBJ|wall|city_8m_f.p3d|[14017.18,18704.03,26.68]|146.7|[-3.53,-0.25,3.53,0.25,-2.08,2.08]
OTTOWN|Athira|OBJ|wall|city_pillar_f.p3d|[14014.22,18701.99,26.58]|54.2|[-0.23,-0.24,0.23,0.24,-2.14,2.14]
OTTOWN|Athira|OBJ|wall|city_pillar_f.p3d|[14010.79,18698.43,26.48]|31.0|[-0.23,-0.24,0.23,0.24,-2.14,2.14]
OTTOWN|Athira|OBJ|wall|city_8m_f.p3d|[14045.60,18699.03,27.47]|243.9|[-3.53,-0.25,3.53,0.25,-2.08,2.08]
OTTOWN|Athira|OBJ|wall|city_4m_f.p3d|[14043.36,18703.65,27.33]|64.7|[-1.79,-0.24,1.79,0.24,-2.08,2.08]
OTTOWN|Athira|OBJ|wall|city_pillar_f.p3d|[14042.59,18705.40,27.28]|336.2|[-0.23,-0.24,0.23,0.24,-2.14,2.14]
OTTOWN|Athira|OBJ|wall|city2_8md_f.p3d|[13985.42,18721.38,25.81]|29.6|[-2.30,-0.28,2.30,0.28,-2.11,2.11]
OTTOWN|Athira|OBJ|tree|t_phoenixc1s_f.p3d|[14036.92,18648.21,26.48]|104.0|[-4.68,-4.32,4.68,4.32,-3.89,3.89]
OTTOWN|Athira|OBJ|tree|t_phoenixc1s_f.p3d|[14019.33,18671.91,26.61]|256.0|[-4.68,-4.32,4.68,4.32,-3.89,3.89]
OTTOWN|Athira|OBJ|tree|t_phoenixc1s_f.p3d|[14026.76,18667.92,26.73]|70.0|[-4.68,-4.32,4.68,4.32,-3.89,3.89]
OTTOWN|Athira|OBJ|tree|t_ficusb2s_f.p3d|[14043.11,18697.67,27.47]|229.0|[-8.66,-8.23,8.66,8.23,-5.99,5.99]
OTTOWN|Athira|ROAD|TRACK|10.0|[13978.38,18656.58,24.16]|[13995.80,18648.25,24.94]
OTTOWN|Athira|ROAD|TRACK|10.0|[13995.80,18648.25,24.94]|[14012.31,18643.19,25.56]
OTTOWN|Athira|ROAD|TRACK|10.0|[14012.31,18643.19,25.56]|[14024.19,18639.43,26.00]
OTTOWN|Athira|ROAD|TRACK|10.0|[14024.19,18639.43,26.00]|[14033.29,18636.52,26.28]
OTTOWN|Athira|ROAD|TRACK|10.0|[13962.10,18668.70,23.67]|[13978.38,18656.58,24.16]
OTTOWN|Athira|ROAD|TRACK|10.0|[14067.01,18677.54,27.70]|[14057.20,18697.67,27.31]
OTTOWN|Athira|ROAD|TRACK|10.0|[14020.66,18720.29,26.44]|[14005.45,18719.55,26.16]
OTTOWN|Athira|ROAD|TRACK|10.0|[14057.20,18697.67,27.31]|[14051.04,18710.87,26.98]
OTTOWN|Athira|ROAD|TRACK|10.0|[14051.04,18710.87,26.98]|[14045.04,18721.81,26.73]
OTTOWN|Athira|ROAD|TRACK|10.0|[14005.45,18719.55,26.16]|[13989.25,18728.88,25.73]
OTTOWN|Athira|ROAD|TRACK|10.0|[14039.75,18731.01,26.38]|[14020.66,18720.29,26.44]
OTTOWN|Athira|ROAD|TRACK|10.0|[14045.04,18721.81,26.73]|[14040.18,18730.33,26.41]
OTTOWN|Athira|H|0|[23.13,23.20,23.29,23.40,23.50,23.60,23.68,23.80,23.96,24.13,24.29,24.44,24.59,24.72,24.82,24.88,24.94,25.02,25.12,25.24,25.37,25.47,25.56,25.64,25.72,25.74,25.78,25.84,25.91,26.02,26.10,26.18,26.24,26.30,26.34,26.38,26.44,26.50,26.58,26.65,26.74,26.82,26.89,26.97,27.08]
OTTOWN|Athira|H|1|[23.15,23.24,23.35,23.46,23.56,23.65,23.73,23.84,24.01,24.17,24.33,24.48,24.62,24.71,24.81,24.87,24.95,25.05,25.15,25.27,25.37,25.47,25.56,25.63,25.65,25.68,25.72,25.79,25.90,26.01,26.09,26.16,26.22,26.27,26.31,26.37,26.43,26.50,26.57,26.66,26.75,26.83,26.91,27.01,27.12]
OTTOWN|Athira|H|2|[23.19,23.30,23.41,23.52,23.61,23.69,23.77,23.88,24.05,24.21,24.37,24.51,24.61,24.71,24.80,24.89,24.98,25.07,25.17,25.27,25.37,25.47,25.55,25.57,25.59,25.61,25.68,25.79,25.89,26.00,26.07,26.13,26.19,26.25,26.30,26.36,26.43,26.49,26.58,26.67,26.76,26.85,26.95,27.05,27.16]
OTTOWN|Athira|H|3|[23.27,23.38,23.49,23.60,23.68,23.76,23.84,23.96,24.12,24.28,24.43,24.54,24.63,24.73,24.84,24.94,25.03,25.12,25.20,25.29,25.39,25.48,25.51,25.53,25.56,25.61,25.73,25.83,25.94,26.04,26.10,26.15,26.21,26.29,26.36,26.42,26.48,26.52,26.61,26.70,26.79,26.89,26.99,27.10,27.19]
OTTOWN|Athira|H|4|[23.36,23.47,23.58,23.68,23.76,23.84,23.93,24.05,24.21,24.36,24.48,24.58,24.68,24.79,24.90,25.00,25.09,25.16,25.23,25.33,25.42,25.46,25.49,25.51,25.57,25.69,25.81,25.91,26.01,26.08,26.14,26.20,26.29,26.38,26.44,26.50,26.52,26.57,26.66,26.74,26.83,26.93,27.04,27.13,27.23]
OTTOWN|Athira|H|5|[23.45,23.55,23.66,23.76,23.84,23.93,24.02,24.14,24.29,24.40,24.52,24.63,24.73,24.85,24.96,25.06,25.13,25.19,25.26,25.35,25.39,25.43,25.47,25.52,25.65,25.77,25.89,25.98,26.05,26.13,26.19,26.28,26.37,26.46,26.52,26.54,26.56,26.61,26.70,26.79,26.88,26.98,27.08,27.17,27.26]
OTTOWN|Athira|H|6|[23.53,23.64,23.74,23.85,23.93,24.02,24.11,24.21,24.33,24.45,24.57,24.68,24.80,24.91,25.02,25.10,25.16,25.22,25.29,25.33,25.37,25.41,25.47,25.60,25.73,25.85,25.95,26.02,26.10,26.18,26.27,26.36,26.45,26.54,26.56,26.58,26.60,26.65,26.74,26.83,26.93,27.02,27.11,27.20,27.29]
OTTOWN|Athira|H|7|[23.57,23.68,23.78,23.88,23.97,24.05,24.14,24.25,24.36,24.48,24.58,24.69,24.81,24.92,25.02,25.09,25.15,25.22,25.32,25.36,25.40,25.46,25.58,25.71,25.83,25.95,26.05,26.12,26.20,26.25,26.34,26.43,26.53,26.59,26.62,26.64,26.67,26.74,26.83,26.92,27.00,27.08,27.17,27.26,27.34]
OTTOWN|Athira|H|8|[23.60,23.71,23.81,23.91,23.99,24.08,24.17,24.27,24.39,24.50,24.59,24.70,24.81,24.91,25.01,25.08,25.15,25.26,25.36,25.40,25.46,25.57,25.69,25.82,25.94,26.06,26.15,26.23,26.28,26.32,26.41,26.51,26.58,26.65,26.67,26.70,26.75,26.82,26.91,26.99,27.07,27.15,27.24,27.32,27.39]
OTTOWN|Athira|H|9|[23.64,23.74,23.84,23.93,24.02,24.11,24.20,24.30,24.41,24.50,24.59,24.70,24.80,24.90,25.00,25.07,25.18,25.30,25.40,25.46,25.57,25.68,25.80,25.92,26.04,26.16,26.25,26.30,26.35,26.40,26.48,26.56,26.64,26.71,26.74,26.79,26.84,26.91,26.99,27.06,27.14,27.22,27.30,27.36,27.43]
OTTOWN|Athira|H|10|[23.67,23.76,23.86,23.95,24.05,24.14,24.23,24.32,24.41,24.50,24.60,24.70,24.80,24.90,24.99,25.11,25.22,25.33,25.44,25.55,25.66,25.78,25.89,26.01,26.13,26.25,26.32,26.36,26.41,26.46,26.54,26.61,26.69,26.77,26.82,26.87,26.92,26.99,27.06,27.13,27.21,27.28,27.35,27.42,27.49]
OTTOWN|Athira|H|11|[23.70,23.80,23.88,23.95,24.04,24.13,24.22,24.30,24.40,24.49,24.61,24.71,24.81,24.91,25.01,25.12,25.24,25.34,25.44,25.55,25.67,25.77,25.88,26.00,26.12,26.24,26.31,26.35,26.40,26.50,26.58,26.65,26.74,26.82,26.87,26.92,27.00,27.08,27.15,27.23,27.31,27.38,27.45,27.52,27.54]
OTTOWN|Athira|H|12|[23.73,23.82,23.88,23.95,24.04,24.12,24.20,24.29,24.38,24.50,24.62,24.72,24.82,24.93,25.03,25.14,25.25,25.35,25.44,25.56,25.66,25.76,25.87,25.99,26.11,26.23,26.30,26.35,26.44,26.54,26.62,26.70,26.79,26.88,26.93,27.00,27.09,27.17,27.25,27.33,27.41,27.48,27.55,27.57,27.60]
OTTOWN|Athira|H|13|[23.75,23.81,23.88,23.95,24.03,24.11,24.19,24.28,24.39,24.51,24.63,24.74,24.84,24.95,25.05,25.16,25.25,25.35,25.45,25.55,25.65,25.76,25.86,25.98,26.10,26.22,26.29,26.39,26.48,26.58,26.66,26.76,26.85,26.94,27.01,27.10,27.18,27.27,27.34,27.42,27.50,27.57,27.60,27.63,27.65]
OTTOWN|Athira|H|14|[23.76,23.82,23.88,24.00,24.08,24.16,24.24,24.32,24.44,24.56,24.68,24.80,24.90,25.00,25.11,25.21,25.31,25.40,25.46,25.56,25.66,25.77,25.91,26.02,26.14,26.26,26.36,26.46,26.55,26.66,26.76,26.85,26.94,27.03,27.12,27.21,27.30,27.38,27.46,27.54,27.61,27.63,27.66,27.69,27.71]
OTTOWN|Athira|H|15|[23.77,23.84,23.96,24.12,24.20,24.28,24.34,24.42,24.54,24.66,24.80,24.91,25.01,25.12,25.25,25.35,25.44,25.48,25.50,25.60,25.70,25.87,26.03,26.14,26.26,26.38,26.48,26.58,26.68,26.81,26.91,27.00,27.09,27.18,27.27,27.36,27.43,27.50,27.58,27.66,27.68,27.70,27.73,27.75,27.75]
OTTOWN|Athira|H|16|[23.79,23.92,24.09,24.25,24.33,24.39,24.44,24.52,24.64,24.78,24.91,25.03,25.14,25.26,25.38,25.48,25.52,25.52,25.53,25.63,25.80,25.99,26.15,26.26,26.38,26.50,26.60,26.71,26.83,26.96,27.05,27.15,27.24,27.33,27.42,27.49,27.56,27.63,27.71,27.73,27.74,27.77,27.79,27.79,27.79]
OTTOWN|Athira|H|17|[23.87,24.04,24.22,24.38,24.44,24.49,24.54,24.63,24.76,24.89,25.03,25.15,25.27,25.39,25.51,25.56,25.55,25.55,25.57,25.74,25.92,26.11,26.27,26.38,26.50,26.62,26.73,26.86,26.98,27.11,27.20,27.29,27.38,27.47,27.55,27.62,27.69,27.75,27.77,27.79,27.81,27.83,27.83,27.83,27.83]
OTTOWN|Athira|H|18|[23.95,24.13,24.30,24.35,24.40,24.45,24.52,24.68,24.81,24.95,25.08,25.21,25.33,25.45,25.57,25.57,25.57,25.57,25.61,25.80,25.99,26.17,26.32,26.44,26.56,26.68,26.81,26.94,27.06,27.18,27.27,27.36,27.45,27.56,27.63,27.70,27.77,27.81,27.82,27.84,27.85,27.84,27.84,27.84,27.83]
OTTOWN|Athira|H|19|[24.01,24.19,24.22,24.24,24.29,24.35,24.54,24.71,24.84,24.97,25.11,25.24,25.36,25.47,25.57,25.58,25.58,25.60,25.64,25.83,26.02,26.20,26.35,26.47,26.59,26.72,26.85,26.98,27.09,27.20,27.30,27.39,27.50,27.62,27.69,27.76,27.81,27.85,27.87,27.87,27.84,27.84,27.84,27.82,27.81]
OTTOWN|Athira|H|20|[24.07,24.11,24.12,24.13,24.19,24.38,24.57,24.73,24.86,25.00,25.14,25.26,25.37,25.48,25.58,25.59,25.61,25.63,25.68,25.86,26.04,26.22,26.37,26.50,26.63,26.76,26.89,27.01,27.12,27.23,27.32,27.44,27.56,27.68,27.75,27.80,27.85,27.89,27.90,27.87,27.84,27.83,27.82,27.80,27.78]
OTTOWN|Athira|H|21|[24.00,24.00,24.01,24.03,24.22,24.40,24.59,24.75,24.89,25.03,25.16,25.28,25.38,25.49,25.59,25.62,25.64,25.66,25.71,25.89,26.07,26.24,26.40,26.54,26.67,26.80,26.92,27.03,27.15,27.26,27.38,27.50,27.62,27.73,27.79,27.84,27.89,27.92,27.89,27.87,27.84,27.82,27.80,27.78,27.76]
OTTOWN|Athira|H|22|[23.92,23.93,23.95,24.11,24.30,24.48,24.63,24.71,24.85,24.99,25.12,25.24,25.34,25.44,25.56,25.59,25.61,25.63,25.74,25.92,26.10,26.26,26.38,26.51,26.64,26.77,26.88,26.99,27.11,27.22,27.34,27.47,27.59,27.69,27.74,27.80,27.85,27.87,27.85,27.82,27.80,27.78,27.76,27.74,27.71]
OTTOWN|Athira|H|23|[23.86,23.87,24.03,24.20,24.39,24.53,24.58,24.67,24.80,24.94,25.07,25.19,25.29,25.40,25.52,25.55,25.58,25.67,25.78,25.96,26.12,26.23,26.34,26.48,26.60,26.72,26.83,26.95,27.06,27.18,27.30,27.42,27.54,27.64,27.69,27.74,27.80,27.82,27.80,27.77,27.75,27.73,27.71,27.69,27.66]
OTTOWN|Athira|H|24|[23.80,23.96,24.12,24.29,24.43,24.48,24.53,24.62,24.75,24.89,25.03,25.14,25.25,25.37,25.48,25.52,25.61,25.71,25.82,25.97,26.08,26.19,26.31,26.44,26.55,26.67,26.79,26.90,27.02,27.14,27.26,27.37,27.48,27.58,27.64,27.69,27.75,27.77,27.75,27.73,27.71,27.69,27.66,27.63,27.61]
OTTOWN|Athira|H|25|[23.89,24.05,24.21,24.35,24.40,24.45,24.50,24.61,24.74,24.88,25.01,25.12,25.24,25.35,25.46,25.56,25.66,25.75,25.85,25.96,26.07,26.18,26.29,26.41,26.52,26.64,26.75,26.87,26.99,27.10,27.21,27.32,27.43,27.54,27.59,27.65,27.70,27.72,27.70,27.68,27.66,27.64,27.61,27.58,27.56]
OTTOWN|Athira|H|26|[23.94,24.10,24.26,24.41,24.46,24.51,24.64,24.80,24.93,25.07,25.13,25.22,25.34,25.45,25.54,25.63,25.73,25.83,25.93,26.04,26.15,26.25,26.35,26.47,26.58,26.67,26.77,26.89,27.00,27.08,27.19,27.30,27.41,27.51,27.56,27.62,27.67,27.68,27.66,27.64,27.62,27.59,27.57,27.54,27.51]
OTTOWN|Athira|H|27|[23.99,24.15,24.32,24.47,24.52,24.65,24.83,24.99,25.13,25.19,25.23,25.32,25.44,25.53,25.61,25.71,25.81,25.90,26.01,26.11,26.21,26.31,26.41,26.53,26.61,26.69,26.79,26.91,26.99,27.06,27.17,27.28,27.39,27.48,27.54,27.59,27.63,27.64,27.62,27.60,27.58,27.55,27.52,27.50,27.47]
OTTOWN|Athira|H|28|[24.05,24.22,24.38,24.53,24.66,24.84,25.02,25.18,25.24,25.29,25.33,25.42,25.51,25.60,25.69,25.78,25.88,25.98,26.08,26.18,26.28,26.37,26.47,26.56,26.63,26.71,26.81,26.89,26.97,27.04,27.15,27.26,27.36,27.46,27.50,27.55,27.59,27.60,27.58,27.56,27.53,27.51,27.48,27.45,27.43]
OTTOWN|Athira|H|29|[24.13,24.30,24.47,24.61,24.80,24.98,25.16,25.27,25.31,25.36,25.40,25.47,25.56,25.64,25.72,25.81,25.91,26.01,26.13,26.23,26.32,26.41,26.49,26.56,26.64,26.72,26.79,26.87,26.95,27.01,27.11,27.22,27.32,27.41,27.45,27.49,27.54,27.55,27.53,27.50,27.48,27.45,27.43,27.40,27.38]
OTTOWN|Athira|H|30|[24.25,24.42,24.55,24.67,24.85,25.04,25.19,25.29,25.33,25.38,25.40,25.47,25.55,25.63,25.68,25.77,25.87,26.00,26.15,26.25,26.34,26.40,26.47,26.55,26.62,26.70,26.78,26.85,26.92,26.96,27.06,27.16,27.26,27.34,27.38,27.43,27.47,27.48,27.45,27.43,27.41,27.38,27.35,27.33,27.32]
OTTOWN|Athira|H|31|[24.37,24.50,24.61,24.73,24.91,25.06,25.21,25.31,25.35,25.38,25.40,25.46,25.54,25.59,25.63,25.73,25.86,26.02,26.17,26.26,26.33,26.39,26.45,26.53,26.61,26.68,26.76,26.82,26.87,26.91,27.01,27.10,27.19,27.27,27.31,27.35,27.39,27.41,27.38,27.36,27.33,27.31,27.29,27.27,27.25]
OTTOWN|Athira|H|32|[24.45,24.56,24.67,24.79,24.94,25.08,25.23,25.33,25.35,25.37,25.39,25.45,25.49,25.54,25.59,25.72,25.88,26.04,26.19,26.25,26.31,26.37,26.44,26.51,26.59,26.66,26.73,26.77,26.81,26.85,26.94,27.03,27.12,27.20,27.24,27.28,27.32,27.33,27.31,27.29,27.26,27.24,27.22,27.21,27.19]
OTTOWN|Athira|H|33|[24.51,24.62,24.73,24.81,24.95,25.10,25.24,25.33,25.36,25.38,25.41,25.45,25.50,25.55,25.66,25.82,25.98,26.14,26.14,26.20,26.25,26.32,26.42,26.49,26.56,26.64,26.70,26.74,26.78,26.83,26.91,27.00,27.09,27.15,27.19,27.23,27.27,27.27,27.25,27.23,27.20,27.18,27.16,27.15,27.12]
OTTOWN|Athira|H|34|[24.57,24.68,24.74,24.81,24.96,25.10,25.25,25.34,25.36,25.39,25.44,25.49,25.54,25.65,25.80,25.96,26.12,26.10,26.06,26.12,26.18,26.29,26.39,26.47,26.54,26.62,26.68,26.72,26.77,26.82,26.90,26.99,27.05,27.10,27.14,27.18,27.21,27.22,27.19,27.17,27.13,27.11,27.10,27.07,27.04]
OTTOWN|Athira|H|35|[24.63,24.69,24.75,24.82,24.96,25.11,25.26,25.35,25.38,25.43,25.48,25.52,25.63,25.79,25.94,26.10,26.08,26.02,25.98,26.04,26.15,26.27,26.37,26.44,26.52,26.60,26.66,26.71,26.76,26.81,26.89,26.95,27.01,27.06,27.10,27.12,27.15,27.16,27.13,27.10,27.07,27.05,27.02,26.99,26.95]
OTTOWN|Athira|H|36|[24.64,24.70,24.75,24.82,24.97,25.12,25.26,25.37,25.41,25.46,25.51,25.62,25.77,25.93,26.08,26.06,26.00,25.94,25.90,26.02,26.13,26.25,26.35,26.43,26.51,26.59,26.64,26.70,26.75,26.80,26.85,26.91,26.96,27.01,27.04,27.07,27.10,27.10,27.07,27.04,27.01,26.97,26.94,26.91,26.87]
OTTOWN|Athira|H|37|[24.68,24.73,24.80,24.95,25.09,25.24,25.37,25.45,25.50,25.55,25.59,25.71,25.87,26.02,26.09,26.04,25.98,25.92,25.95,26.07,26.18,26.27,26.34,26.42,26.50,26.54,26.58,26.63,26.68,26.75,26.81,26.86,26.91,26.95,26.98,27.01,27.04,27.03,26.99,26.96,26.94,26.92,26.88,26.85,26.81]
OTTOWN|Athira|H|38|[24.72,24.78,24.93,25.08,25.23,25.36,25.47,25.55,25.60,25.64,25.68,25.80,25.95,26.02,26.08,26.03,25.97,25.98,26.01,26.13,26.22,26.27,26.33,26.41,26.45,26.46,26.50,26.55,26.62,26.70,26.76,26.81,26.86,26.90,26.93,26.95,26.96,26.95,26.92,26.90,26.89,26.87,26.83,26.79,26.76]
OTTOWN|Athira|H|39|[24.76,24.92,25.07,25.22,25.35,25.46,25.56,25.64,25.68,25.72,25.76,25.88,25.95,26.01,26.07,26.02,26.03,26.04,26.07,26.16,26.21,26.26,26.32,26.36,26.38,26.39,26.43,26.50,26.58,26.65,26.71,26.75,26.80,26.84,26.86,26.87,26.88,26.87,26.85,26.85,26.84,26.81,26.78,26.74,26.70]
OTTOWN|Athira|H|40|[24.88,25.03,25.18,25.32,25.43,25.53,25.63,25.72,25.76,25.80,25.84,25.87,25.93,25.99,26.05,26.07,26.08,26.09,26.11,26.16,26.21,26.25,26.29,26.31,26.32,26.33,26.37,26.45,26.53,26.61,26.65,26.70,26.75,26.78,26.79,26.80,26.81,26.80,26.80,26.79,26.78,26.75,26.72,26.68,26.64]
OTTOWN|Athira|H|41|[24.86,25.02,25.16,25.28,25.39,25.49,25.62,25.72,25.76,25.80,25.77,25.79,25.85,25.91,26.02,26.04,26.05,26.07,26.12,26.17,26.21,26.29,26.35,26.37,26.38,26.30,26.32,26.40,26.48,26.56,26.61,26.65,26.70,26.73,26.73,26.74,26.74,26.72,26.72,26.71,26.70,26.68,26.64,26.60,26.59]
OTTOWN|Athira|H|42|[24.85,24.99,25.12,25.24,25.35,25.47,25.62,25.72,25.76,25.73,25.69,25.71,25.77,25.88,25.99,26.01,26.03,26.08,26.13,26.17,26.25,26.35,26.41,26.43,26.35,26.25,26.27,26.34,26.43,26.52,26.56,26.61,26.64,26.67,26.68,26.67,26.66,26.64,26.64,26.63,26.63,26.60,26.56,26.55,26.54]
OTTOWN|Athira|H|43|[24.83,24.95,25.08,25.20,25.33,25.48,25.62,25.73,25.69,25.65,25.60,25.63,25.74,25.85,25.96,25.99,26.04,26.09,26.13,26.21,26.31,26.41,26.47,26.39,26.29,26.19,26.21,26.30,26.38,26.47,26.52,26.55,26.58,26.61,26.61,26.59,26.58,26.56,26.56,26.55,26.55,26.52,26.51,26.50,26.48]
OTTOWN|Athira|H|44|[24.80,24.93,25.05,25.21,25.35,25.50,25.65,25.68,25.64,25.59,25.55,25.64,25.75,25.86,25.94,25.98,26.03,26.08,26.16,26.26,26.35,26.45,26.45,26.35,26.25,26.16,26.22,26.31,26.39,26.43,26.45,26.49,26.52,26.54,26.52,26.51,26.49,26.49,26.48,26.48,26.47,26.46,26.45,26.43,26.43]
OTTOWN|Athira|END
OTTOWN|Frini|HEAD|i_Stone_HouseBig_V1_F|Land_i_Stone_HouseBig_V1_F|[14513.402,20713.857,42.209]|1.54|false|38|1|2
OTTOWN|Frini|BOX|[-6.78,-6.16,6.78,6.16,-5.84,5.84]
OTTOWN|Frini|DOOR|main|[14516.35,20711.78,42.65]|181.5|1.00
OTTOWN|Frini|BPOS|[[14513.02,20716.16,42.72],[14512.94,20718.89,42.70],[14517.59,20718.51,45.49],[14515.63,20713.02,45.54],[14512.58,20717.04,45.55],[14517.24,20715.42,42.71]]
OTTOWN|Frini|OBJ|building|Land_i_Stone_Shed_V3_F|[14504.64,20708.44,41.87]|271.3|[-4.53,-4.96,4.53,4.96,-3.80,3.80]
OTTOWN|Frini|OBJ|building|Land_u_Addon_02_V1_F|[14515.17,20724.58,42.64]|181.1|[-4.57,-4.94,4.57,4.94,-3.72,3.72]
OTTOWN|Frini|OBJ|building|Land_Shop_02_V1_ruins_F|[14535.00,20729.28,42.92]|208.5|[-12.04,-11.65,12.04,11.65,-5.65,5.65]
OTTOWN|Frini|OBJ|wall|wired_fence_8m_f.p3d|[14518.75,20688.70,41.34]|295.7|[-4.10,-0.08,4.10,0.08,-0.89,0.89]
OTTOWN|Frini|OBJ|wall|wired_fence_4m_f.p3d|[14514.29,20679.11,41.04]|292.6|[-2.03,-0.12,2.03,0.12,-0.89,0.89]
OTTOWN|Frini|OBJ|wall|wired_fence_4m_f.p3d|[14516.09,20683.02,41.17]|295.1|[-2.03,-0.12,2.03,0.12,-0.89,0.89]
OTTOWN|Frini|OBJ|wall|wired_fence_4m_f.p3d|[14523.43,20697.92,41.67]|298.8|[-2.03,-0.12,2.03,0.12,-0.89,0.89]
OTTOWN|Frini|OBJ|wall|wired_fence_8m_f.p3d|[14514.55,20706.82,41.71]|360.0|[-4.10,-0.08,4.10,0.08,-0.89,0.89]
OTTOWN|Frini|OBJ|wall|wired_fence_4m_f.p3d|[14525.59,20701.65,41.80]|119.1|[-2.03,-0.12,2.03,0.12,-0.89,0.89]
OTTOWN|Frini|OBJ|wall|wired_fence_4m_f.p3d|[14520.75,20706.31,41.81]|13.7|[-2.03,-0.12,2.03,0.12,-0.89,0.89]
OTTOWN|Frini|OBJ|wall|wired_fence_4m_f.p3d|[14524.64,20704.82,41.87]|29.4|[-2.03,-0.12,2.03,0.12,-0.89,0.89]
OTTOWN|Frini|OBJ|wall|city_8m_f.p3d|[14550.62,20717.38,42.79]|299.6|[-3.53,-0.25,3.53,0.25,-2.08,2.08]
OTTOWN|Frini|OBJ|wall|city_8m_f.p3d|[14554.07,20723.43,43.05]|299.6|[-3.53,-0.25,3.53,0.25,-2.08,2.08]
OTTOWN|Frini|OBJ|wall|city_4m_f.p3d|[14557.55,20709.43,42.58]|210.9|[-1.79,-0.24,1.79,0.24,-2.08,2.08]
OTTOWN|Frini|OBJ|wall|city_4m_f.p3d|[14550.67,20713.53,42.61]|31.0|[-1.79,-0.24,1.79,0.24,-2.08,2.08]
OTTOWN|Frini|OBJ|wall|city_pillar_f.p3d|[14555.90,20726.62,43.24]|29.9|[-0.23,-0.24,0.23,0.24,-2.14,2.14]
OTTOWN|Frini|OBJ|tree|t_ficusb2s_f.p3d|[14479.33,20696.52,41.50]|92.0|[-8.66,-8.23,8.66,8.23,-5.99,5.99]
OTTOWN|Frini|OBJ|tree|t_ficusb1s_f.p3d|[14518.94,20693.03,41.41]|314.0|[-5.06,-5.62,5.06,5.62,-4.61,4.61]
OTTOWN|Frini|OBJ|tree|t_fraxinusav2s_f.p3d|[14477.16,20715.06,42.35]|338.0|[-13.54,-13.39,13.54,13.39,-13.22,13.22]
OTTOWN|Frini|OBJ|tree|t_ficusb1s_f.p3d|[14478.09,20724.69,42.52]|298.0|[-5.06,-5.62,5.06,5.62,-4.61,4.61]
OTTOWN|Frini|OBJ|tree|t_ficusb1s_f.p3d|[14487.19,20702.80,42.38]|339.0|[-5.06,-5.62,5.06,5.62,-4.61,4.61]
OTTOWN|Frini|OBJ|tree|t_oleae1s_f.p3d|[14517.85,20704.36,41.67]|160.0|[-3.91,-4.12,3.91,4.12,-5.03,5.03]
OTTOWN|Frini|OBJ|tree|t_oleae1s_f.p3d|[14512.26,20704.19,41.44]|153.0|[-3.91,-4.12,3.91,4.12,-5.03,5.03]
OTTOWN|Frini|OBJ|tree|t_oleae1s_f.p3d|[14523.55,20703.43,41.81]|304.0|[-3.91,-4.12,3.91,4.12,-5.03,5.03]
OTTOWN|Frini|OBJ|tree|t_ficusb2s_f.p3d|[14480.92,20737.62,43.27]|15.0|[-8.66,-8.23,8.66,8.23,-5.99,5.99]
OTTOWN|Frini|ROAD|ROAD|10.0|[14517.03,20670.93,40.77]|[14527.96,20694.51,41.67]
OTTOWN|Frini|ROAD|ROAD|10.0|[14527.96,20694.51,41.67]|[14541.27,20717.54,42.67]
OTTOWN|Frini|ROAD|ROAD|10.0|[14541.27,20717.54,42.67]|[14559.77,20747.87,44.17]
OTTOWN|Frini|H|0|[39.75,39.95,40.14,40.31,40.38,40.44,40.51,40.54,40.53,40.52,40.51,40.52,40.55,40.58,40.60,40.64,40.68,40.71,40.74,40.72,40.71,40.69,40.69,40.71,40.74,40.76,40.78,40.81,40.84,40.86,40.90,40.94,40.98,40.98,40.87,40.75,40.64,40.53,40.44,40.35,40.25,40.19,40.14,40.09,40.04]
OTTOWN|Frini|H|1|[39.84,40.03,40.22,40.36,40.42,40.49,40.57,40.61,40.60,40.59,40.63,40.67,40.70,40.73,40.71,40.74,40.78,40.81,40.82,40.81,40.79,40.77,40.77,40.79,40.81,40.83,40.85,40.88,40.91,40.93,40.97,41.01,41.04,41.05,40.93,40.82,40.76,40.73,40.63,40.54,40.37,40.26,40.21,40.16,40.11]
OTTOWN|Frini|H|2|[39.93,40.11,40.27,40.40,40.47,40.54,40.64,40.68,40.67,40.71,40.79,40.83,40.85,40.83,40.81,40.84,40.88,40.89,40.91,40.89,40.87,40.85,40.84,40.87,40.88,40.90,40.92,40.95,40.98,41.00,41.04,41.08,41.11,41.11,41.00,40.93,40.96,40.93,40.84,40.66,40.44,40.34,40.29,40.24,40.19]
OTTOWN|Frini|H|3|[40.01,40.16,40.31,40.45,40.52,40.62,40.71,40.76,40.80,40.87,40.94,40.98,40.96,40.93,40.91,40.94,40.96,40.98,40.99,40.97,40.95,40.92,40.92,40.94,40.95,40.97,40.99,41.02,41.05,41.07,41.11,41.14,41.17,41.17,41.11,41.14,41.16,41.13,40.96,40.74,40.51,40.41,40.36,40.31,40.26]
OTTOWN|Frini|H|4|[40.08,40.23,40.39,40.50,40.59,40.69,40.78,40.87,40.94,41.02,41.09,41.10,41.07,41.04,41.02,41.04,41.06,41.07,41.06,41.04,41.01,40.99,40.99,41.01,41.02,41.04,41.06,41.08,41.11,41.14,41.17,41.20,41.23,41.26,41.29,41.31,41.34,41.25,41.03,40.81,40.59,40.49,40.44,40.39,40.34]
OTTOWN|Frini|H|5|[40.29,40.45,40.54,40.56,40.65,40.74,40.87,40.98,41.05,41.13,41.23,41.24,41.22,41.19,41.18,41.20,41.22,41.19,41.10,41.08,41.05,41.05,41.06,41.07,41.09,41.09,41.11,41.13,41.16,41.20,41.23,41.26,41.29,41.32,41.34,41.37,41.39,41.31,41.09,40.87,40.67,40.58,40.53,40.48,40.44]
OTTOWN|Frini|H|6|[40.50,40.60,40.60,40.62,40.71,40.84,40.98,41.09,41.16,41.27,41.38,41.39,41.37,41.35,41.34,41.36,41.33,41.23,41.14,41.12,41.11,41.12,41.13,41.14,41.14,41.14,41.15,41.18,41.22,41.26,41.29,41.32,41.34,41.37,41.40,41.42,41.45,41.37,41.15,40.95,40.76,40.67,40.62,40.58,40.53]
OTTOWN|Frini|H|7|[40.66,40.66,40.66,40.68,40.80,40.94,41.09,41.20,41.31,41.41,41.52,41.54,41.53,41.51,41.50,41.47,41.37,41.27,41.18,41.18,41.18,41.19,41.20,41.19,41.19,41.18,41.20,41.24,41.28,41.31,41.34,41.37,41.40,41.42,41.45,41.48,41.51,41.43,41.23,41.04,40.85,40.76,40.72,40.67,40.63]
OTTOWN|Frini|H|8|[40.76,40.76,40.76,40.75,40.90,41.04,41.19,41.32,41.43,41.54,41.65,41.69,41.68,41.66,41.62,41.52,41.42,41.32,41.21,41.22,41.22,41.23,41.24,41.24,41.23,41.23,41.26,41.30,41.33,41.38,41.41,41.44,41.46,41.49,41.52,41.55,41.57,41.50,41.31,41.12,40.96,40.93,40.89,40.84,40.74]
OTTOWN|Frini|H|9|[40.91,40.91,40.87,40.84,40.98,41.13,41.28,41.42,41.53,41.64,41.79,41.83,41.81,41.77,41.69,41.59,41.49,41.34,41.21,41.21,41.22,41.25,41.27,41.27,41.27,41.28,41.32,41.35,41.40,41.46,41.49,41.52,41.54,41.56,41.59,41.62,41.64,41.56,41.37,41.21,41.23,41.21,41.16,41.06,40.87]
OTTOWN|Frini|H|10|[41.07,41.03,40.95,40.92,41.06,41.22,41.38,41.52,41.63,41.78,41.93,41.96,41.92,41.84,41.76,41.66,41.51,41.34,41.20,41.21,41.25,41.29,41.31,41.30,41.32,41.34,41.37,41.42,41.48,41.54,41.57,41.59,41.61,41.63,41.66,41.68,41.69,41.62,41.46,41.48,41.50,41.48,41.38,41.19,41.00]
OTTOWN|Frini|H|11|[41.18,41.11,41.03,41.00,41.16,41.32,41.48,41.62,41.77,41.92,42.06,42.07,41.99,41.91,41.82,41.68,41.51,41.34,41.20,41.24,41.28,41.32,41.34,41.36,41.38,41.40,41.44,41.50,41.56,41.62,41.64,41.66,41.68,41.70,41.72,41.74,41.75,41.70,41.73,41.75,41.78,41.70,41.51,41.32,41.13]
OTTOWN|Frini|H|12|[41.31,41.24,41.16,41.17,41.33,41.49,41.64,41.74,41.89,42.04,42.18,42.16,42.07,41.99,41.83,41.66,41.49,41.31,41.26,41.30,41.34,41.36,41.33,41.35,41.37,41.42,41.50,41.56,41.62,41.68,41.70,41.72,41.73,41.77,41.78,41.80,41.82,41.84,41.86,41.89,41.91,41.79,41.60,41.41,41.26]
OTTOWN|Frini|H|13|[41.46,41.39,41.36,41.38,41.54,41.69,41.76,41.86,42.01,42.14,42.27,42.25,42.17,42.00,41.80,41.62,41.45,41.38,41.33,41.37,41.40,41.32,41.29,41.31,41.36,41.47,41.55,41.61,41.67,41.72,41.74,41.76,41.80,41.84,41.85,41.87,41.89,41.91,41.93,41.96,41.99,41.86,41.67,41.52,41.39]
OTTOWN|Frini|H|14|[41.61,41.59,41.57,41.59,41.74,41.80,41.87,41.97,42.11,42.24,42.36,42.34,42.18,41.97,41.76,41.59,41.52,41.45,41.41,41.43,41.36,41.28,41.24,41.30,41.41,41.52,41.60,41.66,41.71,41.76,41.78,41.82,41.86,41.90,41.92,41.94,41.96,41.98,42.00,42.03,42.06,41.94,41.78,41.65,41.52]
OTTOWN|Frini|H|15|[41.81,41.79,41.78,41.79,41.85,41.92,41.99,42.08,42.21,42.33,42.46,42.36,42.15,41.94,41.73,41.65,41.59,41.53,41.47,41.39,41.31,41.24,41.24,41.35,41.46,41.57,41.64,41.70,41.75,41.80,41.85,41.89,41.93,41.97,41.99,42.01,42.02,42.05,42.08,42.11,42.14,42.05,41.91,41.78,41.65]
OTTOWN|Frini|H|16|[41.91,41.90,41.88,41.87,41.94,42.00,42.05,42.12,42.24,42.37,42.50,42.39,42.18,41.97,41.79,41.72,41.65,41.59,41.55,41.47,41.40,41.33,41.34,41.45,41.57,41.65,41.70,41.76,41.81,41.86,41.90,41.94,41.98,42.02,42.04,42.06,42.08,42.11,42.14,42.17,42.20,42.12,41.98,41.85,41.85]
OTTOWN|Frini|H|17|[42.00,41.99,41.96,41.95,42.02,42.07,42.09,42.15,42.28,42.41,42.53,42.43,42.22,42.03,41.85,41.78,41.72,41.69,41.64,41.57,41.50,41.43,41.45,41.56,41.65,41.71,41.77,41.82,41.86,41.91,41.95,41.99,42.03,42.07,42.09,42.11,42.14,42.17,42.20,42.23,42.26,42.18,42.05,42.05,42.08]
OTTOWN|Frini|H|18|[42.10,42.07,42.04,42.04,42.08,42.10,42.12,42.19,42.32,42.44,42.57,42.46,42.28,42.10,41.92,41.85,41.82,41.78,41.74,41.67,41.61,41.54,41.56,41.64,41.71,41.77,41.83,41.87,41.91,41.96,42.00,42.04,42.08,42.11,42.14,42.17,42.20,42.23,42.26,42.29,42.33,42.24,42.25,42.27,42.30]
OTTOWN|Frini|H|19|[42.17,42.15,42.12,42.11,42.13,42.15,42.16,42.23,42.35,42.48,42.61,42.51,42.33,42.15,41.98,41.94,41.90,41.87,41.83,41.76,41.70,41.64,41.65,41.71,41.77,41.84,41.88,41.92,41.96,42.01,42.05,42.09,42.13,42.17,42.20,42.23,42.26,42.29,42.33,42.36,42.39,42.42,42.44,42.47,42.50]
OTTOWN|Frini|H|20|[42.23,42.20,42.19,42.19,42.21,42.23,42.23,42.28,42.41,42.53,42.63,42.53,42.34,42.17,42.04,42.00,41.97,41.93,41.87,41.81,41.75,41.72,41.74,41.81,41.87,41.88,41.91,41.96,42.00,42.08,42.12,42.16,42.20,42.23,42.26,42.29,42.33,42.38,42.41,42.45,42.47,42.49,42.52,42.54,42.60]
OTTOWN|Frini|H|21|[42.29,42.27,42.27,42.27,42.29,42.29,42.28,42.33,42.46,42.55,42.64,42.54,42.36,42.23,42.11,42.07,42.03,41.98,41.92,41.86,41.83,41.82,41.84,41.90,41.91,41.92,41.95,42.00,42.08,42.15,42.19,42.23,42.27,42.30,42.33,42.37,42.42,42.46,42.50,42.52,42.54,42.56,42.59,42.64,42.70]
OTTOWN|Frini|H|22|[42.35,42.35,42.35,42.35,42.35,42.34,42.33,42.38,42.47,42.56,42.65,42.55,42.43,42.30,42.17,42.12,42.07,42.02,41.97,41.94,41.93,41.91,41.93,41.95,41.95,41.96,41.99,42.07,42.15,42.23,42.26,42.30,42.33,42.37,42.41,42.46,42.51,42.55,42.57,42.59,42.61,42.64,42.69,42.75,42.80]
OTTOWN|Frini|H|23|[42.44,42.43,42.43,42.39,42.38,42.37,42.36,42.40,42.49,42.58,42.68,42.63,42.50,42.37,42.31,42.26,42.21,42.16,42.09,42.07,42.06,42.05,42.01,42.02,42.02,42.03,42.08,42.16,42.23,42.30,42.34,42.37,42.40,42.45,42.50,42.55,42.60,42.64,42.66,42.68,42.70,42.74,42.79,42.85,42.88]
OTTOWN|Frini|H|24|[42.53,42.52,42.47,42.40,42.39,42.38,42.39,42.44,42.53,42.62,42.76,42.72,42.59,42.52,42.56,42.52,42.47,42.37,42.27,42.25,42.24,42.17,42.13,42.14,42.14,42.13,42.19,42.26,42.33,42.37,42.41,42.44,42.49,42.55,42.60,42.65,42.70,42.75,42.77,42.79,42.79,42.83,42.89,42.92,42.93]
OTTOWN|Frini|H|25|[42.62,42.56,42.48,42.41,42.40,42.41,42.43,42.47,42.57,42.71,42.85,42.80,42.74,42.78,42.82,42.77,42.68,42.55,42.45,42.43,42.36,42.29,42.25,42.25,42.25,42.24,42.29,42.36,42.40,42.45,42.48,42.53,42.59,42.65,42.70,42.75,42.81,42.86,42.87,42.88,42.89,42.93,42.97,42.97,42.98]
OTTOWN|Frini|H|26|[42.66,42.57,42.49,42.42,42.43,42.44,42.46,42.52,42.66,42.80,42.94,42.96,43.00,43.04,43.08,42.98,42.86,42.73,42.63,42.56,42.48,42.40,42.36,42.36,42.35,42.35,42.39,42.43,42.48,42.52,42.57,42.63,42.69,42.75,42.81,42.86,42.92,42.96,42.97,42.98,42.99,43.01,43.01,43.02,43.02]
OTTOWN|Frini|H|27|[42.77,42.68,42.60,42.49,42.51,42.53,42.54,42.61,42.75,42.89,43.02,43.08,43.12,43.16,43.26,43.15,43.02,42.90,42.79,42.71,42.64,42.56,42.51,42.50,42.50,42.48,42.51,42.55,42.60,42.61,42.67,42.73,42.78,42.81,42.87,42.93,42.99,43.02,43.02,43.03,43.05,43.06,43.07,43.07,43.08]
OTTOWN|Frini|H|28|[42.92,42.84,42.71,42.60,42.61,42.63,42.63,42.70,42.84,42.97,43.08,43.14,43.18,43.28,43.42,43.31,43.18,43.07,42.97,42.89,42.81,42.72,42.67,42.66,42.65,42.62,42.65,42.69,42.71,42.70,42.76,42.82,42.83,42.85,42.91,42.97,43.02,43.05,43.06,43.07,43.10,43.11,43.12,43.13,43.15]
OTTOWN|Frini|H|29|[43.08,42.95,42.81,42.70,42.72,42.72,42.72,42.79,42.92,43.03,43.14,43.20,43.30,43.44,43.58,43.47,43.36,43.24,43.14,43.06,42.97,42.88,42.83,42.81,42.79,42.77,42.79,42.80,42.80,42.79,42.85,42.87,42.88,42.90,42.95,43.00,43.05,43.08,43.10,43.12,43.15,43.17,43.18,43.19,43.21]
OTTOWN|Frini|H|30|[43.19,43.05,42.91,42.80,42.81,42.81,42.81,42.87,42.98,43.09,43.20,43.33,43.46,43.60,43.74,43.64,43.53,43.42,43.31,43.22,43.13,43.04,42.98,42.96,42.93,42.91,42.90,42.89,42.89,42.88,42.90,42.91,42.92,42.94,42.99,43.03,43.08,43.12,43.15,43.18,43.21,43.23,43.24,43.26,43.27]
OTTOWN|Frini|H|31|[43.27,43.13,43.00,42.94,42.95,42.95,42.96,43.02,43.13,43.25,43.31,43.42,43.56,43.69,43.80,43.70,43.59,43.49,43.45,43.36,43.27,43.21,43.20,43.17,43.15,43.10,43.07,43.07,43.06,43.06,43.07,43.08,43.09,43.08,43.12,43.17,43.19,43.19,43.22,43.25,43.28,43.30,43.32,43.33,43.37]
OTTOWN|Frini|H|32|[43.35,43.22,43.15,43.09,43.09,43.10,43.12,43.18,43.30,43.36,43.39,43.50,43.64,43.75,43.85,43.75,43.65,43.63,43.59,43.50,43.44,43.44,43.42,43.40,43.35,43.28,43.26,43.25,43.25,43.24,43.25,43.26,43.23,43.22,43.27,43.29,43.26,43.26,43.29,43.32,43.35,43.38,43.39,43.43,43.46]
OTTOWN|Frini|H|33|[43.43,43.36,43.29,43.23,43.24,43.26,43.28,43.35,43.41,43.44,43.48,43.59,43.69,43.79,43.90,43.81,43.79,43.77,43.74,43.68,43.67,43.66,43.65,43.59,43.53,43.46,43.44,43.43,43.43,43.42,43.43,43.40,43.38,43.37,43.39,43.36,43.34,43.33,43.37,43.40,43.43,43.45,43.48,43.52,43.56]
OTTOWN|Frini|H|34|[43.56,43.49,43.42,43.38,43.40,43.42,43.44,43.47,43.51,43.54,43.58,43.66,43.76,43.86,43.96,43.94,43.92,43.91,43.89,43.89,43.88,43.87,43.84,43.77,43.70,43.64,43.61,43.61,43.60,43.58,43.55,43.52,43.50,43.48,43.46,43.43,43.40,43.42,43.46,43.49,43.52,43.55,43.59,43.62,43.66]
OTTOWN|Frini|H|35|[43.62,43.55,43.51,43.53,43.55,43.57,43.59,43.62,43.65,43.68,43.71,43.79,43.89,43.99,44.07,44.06,44.04,44.03,44.04,44.03,44.03,44.02,43.98,43.91,43.85,43.78,43.75,43.74,43.72,43.59,43.56,43.53,43.52,43.52,43.50,43.47,43.52,43.59,43.62,43.65,43.64,43.67,43.71,43.74,43.75]
OTTOWN|Frini|H|36|[43.69,43.65,43.66,43.67,43.70,43.71,43.73,43.76,43.79,43.82,43.85,43.93,44.03,44.11,44.19,44.18,44.17,44.18,44.19,44.18,44.17,44.16,44.12,44.06,43.99,43.91,43.89,43.87,43.73,43.59,43.56,43.55,43.56,43.56,43.54,43.59,43.68,43.75,43.78,43.78,43.76,43.79,43.82,43.83,43.84]
OTTOWN|Frini|H|37|[43.78,43.79,43.81,43.82,43.84,43.86,43.88,43.90,43.93,43.96,43.98,44.06,44.14,44.23,44.31,44.31,44.32,44.33,44.33,44.33,44.31,44.30,44.27,44.20,44.12,44.05,44.01,43.87,43.74,43.60,43.58,43.59,43.60,43.60,43.65,43.75,43.84,43.91,43.91,43.90,43.88,43.90,43.91,43.92,43.93]
OTTOWN|Frini|H|38|[43.90,43.91,43.92,43.95,43.97,43.99,44.01,44.03,44.05,44.08,44.11,44.16,44.25,44.33,44.40,44.42,44.43,44.44,44.46,44.45,44.44,44.43,44.41,44.34,44.27,44.18,44.02,43.89,43.75,43.67,43.68,43.68,43.69,43.76,43.86,43.95,44.05,44.01,44.00,43.99,43.99,44.00,44.01,44.02,44.04]
OTTOWN|Frini|H|39|[43.97,43.99,44.02,44.06,44.08,44.10,44.12,44.13,44.16,44.19,44.19,44.25,44.33,44.41,44.46,44.48,44.49,44.52,44.56,44.54,44.53,44.57,44.55,44.48,44.39,44.20,44.04,43.91,43.82,43.83,43.84,43.84,43.91,44.02,44.12,44.21,44.14,44.08,44.07,44.07,44.10,44.12,44.12,44.14,44.17]
OTTOWN|Frini|H|40|[44.05,44.09,44.13,44.18,44.19,44.21,44.22,44.24,44.27,44.27,44.28,44.34,44.41,44.47,44.53,44.54,44.57,44.62,44.65,44.64,44.67,44.71,44.70,44.61,44.41,44.21,44.06,43.98,43.98,43.99,44.00,44.07,44.17,44.28,44.37,44.30,44.20,44.15,44.14,44.18,44.21,44.23,44.24,44.27,44.30]
OTTOWN|Frini|H|41|[44.15,44.20,44.25,44.29,44.30,44.32,44.33,44.35,44.35,44.36,44.36,44.41,44.47,44.53,44.59,44.62,44.67,44.71,44.75,44.78,44.82,44.85,44.82,44.63,44.43,44.23,44.13,44.14,44.14,44.15,44.22,44.33,44.43,44.54,44.46,44.37,44.27,44.22,44.25,44.29,44.32,44.35,44.38,44.41,44.44]
OTTOWN|Frini|H|42|[44.27,44.32,44.37,44.40,44.41,44.42,44.43,44.43,44.43,44.44,44.43,44.46,44.52,44.58,44.67,44.72,44.77,44.81,44.86,44.89,44.93,44.97,44.90,44.70,44.50,44.30,44.24,44.24,44.25,44.37,44.48,44.59,44.69,44.83,44.73,44.64,44.52,44.40,44.44,44.47,44.47,44.48,44.51,44.54,44.56]
OTTOWN|Frini|H|43|[44.41,44.45,44.48,44.50,44.52,44.52,44.51,44.51,44.51,44.51,44.48,44.51,44.57,44.66,44.77,44.82,44.87,44.91,44.96,45.00,45.03,45.06,44.99,44.79,44.59,44.37,44.31,44.32,44.44,44.63,44.74,44.85,45.05,45.20,45.10,44.99,44.74,44.62,44.65,44.65,44.60,44.61,44.63,44.65,44.67]
OTTOWN|Frini|H|44|[44.54,44.56,44.59,44.61,44.62,44.60,44.59,44.59,44.58,44.55,44.53,44.56,44.65,44.76,44.88,44.92,44.97,45.02,45.06,45.10,45.13,45.16,45.09,44.88,44.67,44.45,44.39,44.51,44.70,44.89,45.00,45.20,45.42,45.57,45.45,45.20,44.95,44.83,44.84,44.78,44.73,44.73,44.75,44.77,44.78]
OTTOWN|Frini|END
OTTOWN|Ifestiona|HEAD|i_Stone_HouseBig_V1_F|Land_i_Stone_HouseBig_V1_F|[12784.224,19686.559,46.672]|41.32|false|24|1|2
OTTOWN|Ifestiona|BOX|[-6.78,-6.16,6.78,6.16,-5.84,5.84]
OTTOWN|Ifestiona|DOOR|main|[12785.16,19683.08,47.12]|221.3|1.00
OTTOWN|Ifestiona|BPOS|[[12785.40,19688.58,47.18],[12787.09,19690.73,47.16],[12790.42,19687.45,49.96],[12785.40,19684.49,50.01],[12785.63,19689.53,50.01],[12788.17,19685.31,47.17]]
OTTOWN|Ifestiona|OBJ|building|Land_d_Stone_HouseSmall_V1_F|[12791.30,19665.29,44.59]|211.5|[-12.46,-7.53,12.46,7.53,-4.25,4.25]
OTTOWN|Ifestiona|OBJ|building|Land_i_Garage_V1_dam_F|[12801.04,19674.95,45.78]|218.1|[-9.00,-4.46,9.00,4.46,-3.41,3.41]
OTTOWN|Ifestiona|OBJ|building|Land_i_Stone_Shed_V2_F|[12757.83,19688.35,45.64]|53.2|[-4.53,-4.96,4.53,4.96,-3.80,3.80]
OTTOWN|Ifestiona|OBJ|building|Land_Slum_House02_F|[12770.21,19693.16,46.54]|45.5|[-3.79,-4.42,3.79,4.42,-2.36,2.36]
OTTOWN|Ifestiona|OBJ|building|Land_i_Stone_Shed_V3_F|[12796.48,19702.88,47.89]|137.7|[-4.53,-4.96,4.53,4.96,-3.80,3.80]
OTTOWN|Ifestiona|OBJ|wall|Land_Stone_Gate_F|[12772.42,19670.02,45.25]|41.9|[-2.96,-1.47,2.96,1.47,-1.71,1.71]
OTTOWN|Ifestiona|OBJ|wall|wired_fence_4m_f.p3d|[12785.96,19703.61,47.86]|346.0|[-2.03,-0.12,2.03,0.12,-0.89,0.89]
OTTOWN|Ifestiona|OBJ|wall|wired_fence_4m_f.p3d|[12790.09,19704.94,48.00]|339.4|[-2.03,-0.12,2.03,0.12,-0.89,0.89]
OTTOWN|Ifestiona|OBJ|wall|wired_fence_4m_f.p3d|[12801.69,19709.85,48.32]|336.9|[-2.03,-0.12,2.03,0.12,-0.89,0.89]
OTTOWN|Ifestiona|OBJ|wall|wired_fence_8m_f.p3d|[12759.76,19717.04,47.19]|359.6|[-4.10,-0.08,4.10,0.08,-0.89,0.89]
OTTOWN|Ifestiona|OBJ|wall|wired_fence_8m_f.p3d|[12779.62,19717.47,48.23]|355.1|[-4.10,-0.08,4.10,0.08,-0.89,0.89]
OTTOWN|Ifestiona|OBJ|wall|wired_fence_8m_f.p3d|[12771.38,19717.15,47.82]|0.9|[-4.10,-0.08,4.10,0.08,-0.89,0.89]
OTTOWN|Ifestiona|OBJ|wall|wired_fence_4m_f.p3d|[12776.86,19730.68,49.38]|63.0|[-2.03,-0.12,2.03,0.12,-0.89,0.89]
OTTOWN|Ifestiona|OBJ|wall|wired_fence_4m_f.p3d|[12753.36,19717.19,46.74]|0.0|[-2.03,-0.12,2.03,0.12,-0.89,0.89]
OTTOWN|Ifestiona|OBJ|wall|wired_fence_8m_f.p3d|[12781.96,19721.51,48.64]|62.4|[-4.10,-0.08,4.10,0.08,-0.89,0.89]
OTTOWN|Ifestiona|OBJ|wall|wired_fence_8m_f.p3d|[12787.63,19719.20,48.51]|340.3|[-4.10,-0.08,4.10,0.08,-0.89,0.89]
OTTOWN|Ifestiona|OBJ|wall|wired_fence_8m_f.p3d|[12807.39,19712.73,48.44]|332.2|[-4.10,-0.08,4.10,0.08,-0.89,0.89]
OTTOWN|Ifestiona|OBJ|wall|wired_fence_8m_f.p3d|[12800.92,19724.95,48.56]|333.4|[-4.10,-0.08,4.10,0.08,-0.89,0.89]
OTTOWN|Ifestiona|OBJ|tree|t_fraxinusav2s_f.p3d|[12805.19,19655.68,44.05]|259.0|[-13.54,-13.39,13.54,13.39,-13.22,13.22]
OTTOWN|Ifestiona|OBJ|tree|t_oleae1s_f.p3d|[12790.32,19674.72,45.78]|162.0|[-3.91,-4.12,3.91,4.12,-5.03,5.03]
OTTOWN|Ifestiona|OBJ|tree|t_poplar2f_dead_f.p3d|[12771.71,19680.17,45.48]|50.0|[-9.47,-8.66,9.47,8.66,-11.85,11.85]
OTTOWN|Ifestiona|OBJ|tree|t_ficusb1s_f.p3d|[12761.82,19681.12,45.60]|336.8|[-5.06,-5.62,5.06,5.62,-4.61,4.61]
OTTOWN|Ifestiona|OBJ|tree|t_oleae2s_f.p3d|[12781.75,19691.74,46.50]|339.0|[-7.19,-6.88,7.19,6.88,-7.90,7.90]
OTTOWN|Ifestiona|OBJ|tree|t_oleae1s_f.p3d|[12803.75,19686.72,45.84]|46.0|[-3.91,-4.12,3.91,4.12,-5.03,5.03]
OTTOWN|Ifestiona|OBJ|tree|t_oleae1s_f.p3d|[12811.98,19707.91,48.20]|275.0|[-3.91,-4.12,3.91,4.12,-5.03,5.03]
OTTOWN|Ifestiona|OBJ|tree|t_poplar2f_dead_f.p3d|[12785.30,19724.04,48.72]|125.0|[-9.47,-8.66,9.47,8.66,-11.85,11.85]
OTTOWN|Ifestiona|ROAD|TRACK|10.0|[12771.45,19659.99,44.96]|[12756.29,19672.28,45.57]
OTTOWN|Ifestiona|ROAD|TRACK|10.0|[12756.29,19672.28,45.57]|[12745.55,19683.86,45.78]
OTTOWN|Ifestiona|ROAD|TRACK|10.0|[12798.08,19645.38,43.81]|[12771.45,19659.99,44.96]
OTTOWN|Ifestiona|ROAD|TRACK|10.0|[12756.19,19704.68,46.73]|[12780.16,19709.59,48.02]
OTTOWN|Ifestiona|ROAD|TRACK|10.0|[12780.16,19709.59,48.02]|[12802.47,19716.15,48.46]
OTTOWN|Ifestiona|H|0|[45.68,45.53,45.45,45.39,45.33,45.26,45.07,44.88,44.69,44.52,44.37,44.22,44.06,44.06,44.14,44.22,44.30,44.27,44.22,44.18,44.14,44.13,44.13,44.12,44.08,44.01,43.93,43.85,43.76,43.66,43.57,43.47,43.45,43.44,43.44,43.43,43.45,43.47,43.49,43.49,43.46,43.43,43.39,43.36,43.33]
OTTOWN|Ifestiona|H|1|[45.50,45.40,45.34,45.27,45.22,45.15,44.96,44.77,44.69,44.68,44.53,44.38,44.28,44.31,44.39,44.47,44.41,44.36,44.32,44.28,44.21,44.21,44.20,44.19,44.15,44.08,44.00,43.94,43.85,43.75,43.66,43.57,43.55,43.55,43.54,43.50,43.52,43.54,43.54,43.52,43.48,43.45,43.44,43.41,43.38]
OTTOWN|Ifestiona|H|2|[45.38,45.29,45.22,45.16,45.11,45.04,44.85,44.77,44.85,44.84,44.69,44.59,44.53,44.56,44.64,44.58,44.51,44.46,44.42,44.35,44.29,44.28,44.27,44.26,44.22,44.15,44.08,44.03,43.94,43.84,43.76,43.67,43.66,43.65,43.60,43.56,43.58,43.58,43.57,43.54,43.51,43.49,43.49,43.46,43.43]
OTTOWN|Ifestiona|H|3|[45.26,45.17,45.10,45.05,45.00,44.94,44.85,44.93,45.01,45.00,44.91,44.84,44.78,44.81,44.75,44.68,44.61,44.56,44.49,44.42,44.36,44.35,44.34,44.33,44.29,44.23,44.17,44.12,44.03,43.95,43.86,43.78,43.75,43.71,43.66,43.63,43.63,43.61,43.59,43.57,43.55,43.54,43.54,43.51,43.53]
OTTOWN|Ifestiona|H|4|[45.16,45.08,45.03,44.98,44.93,44.92,44.99,45.07,45.15,45.15,45.09,45.03,44.97,44.91,44.84,44.77,44.69,44.62,44.56,44.49,44.42,44.41,44.40,44.39,44.36,44.30,44.25,44.19,44.13,44.04,43.96,43.87,43.83,43.78,43.74,43.71,43.69,43.67,43.65,43.63,43.62,43.61,43.60,43.61,43.63]
OTTOWN|Ifestiona|H|5|[45.09,45.10,45.06,45.01,44.98,45.01,45.09,45.17,45.20,45.18,45.11,45.05,45.02,44.96,44.89,44.82,44.75,44.68,44.61,44.53,44.45,44.44,44.43,44.42,44.39,44.34,44.28,44.26,44.20,44.11,44.03,43.96,43.92,43.87,43.84,43.84,43.82,43.80,43.77,43.74,43.73,43.72,43.72,43.72,43.74]
OTTOWN|Ifestiona|H|6|[45.12,45.12,45.08,45.06,45.08,45.11,45.19,45.22,45.22,45.20,45.14,45.10,45.07,45.02,44.95,44.87,44.80,44.73,44.65,44.56,44.49,44.48,44.47,44.46,44.43,44.37,44.35,44.33,44.27,44.18,44.12,44.06,44.01,43.98,43.98,43.98,43.96,43.92,43.88,43.85,43.84,43.83,43.83,43.84,43.86]
OTTOWN|Ifestiona|H|7|[45.14,45.15,45.13,45.16,45.18,45.21,45.24,45.24,45.24,45.22,45.18,45.16,45.13,45.07,45.00,44.92,44.85,44.77,44.68,44.60,44.52,44.51,44.50,44.49,44.46,44.44,44.42,44.40,44.34,44.27,44.21,44.15,44.12,44.12,44.12,44.11,44.08,44.03,43.99,43.96,43.95,43.94,43.94,43.95,44.00]
OTTOWN|Ifestiona|H|8|[45.20,45.21,45.23,45.25,45.28,45.28,45.28,45.28,45.28,45.26,45.24,45.21,45.18,45.11,45.04,44.96,44.89,44.81,44.73,44.64,44.59,44.58,44.57,44.56,44.57,44.55,44.53,44.51,44.50,44.43,44.37,44.33,44.33,44.33,44.33,44.33,44.28,44.24,44.19,44.16,44.15,44.14,44.14,44.15,44.20]
OTTOWN|Ifestiona|H|9|[45.30,45.30,45.32,45.35,45.34,45.33,45.33,45.33,45.33,45.31,45.28,45.25,45.21,45.15,45.08,45.01,44.94,44.86,44.77,44.73,44.70,44.69,44.68,44.70,44.71,44.69,44.68,44.73,44.71,44.65,44.61,44.61,44.61,44.61,44.61,44.62,44.57,44.52,44.47,44.43,44.43,44.42,44.40,44.41,44.46]
OTTOWN|Ifestiona|H|10|[45.39,45.40,45.42,45.41,45.39,45.38,45.38,45.38,45.37,45.36,45.33,45.29,45.25,45.19,45.12,45.05,44.99,44.91,44.86,44.83,44.80,44.79,44.82,44.85,44.86,44.85,44.90,44.95,44.93,44.89,44.89,44.89,44.89,44.89,44.90,44.90,44.86,44.80,44.75,44.71,44.70,44.68,44.65,44.67,44.70]
OTTOWN|Ifestiona|H|11|[45.48,45.49,45.48,45.46,45.45,45.43,45.43,45.42,45.42,45.41,45.37,45.33,45.29,45.23,45.17,45.10,45.04,44.99,44.96,44.93,44.91,44.93,44.96,44.99,45.01,45.06,45.11,45.16,45.17,45.17,45.17,45.17,45.17,45.18,45.19,45.19,45.14,45.08,45.02,44.98,44.96,44.94,44.91,44.91,44.91]
OTTOWN|Ifestiona|H|12|[45.53,45.55,45.54,45.52,45.50,45.50,45.50,45.49,45.49,45.44,45.40,45.36,45.32,45.27,45.21,45.14,45.10,45.08,45.05,45.02,45.01,45.04,45.07,45.10,45.14,45.19,45.24,45.31,45.34,45.34,45.34,45.34,45.35,45.36,45.37,45.36,45.30,45.25,45.19,45.12,45.09,45.07,45.05,45.04,45.03]
OTTOWN|Ifestiona|H|13|[45.58,45.61,45.59,45.57,45.58,45.58,45.57,45.57,45.52,45.47,45.43,45.40,45.36,45.31,45.25,45.21,45.18,45.15,45.12,45.11,45.11,45.14,45.17,45.20,45.24,45.29,45.36,45.45,45.49,45.49,45.49,45.49,45.50,45.51,45.50,45.50,45.44,45.38,45.29,45.22,45.19,45.17,45.16,45.15,45.14]
OTTOWN|Ifestiona|H|14|[45.64,45.66,45.65,45.65,45.65,45.65,45.65,45.60,45.55,45.50,45.47,45.44,45.40,45.35,45.31,45.29,45.26,45.23,45.22,45.21,45.21,45.24,45.27,45.31,45.35,45.41,45.50,45.60,45.63,45.63,45.63,45.64,45.64,45.64,45.64,45.63,45.57,45.48,45.38,45.32,45.29,45.28,45.26,45.25,45.30]
OTTOWN|Ifestiona|H|15|[45.69,45.72,45.72,45.73,45.73,45.73,45.68,45.63,45.58,45.54,45.51,45.48,45.44,45.41,45.39,45.36,45.33,45.32,45.32,45.31,45.31,45.34,45.38,45.41,45.47,45.56,45.65,45.74,45.77,45.77,45.78,45.78,45.78,45.78,45.77,45.76,45.67,45.57,45.48,45.42,45.40,45.38,45.37,45.41,45.48]
OTTOWN|Ifestiona|H|16|[45.75,45.76,45.77,45.77,45.77,45.74,45.69,45.64,45.60,45.56,45.53,45.50,45.48,45.45,45.43,45.40,45.37,45.36,45.36,45.37,45.50,45.53,45.57,45.61,45.68,45.77,45.86,45.82,45.78,45.78,45.79,45.78,45.78,45.78,45.77,45.77,45.67,45.58,45.50,45.46,45.44,45.42,45.42,45.46,45.54]
OTTOWN|Ifestiona|H|17|[45.79,45.80,45.81,45.81,45.78,45.75,45.70,45.66,45.62,45.59,45.56,45.53,45.51,45.49,45.46,45.44,45.41,45.40,45.42,45.56,45.68,45.72,45.76,45.82,45.89,45.98,45.94,45.83,45.79,45.79,45.79,45.78,45.78,45.78,45.78,45.77,45.68,45.60,45.54,45.50,45.48,45.48,45.48,45.52,45.60]
OTTOWN|Ifestiona|H|18|[45.83,45.85,45.85,45.82,45.79,45.77,45.72,45.68,45.65,45.61,45.59,45.57,45.55,45.53,45.50,45.48,45.45,45.47,45.60,45.74,45.87,45.91,45.97,46.03,46.10,46.06,45.95,45.84,45.80,45.79,45.79,45.78,45.78,45.78,45.78,45.78,45.70,45.64,45.58,45.54,45.53,45.53,45.54,45.58,45.64]
OTTOWN|Ifestiona|H|19|[45.86,45.87,45.85,45.82,45.79,45.77,45.73,45.70,45.66,45.63,45.61,45.60,45.58,45.55,45.53,45.51,45.50,45.63,45.77,45.91,46.03,46.08,46.14,46.20,46.21,46.10,45.99,45.87,45.80,45.80,45.79,45.79,45.79,45.79,45.79,45.79,45.73,45.67,45.61,45.60,45.60,45.61,45.61,45.65,45.71]
OTTOWN|Ifestiona|H|20|[45.85,45.83,45.81,45.78,45.76,45.75,45.71,45.67,45.65,45.63,45.61,45.60,45.57,45.55,45.53,45.52,45.60,45.73,45.87,46.00,46.10,46.15,46.21,46.30,46.32,46.21,46.10,45.90,45.82,45.82,45.81,45.80,45.81,45.81,45.81,45.81,45.75,45.69,45.69,45.71,45.71,45.71,45.73,45.78,45.84]
OTTOWN|Ifestiona|H|21|[45.82,45.80,45.77,45.75,45.74,45.73,45.69,45.67,45.65,45.63,45.61,45.59,45.57,45.55,45.54,45.62,45.71,45.84,45.96,46.07,46.16,46.22,46.31,46.41,46.43,46.32,46.13,45.93,45.85,45.84,45.83,45.82,45.82,45.83,45.83,45.83,45.77,45.77,45.79,45.81,45.82,45.84,45.86,45.91,45.96]
OTTOWN|Ifestiona|H|22|[45.78,45.76,45.74,45.73,45.72,45.71,45.68,45.67,45.65,45.63,45.61,45.59,45.57,45.56,45.64,45.73,45.81,45.93,46.03,46.14,46.23,46.32,46.42,46.52,46.54,46.35,46.15,45.95,45.87,45.86,45.85,45.84,45.84,45.85,45.85,45.84,45.84,45.87,45.90,45.92,45.94,45.97,45.99,46.02,45.99]
OTTOWN|Ifestiona|H|23|[45.77,45.74,45.73,45.72,45.71,45.69,45.67,45.65,45.64,45.64,45.62,45.59,45.58,45.66,45.74,45.83,45.90,46.00,46.10,46.20,46.35,46.44,46.54,46.64,46.59,46.39,46.19,46.03,46.04,46.03,46.02,46.06,46.07,46.08,46.08,45.97,46.00,46.03,46.06,46.09,46.12,46.14,46.17,46.16,46.13]
OTTOWN|Ifestiona|H|24|[45.77,45.74,45.72,45.71,45.69,45.67,45.65,45.63,45.64,45.64,45.62,45.61,45.68,45.75,45.84,45.91,45.97,46.07,46.17,46.32,46.49,46.59,46.68,46.72,46.66,46.46,46.30,46.33,46.34,46.34,46.37,46.47,46.49,46.49,46.36,46.17,46.20,46.23,46.28,46.31,46.34,46.36,46.40,46.40,46.36]
OTTOWN|Ifestiona|H|25|[45.77,45.73,45.72,45.70,45.67,45.64,45.63,45.64,45.65,45.65,45.64,45.71,45.77,45.85,45.92,45.98,46.04,46.14,46.29,46.46,46.63,46.73,46.76,46.79,46.73,46.57,46.60,46.64,46.65,46.69,46.79,46.89,46.90,46.77,46.56,46.38,46.41,46.45,46.49,46.53,46.56,46.60,46.64,46.63,46.59]
OTTOWN|Ifestiona|H|26|[45.76,45.73,45.70,45.68,45.65,45.62,45.63,45.65,45.66,45.67,45.74,45.80,45.86,45.93,45.99,46.05,46.11,46.25,46.43,46.60,46.77,46.80,46.83,46.86,46.84,46.87,46.91,46.95,47.00,47.10,47.20,47.30,47.18,46.97,46.76,46.58,46.62,46.67,46.71,46.75,46.79,46.83,46.87,46.85,46.79]
OTTOWN|Ifestiona|H|27|[45.76,45.80,45.79,45.77,45.74,45.78,45.80,45.81,45.84,45.94,46.00,46.07,46.17,46.26,46.32,46.38,46.44,46.61,46.78,46.96,46.98,47.01,47.04,47.06,47.09,47.13,47.17,47.20,47.27,47.37,47.47,47.52,47.34,47.13,46.92,46.82,46.86,46.91,46.95,46.95,46.99,47.03,47.05,47.00,46.94]
OTTOWN|Ifestiona|H|28|[45.83,45.93,45.92,45.89,45.94,45.99,46.01,46.03,46.16,46.26,46.32,46.42,46.57,46.66,46.72,46.79,46.86,47.02,47.20,47.22,47.23,47.26,47.28,47.31,47.34,47.38,47.41,47.42,47.49,47.59,47.65,47.67,47.49,47.28,47.16,47.07,47.11,47.15,47.14,47.14,47.18,47.20,47.18,47.14,47.07]
OTTOWN|Ifestiona|H|29|[45.95,46.05,46.04,46.09,46.15,46.20,46.23,46.35,46.47,46.58,46.67,46.82,46.97,47.07,47.13,47.20,47.28,47.44,47.46,47.47,47.47,47.50,47.53,47.55,47.59,47.61,47.63,47.65,47.71,47.77,47.79,47.82,47.64,47.52,47.41,47.31,47.35,47.34,47.32,47.33,47.35,47.33,47.32,47.27,47.22]
OTTOWN|Ifestiona|H|30|[46.08,46.17,46.23,46.29,46.35,46.41,46.54,46.66,46.78,46.91,47.06,47.21,47.36,47.46,47.54,47.61,47.68,47.69,47.70,47.71,47.72,47.74,47.77,47.80,47.82,47.84,47.85,47.87,47.89,47.92,47.94,47.97,47.88,47.76,47.65,47.56,47.54,47.53,47.52,47.50,47.48,47.47,47.45,47.42,47.38]
OTTOWN|Ifestiona|H|31|[46.13,46.20,46.26,46.31,46.37,46.44,46.56,46.69,46.80,46.91,47.06,47.21,47.36,47.47,47.54,47.61,47.69,47.70,47.71,47.72,47.81,47.84,47.87,47.91,47.96,47.98,48.00,48.00,48.02,48.04,48.07,48.07,47.97,47.86,47.77,47.79,47.78,47.77,47.70,47.60,47.58,47.57,47.52,47.47,47.43]
OTTOWN|Ifestiona|H|32|[46.16,46.22,46.28,46.34,46.40,46.47,46.59,46.70,46.80,46.91,47.06,47.21,47.37,47.47,47.54,47.62,47.69,47.71,47.72,47.82,47.91,47.94,47.98,48.06,48.11,48.12,48.13,48.13,48.14,48.17,48.17,48.17,48.07,47.98,48.01,48.03,48.02,47.95,47.80,47.70,47.68,47.64,47.57,47.52,47.48]
OTTOWN|Ifestiona|H|33|[46.19,46.24,46.30,46.36,46.43,46.49,46.61,46.70,46.80,46.91,47.07,47.22,47.37,47.47,47.55,47.62,47.70,47.72,47.82,47.92,48.01,48.06,48.13,48.20,48.25,48.26,48.25,48.25,48.27,48.27,48.26,48.26,48.18,48.21,48.24,48.27,48.20,48.05,47.90,47.80,47.75,47.69,47.62,47.57,47.57]
OTTOWN|Ifestiona|H|34|[46.20,46.26,46.32,46.38,46.45,46.52,46.61,46.71,46.81,46.92,47.07,47.23,47.38,47.48,47.56,47.63,47.71,47.80,47.90,48.00,48.10,48.18,48.25,48.32,48.36,48.36,48.35,48.35,48.35,48.35,48.34,48.34,48.37,48.40,48.43,48.44,48.29,48.14,47.99,47.93,47.86,47.80,47.73,47.71,47.72]
OTTOWN|Ifestiona|H|35|[46.19,46.26,46.33,46.39,46.46,46.54,46.64,46.73,46.83,46.94,47.09,47.25,47.41,47.52,47.59,47.66,47.73,47.82,47.92,48.03,48.16,48.23,48.30,48.37,48.40,48.40,48.39,48.39,48.39,48.39,48.39,48.38,48.41,48.44,48.47,48.49,48.35,48.20,48.18,48.19,48.13,48.06,48.00,47.98,48.00]
OTTOWN|Ifestiona|H|36|[46.19,46.27,46.33,46.40,46.48,46.57,46.66,46.76,46.85,46.96,47.12,47.28,47.44,47.55,47.62,47.69,47.75,47.84,47.96,48.09,48.22,48.29,48.35,48.41,48.44,48.44,48.44,48.44,48.44,48.43,48.43,48.43,48.45,48.49,48.53,48.55,48.40,48.39,48.44,48.46,48.39,48.33,48.27,48.26,48.24]
OTTOWN|Ifestiona|H|37|[46.19,46.27,46.34,46.42,46.51,46.59,46.68,46.78,46.87,46.98,47.15,47.31,47.47,47.58,47.64,47.71,47.77,47.88,48.01,48.15,48.27,48.33,48.39,48.45,48.48,48.48,48.48,48.48,48.48,48.48,48.47,48.47,48.50,48.54,48.59,48.61,48.59,48.65,48.71,48.72,48.66,48.60,48.54,48.50,48.29]
OTTOWN|Ifestiona|H|38|[46.20,46.24,46.30,46.39,46.47,46.63,46.72,46.82,46.91,47.16,47.32,47.49,47.67,47.83,47.89,47.96,48.01,48.13,48.26,48.39,48.39,48.44,48.50,48.55,48.53,48.53,48.53,48.53,48.51,48.51,48.51,48.50,48.53,48.58,48.62,48.64,48.70,48.75,48.81,48.81,48.76,48.70,48.65,48.54,48.33]
OTTOWN|Ifestiona|H|39|[46.18,46.15,46.22,46.30,46.48,46.69,46.78,46.88,47.19,47.47,47.63,47.81,48.12,48.28,48.35,48.40,48.42,48.54,48.67,48.65,48.55,48.61,48.67,48.62,48.59,48.59,48.58,48.55,48.54,48.54,48.53,48.51,48.54,48.59,48.60,48.60,48.66,48.72,48.75,48.75,48.69,48.65,48.68,48.57,48.36]
OTTOWN|Ifestiona|H|40|[46.09,46.06,46.13,46.31,46.53,46.75,46.84,47.16,47.50,47.77,47.96,48.27,48.58,48.74,48.79,48.81,48.84,48.96,48.93,48.82,48.72,48.78,48.73,48.68,48.64,48.64,48.61,48.58,48.57,48.56,48.54,48.52,48.55,48.57,48.56,48.56,48.62,48.66,48.69,48.69,48.64,48.68,48.72,48.60,48.44]
OTTOWN|Ifestiona|H|41|[46.00,45.97,46.13,46.36,46.59,46.81,47.12,47.46,47.80,48.10,48.41,48.72,49.03,49.17,49.20,49.23,49.25,49.21,49.10,48.98,48.89,48.85,48.79,48.73,48.69,48.66,48.63,48.61,48.59,48.57,48.55,48.53,48.53,48.53,48.52,48.52,48.56,48.59,48.62,48.64,48.67,48.71,48.75,48.68,48.60]
OTTOWN|Ifestiona|H|42|[46.01,46.07,46.28,46.51,46.74,46.94,47.28,47.62,47.93,48.13,48.44,48.75,49.07,49.21,49.24,49.27,49.40,49.33,49.21,49.10,48.99,48.94,48.88,48.83,48.80,48.77,48.74,48.70,48.66,48.64,48.62,48.57,48.55,48.55,48.54,48.51,48.54,48.57,48.60,48.63,48.67,48.70,48.74,48.71,48.62]
OTTOWN|Ifestiona|H|43|[46.14,46.24,46.45,46.68,46.86,47.05,47.39,47.70,47.84,48.04,48.35,48.67,49.00,49.14,49.17,49.30,49.49,49.42,49.31,49.20,49.10,49.04,48.99,48.95,48.92,48.89,48.85,48.79,48.75,48.74,48.68,48.60,48.59,48.58,48.54,48.50,48.53,48.56,48.58,48.61,48.65,48.69,48.73,48.69,48.61]
OTTOWN|Ifestiona|H|44|[46.30,46.40,46.61,46.79,46.97,47.16,47.47,47.61,47.75,47.95,48.27,48.60,48.93,49.07,49.21,49.40,49.59,49.52,49.41,49.30,49.20,49.15,49.11,49.07,49.04,49.00,48.94,48.88,48.85,48.79,48.71,48.64,48.62,48.58,48.53,48.49,48.52,48.54,48.56,48.59,48.63,48.67,48.71,48.67,48.65]
OTTOWN|Ifestiona|END
OTTOWN|Syrta|HEAD|i_Stone_HouseBig_V1_F|Land_i_Stone_HouseBig_V3_F|[8623.375,18350.381,176.473]|168.09|false|46|1|2
OTTOWN|Syrta|BOX|[-6.78,-6.16,6.78,6.16,-5.84,5.84]
OTTOWN|Syrta|DOOR|main|[8620.03,18351.72,176.92]|348.1|1.00
OTTOWN|Syrta|BPOS|[[8624.29,18348.23,176.98],[8625.00,18345.59,176.96],[8620.38,18344.88,179.76],[8621.01,18350.68,179.81],[8624.92,18347.47,179.80],[8620.00,18347.96,176.97]]
OTTOWN|Syrta|OBJ|building|Land_u_House_Small_01_V1_F|[8603.07,18318.20,177.53]|264.5|[-5.60,-7.64,5.60,7.64,-4.94,4.94]
OTTOWN|Syrta|OBJ|building|Land_d_House_Big_02_V1_F|[8658.86,18325.04,177.63]|184.2|[-7.09,-12.09,7.09,12.09,-6.28,6.28]
OTTOWN|Syrta|OBJ|building|Land_i_House_Big_01_V3_F|[8601.58,18338.62,176.57]|177.7|[-7.89,-8.48,7.89,8.48,-6.61,6.61]
OTTOWN|Syrta|OBJ|building|Land_u_House_Small_02_V1_F|[8588.44,18342.61,175.46]|357.3|[-8.20,-4.64,8.20,4.64,-4.71,4.71]
OTTOWN|Syrta|OBJ|building|Land_i_Stone_HouseSmall_V1_F|[8633.18,18332.09,176.31]|353.4|[-10.21,-5.82,10.21,5.82,-4.28,4.28]
OTTOWN|Syrta|OBJ|building|Land_i_Stone_Shed_V1_F|[8626.63,18341.36,176.84]|260.9|[-4.53,-4.96,4.53,4.96,-3.80,3.80]
OTTOWN|Syrta|OBJ|building|treebin_f.p3d|[8619.00,18357.10,176.17]|0.0|[-1.24,-1.26,1.24,1.26,-0.43,0.43]
OTTOWN|Syrta|OBJ|building|Land_Chapel_V1_F|[8642.73,18363.87,176.52]|356.2|[-12.56,-5.59,12.56,5.59,-6.12,6.12]
OTTOWN|Syrta|OBJ|building|Land_d_Shop_02_V1_F|[8609.61,18390.31,173.19]|236.8|[-11.39,-11.20,11.39,11.20,-6.51,6.51]
OTTOWN|Syrta|OBJ|wall|stone_8md_f.p3d|[8608.90,18309.90,178.14]|76.0|[-4.14,-0.76,4.14,0.76,-1.28,1.28]
OTTOWN|Syrta|OBJ|wall|stone_8m_f.p3d|[8606.66,18327.21,177.41]|266.0|[-4.26,-0.35,4.26,0.35,-1.30,1.30]
OTTOWN|Syrta|OBJ|wall|stone_8m_f.p3d|[8625.08,18310.87,178.84]|264.0|[-4.26,-0.35,4.26,0.35,-1.30,1.30]
OTTOWN|Syrta|OBJ|wall|stone_8m_f.p3d|[8624.26,18318.74,178.31]|263.8|[-4.26,-0.35,4.26,0.35,-1.30,1.30]
OTTOWN|Syrta|OBJ|wall|stone_8m_f.p3d|[8623.49,18326.70,177.86]|264.8|[-4.26,-0.35,4.26,0.35,-1.30,1.30]
OTTOWN|Syrta|OBJ|wall|stone_8m_f.p3d|[8648.09,18322.30,177.74]|228.9|[-4.26,-0.35,4.26,0.35,-1.30,1.30]
OTTOWN|Syrta|OBJ|wall|stone_4m_f.p3d|[8643.46,18329.97,177.33]|75.0|[-2.22,-0.36,2.22,0.36,-1.29,1.29]
OTTOWN|Syrta|OBJ|wall|stone_pillar_f.p3d|[8645.44,18325.30,177.57]|46.5|[-0.45,-0.44,0.45,0.44,-1.79,1.79]
OTTOWN|Syrta|OBJ|wall|stone_pillar_f.p3d|[8643.88,18328.16,177.41]|75.1|[-0.45,-0.44,0.45,0.44,-1.79,1.79]
OTTOWN|Syrta|OBJ|wall|stone_8m_f.p3d|[8582.35,18345.83,174.11]|177.8|[-4.26,-0.35,4.26,0.35,-1.30,1.30]
OTTOWN|Syrta|OBJ|wall|stone_8m_f.p3d|[8602.20,18357.84,175.44]|69.3|[-4.26,-0.35,4.26,0.35,-1.30,1.30]
OTTOWN|Syrta|OBJ|wall|stone_8m_f.p3d|[8604.70,18350.27,175.86]|74.3|[-4.26,-0.35,4.26,0.35,-1.30,1.30]
OTTOWN|Syrta|OBJ|wall|stone_pillar_f.p3d|[8586.51,18345.94,174.38]|268.9|[-0.45,-0.44,0.45,0.44,-1.79,1.79]
OTTOWN|Syrta|OBJ|wall|Land_Stone_Gate_F|[8632.69,18352.25,176.37]|351.3|[-2.96,-1.47,2.96,1.47,-1.71,1.71]
OTTOWN|Syrta|OBJ|wall|stone_8m_f.p3d|[8617.15,18355.08,176.10]|74.6|[-4.26,-0.35,4.26,0.35,-1.30,1.30]
OTTOWN|Syrta|OBJ|wall|stone_4m_f.p3d|[8635.82,18354.38,176.46]|110.9|[-2.22,-0.36,2.22,0.36,-1.29,1.29]
OTTOWN|Syrta|OBJ|wall|stone_4m_f.p3d|[8628.06,18351.63,176.29]|352.2|[-2.22,-0.36,2.22,0.36,-1.29,1.29]
OTTOWN|Syrta|OBJ|wall|stone_pillar_f.p3d|[8626.07,18351.33,176.26]|78.2|[-0.45,-0.44,0.45,0.44,-1.79,1.79]
OTTOWN|Syrta|OBJ|wall|stone_pillar_f.p3d|[8623.10,18330.91,177.41]|357.1|[-0.45,-0.44,0.45,0.44,-1.79,1.79]
OTTOWN|Syrta|OBJ|wall|stone_8md_f.p3d|[8643.74,18342.21,176.87]|290.5|[-4.14,-0.76,4.14,0.76,-1.28,1.28]
OTTOWN|Syrta|OBJ|wall|stone_8md_f.p3d|[8651.61,18352.10,176.19]|353.4|[-4.14,-0.76,4.14,0.76,-1.28,1.28]
OTTOWN|Syrta|OBJ|wall|stone_8m_f.p3d|[8645.79,18347.76,176.95]|290.6|[-4.26,-0.35,4.26,0.35,-1.30,1.30]
OTTOWN|Syrta|OBJ|wall|stone_8m_f.p3d|[8667.34,18354.06,176.54]|352.6|[-4.26,-0.35,4.26,0.35,-1.30,1.30]
OTTOWN|Syrta|OBJ|wall|stone_8m_f.p3d|[8659.41,18353.02,176.66]|172.8|[-4.26,-0.35,4.26,0.35,-1.30,1.30]
OTTOWN|Syrta|OBJ|wall|stone_8m_f.p3d|[8647.15,18355.31,176.87]|85.3|[-4.26,-0.35,4.26,0.35,-1.30,1.30]
OTTOWN|Syrta|OBJ|wall|stone_pillar_f.p3d|[8647.49,18351.54,176.57]|350.6|[-0.45,-0.44,0.45,0.44,-1.79,1.79]
OTTOWN|Syrta|OBJ|wall|stone_pillar_f.p3d|[8643.12,18331.70,177.25]|80.0|[-0.45,-0.44,0.45,0.44,-1.79,1.79]
OTTOWN|Syrta|OBJ|wall|stone_8m_f.p3d|[8595.16,18372.01,174.04]|58.3|[-4.26,-0.35,4.26,0.35,-1.30,1.30]
OTTOWN|Syrta|OBJ|wall|stone_8m_f.p3d|[8609.51,18375.20,174.48]|63.8|[-4.26,-0.35,4.26,0.35,-1.30,1.30]
OTTOWN|Syrta|OBJ|wall|stone_8m_f.p3d|[8599.02,18365.09,174.89]|63.3|[-4.26,-0.35,4.26,0.35,-1.30,1.30]
OTTOWN|Syrta|OBJ|wall|stone_4m_f.p3d|[8608.08,18380.79,173.70]|276.9|[-2.22,-0.36,2.22,0.36,-1.29,1.29]
OTTOWN|Syrta|OBJ|wall|stone_pillar_f.p3d|[8607.87,18378.79,173.99]|355.3|[-0.45,-0.44,0.45,0.44,-1.79,1.79]
OTTOWN|Syrta|OBJ|wall|stone_8md_f.p3d|[8627.04,18387.22,175.42]|135.2|[-4.14,-0.76,4.14,0.76,-1.28,1.28]
OTTOWN|Syrta|OBJ|wall|stone_8md_f.p3d|[8613.99,18374.21,174.99]|315.6|[-4.14,-0.76,4.14,0.76,-1.28,1.28]
OTTOWN|Syrta|OBJ|wall|Land_Stone_Gate_F|[8615.04,18361.51,175.80]|69.6|[-2.96,-1.47,2.96,1.47,-1.71,1.71]
OTTOWN|Syrta|OBJ|wall|stone_8m_f.p3d|[8621.17,18381.35,175.27]|314.8|[-4.26,-0.35,4.26,0.35,-1.30,1.30]
OTTOWN|Syrta|OBJ|wall|stone_8m_f.p3d|[8612.67,18367.93,175.33]|68.8|[-4.26,-0.35,4.26,0.35,-1.30,1.30]
OTTOWN|Syrta|OBJ|wall|concrete_smallwall_4m_f.p3d|[8620.35,18372.90,175.30]|359.7|[-2.01,-0.26,2.01,0.26,-1.16,1.16]
OTTOWN|Syrta|OBJ|wall|concrete_smallwall_4m_f.p3d|[8633.99,18371.79,176.16]|12.8|[-2.01,-0.26,2.01,0.26,-1.16,1.16]
OTTOWN|Syrta|OBJ|wall|concrete_smallwall_4m_f.p3d|[8631.22,18372.46,176.11]|13.4|[-2.01,-0.26,2.01,0.26,-1.16,1.16]
OTTOWN|Syrta|OBJ|wall|concrete_smallwall_4m_f.p3d|[8636.66,18380.33,176.22]|353.0|[-2.01,-0.26,2.01,0.26,-1.16,1.16]
OTTOWN|Syrta|OBJ|wall|concrete_smallwall_4m_f.p3d|[8633.85,18379.83,176.20]|346.9|[-2.01,-0.26,2.01,0.26,-1.16,1.16]
OTTOWN|Syrta|OBJ|wall|concrete_smallwall_4m_f.p3d|[8629.87,18376.53,176.04]|280.4|[-2.01,-0.26,2.01,0.26,-1.16,1.16]
OTTOWN|Syrta|OBJ|wall|concrete_smallwall_4m_f.p3d|[8614.53,18372.90,174.76]|0.5|[-2.01,-0.26,2.01,0.26,-1.16,1.16]
OTTOWN|Syrta|OBJ|wall|concrete_smallwall_4m_f.p3d|[8624.73,18375.44,175.78]|272.4|[-2.01,-0.26,2.01,0.26,-1.16,1.16]
OTTOWN|Syrta|OBJ|wall|concrete_smallwall_4m_f.p3d|[8617.43,18372.89,175.04]|0.6|[-2.01,-0.26,2.01,0.26,-1.16,1.16]
OTTOWN|Syrta|OBJ|wall|concrete_smallwall_4m_f.p3d|[8624.70,18374.21,175.83]|271.2|[-2.01,-0.26,2.01,0.26,-1.16,1.16]
OTTOWN|Syrta|OBJ|wall|concrete_smallwall_4m_f.p3d|[8623.24,18372.91,175.64]|359.9|[-2.01,-0.26,2.01,0.26,-1.16,1.16]
OTTOWN|Syrta|OBJ|wall|concrete_smallwall_4m_f.p3d|[8629.63,18374.07,176.05]|270.3|[-2.01,-0.26,2.01,0.26,-1.16,1.16]
OTTOWN|Syrta|OBJ|wall|concrete_smallwall_4m_f.p3d|[8639.53,18380.49,176.23]|0.1|[-2.01,-0.26,2.01,0.26,-1.16,1.16]
OTTOWN|Syrta|OBJ|wall|concrete_smallwall_4m_f.p3d|[8629.98,18384.31,175.76]|342.8|[-2.01,-0.26,2.01,0.26,-1.16,1.16]
OTTOWN|Syrta|OBJ|wall|concrete_smallwall_4m_f.p3d|[8631.30,18378.72,176.13]|325.0|[-2.01,-0.26,2.01,0.26,-1.16,1.16]
OTTOWN|Syrta|OBJ|wall|concrete_smallwall_4m_f.p3d|[8625.65,18380.97,175.76]|294.2|[-2.01,-0.26,2.01,0.26,-1.16,1.16]
OTTOWN|Syrta|OBJ|wall|concrete_smallwall_4m_f.p3d|[8632.76,18384.92,175.99]|351.8|[-2.01,-0.26,2.01,0.26,-1.16,1.16]
OTTOWN|Syrta|OBJ|wall|concrete_smallwall_4m_f.p3d|[8638.51,18385.12,176.14]|359.5|[-2.01,-0.26,2.01,0.26,-1.16,1.16]
OTTOWN|Syrta|OBJ|wall|concrete_smallwall_4m_f.p3d|[8635.64,18385.10,176.10]|359.5|[-2.01,-0.26,2.01,0.26,-1.16,1.16]
OTTOWN|Syrta|OBJ|wall|concrete_smallwall_4m_f.p3d|[8624.92,18378.23,175.77]|274.6|[-2.01,-0.26,2.01,0.26,-1.16,1.16]
OTTOWN|Syrta|OBJ|wall|concrete_smallwall_4m_f.p3d|[8627.39,18383.06,175.73]|325.4|[-2.01,-0.26,2.01,0.26,-1.16,1.16]
OTTOWN|Syrta|OBJ|wall|concrete_smallwall_8m_f.p3d|[8646.89,18380.36,176.24]|1.3|[-4.00,-0.26,4.00,0.26,-1.15,1.15]
OTTOWN|Syrta|OBJ|wall|concrete_smallwall_8m_f.p3d|[8649.10,18385.07,176.18]|359.7|[-4.00,-0.26,4.00,0.26,-1.15,1.15]
OTTOWN|Syrta|OBJ|wall|concrete_smallwall_8m_f.p3d|[8642.99,18385.09,176.19]|0.4|[-4.00,-0.26,4.00,0.26,-1.15,1.15]
OTTOWN|Syrta|OBJ|wall|concrete_smallwall_4m_f.p3d|[8656.63,18373.44,176.18]|263.0|[-2.01,-0.26,2.01,0.26,-1.16,1.16]
OTTOWN|Syrta|OBJ|wall|concrete_smallwall_4m_f.p3d|[8659.07,18360.83,176.10]|214.5|[-2.01,-0.26,2.01,0.26,-1.16,1.16]
OTTOWN|Syrta|OBJ|wall|concrete_smallwall_4m_f.p3d|[8657.52,18362.93,176.12]|252.3|[-2.01,-0.26,2.01,0.26,-1.16,1.16]
OTTOWN|Syrta|OBJ|wall|concrete_smallwall_4m_f.p3d|[8666.35,18362.40,175.85]|121.8|[-2.01,-0.26,2.01,0.26,-1.16,1.16]
OTTOWN|Syrta|OBJ|wall|concrete_smallwall_4m_f.p3d|[8656.82,18371.44,176.18]|266.3|[-2.01,-0.26,2.01,0.26,-1.16,1.16]
OTTOWN|Syrta|OBJ|wall|concrete_smallwall_4m_f.p3d|[8657.04,18365.72,176.14]|268.0|[-2.01,-0.26,2.01,0.26,-1.16,1.16]
OTTOWN|Syrta|OBJ|wall|concrete_smallwall_4m_f.p3d|[8661.58,18360.07,176.04]|179.2|[-2.01,-0.26,2.01,0.26,-1.16,1.16]
OTTOWN|Syrta|OBJ|wall|concrete_smallwall_4m_f.p3d|[8664.31,18360.67,175.93]|156.7|[-2.01,-0.26,2.01,0.26,-1.16,1.16]
OTTOWN|Syrta|OBJ|wall|concrete_smallwall_4m_f.p3d|[8656.94,18368.62,176.17]|268.0|[-2.01,-0.26,2.01,0.26,-1.16,1.16]
OTTOWN|Syrta|OBJ|wall|concrete_smallwall_4m_f.p3d|[8655.32,18375.64,176.18]|39.9|[-2.01,-0.26,2.01,0.26,-1.16,1.16]
OTTOWN|Syrta|OBJ|wall|concrete_smallwall_4m_f.p3d|[8654.41,18376.57,176.20]|49.7|[-2.01,-0.26,2.01,0.26,-1.16,1.16]
OTTOWN|Syrta|OBJ|wall|concrete_smallwall_4m_f.p3d|[8652.83,18378.89,176.23]|60.7|[-2.01,-0.26,2.01,0.26,-1.16,1.16]
OTTOWN|Syrta|OBJ|wall|concrete_smallwall_4m_f.p3d|[8650.80,18380.21,176.28]|5.9|[-2.01,-0.26,2.01,0.26,-1.16,1.16]
OTTOWN|Syrta|OBJ|wall|concrete_smallwall_4m_f.p3d|[8642.41,18380.47,176.23]|1.0|[-2.01,-0.26,2.01,0.26,-1.16,1.16]
OTTOWN|Syrta|OBJ|wall|stone_8m_f.p3d|[8632.75,18392.18,175.57]|322.6|[-4.26,-0.35,4.26,0.35,-1.30,1.30]
OTTOWN|Syrta|OBJ|tree|t_fraxinusav2s_f.p3d|[8633.86,18327.47,177.50]|43.5|[-13.54,-13.39,13.54,13.39,-13.22,13.22]
OTTOWN|Syrta|OBJ|tree|t_ficusb2s_f.p3d|[8645.27,18320.62,177.77]|240.0|[-8.66,-8.23,8.66,8.23,-5.99,5.99]
OTTOWN|Syrta|OBJ|tree|t_ficusb1s_f.p3d|[8649.58,18313.87,178.26]|248.9|[-5.06,-5.62,5.06,5.62,-4.61,4.61]
OTTOWN|Syrta|OBJ|tree|t_oleae2s_f.p3d|[8583.47,18349.77,173.66]|2.7|[-7.19,-6.88,7.19,6.88,-7.90,7.90]
OTTOWN|Syrta|OBJ|tree|t_broussonetiap1s_f.p3d|[8618.71,18357.75,176.03]|201.1|[-4.76,-4.57,4.76,4.57,-5.06,5.06]
OTTOWN|Syrta|OBJ|tree|t_quercusir2s_f.p3d|[8653.52,18354.44,176.50]|32.2|[-11.51,-11.20,11.51,11.20,-11.24,11.24]
OTTOWN|Syrta|OBJ|tree|t_fraxinusav2s_f.p3d|[8621.95,18378.06,175.35]|66.7|[-13.54,-13.39,13.54,13.39,-13.22,13.22]
OTTOWN|Syrta|OBJ|tree|t_fraxinusav2s_f.p3d|[8638.21,18391.59,176.16]|216.0|[-13.54,-13.39,13.54,13.39,-13.22,13.22]
OTTOWN|Syrta|H|0|[175.72,175.83,176.09,176.36,176.62,176.83,177.07,177.30,177.52,177.67,177.82,177.98,178.09,178.19,178.28,178.38,178.50,178.59,178.68,178.78,178.82,178.86,178.91,178.95,178.93,178.92,178.90,178.88,178.86,178.85,178.83,178.83,178.83,178.83,178.83,178.82,178.79,178.77,178.75,178.72,178.69,178.67,178.65,178.67,178.68]
OTTOWN|Syrta|H|1|[175.51,175.68,175.94,176.21,176.46,176.70,176.93,177.17,177.39,177.54,177.70,177.85,177.97,178.07,178.16,178.26,178.35,178.44,178.53,178.62,178.67,178.71,178.76,178.80,178.79,178.77,178.75,178.75,178.73,178.71,178.69,178.69,178.69,178.69,178.68,178.66,178.64,178.61,178.58,178.56,178.53,178.50,178.49,178.51,178.53]
OTTOWN|Syrta|H|2|[175.41,175.59,175.85,176.11,176.35,176.58,176.82,177.06,177.28,177.44,177.59,177.73,177.86,177.95,178.05,178.13,178.22,178.31,178.39,178.46,178.51,178.56,178.61,178.66,178.64,178.62,178.63,178.62,178.60,178.59,178.59,178.59,178.59,178.58,178.55,178.53,178.51,178.48,178.45,178.42,178.39,178.37,178.36,178.38,178.40]
OTTOWN|Syrta|H|3|[175.32,175.49,175.75,175.99,176.23,176.46,176.71,176.95,177.18,177.33,177.48,177.62,177.74,177.84,177.92,178.00,178.09,178.17,178.24,178.30,178.35,178.41,178.46,178.51,178.49,178.50,178.50,178.50,178.48,178.48,178.49,178.49,178.48,178.45,178.42,178.40,178.37,178.34,178.31,178.28,178.26,178.24,178.24,178.26,178.29]
OTTOWN|Syrta|H|4|[175.23,175.39,175.63,175.87,176.11,176.35,176.60,176.84,177.07,177.22,177.36,177.50,177.63,177.71,177.79,177.87,177.94,178.01,178.08,178.14,178.20,178.26,178.32,178.36,178.37,178.37,178.38,178.37,178.38,178.38,178.38,178.37,178.35,178.32,178.29,178.26,178.24,178.21,178.18,178.15,178.13,178.11,178.11,178.14,178.17]
OTTOWN|Syrta|H|5|[175.14,175.30,175.54,175.78,176.03,176.28,176.52,176.77,176.96,177.11,177.25,177.40,177.54,177.62,177.70,177.78,177.85,177.92,177.98,178.04,178.09,178.15,178.21,178.24,178.24,178.25,178.25,178.25,178.25,178.25,178.25,178.24,178.21,178.18,178.16,178.13,178.10,178.07,178.05,178.03,178.00,177.99,178.00,178.04,178.07]
OTTOWN|Syrta|H|6|[175.05,175.22,175.46,175.71,175.97,176.21,176.46,176.67,176.86,177.00,177.15,177.33,177.47,177.55,177.63,177.71,177.78,177.85,177.90,177.95,178.01,178.06,178.10,178.12,178.12,178.13,178.12,178.12,178.12,178.12,178.12,178.10,178.07,178.04,178.02,177.99,177.96,177.94,177.92,177.90,177.88,177.89,177.90,177.93,177.96]
OTTOWN|Syrta|H|7|[174.97,175.13,175.38,175.64,175.90,176.15,176.36,176.56,176.75,176.90,177.08,177.26,177.40,177.48,177.56,177.64,177.72,177.77,177.82,177.86,177.92,177.95,177.98,178.00,178.00,177.99,177.99,177.98,177.98,177.98,177.98,177.96,177.93,177.91,177.88,177.85,177.83,177.81,177.79,177.77,177.78,177.78,177.80,177.83,177.84]
OTTOWN|Syrta|H|8|[174.89,175.06,175.32,175.58,175.84,176.05,176.25,176.45,176.65,176.83,177.01,177.19,177.33,177.41,177.50,177.58,177.64,177.68,177.73,177.77,177.80,177.83,177.86,177.88,177.87,177.86,177.85,177.85,177.84,177.84,177.84,177.82,177.79,177.77,177.74,177.72,177.70,177.68,177.67,177.67,177.68,177.68,177.69,177.70,177.71]
OTTOWN|Syrta|H|9|[174.83,175.03,175.28,175.54,175.75,175.95,176.16,176.36,176.56,176.74,176.92,177.10,177.24,177.32,177.41,177.49,177.55,177.59,177.64,177.69,177.72,177.75,177.77,177.77,177.76,177.75,177.73,177.71,177.71,177.71,177.70,177.68,177.65,177.63,177.62,177.61,177.59,177.57,177.58,177.59,177.59,177.60,177.61,177.62,177.63]
OTTOWN|Syrta|H|10|[174.80,174.99,175.25,175.46,175.66,175.86,176.07,176.27,176.47,176.65,176.83,177.01,177.15,177.23,177.32,177.40,177.46,177.50,177.56,177.61,177.64,177.66,177.66,177.66,177.65,177.63,177.60,177.58,177.58,177.57,177.56,177.54,177.52,177.51,177.51,177.50,177.48,177.49,177.50,177.50,177.51,177.52,177.52,177.53,177.54]
OTTOWN|Syrta|H|11|[174.76,174.96,175.17,175.37,175.57,175.77,175.98,176.18,176.39,176.57,176.74,176.92,177.06,177.14,177.22,177.31,177.36,177.42,177.48,177.53,177.56,177.55,177.55,177.55,177.53,177.50,177.47,177.45,177.44,177.43,177.42,177.40,177.40,177.40,177.40,177.39,177.39,177.40,177.41,177.42,177.42,177.43,177.44,177.44,177.44]
OTTOWN|Syrta|H|12|[174.71,174.86,175.07,175.27,175.47,175.68,175.89,176.09,176.29,176.47,176.65,176.83,176.96,177.04,177.13,177.21,177.28,177.34,177.39,177.44,177.44,177.44,177.44,177.43,177.40,177.37,177.33,177.32,177.31,177.30,177.30,177.30,177.30,177.30,177.30,177.30,177.31,177.32,177.33,177.34,177.34,177.35,177.36,177.35,177.34]
OTTOWN|Syrta|H|13|[174.57,174.72,174.93,175.13,175.36,175.57,175.77,175.97,176.16,176.34,176.52,176.69,176.82,176.91,176.99,177.10,177.18,177.23,177.29,177.32,177.32,177.32,177.32,177.30,177.27,177.24,177.23,177.23,177.23,177.22,177.22,177.22,177.22,177.22,177.22,177.23,177.24,177.24,177.25,177.26,177.27,177.28,177.29,177.29,177.28]
OTTOWN|Syrta|H|14|[174.43,174.59,174.79,175.02,175.25,175.46,175.66,175.85,176.03,176.21,176.39,176.56,176.69,176.77,176.88,177.00,177.08,177.13,177.16,177.20,177.20,177.20,177.19,177.18,177.15,177.14,177.15,177.15,177.14,177.14,177.15,177.15,177.15,177.15,177.15,177.15,177.16,177.17,177.18,177.19,177.20,177.22,177.23,177.22,177.22]
OTTOWN|Syrta|H|15|[174.29,174.45,174.68,174.91,175.14,175.34,175.53,175.72,175.91,176.08,176.25,176.42,176.55,176.67,176.78,176.90,176.97,177.01,177.04,177.08,177.08,177.07,177.06,177.05,177.05,177.06,177.06,177.06,177.07,177.07,177.07,177.07,177.07,177.07,177.07,177.08,177.09,177.10,177.10,177.12,177.14,177.16,177.16,177.16,177.16]
OTTOWN|Syrta|H|16|[174.14,174.31,174.54,174.77,175.01,175.21,175.40,175.59,175.78,175.96,176.13,176.30,176.43,176.55,176.67,176.78,176.84,176.87,176.91,176.95,176.95,176.94,176.94,176.94,176.95,176.96,176.97,176.98,176.98,176.99,176.99,176.99,176.99,176.99,177.00,177.01,177.02,177.03,177.04,177.06,177.08,177.10,177.10,177.10,177.10]
OTTOWN|Syrta|H|17|[173.97,174.14,174.37,174.61,174.88,175.07,175.26,175.47,175.68,175.85,176.02,176.17,176.30,176.42,176.53,176.64,176.69,176.73,176.77,176.82,176.82,176.81,176.82,176.84,176.85,176.85,176.87,176.89,176.89,176.89,176.90,176.91,176.91,176.92,176.95,176.96,176.96,176.98,176.99,177.01,177.03,177.04,177.04,177.04,177.04]
OTTOWN|Syrta|H|18|[173.79,173.96,174.21,174.47,174.74,174.94,175.14,175.36,175.57,175.74,175.89,176.03,176.17,176.28,176.39,176.49,176.55,176.59,176.64,176.69,176.69,176.70,176.71,176.73,176.74,176.76,176.78,176.79,176.80,176.81,176.82,176.82,176.83,176.86,176.89,176.90,176.91,176.93,176.94,176.96,176.97,176.98,176.98,176.98,176.98]
OTTOWN|Syrta|H|19|[173.62,173.81,174.07,174.34,174.61,174.82,175.04,175.26,175.47,175.61,175.76,175.90,176.03,176.13,176.24,176.34,176.41,176.46,176.51,176.56,176.57,176.59,176.61,176.62,176.64,176.67,176.69,176.70,176.71,176.72,176.73,176.75,176.78,176.81,176.84,176.85,176.86,176.87,176.89,176.90,176.91,176.91,176.92,176.92,176.92]
OTTOWN|Syrta|H|20|[173.48,173.67,173.94,174.21,174.45,174.67,174.89,175.11,175.33,175.47,175.62,175.77,175.93,176.04,176.14,176.24,176.31,176.36,176.41,176.44,176.46,176.48,176.50,176.52,176.54,176.56,176.59,176.62,176.63,176.64,176.66,176.69,176.72,176.74,176.77,176.78,176.79,176.81,176.80,176.81,176.82,176.82,176.81,176.81,176.81]
OTTOWN|Syrta|H|21|[173.35,173.54,173.81,174.05,174.28,174.50,174.72,174.96,175.18,175.33,175.48,175.69,175.86,175.96,176.06,176.16,176.23,176.28,176.31,176.33,176.35,176.37,176.39,176.41,176.43,176.46,176.50,176.53,176.55,176.56,176.59,176.62,176.65,176.67,176.69,176.70,176.72,176.70,176.70,176.70,176.71,176.68,176.67,176.67,176.66]
OTTOWN|Syrta|H|22|[173.22,173.41,173.66,173.88,174.11,174.33,174.57,174.82,175.04,175.19,175.41,175.62,175.78,175.89,175.98,176.08,176.14,176.18,176.20,176.22,176.24,176.26,176.29,176.31,176.33,176.38,176.42,176.45,176.47,176.50,176.53,176.56,176.58,176.59,176.61,176.62,176.61,176.60,176.59,176.60,176.57,176.54,176.53,176.52,176.50]
OTTOWN|Syrta|H|23|[173.09,173.26,173.49,173.72,173.95,174.19,174.43,174.67,174.90,175.12,175.33,175.54,175.71,175.80,175.90,175.99,176.04,176.07,176.09,176.12,176.14,176.16,176.18,176.20,176.25,176.29,176.34,176.38,176.41,176.44,176.46,176.49,176.50,176.52,176.53,176.52,176.51,176.50,176.48,176.46,176.43,176.40,176.38,176.36,176.34]
OTTOWN|Syrta|H|24|[172.91,173.08,173.31,173.54,173.70,173.94,174.18,174.46,174.91,175.13,175.34,175.52,175.64,175.74,175.83,175.91,175.94,175.97,175.99,176.07,176.09,176.11,176.14,176.23,176.27,176.32,176.37,176.43,176.46,176.49,176.50,176.51,176.52,176.54,176.54,176.53,176.52,176.50,176.50,176.47,176.44,176.41,176.38,176.36,176.34]
OTTOWN|Syrta|H|25|[172.74,172.91,173.14,173.30,173.45,173.69,173.97,174.47,174.93,175.14,175.32,175.46,175.57,175.67,175.74,175.80,175.84,175.86,175.94,176.03,176.05,176.08,176.18,176.26,176.31,176.36,176.43,176.49,176.52,176.53,176.52,176.53,176.55,176.55,176.56,176.54,176.53,176.53,176.52,176.49,176.46,176.42,176.39,176.37,176.30]
OTTOWN|Syrta|H|26|[172.56,172.74,172.90,173.05,173.20,173.47,173.98,174.49,174.94,175.12,175.26,175.39,175.51,175.58,175.64,175.70,175.74,175.82,175.90,175.99,176.02,176.11,176.21,176.29,176.35,176.42,176.49,176.55,176.55,176.55,176.55,176.56,176.56,176.57,176.57,176.56,176.56,176.55,176.55,176.51,176.47,176.43,176.40,176.33,176.21]
OTTOWN|Syrta|H|27|[172.42,172.54,172.69,172.84,172.99,173.47,173.98,174.49,174.92,175.05,175.18,175.32,175.42,175.48,175.54,175.60,175.68,175.76,175.85,175.94,176.04,176.13,176.23,176.33,176.40,176.47,176.54,176.58,176.58,176.57,176.57,176.57,176.58,176.58,176.58,176.58,176.57,176.57,176.56,176.52,176.48,176.44,176.38,176.27,176.15]
OTTOWN|Syrta|H|28|[172.40,172.52,172.67,172.82,172.93,173.41,173.92,174.41,174.82,174.95,175.08,175.21,175.31,175.37,175.43,175.49,175.56,175.65,175.74,175.91,176.01,176.10,176.21,176.34,176.41,176.49,176.55,176.58,176.58,176.57,176.57,176.58,176.58,176.58,176.58,176.58,176.57,176.57,176.57,176.53,176.49,176.47,176.41,176.30,176.19]
OTTOWN|Syrta|H|29|[172.38,172.50,172.65,172.76,172.86,173.34,173.84,174.31,174.72,174.85,174.98,175.10,175.20,175.26,175.32,175.37,175.45,175.54,175.71,175.88,175.98,176.09,176.23,176.36,176.43,176.49,176.55,176.58,176.58,176.58,176.58,176.58,176.58,176.58,176.58,176.58,176.58,176.58,176.57,176.53,176.51,176.50,176.45,176.33,176.23]
OTTOWN|Syrta|H|30|[172.36,172.48,172.59,172.69,172.80,173.27,173.74,174.21,174.62,174.75,174.87,174.99,175.09,175.14,175.20,175.26,175.34,175.51,175.68,175.85,175.96,176.10,176.25,176.37,176.44,176.49,176.55,176.58,176.58,176.58,176.58,176.58,176.58,176.58,176.58,176.58,176.58,176.58,176.57,176.55,176.54,176.54,176.48,176.37,176.27]
OTTOWN|Syrta|H|31|[172.35,172.46,172.57,172.67,172.77,173.21,173.69,174.16,174.47,174.60,174.72,174.84,174.92,174.98,175.03,175.10,175.25,175.42,175.59,175.77,175.92,176.06,176.20,176.37,176.43,176.48,176.54,176.58,176.58,176.58,176.58,176.58,176.58,176.58,176.58,176.58,176.58,176.58,176.58,176.57,176.56,176.56,176.50,176.39,176.28]
OTTOWN|Syrta|H|32|[172.38,172.49,172.60,172.69,172.77,173.22,173.69,174.03,174.27,174.39,174.52,174.61,174.69,174.74,174.81,174.94,175.09,175.26,175.45,175.65,175.80,175.94,176.14,176.35,176.41,176.47,176.55,176.60,176.60,176.60,176.60,176.60,176.60,176.59,176.59,176.59,176.59,176.59,176.58,176.57,176.57,176.54,176.48,176.37,176.27]
OTTOWN|Syrta|H|33|[172.42,172.53,172.62,172.70,172.77,173.22,173.56,173.83,174.07,174.19,174.29,174.38,174.45,174.52,174.65,174.78,174.93,175.12,175.32,175.53,175.67,175.88,176.13,176.33,176.39,176.47,176.56,176.61,176.61,176.61,176.61,176.61,176.60,176.60,176.59,176.59,176.59,176.59,176.59,176.58,176.55,176.53,176.46,176.36,176.26]
OTTOWN|Syrta|H|34|[172.45,172.55,172.63,172.70,172.77,173.09,173.36,173.63,173.87,173.96,174.05,174.14,174.23,174.36,174.49,174.62,174.79,174.99,175.20,175.41,175.62,175.86,176.11,176.32,176.40,176.48,176.57,176.62,176.62,176.62,176.62,176.61,176.61,176.60,176.60,176.60,176.59,176.59,176.59,176.56,176.54,176.51,176.45,176.35,176.25]
OTTOWN|Syrta|H|35|[172.49,172.56,172.63,172.71,172.77,173.03,173.29,173.56,173.67,173.76,173.85,173.94,174.03,174.16,174.29,174.39,174.54,174.74,174.95,175.15,175.39,175.63,175.88,176.28,176.37,176.46,176.55,176.63,176.63,176.63,176.63,176.63,176.62,176.62,176.63,176.63,176.63,176.62,176.57,176.54,176.52,176.49,176.43,176.33,176.23]
OTTOWN|Syrta|H|36|[172.50,172.57,172.64,172.71,172.77,173.02,173.29,173.40,173.49,173.58,173.67,173.73,173.82,173.95,174.05,174.08,174.23,174.44,174.63,174.83,175.07,175.31,175.80,176.24,176.32,176.42,176.57,176.65,176.65,176.65,176.65,176.65,176.64,176.65,176.68,176.67,176.67,176.61,176.54,176.52,176.49,176.47,176.41,176.31,176.24]
OTTOWN|Syrta|H|37|[172.51,172.58,172.64,172.70,172.76,173.02,173.13,173.22,173.31,173.40,173.46,173.52,173.61,173.70,173.74,173.77,173.93,174.12,174.31,174.51,174.75,175.24,175.76,176.19,176.29,176.44,176.59,176.67,176.67,176.67,176.67,176.67,176.68,176.70,176.72,176.72,176.66,176.58,176.52,176.49,176.47,176.45,176.39,176.31,176.28]
OTTOWN|Syrta|H|38|[172.52,172.58,172.64,172.70,172.76,172.86,172.95,173.04,173.12,173.19,173.25,173.31,173.36,173.40,173.43,173.47,173.61,173.80,174.00,174.19,174.67,175.19,175.71,176.16,176.31,176.46,176.60,176.69,176.69,176.69,176.69,176.70,176.72,176.74,176.77,176.70,176.63,176.56,176.50,176.47,176.45,176.42,176.39,176.35,176.32]
OTTOWN|Syrta|H|39|[172.53,172.59,172.65,172.71,172.75,172.84,172.93,173.01,173.04,173.11,173.17,173.21,173.24,173.27,173.31,173.37,173.53,173.72,173.91,173.97,174.46,174.98,175.48,175.79,175.94,176.09,176.34,176.58,176.58,176.58,176.63,176.66,176.68,176.70,176.73,176.66,176.59,176.52,176.49,176.46,176.44,176.42,176.39,176.36,176.32]
OTTOWN|Syrta|H|40|[172.54,172.60,172.65,172.70,172.75,172.84,172.92,172.94,172.97,173.03,173.08,173.10,173.13,173.16,173.22,173.30,173.46,173.65,173.71,173.76,174.25,174.75,175.09,175.40,175.55,175.80,176.23,176.47,176.47,176.51,176.58,176.62,176.64,176.66,176.68,176.61,176.55,176.51,176.48,176.46,176.43,176.42,176.39,176.36,176.32]
OTTOWN|Syrta|H|41|[172.54,172.60,172.65,172.70,172.75,172.83,172.85,172.87,172.90,172.95,172.97,172.99,173.02,173.08,173.15,173.23,173.39,173.45,173.50,173.54,174.01,174.36,174.70,175.01,175.27,175.69,176.11,176.35,176.40,176.47,176.54,176.57,176.59,176.61,176.64,176.57,176.54,176.50,176.47,176.45,176.43,176.42,176.39,176.36,176.32]
OTTOWN|Syrta|H|42|[172.54,172.60,172.65,172.70,172.75,172.77,172.79,172.81,172.82,172.84,172.86,172.88,172.92,173.00,173.08,173.16,173.20,173.24,173.29,173.33,173.66,174.00,174.35,174.68,175.10,175.53,175.95,176.21,176.28,176.35,176.42,176.49,176.51,176.53,176.56,176.53,176.50,176.46,176.44,176.42,176.41,176.39,176.39,176.35,176.31]
OTTOWN|Syrta|H|43|[172.53,172.61,172.66,172.71,172.73,172.75,172.77,172.77,172.75,172.77,172.79,172.79,172.82,172.90,172.97,172.99,173.03,173.07,173.12,173.14,173.47,173.81,174.09,174.31,174.73,175.16,175.56,175.82,175.89,175.96,176.16,176.24,176.26,176.29,176.36,176.34,176.30,176.28,176.28,176.27,176.25,176.32,176.36,176.32,176.29]
OTTOWN|Syrta|H|44|[172.54,172.62,172.67,172.69,172.71,172.73,172.73,172.70,172.68,172.70,172.70,172.69,172.72,172.79,172.81,172.82,172.86,172.90,172.92,172.95,173.27,173.55,173.72,173.94,174.36,174.77,175.17,175.42,175.49,175.69,175.91,176.00,176.03,176.10,176.17,176.14,176.12,176.13,176.13,176.11,176.18,176.29,176.34,176.30,176.27]
OTTOWN|Syrta|END
OTTOWN|Galati|HEAD|i_House_Big_02_V1_F|Land_i_House_Big_02_V2_F|[10230.205,19023.062,117.814]|60.00|false|22|1|2
OTTOWN|Galati|BOX|[-5.33,-12.09,5.33,12.09,-6.09,6.09]
OTTOWN|Galati|DOOR|main|[10222.54,19024.00,118.20]|330.0|3.50
OTTOWN|Galati|DOOR|side|[10234.84,19025.63,118.20]|60.0|1.25
OTTOWN|Galati|BPOS|[[10227.04,19017.15,118.23],[10227.36,19021.31,118.24],[10225.37,19020.92,121.68],[10237.30,19023.37,121.68],[10235.69,19022.45,118.24],[10234.82,19020.83,121.68],[10234.23,19025.15,121.68],[10231.73,19024.72,121.68],[10232.06,19022.89,118.24]]
OTTOWN|Galati|OBJ|building|Land_u_House_Small_02_V1_F|[10235.84,19011.22,117.29]|240.6|[-8.20,-4.64,8.20,4.64,-4.71,4.71]
OTTOWN|Galati|OBJ|building|Land_i_Garage_V1_F|[10227.56,19030.79,118.29]|150.3|[-9.00,-3.69,9.00,3.69,-3.37,3.37]
OTTOWN|Galati|OBJ|building|Land_i_Stone_Shed_V1_F|[10267.26,19036.94,121.02]|261.3|[-4.53,-4.96,4.53,4.96,-3.80,3.80]
OTTOWN|Galati|OBJ|building|Land_u_House_Small_01_V1_F|[10255.73,19058.86,124.43]|354.6|[-5.60,-7.64,5.60,7.64,-4.94,4.94]
OTTOWN|Galati|OBJ|building|Land_u_Addon_02_V1_F|[10245.97,19057.25,122.65]|84.9|[-4.57,-4.94,4.57,4.94,-3.72,3.72]
OTTOWN|Galati|OBJ|wall|stone_8m_f.p3d|[10265.24,19019.32,117.47]|261.7|[-4.26,-0.35,4.26,0.35,-1.30,1.30]
OTTOWN|Galati|OBJ|wall|stone_8m_f.p3d|[10269.53,19014.78,116.91]|8.1|[-4.26,-0.35,4.26,0.35,-1.30,1.30]
OTTOWN|Galati|OBJ|wall|stone_pillar_f.p3d|[10273.11,19014.18,116.88]|98.0|[-0.45,-0.44,0.45,0.44,-1.79,1.79]
OTTOWN|Galati|OBJ|wall|stone_pillar_f.p3d|[10265.83,19015.27,116.91]|357.9|[-0.45,-0.44,0.45,0.44,-1.79,1.79]
OTTOWN|Galati|OBJ|wall|stone_8m_f.p3d|[10261.80,19044.35,121.67]|264.1|[-4.26,-0.35,4.26,0.35,-1.30,1.30]
OTTOWN|Galati|OBJ|wall|stone_8m_f.p3d|[10264.10,19027.20,118.51]|261.7|[-4.26,-0.35,4.26,0.35,-1.30,1.30]
OTTOWN|Galati|OBJ|wall|stone_8m_f.p3d|[10271.39,19040.50,121.29]|357.2|[-4.26,-0.35,4.26,0.35,-1.30,1.30]
OTTOWN|Galati|OBJ|wall|stone_pillar_f.p3d|[10263.40,19031.51,119.07]|351.5|[-0.45,-0.44,0.45,0.44,-1.79,1.79]
OTTOWN|Galati|OBJ|wall|stone_pillar_f.p3d|[10262.27,19040.06,120.73]|357.9|[-0.45,-0.44,0.45,0.44,-1.79,1.79]
OTTOWN|Galati|OBJ|wall|stone_8m_f.p3d|[10261.05,19052.19,123.09]|265.0|[-4.26,-0.35,4.26,0.35,-1.30,1.30]
OTTOWN|Galati|OBJ|tree|t_fraxinusav2s_f.p3d|[10213.95,18986.15,108.84]|23.3|[-13.54,-13.39,13.54,13.39,-13.22,13.22]
OTTOWN|Galati|OBJ|tree|t_ficusb2s_f.p3d|[10222.62,19038.57,118.14]|26.7|[-8.66,-8.23,8.66,8.23,-5.99,5.99]
OTTOWN|Galati|OBJ|tree|t_fraxinusav2s_f.p3d|[10272.25,19028.10,118.68]|275.0|[-13.54,-13.39,13.54,13.39,-13.22,13.22]
OTTOWN|Galati|OBJ|tree|t_oleae2s_f.p3d|[10265.16,19044.00,122.06]|207.5|[-7.19,-6.88,7.19,6.88,-7.90,7.90]
OTTOWN|Galati|H|0|[119.43,119.00,118.37,117.71,117.07,116.41,115.58,114.79,114.29,113.73,113.06,112.19,110.95,110.11,109.50,109.01,108.58,108.39,108.22,108.17,108.13,108.03,107.94,107.94,108.15,108.69,109.09,109.23,109.24,109.18,109.29,109.50,109.83,110.18,110.46,110.73,110.96,111.20,111.48,111.86,112.40,113.01,113.72,114.33,114.87]
OTTOWN|Galati|H|1|[119.05,118.42,117.76,117.10,116.44,115.61,114.78,113.99,113.43,112.77,112.10,111.23,110.39,109.79,109.18,108.69,108.49,108.32,108.15,108.09,108.00,107.90,107.81,108.02,108.57,109.11,109.52,109.53,109.47,109.41,109.52,109.84,110.19,110.53,110.81,111.05,111.29,111.53,111.90,112.45,112.99,113.60,114.20,114.74,115.29]
OTTOWN|Galati|H|2|[118.61,117.95,117.29,116.57,115.70,114.87,114.05,113.37,112.71,112.04,111.38,110.66,110.05,109.45,108.84,108.60,108.44,108.27,108.12,108.03,107.94,107.84,107.97,108.52,109.07,109.61,109.90,109.84,109.78,109.72,109.95,110.30,110.64,111.00,111.28,111.52,111.75,112.05,112.59,113.13,113.68,114.11,114.65,115.19,115.74]
OTTOWN|Galati|H|3|[118.49,117.83,117.11,115.99,115.12,114.29,113.65,113.26,112.60,111.94,111.09,110.27,109.66,109.06,108.78,108.59,108.42,108.27,108.24,108.16,108.06,108.19,108.68,109.22,109.77,110.21,110.43,110.37,110.31,110.39,110.64,110.98,111.35,111.84,112.11,112.35,112.62,112.97,113.51,114.06,114.36,114.65,115.19,115.73,115.94]
OTTOWN|Galati|H|4|[118.38,117.65,116.53,115.41,114.54,113.89,113.54,113.16,112.49,111.65,110.70,109.88,109.27,109.00,108.77,108.58,108.43,108.40,108.36,108.28,108.40,108.89,109.38,109.92,110.36,110.74,110.96,110.90,110.98,111.08,111.33,111.69,112.18,112.67,112.95,113.22,113.54,113.89,114.43,114.73,114.89,115.18,115.73,115.93,116.09]
OTTOWN|Galati|H|5|[118.20,117.07,115.95,114.83,114.14,113.79,113.44,113.05,112.21,111.26,110.31,109.49,109.22,108.99,108.76,108.58,108.55,108.52,108.49,108.62,109.11,109.59,110.08,110.52,110.89,111.27,111.49,111.57,111.67,111.77,112.04,112.53,113.02,113.51,113.82,114.14,114.47,114.81,115.11,115.27,115.43,115.72,115.93,116.09,116.25]
OTTOWN|Galati|H|6|[117.72,116.60,115.48,114.57,114.19,113.84,113.48,112.97,112.03,111.08,110.13,109.35,109.12,108.89,108.69,108.68,108.65,108.62,108.82,109.32,109.80,110.29,110.82,111.19,111.57,111.94,112.19,112.29,112.39,112.48,112.79,113.28,113.77,114.21,114.54,114.86,115.19,115.36,115.52,115.67,115.83,115.90,116.06,116.23,116.38]
OTTOWN|Galati|H|7|[117.35,116.23,115.32,114.76,114.37,114.02,113.55,112.98,112.03,111.08,109.98,109.17,108.94,108.75,108.77,108.77,108.74,108.94,109.52,110.02,110.50,111.05,111.62,112.00,112.37,112.70,112.94,113.04,113.13,113.16,113.47,113.96,114.40,114.75,115.08,115.41,115.57,115.65,115.80,115.96,115.97,116.02,116.18,116.34,116.43]
OTTOWN|Galati|H|8|[116.98,116.07,115.50,114.94,114.56,114.09,113.56,112.98,112.03,110.93,109.80,108.99,108.80,108.83,108.86,108.85,109.05,109.64,110.22,110.71,111.27,111.86,112.43,112.80,113.13,113.45,113.69,113.78,113.81,113.85,114.15,114.59,114.94,115.30,115.62,115.79,115.86,115.94,116.09,116.10,116.09,116.14,116.29,116.39,116.48]
OTTOWN|Galati|H|9|[116.82,116.25,115.69,115.12,114.62,114.09,113.56,112.98,111.88,110.75,109.63,108.85,108.88,108.91,108.94,109.17,109.75,110.33,110.91,111.48,112.07,112.66,113.23,113.56,113.88,114.20,114.43,114.46,114.50,114.53,114.78,115.14,115.49,115.84,116.01,116.08,116.15,116.22,116.23,116.22,116.21,116.25,116.35,116.44,116.53]
OTTOWN|Galati|H|10|[116.64,116.08,115.51,114.86,114.30,113.76,113.23,112.77,111.65,110.52,109.44,108.93,108.96,108.99,109.16,109.66,110.24,110.82,111.55,112.18,112.77,113.36,113.89,114.21,114.53,114.82,114.88,114.92,114.95,115.01,115.26,115.62,115.97,116.15,116.22,116.29,116.36,116.34,116.33,116.32,116.31,116.34,116.43,116.53,116.58]
OTTOWN|Galati|H|11|[116.37,115.80,115.15,114.43,113.87,113.34,112.97,112.53,111.41,110.32,109.53,109.02,109.05,109.21,109.59,110.09,110.68,111.40,112.22,112.84,113.43,113.99,114.52,114.84,115.13,115.21,115.27,115.30,115.36,115.47,115.73,116.08,116.26,116.35,116.42,116.49,116.47,116.44,116.43,116.42,116.41,116.44,116.53,116.58,116.57]
OTTOWN|Galati|H|12|[116.10,115.44,114.72,114.01,113.45,113.08,112.72,112.29,111.21,110.41,109.61,109.10,109.26,109.65,110.03,110.53,111.26,112.07,112.88,113.51,114.07,114.62,115.15,115.43,115.51,115.59,115.66,115.72,115.83,115.94,116.19,116.38,116.46,116.55,116.62,116.60,116.57,116.54,116.53,116.52,116.51,116.54,116.59,116.57,116.56]
OTTOWN|Galati|H|13|[115.72,115.01,114.30,113.58,113.19,112.83,112.48,112.06,111.26,110.46,109.66,109.31,109.69,110.08,110.46,111.11,111.93,112.74,113.55,114.14,114.69,115.24,115.73,115.81,115.89,115.97,116.07,116.18,116.28,116.39,116.49,116.57,116.66,116.74,116.73,116.69,116.66,116.63,116.62,116.62,116.61,116.59,116.58,116.56,116.55]
OTTOWN|Galati|H|14|[115.08,114.37,113.65,113.29,112.94,112.58,112.15,111.24,110.44,109.64,109.27,109.60,109.98,110.36,111.03,111.86,112.67,113.48,114.12,114.68,115.24,115.74,115.90,115.98,116.06,116.17,116.30,116.40,116.51,116.61,116.70,116.79,116.87,116.83,116.80,116.77,116.74,116.72,116.71,116.70,116.67,116.60,116.59,116.57,116.57]
OTTOWN|Galati|H|15|[114.44,113.72,113.36,113.03,112.68,112.25,111.33,110.42,109.62,109.24,109.55,109.88,110.27,110.94,111.78,112.60,113.41,114.05,114.67,115.23,115.73,115.91,116.07,116.15,116.25,116.39,116.52,116.63,116.73,116.83,116.91,117.00,116.96,116.91,116.87,116.84,116.83,116.81,116.80,116.76,116.67,116.61,116.59,116.60,116.61]
OTTOWN|Galati|H|16|[113.79,113.42,113.10,112.78,112.35,111.43,110.51,109.60,109.22,109.53,109.84,110.17,110.84,111.68,112.52,113.35,113.98,114.60,115.22,115.73,115.90,116.07,116.24,116.34,116.48,116.62,116.75,116.85,116.95,117.04,117.13,117.09,117.04,116.98,116.95,116.93,116.91,116.90,116.86,116.77,116.68,116.62,116.62,116.63,116.65]
OTTOWN|Galati|H|17|[113.41,113.08,112.76,112.45,111.63,110.71,109.78,109.23,109.54,109.85,110.15,110.69,111.53,112.37,113.21,113.91,114.53,115.14,115.75,115.97,116.14,116.32,116.46,116.60,116.74,116.88,116.96,117.05,117.14,117.24,117.24,117.19,117.13,117.08,117.07,117.05,117.03,116.97,116.89,116.80,116.71,116.70,116.72,116.73,116.74]
OTTOWN|Galati|H|18|[112.84,112.52,112.21,111.98,111.16,110.24,109.65,109.63,109.94,110.25,110.65,111.25,112.09,112.93,113.74,114.44,115.05,115.66,116.18,116.40,116.58,116.71,116.78,116.92,117.06,117.10,117.12,117.21,117.30,117.39,117.39,117.34,117.29,117.27,117.25,117.23,117.17,117.06,116.97,116.88,116.90,116.95,116.97,116.98,117.04]
OTTOWN|Galati|H|19|[112.28,111.97,111.74,111.51,110.69,110.10,110.05,110.03,110.34,110.75,111.21,111.81,112.65,113.46,114.27,114.97,115.57,116.09,116.61,116.84,116.97,117.03,117.11,117.25,117.28,117.26,117.28,117.37,117.46,117.54,117.54,117.49,117.47,117.45,117.43,117.37,117.25,117.14,117.05,117.07,117.15,117.20,117.21,117.28,117.35]
OTTOWN|Galati|H|20|[111.72,111.49,111.26,111.03,110.55,110.50,110.45,110.43,110.84,111.31,111.77,112.37,113.18,113.99,114.80,115.48,116.00,116.53,117.05,117.23,117.30,117.36,117.43,117.47,117.44,117.42,117.44,117.52,117.60,117.69,117.69,117.67,117.65,117.63,117.57,117.45,117.34,117.22,117.24,117.32,117.39,117.45,117.51,117.58,117.65]
OTTOWN|Galati|H|21|[111.57,111.34,111.12,110.94,110.88,110.83,110.78,110.84,111.31,111.77,112.24,112.72,113.53,114.34,115.16,115.83,116.36,116.88,117.34,117.44,117.51,117.57,117.60,117.57,117.55,117.53,117.60,117.68,117.76,117.84,117.86,117.84,117.82,117.78,117.67,117.55,117.43,117.45,117.53,117.60,117.68,117.71,117.78,117.85,117.92]
OTTOWN|Galati|H|22|[111.71,111.48,111.30,111.20,111.15,111.09,111.12,111.23,111.69,112.16,112.45,112.91,113.72,114.54,115.44,116.11,116.64,117.09,117.44,117.55,117.61,117.64,117.65,117.63,117.61,117.68,117.76,117.85,117.93,118.00,118.01,117.99,117.95,117.88,117.77,117.65,117.67,117.77,117.85,117.92,117.93,117.95,118.02,118.09,118.14]
OTTOWN|Galati|H|23|[111.85,111.67,111.57,111.47,111.41,111.44,111.51,111.62,112.08,112.37,112.64,113.10,113.92,114.82,115.72,116.39,116.85,117.20,117.55,117.65,117.69,117.70,117.71,117.69,117.76,117.84,117.93,118.01,118.08,118.15,118.17,118.13,118.06,117.98,117.87,117.89,117.99,118.09,118.17,118.17,118.17,118.19,118.26,118.31,118.37]
OTTOWN|Galati|H|24|[112.03,111.93,111.84,111.74,111.75,111.82,111.89,112.00,112.29,112.56,112.83,113.30,114.20,115.10,116.00,116.61,116.96,117.31,117.66,117.73,117.74,117.76,117.77,117.84,117.92,118.01,118.09,118.16,118.24,118.31,118.30,118.23,118.16,118.09,118.11,118.21,118.31,118.41,118.41,118.41,118.41,118.43,118.48,118.54,118.59]
OTTOWN|Galati|H|25|[112.55,112.45,112.36,112.33,112.40,112.47,112.53,112.59,112.86,113.13,113.37,113.75,114.66,115.56,116.25,116.61,116.96,117.31,117.73,117.81,117.82,117.83,117.91,118.00,118.08,118.17,118.28,118.36,118.43,118.48,118.44,118.36,118.29,118.32,118.42,118.51,118.61,118.70,118.70,118.70,118.70,118.75,118.81,118.86,118.93]
OTTOWN|Galati|H|26|[113.15,113.05,113.02,113.05,113.11,113.18,113.21,113.27,113.54,113.78,113.88,114.26,115.16,115.86,116.23,116.59,116.94,117.36,117.81,117.89,117.90,117.98,118.06,118.15,118.24,118.37,118.49,118.56,118.61,118.61,118.57,118.50,118.53,118.61,118.71,118.81,118.91,119.00,119.00,119.00,119.05,119.10,119.15,119.23,119.34]
OTTOWN|Galati|H|27|[113.74,113.71,113.74,113.76,113.82,113.86,113.89,113.94,114.19,114.29,114.39,114.77,115.47,115.84,116.21,116.57,116.99,117.44,117.89,117.97,118.05,118.13,118.22,118.31,118.44,118.58,118.69,118.74,118.74,118.75,118.71,118.74,118.83,118.91,119.01,119.11,119.21,119.30,119.30,119.35,119.40,119.45,119.53,119.64,119.75]
OTTOWN|Galati|H|28|[114.40,114.43,114.45,114.47,114.50,114.53,114.57,114.60,114.70,114.80,114.90,115.08,115.46,115.83,116.20,116.62,117.07,117.52,117.98,118.12,118.20,118.29,118.39,118.52,118.65,118.79,118.87,118.88,118.89,118.90,118.95,119.03,119.12,119.20,119.30,119.41,119.51,119.61,119.66,119.70,119.75,119.83,119.94,120.05,120.16]
OTTOWN|Galati|H|29|[115.06,115.08,115.10,115.22,115.26,115.29,115.31,115.26,115.36,115.46,115.44,115.43,115.81,116.18,116.42,116.75,117.21,117.66,118.17,118.32,118.41,118.52,118.79,118.93,119.06,119.15,119.17,119.18,119.19,119.14,119.16,119.25,119.33,119.45,119.56,119.66,119.78,120.04,120.08,120.13,120.22,120.35,120.46,120.58,120.62]
OTTOWN|Galati|H|30|[115.71,115.73,115.85,115.98,116.02,116.04,115.97,115.92,116.02,116.00,115.79,115.78,116.15,116.39,116.55,116.89,117.34,117.86,118.38,118.53,118.64,118.93,119.20,119.33,119.42,119.45,119.47,119.48,119.44,119.36,119.37,119.46,119.58,119.71,119.81,119.94,120.21,120.46,120.51,120.60,120.74,120.88,120.99,121.03,121.04]
OTTOWN|Galati|H|31|[116.36,116.48,116.61,116.73,116.77,116.70,116.63,116.58,116.56,116.35,116.14,116.13,116.37,116.53,116.69,117.03,117.54,118.06,118.59,118.76,119.05,119.33,119.60,119.70,119.73,119.75,119.78,119.73,119.65,119.57,119.59,119.71,119.83,119.96,120.09,120.36,120.64,120.89,120.97,121.12,121.27,121.40,121.45,121.46,121.46]
OTTOWN|Galati|H|32|[117.04,117.17,117.30,117.41,117.35,117.28,117.21,117.18,116.97,116.76,116.55,116.45,116.61,116.77,116.93,117.27,117.79,118.32,118.84,119.15,119.44,119.72,119.97,120.00,120.03,120.06,120.04,119.96,119.88,119.80,119.86,119.99,120.11,120.25,120.51,120.79,121.06,121.32,121.47,121.61,121.76,121.83,121.84,121.85,121.86]
OTTOWN|Galati|H|33|[117.55,117.68,117.79,117.80,117.74,117.67,117.67,117.75,117.54,117.33,117.08,116.97,117.13,117.29,117.32,117.65,118.17,118.69,119.19,119.51,119.80,120.07,120.29,120.32,120.35,120.36,120.34,120.26,120.18,120.14,120.21,120.34,120.47,120.68,120.94,121.22,121.49,121.73,121.88,122.03,122.12,122.16,122.16,122.17,122.25]
OTTOWN|Galati|H|34|[118.07,118.18,118.18,118.19,118.13,118.13,118.24,118.32,118.11,117.86,117.60,117.48,117.64,117.68,117.70,118.02,118.54,119.05,119.55,119.87,120.14,120.38,120.61,120.64,120.65,120.66,120.63,120.55,120.52,120.49,120.56,120.69,120.90,121.10,121.37,121.64,121.90,122.15,122.29,122.38,122.44,122.48,122.49,122.57,122.66]
OTTOWN|Galati|H|35|[118.56,118.57,118.57,118.58,118.59,118.70,118.81,118.89,118.65,118.38,118.11,118.00,118.03,118.05,118.08,118.40,118.90,119.40,119.91,120.21,120.46,120.70,120.92,120.94,120.94,120.95,120.92,120.89,120.87,120.84,120.91,121.12,121.32,121.53,121.79,122.05,122.31,122.56,122.65,122.71,122.76,122.80,122.88,122.97,123.06]
OTTOWN|Galati|H|36|[118.95,118.95,118.96,118.98,119.08,119.19,119.31,119.35,119.09,118.82,118.55,118.40,118.42,118.44,118.47,118.80,119.30,119.81,120.27,120.54,120.78,121.03,121.26,121.26,121.27,121.27,121.24,121.21,121.19,121.16,121.27,121.48,121.68,121.80,122.02,122.28,122.54,122.90,122.96,123.01,123.07,123.26,123.35,123.44,123.53]
OTTOWN|Galati|H|37|[119.33,119.34,119.36,119.41,119.51,119.62,119.70,119.73,119.47,119.20,118.95,118.80,118.83,118.85,118.91,119.24,119.74,120.20,120.60,120.87,121.11,121.37,121.61,121.62,121.62,121.58,121.54,121.51,121.48,121.45,121.56,121.77,121.89,121.87,122.08,122.35,122.75,123.20,123.25,123.31,123.56,123.78,123.87,123.96,124.06]
OTTOWN|Galati|H|38|[119.72,119.74,119.79,119.83,119.94,120.02,120.08,120.11,119.84,119.60,119.36,119.21,119.23,119.29,119.35,119.68,120.14,120.53,120.93,121.20,121.46,121.72,121.96,121.97,121.93,121.88,121.84,121.81,121.78,121.75,121.86,121.97,121.95,121.93,122.15,122.56,123.04,123.49,123.54,123.80,124.08,124.30,124.39,124.49,124.59]
OTTOWN|Galati|H|39|[120.12,120.16,120.21,120.26,120.33,120.40,120.46,120.49,120.24,120.00,119.76,119.61,119.67,119.73,119.79,120.08,120.47,120.87,121.26,121.54,121.81,122.07,122.31,122.27,122.22,122.18,122.13,122.10,122.07,122.04,122.06,122.04,122.02,122.00,122.36,122.85,123.34,123.78,124.04,124.32,124.60,124.82,124.92,125.02,125.12]
OTTOWN|Galati|H|40|[120.52,120.57,120.62,120.67,120.73,120.79,120.86,120.82,120.58,120.34,120.12,120.14,120.19,120.25,120.27,120.48,120.88,121.27,121.63,121.91,122.18,122.44,122.55,122.51,122.46,122.42,122.42,122.38,122.35,122.33,122.31,122.29,122.27,122.34,122.77,123.26,123.75,124.08,124.37,124.65,124.91,125.05,125.15,125.25,125.39]
OTTOWN|Galati|H|41|[120.92,120.96,121.02,121.07,121.13,121.20,121.18,121.14,120.89,120.68,120.67,120.68,120.74,120.75,120.70,120.91,121.31,121.67,122.01,122.29,122.55,122.68,122.77,122.72,122.68,122.70,122.69,122.66,122.64,122.63,122.61,122.59,122.66,122.78,123.21,123.70,124.04,124.36,124.64,124.91,125.06,125.19,125.29,125.43,125.64]
OTTOWN|Galati|H|42|[121.31,121.37,121.42,121.47,121.53,121.52,121.50,121.45,121.24,121.23,121.21,121.22,121.24,121.18,121.13,121.34,121.70,122.04,122.39,122.66,122.79,122.90,122.99,122.95,122.96,122.97,122.97,122.95,122.94,122.92,122.91,122.98,123.10,123.22,123.66,124.00,124.32,124.63,124.90,125.05,125.20,125.34,125.48,125.68,125.88]
OTTOWN|Galati|H|43|[121.71,121.76,121.82,121.87,121.85,121.83,121.81,121.78,121.77,121.76,121.74,121.72,121.66,121.61,121.55,121.74,122.08,122.42,122.76,122.90,123.01,123.11,123.21,123.22,123.24,123.25,123.25,123.24,123.23,123.22,123.30,123.42,123.54,123.66,123.95,124.27,124.59,124.89,125.04,125.20,125.35,125.52,125.72,125.92,126.12]
OTTOWN|Galati|H|44|[121.92,121.97,122.03,122.02,122.00,121.97,121.94,121.90,121.89,121.88,121.92,121.99,121.93,121.87,121.95,122.22,122.56,122.90,123.09,123.21,123.31,123.41,123.44,123.45,123.47,123.49,123.50,123.49,123.48,123.54,123.65,123.78,123.90,124.02,124.31,124.63,124.93,125.07,125.22,125.38,125.52,125.67,125.87,126.07,126.25]
OTTOWN|Galati|END
OTTOWN|Koroni|HEAD|i_Stone_HouseBig_V1_F|Land_i_Stone_HouseBig_V1_F|[11791.406,18367.969,51.233]|136.00|true|23|1|2
OTTOWN|Koroni|BOX|[-6.78,-6.16,6.78,6.16,-5.84,5.84]
OTTOWN|Koroni|DOOR|main|[11787.86,18367.32,51.68]|316.0|1.00
OTTOWN|Koroni|BPOS|[[11793.32,18366.63,51.74],[11795.33,18364.77,51.72],[11791.79,18361.72,54.52],[11789.25,18366.96,54.57],[11794.25,18366.32,54.57],[11789.84,18364.13,51.73]]
OTTOWN|Koroni|OBJ|building|Land_i_Stone_Shed_V2_F|[11797.07,18337.21,51.46]|216.0|[-4.53,-4.96,4.53,4.96,-3.80,3.80]
OTTOWN|Koroni|OBJ|building|Land_Stone_HouseBig_V1_ruins_F|[11799.39,18412.00,53.08]|157.6|[-7.99,-7.72,7.99,7.72,-3.33,3.33]
OTTOWN|Koroni|OBJ|building|Land_d_Stone_Shed_V1_F|[11803.61,18403.90,52.52]|248.1|[-7.55,-6.39,7.55,6.39,-3.98,3.98]
OTTOWN|Koroni|OBJ|wall|wired_fence_8m_f.p3d|[11759.28,18341.25,53.23]|29.0|[-4.10,-0.08,4.10,0.08,-0.89,0.89]
OTTOWN|Koroni|OBJ|wall|wired_fence_8m_f.p3d|[11772.45,18352.93,52.59]|123.8|[-4.10,-0.08,4.10,0.08,-0.89,0.89]
OTTOWN|Koroni|OBJ|wall|wired_fence_8m_f.p3d|[11777.07,18359.95,52.37]|123.8|[-4.10,-0.08,4.10,0.08,-0.89,0.89]
OTTOWN|Koroni|OBJ|wall|wired_fence_8m_f.p3d|[11765.20,18342.38,52.89]|123.8|[-4.10,-0.08,4.10,0.08,-0.89,0.89]
OTTOWN|Koroni|OBJ|wall|wired_fence_4m_f.p3d|[11818.31,18332.15,49.50]|316.5|[-2.03,-0.12,2.03,0.12,-0.89,0.89]
OTTOWN|Koroni|OBJ|wall|wired_fence_8m_f.p3d|[11774.09,18378.14,52.93]|214.6|[-4.10,-0.08,4.10,0.08,-0.89,0.89]
OTTOWN|Koroni|OBJ|wall|wired_fence_8m_f.p3d|[11760.39,18387.77,54.33]|216.8|[-4.10,-0.08,4.10,0.08,-0.89,0.89]
OTTOWN|Koroni|OBJ|wall|wired_fence_8m_f.p3d|[11780.61,18373.18,52.29]|219.2|[-4.10,-0.08,4.10,0.08,-0.89,0.89]
OTTOWN|Koroni|OBJ|wall|wired_fence_8m_f.p3d|[11781.78,18367.03,52.10]|124.3|[-4.10,-0.08,4.10,0.08,-0.89,0.89]
OTTOWN|Koroni|OBJ|wall|wired_fence_4m_f.p3d|[11768.94,18381.62,53.40]|31.5|[-2.03,-0.12,2.03,0.12,-0.89,0.89]
OTTOWN|Koroni|OBJ|wall|wired_fence_4m_f.p3d|[11833.63,18367.02,50.21]|55.1|[-2.03,-0.12,2.03,0.12,-0.89,0.89]
OTTOWN|Koroni|OBJ|wall|wired_fence_4m_f.p3d|[11835.45,18373.94,50.45]|314.0|[-2.03,-0.12,2.03,0.12,-0.89,0.89]
OTTOWN|Koroni|OBJ|wall|wired_fence_8m_f.p3d|[11753.32,18391.76,54.97]|202.3|[-4.10,-0.08,4.10,0.08,-0.89,0.89]
OTTOWN|Koroni|OBJ|tree|t_oleae2s_f.p3d|[11780.39,18324.55,52.47]|35.5|[-7.19,-6.88,7.19,6.88,-7.90,7.90]
OTTOWN|Koroni|ROAD|TRACK|10.0|[11767.84,18338.96,52.85]|[11780.40,18355.04,52.35]
OTTOWN|Koroni|ROAD|TRACK|10.0|[11780.40,18355.04,52.35]|[11791.66,18366.73,51.75]
OTTOWN|Koroni|ROAD|TRACK|10.0|[11791.66,18366.73,51.75]|[11813.31,18377.54,50.98]
OTTOWN|Koroni|H|0|[53.93,53.82,53.73,53.66,53.57,53.48,53.38,53.28,53.20,53.12,53.11,52.99,52.86,52.73,52.68,52.55,52.42,52.31,52.19,52.01,51.82,51.61,51.41,51.22,51.04,50.85,50.68,50.51,50.34,50.18,50.03,49.87,49.72,49.56,49.41,49.25,49.10,48.95,48.80,48.64,48.49,48.33,48.18,48.03,47.87]
OTTOWN|Koroni|H|1|[53.81,53.72,53.66,53.59,53.50,53.40,53.26,53.17,53.09,53.08,53.10,52.98,52.85,52.82,52.77,52.65,52.53,52.46,52.34,52.16,51.94,51.70,51.49,51.31,51.12,50.93,50.76,50.59,50.43,50.27,50.11,49.96,49.79,49.64,49.48,49.33,49.18,49.02,48.87,48.71,48.55,48.40,48.25,48.08,47.92]
OTTOWN|Koroni|H|2|[53.71,53.65,53.59,53.52,53.41,53.28,53.15,53.06,53.05,53.07,53.10,52.97,52.94,52.91,52.87,52.75,52.68,52.61,52.49,52.28,52.03,51.78,51.57,51.39,51.20,51.01,50.84,50.68,50.51,50.35,50.20,50.03,49.87,49.71,49.56,49.40,49.25,49.10,48.94,48.78,48.62,48.47,48.30,48.13,47.97]
OTTOWN|Koroni|H|3|[53.64,53.58,53.52,53.43,53.30,53.17,53.04,53.02,53.04,53.07,53.09,53.06,53.04,53.01,52.97,52.90,52.83,52.76,52.61,52.36,52.11,51.86,51.66,51.47,51.28,51.09,50.92,50.76,50.60,50.44,50.27,50.11,49.95,49.79,49.63,49.48,49.32,49.17,49.01,48.85,48.69,48.52,48.35,48.18,48.02]
OTTOWN|Koroni|H|4|[53.78,53.72,53.57,53.37,53.24,53.11,53.03,53.03,53.05,53.08,53.02,52.99,52.97,52.94,52.92,52.85,52.78,52.69,52.53,52.28,52.03,51.80,51.61,51.42,51.23,51.18,51.02,50.86,50.69,50.52,50.36,50.20,50.03,49.87,49.72,49.56,49.41,49.25,49.09,48.93,48.77,48.61,48.44,48.27,48.12]
OTTOWN|Koroni|H|5|[53.91,53.77,53.51,53.30,53.17,53.09,53.04,53.04,53.06,53.01,52.95,52.92,52.90,52.89,52.86,52.79,52.71,52.61,52.44,52.20,51.97,51.75,51.56,51.37,51.32,51.28,51.12,50.96,50.78,50.61,50.44,50.28,50.11,49.95,49.80,49.64,49.49,49.33,49.17,49.02,48.86,48.69,48.53,48.37,48.22]
OTTOWN|Koroni|H|6|[53.96,53.70,53.44,53.24,53.16,53.10,53.05,53.05,53.00,52.94,52.88,52.85,52.84,52.83,52.81,52.72,52.63,52.53,52.36,52.13,51.92,51.70,51.51,51.46,51.42,51.38,51.22,51.04,50.86,50.69,50.53,50.36,50.20,50.04,49.88,49.73,49.57,49.41,49.26,49.10,48.95,48.78,48.63,48.47,48.32]
OTTOWN|Koroni|H|7|[53.95,53.69,53.43,53.27,53.21,53.16,53.10,53.00,52.94,52.88,52.82,52.81,52.80,52.79,52.75,52.66,52.56,52.46,52.32,52.10,51.89,51.67,51.58,51.54,51.50,51.46,51.29,51.11,50.94,50.78,50.61,50.45,50.28,50.12,49.97,49.81,49.66,49.50,49.35,49.19,49.04,48.88,48.73,48.57,48.42]
OTTOWN|Koroni|H|8|[54.09,53.83,53.60,53.45,53.40,53.34,53.12,53.02,52.96,52.89,52.82,52.80,52.79,52.77,52.73,52.63,52.53,52.47,52.35,52.13,51.92,51.70,51.61,51.57,51.53,51.49,51.32,51.15,50.99,50.86,50.70,50.53,50.37,50.21,50.05,49.90,49.75,49.59,49.44,49.28,49.14,48.98,48.82,48.67,48.53]
OTTOWN|Koroni|H|9|[54.23,54.00,53.78,53.64,53.58,53.36,53.14,53.03,52.97,52.89,52.81,52.80,52.78,52.75,52.71,52.61,52.55,52.50,52.38,52.16,51.95,51.73,51.64,51.60,51.56,51.52,51.35,51.20,51.08,50.95,50.78,50.62,50.45,50.29,50.14,49.99,49.84,49.68,49.53,49.38,49.23,49.07,48.92,48.78,48.64]
OTTOWN|Koroni|H|10|[54.40,54.18,53.96,53.82,53.60,53.38,53.15,53.04,52.96,52.88,52.81,52.78,52.76,52.73,52.68,52.62,52.58,52.53,52.41,52.19,51.98,51.77,51.68,51.64,51.60,51.56,51.41,51.29,51.16,51.03,50.87,50.70,50.54,50.38,50.23,50.08,49.93,49.78,49.63,49.48,49.33,49.18,49.03,48.89,48.75]
OTTOWN|Koroni|H|11|[54.49,54.27,54.06,53.76,53.54,53.31,53.10,53.01,52.93,52.85,52.79,52.76,52.73,52.70,52.68,52.63,52.58,52.54,52.41,52.19,51.98,51.80,51.75,51.71,51.67,51.63,51.52,51.39,51.27,51.11,50.94,50.78,50.61,50.46,50.31,50.16,50.01,49.87,49.72,49.57,49.43,49.28,49.14,48.99,48.85]
OTTOWN|Koroni|H|12|[54.48,54.27,53.91,53.61,53.38,53.17,53.04,52.94,52.87,52.80,52.75,52.72,52.69,52.68,52.66,52.62,52.57,52.51,52.38,52.16,51.98,51.91,51.86,51.82,51.79,51.77,51.65,51.52,51.36,51.18,51.01,50.85,50.69,50.53,50.38,50.24,50.10,49.96,49.81,49.66,49.53,49.38,49.24,49.10,48.95]
OTTOWN|Koroni|H|13|[54.48,54.12,53.76,53.45,53.24,53.11,52.98,52.88,52.82,52.77,52.72,52.69,52.67,52.67,52.65,52.61,52.54,52.48,52.34,52.16,52.09,52.02,51.98,51.94,51.92,51.90,51.78,51.61,51.43,51.25,51.08,50.92,50.76,50.61,50.46,50.32,50.19,50.04,49.90,49.76,49.63,49.48,49.34,49.20,49.05]
OTTOWN|Koroni|H|14|[54.33,53.97,53.60,53.32,53.18,53.05,52.92,52.83,52.78,52.73,52.68,52.67,52.66,52.66,52.64,52.58,52.51,52.44,52.34,52.27,52.21,52.14,52.10,52.07,52.05,52.03,51.87,51.68,51.50,51.32,51.16,51.00,50.84,50.68,50.55,50.41,50.28,50.14,50.00,49.87,49.73,49.59,49.44,49.30,49.16]
OTTOWN|Koroni|H|15|[54.32,53.96,53.60,53.36,53.23,53.09,52.89,52.76,52.71,52.66,52.62,52.61,52.61,52.60,52.56,52.49,52.43,52.37,52.34,52.27,52.20,52.12,52.08,52.05,52.03,51.99,51.82,51.63,51.45,51.36,51.20,51.04,50.88,50.75,50.61,50.48,50.35,50.23,50.09,49.96,49.84,49.70,49.55,49.41,49.27]
OTTOWN|Koroni|H|16|[54.36,54.01,53.68,53.44,53.31,53.10,52.81,52.68,52.63,52.59,52.55,52.54,52.53,52.50,52.46,52.39,52.33,52.33,52.29,52.22,52.14,52.05,52.00,51.97,51.94,51.90,51.72,51.54,51.47,51.39,51.23,51.08,50.94,50.80,50.66,50.54,50.44,50.32,50.18,50.07,49.96,49.82,49.67,49.53,49.40]
OTTOWN|Koroni|H|17|[54.41,54.09,53.76,53.53,53.32,53.02,52.72,52.60,52.55,52.51,52.47,52.47,52.43,52.40,52.35,52.30,52.29,52.28,52.25,52.17,52.07,51.97,51.92,51.89,51.85,51.81,51.63,51.56,51.50,51.42,51.27,51.13,50.99,50.85,50.73,50.63,50.53,50.40,50.29,50.18,50.08,49.93,49.79,49.66,49.52]
OTTOWN|Koroni|H|18|[54.50,54.17,53.85,53.54,53.24,52.94,52.64,52.52,52.48,52.44,52.40,52.37,52.33,52.29,52.26,52.25,52.24,52.24,52.19,52.09,51.99,51.89,51.83,51.79,51.75,51.71,51.65,51.59,51.54,51.46,51.32,51.18,51.04,50.92,50.82,50.72,50.62,50.51,50.41,50.30,50.19,50.06,49.92,49.78,49.64]
OTTOWN|Koroni|H|19|[54.57,54.24,53.95,53.67,53.38,53.08,52.83,52.73,52.69,52.65,52.52,52.47,52.44,52.38,52.27,52.26,52.25,52.19,52.07,51.97,51.87,51.84,51.81,51.77,51.73,51.67,51.61,51.55,51.49,51.42,51.28,51.14,51.03,50.93,50.83,50.73,50.70,50.62,50.52,50.41,50.36,50.23,50.09,49.94,49.77]
OTTOWN|Koroni|H|20|[54.64,54.35,54.09,53.82,53.52,53.27,53.05,52.95,52.91,52.77,52.63,52.59,52.53,52.39,52.28,52.27,52.21,52.07,51.95,51.85,51.82,51.81,51.78,51.74,51.69,51.63,51.57,51.51,51.45,51.38,51.24,51.12,51.04,50.95,50.84,50.81,50.81,50.73,50.63,50.58,50.53,50.40,50.25,50.07,49.91]
OTTOWN|Koroni|H|21|[54.74,54.49,54.23,53.96,53.71,53.49,53.26,53.17,53.03,52.88,52.74,52.68,52.54,52.40,52.29,52.23,52.09,51.95,51.84,51.80,51.80,51.79,51.76,51.70,51.64,51.59,51.53,51.47,51.41,51.33,51.22,51.13,51.05,50.96,50.92,50.92,50.92,50.84,50.79,50.75,50.70,50.56,50.38,50.21,50.04]
OTTOWN|Koroni|H|22|[54.86,54.60,54.35,54.11,53.88,53.66,53.44,53.28,53.14,53.00,52.85,52.71,52.57,52.43,52.29,52.16,52.02,51.89,51.81,51.81,51.80,51.80,51.72,51.67,51.61,51.54,51.48,51.42,51.36,51.30,51.21,51.13,51.04,51.01,51.01,51.00,51.00,50.96,50.91,50.87,50.82,50.65,50.47,50.30,50.16]
OTTOWN|Koroni|H|23|[54.88,54.63,54.38,54.15,53.92,53.70,53.54,53.39,53.25,53.10,52.95,52.81,52.67,52.53,52.39,52.25,52.12,51.99,51.91,51.91,51.90,51.79,51.71,51.65,51.59,51.49,51.43,51.37,51.31,51.24,51.16,51.07,51.03,51.02,51.01,51.01,50.96,50.91,50.87,50.82,50.77,50.60,50.43,50.32,50.27]
OTTOWN|Koroni|H|24|[54.91,54.66,54.42,54.19,53.96,53.80,53.65,53.50,53.36,53.20,53.05,52.91,52.77,52.63,52.49,52.35,52.22,52.09,52.01,52.01,51.89,51.77,51.69,51.63,51.53,51.44,51.38,51.32,51.26,51.19,51.10,51.06,51.04,51.02,51.02,50.97,50.91,50.87,50.82,50.77,50.72,50.55,50.45,50.43,50.38]
OTTOWN|Koroni|H|25|[54.94,54.70,54.46,54.23,54.07,53.91,53.76,53.61,53.46,53.30,53.15,53.01,52.86,52.72,52.58,52.45,52.32,52.19,52.12,52.00,51.88,51.75,51.67,51.58,51.48,51.39,51.33,51.26,51.20,51.13,51.09,51.06,51.04,51.03,50.98,50.92,50.87,50.82,50.77,50.72,50.68,50.57,50.55,50.53,50.48]
OTTOWN|Koroni|H|26|[54.97,54.73,54.49,54.33,54.17,54.02,53.86,53.70,53.55,53.39,53.24,53.10,52.96,52.82,52.68,52.55,52.42,52.29,52.16,52.04,51.91,51.79,51.68,51.59,51.49,51.38,51.31,51.25,51.19,51.13,51.11,51.09,51.06,50.99,50.94,50.89,50.84,50.81,50.76,50.71,50.68,50.66,50.63,50.61,50.57]
OTTOWN|Koroni|H|27|[55.00,54.76,54.58,54.42,54.26,54.11,53.94,53.79,53.63,53.48,53.34,53.19,53.05,52.92,52.78,52.65,52.52,52.38,52.25,52.13,52.00,51.86,51.76,51.66,51.55,51.41,51.34,51.28,51.22,51.17,51.15,51.12,51.04,50.97,50.92,50.87,50.86,50.82,50.78,50.74,50.73,50.71,50.69,50.67,50.64]
OTTOWN|Koroni|H|28|[55.03,54.85,54.68,54.51,54.36,54.19,54.03,53.87,53.72,53.58,53.43,53.29,53.15,53.02,52.89,52.75,52.62,52.48,52.35,52.22,52.08,51.94,51.83,51.72,51.58,51.44,51.37,51.31,51.26,51.21,51.18,51.10,51.02,50.95,50.90,50.89,50.88,50.84,50.81,50.80,50.78,50.76,50.75,50.74,50.70]
OTTOWN|Koroni|H|29|[55.12,54.94,54.77,54.60,54.44,54.28,54.12,53.96,53.82,53.67,53.52,53.39,53.25,53.12,52.99,52.85,52.71,52.57,52.44,52.29,52.15,52.01,51.88,51.75,51.61,51.47,51.41,51.35,51.29,51.25,51.16,51.08,50.99,50.93,50.92,50.91,50.90,50.88,50.86,50.85,50.84,50.82,50.81,50.80,50.77]
OTTOWN|Koroni|H|30|[55.17,54.99,54.83,54.67,54.51,54.35,54.19,54.05,53.90,53.76,53.62,53.49,53.35,53.22,53.09,52.95,52.81,52.67,52.53,52.39,52.25,52.10,51.96,51.82,51.68,51.52,51.46,51.41,51.35,51.17,51.08,51.00,50.90,50.83,50.82,50.81,50.83,50.83,50.82,50.81,50.81,50.80,50.79,50.78,50.78]
OTTOWN|Koroni|H|31|[55.20,55.03,54.89,54.73,54.57,54.42,54.28,54.13,53.99,53.85,53.72,53.59,53.46,53.32,53.19,53.05,52.91,52.77,52.63,52.49,52.34,52.19,52.05,51.91,51.75,51.59,51.53,51.47,51.26,51.06,50.98,50.88,50.76,50.69,50.67,50.69,50.75,50.75,50.74,50.74,50.75,50.74,50.73,50.75,50.76]
OTTOWN|Koroni|H|32|[55.24,55.09,54.95,54.79,54.64,54.50,54.36,54.22,54.08,53.95,53.82,53.69,53.56,53.43,53.30,53.16,53.01,52.87,52.73,52.58,52.43,52.28,52.14,51.98,51.82,51.65,51.59,51.38,51.15,50.96,50.87,50.74,50.61,50.54,50.56,50.61,50.67,50.67,50.67,50.68,50.69,50.68,50.70,50.73,50.74]
OTTOWN|Koroni|H|33|[55.30,55.16,55.01,54.87,54.73,54.59,54.45,54.32,54.19,54.06,53.92,53.79,53.66,53.53,53.40,53.26,53.11,52.97,52.82,52.67,52.52,52.37,52.21,52.05,51.88,51.72,51.50,51.27,51.05,50.85,50.72,50.60,50.47,50.43,50.48,50.53,50.59,50.61,50.61,50.62,50.63,50.66,50.68,50.71,50.73]
OTTOWN|Koroni|H|34|[55.35,55.20,55.07,54.95,54.81,54.67,54.54,54.41,54.28,54.15,54.03,53.90,53.77,53.64,53.51,53.37,53.22,53.08,52.94,52.79,52.64,52.49,52.33,52.17,52.00,51.83,51.61,51.39,51.17,50.98,50.86,50.73,50.56,50.47,50.52,50.57,50.55,50.55,50.55,50.56,50.58,50.61,50.63,50.66,50.66]
OTTOWN|Koroni|H|35|[55.40,55.27,55.15,55.03,54.89,54.76,54.63,54.50,54.37,54.25,54.14,54.01,53.88,53.75,53.62,53.48,53.34,53.20,53.06,52.91,52.76,52.61,52.45,52.29,52.12,51.95,51.73,51.51,51.31,51.12,50.99,50.83,50.61,50.51,50.56,50.54,50.49,50.48,50.49,50.51,50.53,50.56,50.58,50.58,50.58]
OTTOWN|Koroni|H|36|[55.46,55.35,55.23,55.11,54.98,54.85,54.73,54.60,54.48,54.36,54.24,54.11,53.99,53.86,53.74,53.59,53.45,53.32,53.17,53.02,52.88,52.73,52.57,52.40,52.24,52.07,51.85,51.65,51.45,51.26,51.09,50.87,50.65,50.55,50.53,50.48,50.43,50.42,50.44,50.46,50.49,50.51,50.51,50.51,50.51]
OTTOWN|Koroni|H|37|[55.56,55.45,55.33,55.20,55.07,54.95,54.82,54.70,54.58,54.47,54.36,54.23,54.11,53.98,53.86,53.72,53.58,53.44,53.30,53.16,53.01,52.86,52.70,52.53,52.36,52.19,51.99,51.79,51.58,51.38,51.16,50.94,50.72,50.58,50.53,50.48,50.43,50.39,50.41,50.44,50.45,50.45,50.45,50.46,50.47]
OTTOWN|Koroni|H|38|[55.73,55.61,55.45,55.30,55.17,55.05,54.92,54.80,54.68,54.57,54.49,54.37,54.24,54.13,54.03,53.89,53.75,53.61,53.47,53.33,53.18,53.02,52.86,52.69,52.52,52.33,52.13,51.93,51.74,51.55,51.32,51.10,50.90,50.77,50.72,50.67,50.47,50.42,50.45,50.46,50.44,50.44,50.45,50.45,50.46]
OTTOWN|Koroni|H|39|[55.89,55.73,55.55,55.40,55.27,55.15,55.02,54.90,54.79,54.70,54.62,54.50,54.39,54.29,54.19,54.05,53.92,53.78,53.64,53.50,53.34,53.18,53.02,52.85,52.66,52.47,52.27,52.08,51.90,51.71,51.49,51.28,51.09,50.95,50.90,50.71,50.50,50.46,50.47,50.45,50.43,50.43,50.44,50.44,50.45]
OTTOWN|Koroni|H|40|[56.01,55.83,55.66,55.50,55.37,55.25,55.12,55.00,54.92,54.84,54.76,54.65,54.55,54.46,54.36,54.22,54.09,53.95,53.82,53.66,53.50,53.34,53.18,52.99,52.80,52.62,52.42,52.24,52.06,51.87,51.67,51.47,51.27,51.14,50.95,50.74,50.53,50.48,50.46,50.44,50.42,50.43,50.43,50.43,50.44]
OTTOWN|Koroni|H|41|[56.15,55.97,55.79,55.67,55.54,55.41,55.29,55.20,55.11,55.03,54.94,54.84,54.75,54.66,54.55,54.41,54.28,54.15,54.00,53.84,53.68,53.52,53.34,53.16,52.97,52.78,52.60,52.42,52.24,52.04,51.85,51.65,51.45,51.26,51.06,50.85,50.66,50.60,50.58,50.56,50.50,50.50,50.50,50.50,50.47]
OTTOWN|Koroni|H|42|[56.32,56.14,56.03,55.91,55.78,55.66,55.54,55.45,55.37,55.28,55.17,55.08,54.99,54.88,54.76,54.62,54.49,54.35,54.20,54.05,53.89,53.72,53.54,53.35,53.16,52.97,52.78,52.60,52.41,52.22,52.02,51.82,51.65,51.46,51.25,51.06,50.91,50.85,50.83,50.77,50.66,50.65,50.65,50.58,50.52]
OTTOWN|Koroni|H|43|[56.49,56.38,56.27,56.15,56.03,55.91,55.80,55.71,55.62,55.51,55.41,55.31,55.20,55.09,54.97,54.83,54.69,54.56,54.41,54.25,54.08,53.91,53.73,53.54,53.35,53.15,52.97,52.78,52.59,52.39,52.19,52.02,51.85,51.66,51.46,51.31,51.16,51.11,51.04,50.93,50.81,50.81,50.73,50.63,50.56]
OTTOWN|Koroni|H|44|[56.73,56.62,56.51,56.40,56.29,56.17,56.06,55.95,55.85,55.75,55.64,55.53,55.41,55.30,55.18,55.04,54.90,54.76,54.61,54.44,54.28,54.11,53.92,53.73,53.53,53.34,53.15,52.95,52.76,52.56,52.39,52.22,52.04,51.86,51.72,51.57,51.42,51.32,51.20,51.08,50.96,50.89,50.78,50.67,50.61]
OTTOWN|Koroni|END
OTTOWN|Abdera|HEAD|i_House_Big_02_V1_F|Land_i_House_Big_02_V1_F|[9441.804,20259.166,126.191]|244.77|false|32|1|2
OTTOWN|Abdera|BOX|[-5.33,-12.09,5.33,12.09,-6.09,6.09]
OTTOWN|Abdera|DOOR|main|[9449.36,20257.59,126.56]|514.8|3.50
OTTOWN|Abdera|DOOR|side|[9436.96,20257.00,126.58]|244.8|1.25
OTTOWN|Abdera|BPOS|[[9445.45,20264.80,126.60],[9444.78,20260.67,126.61],[9446.80,20260.90,130.05],[9434.71,20259.45,130.06],[9436.38,20260.23,126.62],[9437.39,20261.77,130.06],[9437.62,20257.42,130.06],[9440.15,20257.64,130.06],[9439.97,20259.49,126.61]]
OTTOWN|Abdera|OBJ|building|Land_u_Addon_02_V1_F|[9444.58,20249.75,126.05]|335.0|[-4.57,-4.94,4.57,4.94,-3.72,3.72]
OTTOWN|Abdera|OBJ|building|Land_u_Addon_02_V1_F|[9435.61,20220.21,119.88]|68.5|[-4.57,-4.94,4.57,4.94,-3.72,3.72]
OTTOWN|Abdera|OBJ|building|Land_i_Addon_03_V1_F|[9445.41,20234.05,126.51]|70.0|[-5.02,-4.11,5.02,4.11,-3.05,3.05]
OTTOWN|Abdera|OBJ|building|cargo_addon02_v2_f.p3d|[9434.96,20227.30,119.38]|245.5|[-3.07,-2.24,3.07,2.24,-2.13,2.13]
OTTOWN|Abdera|OBJ|building|water_source_f.p3d|[9426.80,20243.67,119.33]|68.0|[-1.31,-0.87,1.31,0.87,-1.53,1.53]
OTTOWN|Abdera|OBJ|building|treebin_f.p3d|[9429.33,20238.45,119.44]|0.0|[-1.24,-1.26,1.24,1.26,-0.43,0.43]
OTTOWN|Abdera|OBJ|building|Land_i_House_Big_01_V2_F|[9455.14,20240.88,127.51]|69.8|[-7.89,-8.48,7.89,8.48,-6.61,6.61]
OTTOWN|Abdera|OBJ|building|Land_u_Addon_02_V1_F|[9455.76,20231.52,127.36]|249.7|[-4.57,-4.94,4.57,4.94,-3.72,3.72]
OTTOWN|Abdera|OBJ|building|Land_d_House_Big_02_V1_F|[9404.30,20250.04,118.89]|349.2|[-7.09,-12.09,7.09,12.09,-6.28,6.28]
OTTOWN|Abdera|OBJ|building|Land_u_Addon_02_V1_F|[9400.10,20272.77,118.99]|255.9|[-4.57,-4.94,4.57,4.94,-3.72,3.72]
OTTOWN|Abdera|OBJ|building|Land_i_Shop_01_V1_F|[9439.74,20268.43,125.78]|244.6|[-4.75,-10.13,4.75,10.13,-6.46,6.46]
OTTOWN|Abdera|OBJ|building|Land_i_Garage_V2_F|[9434.42,20274.16,125.25]|155.0|[-9.00,-3.69,9.00,3.69,-3.37,3.37]
OTTOWN|Abdera|OBJ|building|Land_i_Addon_03_V1_F|[9433.31,20254.75,125.35]|64.2|[-5.02,-4.11,5.02,4.11,-3.05,3.05]
OTTOWN|Abdera|OBJ|building|Land_i_Addon_04_V1_F|[9429.36,20263.76,124.53]|64.4|[-5.02,-3.98,5.02,3.98,-2.94,2.94]
OTTOWN|Abdera|OBJ|building|Land_i_House_Small_01_V2_F|[9460.20,20277.49,128.70]|66.4|[-5.43,-7.64,5.43,7.64,-5.08,5.08]
OTTOWN|Abdera|OBJ|building|Land_u_House_Small_02_V1_F|[9463.82,20264.97,129.00]|246.6|[-8.20,-4.64,8.20,4.64,-4.71,4.71]
OTTOWN|Abdera|OBJ|building|Land_i_House_Big_01_V1_F|[9428.69,20287.22,123.92]|159.6|[-7.89,-8.48,7.89,8.48,-6.61,6.61]
OTTOWN|Abdera|OBJ|building|Land_i_House_Big_02_V1_F|[9455.24,20292.43,127.78]|80.3|[-5.33,-12.09,5.33,12.09,-6.09,6.09]
OTTOWN|Abdera|OBJ|building|cargo_addon01_v2_f.p3d|[9478.34,20283.12,131.23]|81.0|[-2.11,-1.47,2.11,1.47,-2.18,2.18]
OTTOWN|Abdera|OBJ|wall|canal_wallsmall_10m_f.p3d|[9427.61,20243.86,119.88]|68.0|[-4.50,-0.56,4.50,0.56,-2.51,2.51]
OTTOWN|Abdera|OBJ|wall|Land_Stone_Gate_F|[9463.54,20249.00,127.45]|336.8|[-2.96,-1.47,2.96,1.47,-1.71,1.71]
OTTOWN|Abdera|OBJ|wall|stone_8m_f.p3d|[9454.29,20222.52,127.18]|249.1|[-4.26,-0.35,4.26,0.35,-1.30,1.30]
OTTOWN|Abdera|OBJ|wall|stone_pillar_f.p3d|[9452.84,20226.13,127.08]|73.4|[-0.45,-0.44,0.45,0.44,-1.79,1.79]
OTTOWN|Abdera|OBJ|wall|stone_8md_f.p3d|[9481.89,20246.74,133.30]|89.0|[-4.14,-0.76,4.14,0.76,-1.28,1.28]
OTTOWN|Abdera|OBJ|wall|city_8md_f.p3d|[9476.85,20252.01,129.94]|173.3|[-3.50,-0.98,3.50,0.98,-1.80,1.80]
OTTOWN|Abdera|OBJ|wall|city_8m_f.p3d|[9469.98,20251.01,127.35]|170.1|[-3.53,-0.25,3.53,0.25,-2.08,2.08]
OTTOWN|Abdera|OBJ|wall|city_8m_f.p3d|[9465.20,20253.52,127.06]|250.2|[-3.53,-0.25,3.53,0.25,-2.08,2.08]
OTTOWN|Abdera|OBJ|wall|city_pillar_f.p3d|[9464.01,20256.92,127.09]|71.6|[-0.23,-0.24,0.23,0.24,-2.14,2.14]
OTTOWN|Abdera|OBJ|wall|canal_wallsmall_10m_f.p3d|[9435.07,20284.08,123.20]|249.4|[-4.50,-0.56,4.50,0.56,-2.51,2.51]
OTTOWN|Abdera|OBJ|wall|city_4m_f.p3d|[9461.64,20298.18,127.94]|173.6|[-1.79,-0.24,1.79,0.24,-2.08,2.08]
OTTOWN|Abdera|OBJ|wall|city_pillar_f.p3d|[9463.59,20298.40,128.21]|262.5|[-0.23,-0.24,0.23,0.24,-2.14,2.14]
OTTOWN|Abdera|OBJ|tree|t_fraxinusav2s_f.p3d|[9429.70,20238.11,119.43]|97.5|[-13.54,-13.39,13.54,13.39,-13.22,13.22]
OTTOWN|Abdera|OBJ|tree|t_ficusb2s_f.p3d|[9445.01,20222.61,123.41]|335.2|[-8.66,-8.23,8.66,8.23,-5.99,5.99]
OTTOWN|Abdera|OBJ|tree|t_oleae2s_f.p3d|[9464.42,20226.69,128.55]|332.7|[-7.19,-6.88,7.19,6.88,-7.90,7.90]
OTTOWN|Abdera|OBJ|tree|t_oleae2s_f.p3d|[9468.60,20245.26,128.34]|224.2|[-7.19,-6.88,7.19,6.88,-7.90,7.90]
OTTOWN|Abdera|OBJ|tree|t_oleae2s_f.p3d|[9461.44,20221.92,128.63]|185.7|[-7.19,-6.88,7.19,6.88,-7.90,7.90]
OTTOWN|Abdera|OBJ|tree|t_pinuss2s_f.p3d|[9482.50,20249.12,133.29]|289.6|[-9.30,-7.36,9.30,7.36,-8.48,8.48]
OTTOWN|Abdera|OBJ|tree|t_oleae2s_f.p3d|[9418.36,20271.93,120.38]|243.1|[-7.19,-6.88,7.19,6.88,-7.90,7.90]
OTTOWN|Abdera|OBJ|tree|t_pinuss2s_b_f.p3d|[9479.98,20251.47,130.97]|47.6|[-10.86,-9.79,10.86,9.79,-10.17,10.17]
OTTOWN|Abdera|OBJ|tree|t_quercusir2s_f.p3d|[9480.70,20259.68,131.65]|333.5|[-11.51,-11.20,11.51,11.20,-11.24,11.24]
OTTOWN|Abdera|OBJ|rock|stone_big_f.p3d|[9423.40,20292.64,117.72]|27.7|[-5.43,-7.24,5.43,7.24,-5.40,5.40]
OTTOWN|Abdera|H|0|[116.58,116.56,116.55,116.53,116.55,116.62,116.69,116.78,116.97,117.22,117.46,117.64,117.77,117.91,118.01,118.07,118.03,118.00,117.98,118.10,118.42,118.75,119.37,120.35,121.52,122.72,124.01,125.03,126.02,126.86,127.53,128.20,128.87,129.32,129.77,130.35,130.93,131.48,132.04,132.60,133.17,133.75,134.15,134.53,135.07]
OTTOWN|Abdera|H|1|[116.83,116.82,116.80,116.79,116.81,116.88,116.96,117.05,117.24,117.48,117.65,117.83,117.97,118.07,118.15,118.20,118.17,118.15,118.13,118.25,118.58,119.20,119.82,120.80,122.00,123.29,124.58,125.60,126.44,127.11,127.78,128.45,128.90,129.27,129.73,130.31,130.86,131.40,131.96,132.53,133.11,133.69,134.09,134.63,135.35]
OTTOWN|Abdera|H|2|[117.09,117.07,117.06,117.04,117.06,117.15,117.23,117.32,117.49,117.67,117.85,118.03,118.14,118.21,118.28,118.34,118.32,118.30,118.29,118.41,119.03,119.65,120.27,121.28,122.57,123.86,125.15,126.01,126.68,127.36,128.03,128.48,128.85,129.23,129.68,130.23,130.78,131.33,131.89,132.47,133.05,133.63,134.19,134.91,135.63]
OTTOWN|Abdera|H|3|[117.24,117.22,117.21,117.19,117.23,117.32,117.40,117.48,117.62,117.80,117.98,118.18,118.26,118.33,118.41,118.44,118.42,118.40,118.39,118.69,119.32,119.94,120.70,121.96,123.25,124.54,125.60,126.29,126.96,127.64,128.02,128.39,128.77,129.14,129.57,130.12,130.67,131.22,131.79,132.37,132.95,133.62,134.34,135.06,135.78]
OTTOWN|Abdera|H|4|[117.31,117.29,117.28,117.29,117.33,117.42,117.50,117.56,117.69,117.87,118.07,118.29,118.38,118.45,118.49,118.50,118.49,118.47,118.57,118.87,119.50,120.26,121.46,122.72,124.01,125.08,125.91,126.59,127.27,127.63,127.91,128.28,128.65,129.00,129.42,129.97,130.52,131.08,131.66,132.23,132.90,133.67,134.39,135.11,135.89]
OTTOWN|Abdera|H|5|[117.38,117.36,117.37,117.39,117.43,117.51,117.57,117.63,117.77,117.97,118.19,118.40,118.49,118.53,118.55,118.57,118.55,118.65,118.74,119.05,119.81,121.02,122.22,123.48,124.55,125.38,126.21,126.89,127.26,127.52,127.79,128.16,128.51,128.85,129.28,129.83,130.39,130.95,131.52,132.19,132.96,133.72,134.45,135.22,136.02]
OTTOWN|Abdera|H|6|[117.45,117.46,117.47,117.49,117.52,117.58,117.64,117.71,117.86,118.08,118.30,118.52,118.57,118.59,118.62,118.64,118.73,118.83,118.92,119.37,120.57,121.78,122.98,124.02,124.85,125.68,126.51,126.89,127.15,127.40,127.68,128.02,128.36,128.71,129.14,129.70,130.26,130.82,131.48,132.25,133.01,133.78,134.56,135.35,136.15]
OTTOWN|Abdera|H|7|[117.40,117.41,117.42,117.46,117.55,117.61,117.67,117.81,118.03,118.25,118.46,118.57,118.59,118.62,118.64,118.70,118.80,118.89,119.07,119.80,121.00,122.21,123.49,124.51,125.34,126.17,126.68,126.95,127.20,127.46,127.66,128.00,128.35,128.64,128.93,129.49,130.05,130.53,131.16,131.93,132.69,133.64,134.46,135.25,136.05]
OTTOWN|Abdera|H|8|[117.32,117.33,117.37,117.48,117.57,117.63,117.77,117.98,118.20,118.42,118.52,118.58,118.61,118.63,118.69,118.75,118.84,119.02,119.43,120.16,121.37,122.65,124.02,125.04,125.87,126.38,126.77,127.04,127.29,127.47,127.67,128.01,128.30,128.42,128.71,129.27,129.75,130.13,130.77,131.53,132.48,133.49,134.31,135.11,136.07]
OTTOWN|Abdera|H|9|[117.24,117.27,117.38,117.50,117.59,117.72,117.94,118.16,118.37,118.48,118.54,118.60,118.63,118.68,118.73,118.79,118.96,119.38,119.80,120.53,121.81,123.18,124.55,125.57,126.07,126.47,126.86,127.13,127.30,127.48,127.67,127.97,128.08,128.20,128.50,128.97,129.35,129.74,130.37,131.32,132.33,133.35,134.16,135.13,136.10]
OTTOWN|Abdera|H|10|[117.18,117.30,117.41,117.52,117.69,117.90,118.12,118.34,118.44,118.50,118.56,118.62,118.67,118.73,118.78,118.89,119.31,119.73,120.14,121.00,122.37,123.73,125.10,125.77,126.16,126.55,126.94,127.14,127.32,127.49,127.65,127.77,127.89,128.00,128.22,128.60,128.98,129.37,130.15,131.17,132.18,133.19,134.18,135.15,136.12]
OTTOWN|Abdera|H|11|[117.28,117.39,117.50,117.69,117.94,118.15,118.37,118.49,118.56,118.62,118.68,118.70,118.75,118.81,118.87,119.03,119.45,119.87,120.61,121.81,123.18,124.55,125.33,125.79,126.18,126.57,127.01,127.21,127.38,127.54,127.68,127.80,127.92,127.97,128.11,128.49,128.87,129.18,129.93,130.95,131.96,133.14,134.13,135.10,136.06]
OTTOWN|Abdera|H|12|[117.37,117.48,117.67,117.94,118.18,118.40,118.52,118.60,118.67,118.74,118.76,118.78,118.83,118.90,119.01,119.17,119.59,120.33,121.43,122.63,124.00,124.78,125.35,125.81,126.20,126.64,127.07,127.27,127.44,127.58,127.71,127.83,127.88,127.86,128.00,128.38,128.68,128.96,129.72,130.73,131.91,133.10,134.09,135.04,135.95]
OTTOWN|Abdera|H|13|[117.46,117.65,117.91,118.18,118.43,118.55,118.64,118.72,118.79,118.81,118.84,118.86,118.92,119.04,119.15,119.31,120.06,121.15,122.24,123.45,124.23,124.80,125.38,125.83,126.27,126.70,127.13,127.33,127.47,127.61,127.75,127.80,127.77,127.75,127.89,128.19,128.47,128.74,129.50,130.68,131.87,133.05,134.03,134.93,135.84]
OTTOWN|Abdera|H|14|[117.55,117.82,118.09,118.36,118.56,118.65,118.73,118.82,118.87,118.89,118.91,118.95,119.06,119.17,119.29,119.66,120.75,121.84,122.94,123.77,124.35,124.92,125.49,125.88,126.32,126.75,127.14,127.28,127.43,127.57,127.73,127.70,127.68,127.65,127.75,128.03,128.30,128.58,129.42,130.61,131.80,132.88,133.77,134.68,135.58]
OTTOWN|Abdera|H|15|[117.57,117.84,118.11,118.40,118.61,118.69,118.78,118.90,118.95,118.97,119.01,119.08,119.19,119.31,119.57,120.10,121.20,122.29,123.28,124.09,124.66,125.23,125.53,125.91,126.35,126.73,126.95,127.09,127.24,127.44,127.66,127.64,127.62,127.60,127.70,127.97,128.25,128.45,129.30,130.48,131.57,132.34,133.23,134.13,135.35]
OTTOWN|Abdera|H|16|[117.59,117.86,118.15,118.45,118.66,118.74,118.86,118.98,119.03,119.06,119.14,119.21,119.32,119.59,120.02,120.55,121.65,122.64,123.60,124.40,124.97,125.27,125.56,125.94,126.33,126.54,126.76,126.91,127.11,127.38,127.60,127.58,127.56,127.54,127.64,127.91,128.12,128.33,129.17,130.26,131.02,131.79,132.68,133.89,135.44]
OTTOWN|Abdera|H|17|[117.61,117.90,118.20,118.49,118.70,118.82,118.94,119.06,119.12,119.20,119.27,119.35,119.61,120.04,120.47,121.00,121.99,122.95,123.91,124.71,125.01,125.30,125.59,125.92,126.14,126.35,126.57,126.78,127.05,127.32,127.54,127.52,127.50,127.48,127.58,127.79,128.00,128.20,128.95,129.71,130.48,131.24,132.44,133.99,135.53]
OTTOWN|Abdera|H|18|[117.72,118.01,118.31,118.60,118.79,118.91,119.02,119.13,119.20,119.27,119.35,119.47,119.88,120.31,120.74,121.47,122.42,123.38,124.34,124.84,125.13,125.42,125.67,125.84,126.06,126.27,126.47,126.73,127.00,127.27,127.45,127.43,127.41,127.39,127.53,127.74,127.94,128.16,128.76,129.52,130.29,130.98,132.43,133.98,135.52]
OTTOWN|Abdera|H|19|[117.87,118.17,118.46,118.69,118.88,118.99,119.10,119.16,119.23,119.31,119.43,119.62,120.02,120.45,121.15,121.98,122.94,123.90,124.53,125.03,125.32,125.57,125.67,125.84,126.06,126.26,126.44,126.70,126.97,127.18,127.33,127.31,127.29,127.39,127.53,127.73,127.95,128.22,128.82,129.58,130.28,130.89,132.35,133.89,135.50]
OTTOWN|Abdera|H|20|[118.02,118.32,118.55,118.78,118.96,119.07,119.13,119.20,119.27,119.39,119.58,119.76,120.16,120.87,121.67,122.50,123.45,124.09,124.73,125.22,125.47,125.57,125.67,125.84,126.04,126.22,126.40,126.66,126.87,127.06,127.21,127.20,127.29,127.39,127.53,127.75,128.02,128.28,128.88,129.57,130.19,130.81,132.26,133.87,135.50]
OTTOWN|Abdera|H|21|[118.18,118.41,118.64,118.87,119.04,119.10,119.17,119.23,119.35,119.54,119.72,119.90,120.58,121.38,122.18,123.01,123.65,124.28,124.92,125.37,125.47,125.57,125.67,125.82,126.01,126.19,126.37,126.57,126.75,126.94,127.10,127.19,127.29,127.38,127.54,127.81,128.08,128.35,128.87,129.49,130.11,130.72,132.24,133.87,135.50]
OTTOWN|Abdera|H|22|[118.28,118.51,118.74,118.96,119.09,119.16,119.22,119.30,119.45,119.63,119.81,120.04,120.78,121.59,122.39,123.25,123.89,124.52,125.11,125.43,125.52,125.62,125.69,125.83,126.01,126.19,126.28,126.46,126.65,126.83,127.04,127.14,127.23,127.43,127.86,128.13,128.40,128.55,128.96,129.58,130.20,130.79,132.31,133.94,135.57]
OTTOWN|Abdera|H|23|[118.38,118.61,118.83,119.01,119.15,119.22,119.29,119.38,119.53,119.71,119.94,120.18,120.93,121.73,122.63,123.50,124.13,124.72,125.18,125.49,125.59,125.66,125.70,125.84,126.02,126.11,126.18,126.35,126.54,126.77,126.97,127.07,127.27,127.81,128.24,128.51,128.66,128.69,129.10,129.72,130.30,130.87,132.40,134.03,135.38]
OTTOWN|Abdera|H|24|[118.47,118.69,118.88,119.07,119.21,119.29,119.38,119.46,119.61,119.84,120.08,120.32,121.07,121.97,122.88,123.74,124.33,124.79,125.25,125.56,125.63,125.67,125.72,125.85,125.94,126.01,126.07,126.25,126.47,126.70,126.91,127.11,127.64,128.18,128.61,128.77,128.79,128.82,129.23,129.81,130.39,130.96,132.48,133.84,135.20]
OTTOWN|Abdera|H|25|[118.56,118.75,118.94,119.13,119.28,119.37,119.45,119.54,119.73,119.97,120.22,120.46,121.30,122.20,123.11,123.94,124.39,124.85,125.30,125.59,125.63,125.68,125.72,125.78,125.84,125.90,125.97,126.18,126.41,126.63,126.91,127.45,127.99,128.53,128.85,128.88,128.91,128.93,129.33,129.90,130.47,131.04,132.31,133.67,135.02]
OTTOWN|Abdera|H|26|[118.56,118.75,118.93,119.14,119.30,119.39,119.48,119.58,119.78,120.02,120.27,120.51,121.34,122.25,123.13,123.90,124.35,124.81,125.25,125.52,125.56,125.60,125.64,125.70,125.76,125.83,125.92,126.13,126.36,126.60,126.92,127.46,128.00,128.48,128.75,128.78,128.81,128.99,129.45,130.02,130.59,131.03,132.29,133.65,134.97]
OTTOWN|Abdera|H|27|[118.55,118.74,118.95,119.16,119.33,119.42,119.52,119.63,119.83,120.07,120.31,120.55,121.39,122.27,123.10,123.86,124.32,124.76,125.17,125.44,125.48,125.52,125.56,125.62,125.68,125.78,125.87,126.08,126.32,126.61,126.93,127.47,127.95,128.39,128.66,128.68,128.87,129.11,129.57,130.14,130.58,131.01,132.27,133.60,134.82]
OTTOWN|Abdera|H|28|[118.55,118.75,118.97,119.19,119.36,119.46,119.57,119.68,119.88,120.12,120.36,120.60,121.42,122.24,123.06,123.82,124.26,124.68,125.10,125.37,125.41,125.45,125.49,125.54,125.64,125.73,125.82,126.05,126.33,126.62,126.94,127.42,127.86,128.29,128.56,128.74,128.99,129.23,129.69,130.13,130.56,130.99,132.22,133.44,134.67]
OTTOWN|Abdera|H|29|[118.53,118.75,118.97,119.19,119.35,119.46,119.57,119.68,119.90,120.14,120.38,120.64,121.41,122.23,123.05,123.73,124.15,124.56,124.98,125.23,125.27,125.31,125.35,125.48,125.57,125.67,125.77,126.03,126.32,126.60,126.94,127.37,127.80,128.24,128.53,128.77,129.02,129.26,129.68,130.11,130.55,130.98,132.12,133.35,134.57]
OTTOWN|Abdera|H|30|[118.46,118.68,118.90,119.10,119.27,119.38,119.49,119.68,119.90,120.14,120.39,120.68,121.45,122.27,122.97,123.53,123.95,124.36,124.75,124.99,125.03,125.07,125.26,125.39,125.48,125.58,125.70,125.97,126.25,126.59,126.99,127.42,127.85,128.14,128.38,128.62,128.87,129.26,129.68,130.11,130.55,130.99,132.13,133.35,134.49]
OTTOWN|Abdera|H|31|[118.40,118.62,118.82,119.02,119.18,119.29,119.48,119.67,119.89,120.15,120.43,120.72,121.49,122.19,122.77,123.33,123.75,124.13,124.50,124.74,124.78,124.97,125.16,125.29,125.39,125.52,125.64,125.91,126.24,126.63,127.03,127.46,127.75,127.98,128.22,128.47,128.86,129.26,129.68,130.12,130.56,131.00,132.14,133.27,134.31]
OTTOWN|Abdera|H|32|[118.33,118.53,118.73,118.93,119.09,119.28,119.47,119.67,119.90,120.19,120.48,120.76,121.42,121.99,122.57,123.13,123.51,123.88,124.25,124.49,124.68,124.88,125.07,125.21,125.33,125.45,125.57,125.89,126.29,126.68,127.08,127.36,127.60,127.83,128.07,128.47,128.86,129.26,129.68,130.12,130.56,131.00,132.06,133.10,134.13]
OTTOWN|Abdera|H|33|[118.17,118.37,118.57,118.76,119.07,119.26,119.45,119.63,119.87,120.16,120.45,120.74,121.29,121.87,122.45,123.01,123.38,123.75,124.12,124.40,124.60,124.79,124.98,125.12,125.25,125.37,125.55,125.92,126.31,126.71,127.16,127.39,127.63,127.86,128.07,128.46,128.86,129.27,129.70,130.14,130.58,131.04,132.02,133.06,134.09]
OTTOWN|Abdera|H|34|[117.95,118.15,118.35,118.73,119.04,119.23,119.41,119.55,119.79,120.08,120.37,120.67,121.22,121.80,122.40,122.96,123.33,123.70,124.04,124.32,124.52,124.71,124.88,125.02,125.15,125.32,125.56,125.94,126.33,126.83,127.32,127.55,127.79,127.86,128.06,128.46,128.86,129.29,129.73,130.16,130.62,131.10,132.08,133.12,134.09]
OTTOWN|Abdera|H|35|[117.74,117.93,118.31,118.70,119.00,119.19,119.33,119.47,119.71,120.00,120.30,120.60,121.15,121.75,122.35,122.91,123.28,123.62,123.96,124.24,124.43,124.61,124.78,124.93,125.10,125.34,125.58,125.96,126.45,126.99,127.48,127.71,127.79,127.85,128.06,128.46,128.89,129.31,129.75,130.21,130.68,131.16,132.14,133.11,134.06]
OTTOWN|Abdera|H|36|[117.52,117.90,118.28,118.67,118.96,119.11,119.25,119.39,119.64,119.93,120.23,120.53,121.10,121.70,122.30,122.86,123.20,123.54,123.88,124.16,124.33,124.51,124.69,124.88,125.12,125.36,125.59,126.08,126.61,127.15,127.64,127.71,127.78,127.85,128.06,128.48,128.91,129.34,129.79,130.26,130.74,131.21,132.13,133.09,134.04]
OTTOWN|Abdera|H|37|[117.32,117.70,118.08,118.47,118.75,118.90,119.04,119.22,119.48,119.78,120.08,120.47,121.05,121.65,122.25,122.72,123.05,123.39,123.75,124.05,124.23,124.41,124.62,124.86,125.10,125.34,125.73,126.25,126.79,127.32,127.65,127.72,127.79,127.86,128.09,128.51,128.94,129.37,129.84,130.31,130.79,131.25,132.15,133.10,134.05]
OTTOWN|Abdera|H|38|[117.08,117.47,117.85,118.23,118.52,118.67,118.84,119.05,119.32,119.62,120.00,120.43,121.01,121.61,122.09,122.55,122.89,123.24,123.64,123.95,124.13,124.34,124.59,124.84,125.07,125.46,125.90,126.43,126.97,127.34,127.66,127.73,127.80,127.89,128.12,128.55,128.98,129.42,129.88,130.36,130.82,131.27,132.17,133.12,133.93]
OTTOWN|Abdera|H|39|[116.85,117.24,117.62,118.00,118.29,118.47,118.67,118.88,119.15,119.54,119.96,120.38,120.96,121.45,121.93,122.39,122.74,123.14,123.54,123.85,124.06,124.31,124.57,124.81,125.20,125.64,126.08,126.61,126.98,127.35,127.67,127.75,127.84,127.93,128.15,128.59,129.03,129.47,129.93,130.39,130.84,131.29,132.20,133.01,133.81]
OTTOWN|Abdera|H|40|[116.62,117.01,117.39,117.77,118.09,118.30,118.50,118.71,119.07,119.49,119.91,120.34,120.82,121.30,121.78,122.25,122.65,123.04,123.44,123.77,124.03,124.28,124.53,124.90,125.34,125.79,126.23,126.60,126.97,127.34,127.67,127.76,127.85,127.94,128.20,128.64,129.08,129.52,129.97,130.42,130.87,131.33,132.09,132.90,133.71]
OTTOWN|Abdera|H|41|[116.41,116.80,117.18,117.57,117.89,118.10,118.31,118.63,119.03,119.45,119.87,120.35,120.83,121.32,121.79,122.22,122.61,123.01,123.38,123.67,123.93,124.18,124.35,124.69,125.13,125.57,126.01,126.39,126.76,127.13,127.47,127.56,127.65,127.91,128.34,128.78,129.22,129.66,130.11,130.56,131.02,131.37,132.14,132.95,133.69]
OTTOWN|Abdera|H|42|[116.20,116.59,116.98,117.37,117.69,117.90,118.22,118.58,118.99,119.41,119.89,120.37,120.85,121.32,121.75,122.18,122.58,122.95,123.28,123.58,123.83,124.00,124.14,124.47,124.92,125.36,125.80,126.17,126.54,126.93,127.28,127.37,127.62,128.05,128.48,128.92,129.36,129.80,130.25,130.70,131.06,131.42,132.18,132.92,133.44]
OTTOWN|Abdera|H|43|[116.00,116.39,116.78,117.18,117.50,117.82,118.18,118.54,118.94,119.42,119.90,120.38,120.85,121.29,121.72,122.15,122.52,122.85,123.18,123.48,123.65,123.79,123.92,124.26,124.70,125.14,125.58,125.96,126.35,126.74,127.08,127.34,127.76,128.19,128.62,129.06,129.50,129.94,130.39,130.75,131.11,131.46,132.16,132.68,133.20]
OTTOWN|Abdera|H|44|[115.81,116.20,116.60,116.99,117.38,117.75,118.11,118.47,118.94,119.42,119.90,120.38,120.82,121.25,121.68,122.14,122.47,122.80,123.13,123.34,123.48,123.62,123.76,124.11,124.55,124.99,125.43,125.83,126.22,126.61,127.00,127.43,127.86,128.28,128.72,129.16,129.60,130.04,130.43,130.79,131.15,131.50,132.01,132.53,133.05]
OTTOWN|Abdera|END
OTTOWN|Telos|HEAD|i_House_Big_02_V1_F|Land_i_House_Big_02_V2_F|[16241.884,17245.127,23.390]|32.79|false|63|2|3
OTTOWN|Telos|BOX|[-5.33,-12.09,5.33,12.09,-6.09,6.09]
OTTOWN|Telos|DOOR|main|[16234.63,17242.46,23.78]|302.8|3.50
OTTOWN|Telos|DOOR|side|[16244.83,17249.53,23.77]|32.8|1.25
OTTOWN|Telos|BPOS|[[16241.77,17238.42,23.81],[16240.15,17242.27,23.81],[16238.56,17241.01,27.26],[16248.06,17248.64,27.25],[16247.04,17247.09,23.81],[16247.01,17245.25,27.25],[16244.50,17248.83,27.25],[16242.49,17247.30,27.25],[16243.61,17245.82,23.81]]
OTTOWN|Telos|OBJ|building|Land_i_Stone_HouseSmall_V3_F|[16209.48,17214.08,20.74]|213.9|[-10.21,-5.82,10.21,5.82,-4.28,4.28]
OTTOWN|Telos|OBJ|building|Land_i_Stone_HouseSmall_V1_F|[16237.44,17215.73,20.39]|33.4|[-10.21,-5.82,10.21,5.82,-4.28,4.28]
OTTOWN|Telos|OBJ|building|Land_Unfinished_Building_02_F|[16213.71,17263.76,23.36]|210.9|[-8.79,-11.69,8.79,11.69,-5.48,5.48]
OTTOWN|Telos|OBJ|building|Land_u_Shop_01_V1_F|[16251.68,17265.41,23.71]|30.3|[-4.75,-10.13,4.75,10.13,-6.58,6.58]
OTTOWN|Telos|OBJ|building|Land_u_House_Small_01_V1_F|[16233.74,17250.87,23.41]|212.5|[-5.60,-7.64,5.60,7.64,-4.94,4.94]
OTTOWN|Telos|OBJ|building|Land_i_Garage_V1_F|[16239.67,17275.79,23.81]|300.8|[-9.00,-3.69,9.00,3.69,-3.37,3.37]
OTTOWN|Telos|OBJ|building|Land_u_Addon_01_V1_F|[16256.55,17273.22,24.01]|298.4|[-6.50,-4.51,6.50,4.51,-3.42,3.42]
OTTOWN|Telos|OBJ|wall|stone_8m_f.p3d|[16256.76,17209.49,21.06]|305.4|[-4.26,-0.35,4.26,0.35,-1.30,1.30]
OTTOWN|Telos|OBJ|wall|stone_8m_f.p3d|[16248.28,17207.14,21.06]|215.9|[-4.26,-0.35,4.26,0.35,-1.30,1.30]
OTTOWN|Telos|OBJ|wall|stone_8m_f.p3d|[16261.35,17215.98,21.38]|305.4|[-4.26,-0.35,4.26,0.35,-1.30,1.30]
OTTOWN|Telos|OBJ|wall|stone_8m_f.p3d|[16275.13,17216.02,21.89]|57.8|[-4.26,-0.35,4.26,0.35,-1.30,1.30]
OTTOWN|Telos|OBJ|wall|city_8m_f.p3d|[16221.01,17246.85,22.63]|211.8|[-3.53,-0.25,3.53,0.25,-2.08,2.08]
OTTOWN|Telos|OBJ|wall|wired_fence_8m_f.p3d|[16206.86,17232.02,21.33]|33.4|[-4.10,-0.08,4.10,0.08,-0.89,0.89]
OTTOWN|Telos|OBJ|wall|wired_fence_8m_f.p3d|[16213.64,17227.61,21.24]|33.4|[-4.10,-0.08,4.10,0.08,-0.89,0.89]
OTTOWN|Telos|OBJ|wall|city_8m_f.p3d|[16257.38,17240.74,23.08]|42.0|[-3.53,-0.25,3.53,0.25,-2.08,2.08]
OTTOWN|Telos|OBJ|wall|city_8m_f.p3d|[16251.90,17244.93,23.44]|32.9|[-3.53,-0.25,3.53,0.25,-2.08,2.08]
OTTOWN|Telos|OBJ|wall|stone_8m_f.p3d|[16265.94,17222.42,21.80]|305.4|[-4.26,-0.35,4.26,0.35,-1.30,1.30]
OTTOWN|Telos|OBJ|wall|stone_8m_f.p3d|[16275.78,17247.68,22.97]|121.0|[-4.26,-0.35,4.26,0.35,-1.30,1.30]
OTTOWN|Telos|OBJ|wall|stone_8m_f.p3d|[16277.77,17239.14,22.49]|53.1|[-4.26,-0.35,4.26,0.35,-1.30,1.30]
OTTOWN|Telos|OBJ|wall|stone_8m_f.p3d|[16270.58,17222.62,21.96]|53.6|[-4.26,-0.35,4.26,0.35,-1.30,1.30]
OTTOWN|Telos|OBJ|wall|city_8m_f.p3d|[16264.47,17231.81,22.25]|235.0|[-3.53,-0.25,3.53,0.25,-2.08,2.08]
OTTOWN|Telos|OBJ|wall|stone_4m_f.p3d|[16275.00,17242.82,22.69]|52.5|[-2.22,-0.36,2.22,0.36,-1.29,1.29]
OTTOWN|Telos|OBJ|wall|city2_pillard_f.p3d|[16260.40,17237.83,23.43]|230.2|[-0.84,-0.25,0.84,0.25,-2.10,2.10]
OTTOWN|Telos|OBJ|wall|city2_pillard_f.p3d|[16262.03,17235.23,22.99]|53.1|[-0.84,-0.25,0.84,0.25,-2.10,2.10]
OTTOWN|Telos|OBJ|wall|stone_pillar_f.p3d|[16273.80,17244.37,22.79]|311.2|[-0.45,-0.44,0.45,0.44,-1.79,1.79]
OTTOWN|Telos|OBJ|wall|stone_pillar_f.p3d|[16268.34,17225.77,22.01]|210.3|[-0.45,-0.44,0.45,0.44,-1.79,1.79]
OTTOWN|Telos|OBJ|wall|city_8m_f.p3d|[16229.14,17259.05,23.39]|31.1|[-3.53,-0.25,3.53,0.25,-2.08,2.08]
OTTOWN|Telos|OBJ|wall|city_8m_f.p3d|[16219.92,17251.34,22.75]|303.0|[-3.53,-0.25,3.53,0.25,-2.08,2.08]
OTTOWN|Telos|OBJ|wall|wired_fence_8m_f.p3d|[16205.12,17257.47,22.92]|33.5|[-4.10,-0.08,4.10,0.08,-0.89,0.89]
OTTOWN|Telos|OBJ|wall|wired_fence_8m_f.p3d|[16211.89,17253.06,22.74]|33.4|[-4.10,-0.08,4.10,0.08,-0.89,0.89]
OTTOWN|Telos|OBJ|wall|wall_tin_4_2.p3d|[16206.91,17272.96,23.54]|209.6|[-2.02,-0.16,2.02,0.16,-1.48,1.48]
OTTOWN|Telos|OBJ|wall|city2_pillard_f.p3d|[16222.21,17254.83,23.60]|123.5|[-0.84,-0.25,0.84,0.25,-2.10,2.10]
OTTOWN|Telos|OBJ|wall|city_8m_f.p3d|[16257.51,17260.14,23.66]|214.8|[-3.53,-0.25,3.53,0.25,-2.08,2.08]
OTTOWN|Telos|OBJ|wall|city_8m_f.p3d|[16244.60,17268.05,23.65]|211.1|[-3.53,-0.25,3.53,0.25,-2.08,2.08]
OTTOWN|Telos|OBJ|wall|stone_8m_f.p3d|[16279.51,17254.12,23.40]|119.4|[-4.26,-0.35,4.26,0.35,-1.30,1.30]
OTTOWN|Telos|OBJ|wall|stone_8m_f.p3d|[16271.22,17274.54,24.44]|210.1|[-4.26,-0.35,4.26,0.35,-1.30,1.30]
OTTOWN|Telos|OBJ|wall|stone_8m_f.p3d|[16264.36,17278.52,24.53]|210.1|[-4.26,-0.35,4.26,0.35,-1.30,1.30]
OTTOWN|Telos|OBJ|wall|city_8m_f.p3d|[16265.72,17258.89,23.73]|124.5|[-3.53,-0.25,3.53,0.25,-2.08,2.08]
OTTOWN|Telos|OBJ|wall|city_8m_f.p3d|[16269.51,17264.61,23.92]|123.2|[-3.53,-0.25,3.53,0.25,-2.08,2.08]
OTTOWN|Telos|OBJ|wall|city2_pillard_f.p3d|[16263.23,17256.21,24.34]|31.8|[-0.84,-0.25,0.84,0.25,-2.10,2.10]
OTTOWN|Telos|OBJ|wall|city2_pillard_f.p3d|[16272.70,17269.43,24.48]|300.1|[-0.84,-0.25,0.84,0.25,-2.10,2.10]
OTTOWN|Telos|OBJ|wall|stone_pillar_f.p3d|[16274.73,17272.53,24.37]|300.9|[-0.45,-0.44,0.45,0.44,-1.79,1.79]
OTTOWN|Telos|OBJ|wall|stone_8md_f.p3d|[16257.34,17282.53,24.53]|30.4|[-4.14,-0.76,4.14,0.76,-1.28,1.28]
OTTOWN|Telos|OBJ|wall|stone_8m_f.p3d|[16250.59,17286.50,24.52]|210.1|[-4.26,-0.35,4.26,0.35,-1.30,1.30]
OTTOWN|Telos|OBJ|wall|stone_pillar_f.p3d|[16247.17,17288.55,24.52]|300.9|[-0.45,-0.44,0.45,0.44,-1.79,1.79]
OTTOWN|Telos|OBJ|tree|t_ficusb2s_f.p3d|[16272.49,17216.23,21.84]|162.0|[-8.66,-8.23,8.66,8.23,-5.99,5.99]
OTTOWN|Telos|OBJ|tree|t_ficusb2s_f.p3d|[16265.24,17214.94,21.43]|138.0|[-8.66,-8.23,8.66,8.23,-5.99,5.99]
OTTOWN|Telos|OBJ|tree|t_ficusb1s_f.p3d|[16251.91,17243.14,23.27]|321.9|[-5.06,-5.62,5.06,5.62,-4.61,4.61]
OTTOWN|Telos|OBJ|tree|t_oleae2s_f.p3d|[16272.16,17275.84,24.41]|242.0|[-7.19,-6.88,7.19,6.88,-7.90,7.90]
OTTOWN|Telos|OBJ|tree|t_ficusb1s_f.p3d|[16260.36,17281.35,24.57]|287.1|[-5.06,-5.62,5.06,5.62,-4.61,4.61]
OTTOWN|Telos|ROAD|TRACK|10.0|[16210.50,17223.64,20.96]|[16239.76,17204.52,21.23]
OTTOWN|Telos|ROAD|TRACK|10.0|[16239.76,17204.52,21.23]|[16268.28,17186.31,20.42]
OTTOWN|Telos|ROAD|TRACK|10.0|[16192.36,17234.99,21.45]|[16210.50,17223.64,20.96]
OTTOWN|Telos|ROAD|TRACK|10.0|[16280.53,17220.83,22.07]|[16271.34,17236.57,22.46]
OTTOWN|Telos|ROAD|TRACK|10.0|[16267.57,17242.12,22.87]|[16259.13,17249.44,23.52]
OTTOWN|Telos|ROAD|TRACK|10.0|[16271.77,17253.54,23.35]|[16266.34,17244.85,23.08]
OTTOWN|Telos|ROAD|TRACK|10.0|[16271.34,17236.57,22.46]|[16267.57,17242.12,22.87]
OTTOWN|Telos|ROAD|TRACK|10.0|[16234.73,17264.32,23.61]|[16204.75,17281.40,23.93]
OTTOWN|Telos|ROAD|TRACK|10.0|[16259.13,17249.44,23.52]|[16234.73,17264.32,23.61]
OTTOWN|Telos|ROAD|TRACK|10.0|[16283.32,17271.98,24.32]|[16271.77,17253.54,23.35]
OTTOWN|Telos|ROAD|TRACK|10.0|[16208.90,17290.25,24.15]|[16204.18,17282.31,23.99]
OTTOWN|Telos|H|0|[19.79,19.84,19.99,20.14,20.21,20.32,20.63,20.93,21.21,21.36,21.36,21.37,21.38,21.38,21.37,21.37,21.36,21.32,21.29,21.27,21.25,21.19,21.13,21.07,21.03,20.99,20.96,20.92,20.90,20.89,20.89,20.89,20.86,20.84,20.87,20.91,20.97,21.04,21.15,21.26,21.37,21.46,21.54,21.63,21.72]
OTTOWN|Telos|H|1|[19.92,19.97,20.12,20.18,20.24,20.35,20.66,20.94,21.22,21.37,21.38,21.38,21.39,21.39,21.38,21.37,21.36,21.33,21.31,21.30,21.27,21.21,21.16,21.10,21.06,21.02,20.99,20.95,20.93,20.93,20.93,20.93,20.91,20.94,20.97,21.01,21.08,21.19,21.30,21.41,21.51,21.59,21.67,21.75,21.80]
OTTOWN|Telos|H|2|[20.05,20.10,20.16,20.22,20.28,20.39,20.67,20.95,21.23,21.38,21.39,21.40,21.41,21.40,21.39,21.38,21.37,21.35,21.33,21.32,21.29,21.24,21.18,21.13,21.09,21.05,21.02,20.98,20.97,20.97,20.97,20.97,21.00,21.04,21.07,21.12,21.23,21.34,21.45,21.55,21.63,21.71,21.79,21.84,21.87]
OTTOWN|Telos|H|3|[20.25,20.20,20.25,20.32,20.38,20.47,20.75,21.03,21.26,21.36,21.37,21.38,21.41,21.41,21.40,21.39,21.38,21.36,21.34,21.32,21.30,21.24,21.19,21.14,21.09,21.06,21.02,20.99,20.98,20.98,20.98,21.03,21.06,21.09,21.14,21.23,21.34,21.45,21.55,21.63,21.71,21.79,21.84,21.88,21.91]
OTTOWN|Telos|H|4|[20.35,20.29,20.35,20.41,20.46,20.55,20.83,21.06,21.24,21.35,21.35,21.38,21.42,21.42,21.41,21.40,21.39,21.37,21.35,21.33,21.31,21.25,21.20,21.15,21.10,21.07,21.03,20.99,20.98,20.98,21.03,21.08,21.12,21.16,21.25,21.34,21.45,21.55,21.63,21.71,21.79,21.84,21.88,21.92,21.96]
OTTOWN|Telos|H|5|[20.45,20.39,20.44,20.49,20.54,20.63,20.86,21.04,21.22,21.33,21.35,21.39,21.42,21.43,21.42,21.41,21.40,21.38,21.36,21.34,21.31,21.26,21.21,21.15,21.11,21.07,21.04,21.00,20.99,21.04,21.09,21.14,21.19,21.27,21.36,21.45,21.54,21.63,21.71,21.79,21.84,21.88,21.93,21.96,21.98]
OTTOWN|Telos|H|6|[20.56,20.49,20.53,20.57,20.62,20.68,20.86,21.04,21.22,21.31,21.34,21.37,21.41,21.43,21.42,21.41,21.40,21.38,21.37,21.35,21.32,21.27,21.22,21.16,21.12,21.09,21.05,21.01,21.03,21.08,21.14,21.20,21.29,21.37,21.46,21.54,21.62,21.71,21.79,21.84,21.89,21.93,21.97,21.99,22.01]
OTTOWN|Telos|H|7|[20.69,20.58,20.62,20.67,20.69,20.73,20.91,21.09,21.19,21.24,21.28,21.31,21.40,21.42,21.41,21.40,21.41,21.39,21.37,21.36,21.34,21.28,21.23,21.19,21.15,21.11,21.08,21.04,21.06,21.11,21.18,21.29,21.38,21.46,21.54,21.62,21.70,21.79,21.85,21.90,21.94,21.98,22.00,22.02,22.04]
OTTOWN|Telos|H|8|[20.78,20.68,20.72,20.74,20.74,20.78,20.96,21.05,21.12,21.18,21.21,21.30,21.39,21.41,21.41,21.41,21.41,21.39,21.38,21.37,21.35,21.30,21.26,21.22,21.18,21.14,21.11,21.07,21.09,21.16,21.27,21.38,21.46,21.55,21.62,21.70,21.78,21.84,21.90,21.95,21.99,22.01,22.03,22.05,22.06]
OTTOWN|Telos|H|9|[20.88,20.77,20.79,20.79,20.79,20.82,20.92,20.99,21.06,21.11,21.20,21.29,21.39,21.41,21.41,21.41,21.42,21.40,21.39,21.38,21.36,21.32,21.29,21.25,21.21,21.17,21.14,21.10,21.14,21.25,21.36,21.47,21.55,21.63,21.70,21.78,21.84,21.89,21.95,22.00,22.02,22.04,22.06,22.08,22.08]
OTTOWN|Telos|H|10|[20.94,20.87,20.87,20.87,20.87,20.84,20.91,20.98,21.05,21.13,21.22,21.31,21.40,21.44,21.44,21.45,21.45,21.44,21.43,21.42,21.39,21.35,21.31,21.28,21.25,21.21,21.17,21.15,21.23,21.34,21.45,21.55,21.63,21.71,21.78,21.85,21.90,21.95,22.01,22.03,22.06,22.08,22.09,22.10,22.11]
OTTOWN|Telos|H|11|[21.01,20.97,20.96,20.96,20.91,20.87,20.93,21.00,21.07,21.15,21.24,21.34,21.46,21.50,21.50,21.50,21.50,21.49,21.47,21.45,21.42,21.38,21.34,21.32,21.29,21.25,21.23,21.24,21.33,21.44,21.54,21.63,21.71,21.79,21.85,21.91,21.96,22.02,22.05,22.08,22.10,22.12,22.12,22.13,22.14]
OTTOWN|Telos|H|12|[21.11,21.07,21.06,21.01,20.94,20.89,20.96,21.03,21.10,21.18,21.28,21.39,21.51,21.55,21.55,21.55,21.54,21.53,21.51,21.48,21.45,21.41,21.38,21.36,21.33,21.30,21.32,21.34,21.42,21.52,21.62,21.72,21.79,21.86,21.92,21.97,22.03,22.06,22.10,22.13,22.14,22.14,22.15,22.15,22.16]
OTTOWN|Telos|H|13|[21.21,21.16,21.11,21.04,20.96,20.92,20.99,21.06,21.13,21.21,21.33,21.45,21.56,21.60,21.60,21.59,21.59,21.57,21.54,21.51,21.48,21.45,21.42,21.40,21.38,21.40,21.42,21.44,21.51,21.61,21.70,21.80,21.86,21.92,21.98,22.04,22.07,22.11,22.14,22.17,22.17,22.17,22.17,22.18,22.18]
OTTOWN|Telos|H|14|[21.25,21.23,21.16,21.09,21.02,21.10,21.17,21.24,21.32,21.44,21.56,21.67,21.73,21.73,21.73,21.72,21.71,21.68,21.65,21.62,21.59,21.56,21.54,21.53,21.58,21.60,21.62,21.63,21.70,21.79,21.89,21.94,22.00,22.06,22.12,22.13,22.16,22.20,22.22,22.21,22.22,22.22,22.21,22.20,22.20]
OTTOWN|Telos|H|15|[21.30,21.30,21.23,21.16,21.23,21.31,21.38,21.46,21.59,21.71,21.82,21.88,21.88,21.88,21.88,21.86,21.85,21.82,21.79,21.75,21.72,21.69,21.69,21.75,21.80,21.82,21.83,21.84,21.90,22.00,22.06,22.10,22.16,22.21,22.22,22.23,22.26,22.28,22.27,22.27,22.27,22.26,22.24,22.23,22.23]
OTTOWN|Telos|H|16|[21.37,21.36,21.29,21.37,21.45,21.52,21.61,21.73,21.85,21.97,22.03,22.03,22.03,22.03,22.02,22.00,21.98,21.96,21.92,21.88,21.85,21.84,21.91,21.98,22.02,22.03,22.04,22.04,22.11,22.17,22.21,22.25,22.31,22.31,22.32,22.32,22.35,22.34,22.33,22.32,22.31,22.29,22.26,22.26,22.24]
OTTOWN|Telos|H|17|[21.43,21.43,21.51,21.58,21.66,21.75,21.87,21.99,22.12,22.18,22.18,22.18,22.18,22.16,22.15,22.13,22.12,22.08,22.04,22.01,21.99,22.06,22.12,22.19,22.24,22.25,22.25,22.26,22.29,22.33,22.37,22.42,22.42,22.42,22.42,22.42,22.41,22.39,22.38,22.36,22.34,22.32,22.29,22.27,22.26]
OTTOWN|Telos|H|18|[21.51,21.63,21.71,21.79,21.88,22.00,22.12,22.24,22.29,22.27,22.27,22.27,22.26,22.25,22.23,22.22,22.20,22.16,22.12,22.09,22.09,22.15,22.22,22.38,22.51,22.52,22.52,22.55,22.58,22.63,22.67,22.63,22.64,22.64,22.62,22.54,22.53,22.52,22.48,22.44,22.41,22.39,22.35,22.32,22.31]
OTTOWN|Telos|H|19|[21.72,21.84,21.92,22.00,22.12,22.25,22.37,22.41,22.38,22.37,22.37,22.36,22.35,22.34,22.32,22.30,22.28,22.24,22.21,22.19,22.19,22.25,22.41,22.65,22.78,22.79,22.81,22.84,22.88,22.92,22.89,22.85,22.85,22.83,22.74,22.67,22.66,22.62,22.56,22.51,22.49,22.45,22.40,22.38,22.36]
OTTOWN|Telos|H|20|[21.93,22.04,22.13,22.25,22.37,22.49,22.54,22.51,22.48,22.46,22.46,22.45,22.43,22.42,22.40,22.38,22.36,22.32,22.31,22.29,22.29,22.44,22.68,22.92,23.06,23.08,23.11,23.14,23.18,23.14,23.11,23.07,23.05,22.96,22.87,22.79,22.76,22.69,22.63,22.59,22.55,22.50,22.45,22.43,22.39]
OTTOWN|Telos|H|21|[22.10,22.24,22.36,22.48,22.60,22.64,22.61,22.58,22.55,22.54,22.53,22.52,22.51,22.50,22.48,22.45,22.47,22.46,22.44,22.42,22.49,22.73,22.97,23.21,23.28,23.31,23.34,23.37,23.35,23.31,23.28,23.25,23.17,23.08,22.99,22.91,22.85,22.78,22.72,22.66,22.61,22.56,22.52,22.50,22.47]
OTTOWN|Telos|H|22|[22.24,22.41,22.53,22.65,22.70,22.67,22.64,22.61,22.60,22.59,22.58,22.57,22.58,22.57,22.54,22.56,22.67,22.66,22.64,22.68,22.81,23.05,23.29,23.36,23.38,23.41,23.44,23.45,23.42,23.39,23.36,23.36,23.28,23.19,23.10,23.03,22.97,22.91,22.83,22.76,22.71,22.66,22.69,22.68,22.65]
OTTOWN|Telos|H|23|[22.42,22.59,22.71,22.75,22.73,22.70,22.67,22.65,22.65,22.64,22.63,22.64,22.65,22.64,22.65,22.76,22.87,22.86,22.90,23.01,23.14,23.38,23.45,23.46,23.48,23.50,23.51,23.52,23.50,23.47,23.47,23.47,23.39,23.30,23.23,23.15,23.09,23.01,22.93,22.86,22.81,22.84,22.87,22.86,22.84]
OTTOWN|Telos|H|24|[22.59,22.76,22.81,22.78,22.75,22.72,22.71,22.70,22.69,22.68,22.70,22.71,22.72,22.74,22.85,22.96,23.08,23.13,23.23,23.33,23.46,23.53,23.54,23.55,23.57,23.58,23.59,23.59,23.58,23.58,23.58,23.58,23.50,23.43,23.35,23.27,23.20,23.11,23.02,22.96,22.99,23.01,23.04,23.05,23.11]
OTTOWN|Telos|H|25|[22.80,22.90,22.87,22.84,22.81,22.75,22.74,22.73,22.73,22.73,22.74,22.75,22.79,22.90,23.01,23.12,23.20,23.30,23.40,23.50,23.57,23.58,23.59,23.60,23.61,23.61,23.62,23.63,23.63,23.63,23.63,23.64,23.56,23.49,23.41,23.38,23.30,23.21,23.13,23.11,23.14,23.17,23.20,23.25,23.31]
OTTOWN|Telos|H|26|[22.95,22.98,22.96,22.93,22.85,22.77,22.76,22.75,22.75,22.75,22.76,22.80,22.91,23.03,23.14,23.21,23.24,23.34,23.45,23.52,23.58,23.59,23.60,23.61,23.61,23.62,23.63,23.63,23.63,23.63,23.64,23.65,23.57,23.50,23.49,23.49,23.40,23.32,23.26,23.24,23.27,23.30,23.35,23.40,23.46]
OTTOWN|Telos|H|27|[23.03,23.07,23.04,22.96,22.87,22.79,22.78,22.78,22.77,22.78,22.81,22.93,23.04,23.16,23.23,23.26,23.29,23.39,23.47,23.54,23.60,23.61,23.61,23.61,23.62,23.62,23.63,23.63,23.63,23.64,23.65,23.66,23.58,23.58,23.59,23.59,23.51,23.45,23.39,23.37,23.41,23.46,23.50,23.56,23.65]
OTTOWN|Telos|H|28|[23.12,23.15,23.08,22.98,22.88,22.81,22.80,22.80,22.80,22.83,22.94,23.06,23.17,23.24,23.28,23.31,23.34,23.41,23.48,23.55,23.61,23.61,23.61,23.62,23.62,23.62,23.63,23.63,23.64,23.65,23.66,23.67,23.67,23.68,23.70,23.69,23.64,23.58,23.53,23.51,23.56,23.61,23.66,23.75,23.88]
OTTOWN|Telos|H|29|[23.11,23.18,23.09,23.00,22.90,22.87,22.86,22.86,22.87,22.94,23.06,23.17,23.27,23.32,23.35,23.38,23.40,23.46,23.53,23.60,23.62,23.62,23.62,23.62,23.63,23.63,23.63,23.63,23.64,23.65,23.66,23.68,23.70,23.71,23.73,23.76,23.70,23.65,23.61,23.64,23.69,23.74,23.80,23.92,24.05]
OTTOWN|Telos|H|30|[23.12,23.19,23.11,23.01,22.97,22.94,22.93,22.94,22.98,23.05,23.17,23.27,23.35,23.39,23.42,23.44,23.46,23.52,23.59,23.61,23.63,23.63,23.63,23.63,23.63,23.63,23.63,23.63,23.64,23.65,23.67,23.70,23.71,23.73,23.78,23.81,23.76,23.72,23.74,23.77,23.82,23.88,23.96,24.07,24.20]
OTTOWN|Telos|H|31|[23.14,23.21,23.12,23.08,23.04,23.00,23.01,23.05,23.09,23.17,23.26,23.34,23.42,23.47,23.49,23.50,23.51,23.58,23.60,23.62,23.63,23.64,23.64,23.64,23.64,23.64,23.64,23.64,23.64,23.67,23.69,23.71,23.73,23.78,23.83,23.86,23.82,23.84,23.86,23.89,23.96,24.03,24.11,24.23,24.26]
OTTOWN|Telos|H|32|[23.15,23.23,23.19,23.15,23.10,23.09,23.13,23.17,23.21,23.26,23.34,23.42,23.50,23.53,23.55,23.56,23.57,23.59,23.61,23.63,23.64,23.64,23.64,23.64,23.64,23.64,23.64,23.64,23.66,23.68,23.71,23.73,23.78,23.83,23.88,23.93,23.95,23.97,23.99,24.03,24.11,24.19,24.26,24.28,24.28]
OTTOWN|Telos|H|33|[23.16,23.20,23.16,23.12,23.12,23.21,23.25,23.29,23.32,23.37,23.45,23.53,23.56,23.57,23.59,23.60,23.62,23.64,23.65,23.67,23.66,23.66,23.66,23.65,23.65,23.65,23.65,23.65,23.67,23.70,23.72,23.81,23.87,23.92,23.98,24.07,24.08,24.10,24.11,24.13,24.21,24.29,24.29,24.29,24.28]
OTTOWN|Telos|H|34|[23.13,23.17,23.13,23.13,23.24,23.34,23.38,23.41,23.43,23.47,23.55,23.58,23.60,23.62,23.63,23.65,23.66,23.68,23.69,23.68,23.67,23.67,23.67,23.66,23.65,23.65,23.66,23.67,23.69,23.71,23.80,23.90,23.95,24.01,24.11,24.20,24.22,24.22,24.21,24.23,24.31,24.32,24.30,24.29,24.29]
OTTOWN|Telos|H|35|[23.10,23.15,23.15,23.26,23.37,23.47,23.50,23.51,23.53,23.57,23.61,23.63,23.64,23.66,23.68,23.69,23.71,23.72,23.71,23.70,23.69,23.68,23.67,23.66,23.66,23.66,23.68,23.69,23.71,23.80,23.89,23.98,24.04,24.15,24.25,24.33,24.33,24.32,24.31,24.33,24.34,24.33,24.31,24.30,24.30]
OTTOWN|Telos|H|36|[23.15,23.19,23.30,23.41,23.52,23.59,23.60,23.62,23.63,23.65,23.67,23.68,23.70,23.71,23.73,23.74,23.75,23.74,23.73,23.72,23.70,23.69,23.68,23.67,23.67,23.68,23.69,23.70,23.80,23.89,23.98,24.08,24.18,24.28,24.38,24.43,24.42,24.40,24.39,24.37,24.35,24.34,24.32,24.31,24.31]
OTTOWN|Telos|H|37|[23.34,23.40,23.51,23.62,23.68,23.69,23.71,23.73,23.73,23.74,23.76,23.77,23.76,23.77,23.79,23.80,23.79,23.78,23.76,23.74,23.71,23.70,23.69,23.69,23.70,23.71,23.72,23.82,23.92,24.01,24.10,24.21,24.31,24.41,24.47,24.47,24.46,24.44,24.42,24.39,24.38,24.36,24.34,24.34,24.33]
OTTOWN|Telos|H|38|[23.55,23.60,23.71,23.77,23.79,23.80,23.82,23.82,23.82,23.83,23.85,23.84,23.83,23.83,23.84,23.83,23.82,23.81,23.79,23.75,23.72,23.71,23.71,23.71,23.72,23.73,23.84,23.94,24.03,24.13,24.24,24.34,24.44,24.50,24.51,24.51,24.50,24.47,24.44,24.42,24.40,24.38,24.37,24.36,24.35]
OTTOWN|Telos|H|39|[23.75,23.81,23.87,23.88,23.89,23.91,23.91,23.91,23.91,23.92,23.91,23.90,23.89,23.89,23.88,23.87,23.86,23.83,23.79,23.76,23.72,23.73,23.73,23.74,23.74,23.85,23.95,24.06,24.16,24.26,24.37,24.48,24.53,24.54,24.55,24.55,24.52,24.50,24.47,24.44,24.42,24.41,24.39,24.38,24.37]
OTTOWN|Telos|H|40|[23.91,23.93,23.94,23.96,23.97,23.97,23.97,23.97,23.97,23.96,23.95,23.94,23.94,23.93,23.92,23.91,23.88,23.84,23.81,23.77,23.79,23.79,23.80,23.80,23.90,24.00,24.10,24.20,24.29,24.39,24.50,24.57,24.57,24.58,24.59,24.57,24.54,24.51,24.48,24.47,24.45,24.43,24.43,24.44,24.43]
OTTOWN|Telos|H|41|[24.00,23.98,24.00,24.01,24.01,24.00,24.00,24.00,24.00,24.00,23.99,23.98,23.98,23.97,23.96,23.94,23.90,23.86,23.82,23.85,23.89,23.89,23.90,23.98,24.08,24.18,24.27,24.33,24.42,24.52,24.59,24.61,24.62,24.63,24.61,24.58,24.55,24.52,24.51,24.50,24.48,24.48,24.53,24.54,24.53]
OTTOWN|Telos|H|42|[24.05,24.04,24.05,24.05,24.04,24.03,24.03,24.03,24.04,24.03,24.03,24.03,24.03,24.02,23.99,23.95,23.91,23.88,23.90,23.95,23.99,24.00,24.08,24.16,24.25,24.35,24.40,24.46,24.55,24.61,24.64,24.66,24.67,24.65,24.62,24.58,24.56,24.55,24.55,24.53,24.53,24.58,24.63,24.64,24.65]
OTTOWN|Telos|H|43|[24.11,24.09,24.09,24.08,24.07,24.06,24.07,24.07,24.07,24.07,24.07,24.07,24.07,24.05,24.01,23.97,23.93,23.96,24.00,24.05,24.09,24.18,24.26,24.34,24.42,24.48,24.53,24.59,24.64,24.66,24.69,24.71,24.69,24.66,24.62,24.59,24.59,24.58,24.58,24.58,24.63,24.68,24.73,24.76,24.80]
OTTOWN|Telos|H|44|[24.21,24.17,24.16,24.15,24.14,24.10,24.11,24.11,24.11,24.10,24.10,24.10,24.10,24.08,24.04,24.00,23.98,24.03,24.08,24.12,24.22,24.30,24.38,24.46,24.51,24.57,24.62,24.66,24.69,24.71,24.73,24.74,24.71,24.68,24.65,24.63,24.63,24.62,24.64,24.70,24.75,24.80,24.85,24.89,24.93]
OTTOWN|Telos|END
OTTOWN|Anthrakia|HEAD|i_Stone_HouseBig_V1_F|Land_i_Stone_HouseBig_V3_F|[16551.629,16131.479,14.557]|296.24|false|48|1|2
OTTOWN|Anthrakia|BOX|[-6.78,-6.16,6.78,6.16,-5.84,5.84]
OTTOWN|Anthrakia|DOOR|main|[16554.75,16133.29,15.00]|476.2|1.00
OTTOWN|Anthrakia|BPOS|[[16549.37,16132.09,15.07],[16546.86,16133.16,15.05],[16549.15,16137.23,17.84],[16553.32,16133.15,17.89],[16548.39,16132.06,17.89],[16551.81,16135.62,15.06]]
OTTOWN|Anthrakia|OBJ|building|Land_i_Stone_Shed_V2_F|[16546.18,16094.23,14.10]|312.4|[-4.53,-4.96,4.53,4.96,-3.80,3.80]
OTTOWN|Anthrakia|OBJ|building|Land_i_House_Small_02_V3_F|[16582.62,16099.91,15.22]|51.7|[-8.20,-4.64,8.20,4.64,-4.71,4.71]
OTTOWN|Anthrakia|OBJ|building|calvary_02_v2_f.p3d|[16565.21,16119.39,14.81]|218.5|[-0.48,-0.43,0.48,0.43,-1.25,1.25]
OTTOWN|Anthrakia|OBJ|building|Land_i_House_Big_02_V3_F|[16564.14,16162.29,14.94]|30.6|[-5.33,-12.09,5.33,12.09,-6.09,6.09]
OTTOWN|Anthrakia|OBJ|building|Land_i_Garage_V1_F|[16578.61,16165.79,15.00]|307.4|[-9.00,-3.69,9.00,3.69,-3.37,3.37]
OTTOWN|Anthrakia|OBJ|wall|wired_fence_8m_f.p3d|[16519.67,16104.63,13.50]|97.8|[-4.10,-0.08,4.10,0.08,-0.89,0.89]
OTTOWN|Anthrakia|OBJ|wall|wired_fence_8m_f.p3d|[16532.89,16108.62,13.70]|30.0|[-4.10,-0.08,4.10,0.08,-0.89,0.89]
OTTOWN|Anthrakia|OBJ|wall|stone_8m_f.p3d|[16586.05,16107.25,15.15]|321.7|[-4.26,-0.35,4.26,0.35,-1.30,1.30]
OTTOWN|Anthrakia|OBJ|wall|stone_pillar_f.p3d|[16589.27,16109.64,15.16]|324.2|[-0.45,-0.44,0.45,0.44,-1.79,1.79]
OTTOWN|Anthrakia|OBJ|wall|wired_fence_8m_f.p3d|[16520.93,16112.64,13.62]|100.7|[-4.10,-0.08,4.10,0.08,-0.89,0.89]
OTTOWN|Anthrakia|OBJ|wall|wired_fence_8m_f.p3d|[16526.02,16112.86,13.65]|32.9|[-4.10,-0.08,4.10,0.08,-0.89,0.89]
OTTOWN|Anthrakia|OBJ|wall|stone_8md_f.p3d|[16533.27,16126.01,14.05]|203.0|[-4.14,-0.76,4.14,0.76,-1.28,1.28]
OTTOWN|Anthrakia|OBJ|wall|stone_8m_f.p3d|[16552.92,16121.31,14.50]|116.0|[-4.26,-0.35,4.26,0.35,-1.30,1.30]
OTTOWN|Anthrakia|OBJ|wall|stone_8m_f.p3d|[16531.88,16131.34,14.10]|295.6|[-4.26,-0.35,4.26,0.35,-1.30,1.30]
OTTOWN|Anthrakia|OBJ|wall|stone_8m_f.p3d|[16540.31,16122.84,14.20]|25.5|[-4.26,-0.35,4.26,0.35,-1.30,1.30]
OTTOWN|Anthrakia|OBJ|wall|stone_8m_f.p3d|[16547.45,16119.45,14.32]|25.5|[-4.26,-0.35,4.26,0.35,-1.30,1.30]
OTTOWN|Anthrakia|OBJ|wall|stone_8m_f.p3d|[16535.28,16138.47,14.22]|295.6|[-4.26,-0.35,4.26,0.35,-1.30,1.30]
OTTOWN|Anthrakia|OBJ|wall|wired_fence_8m_f.p3d|[16555.00,16115.39,14.43]|29.6|[-4.10,-0.08,4.10,0.08,-0.89,0.89]
OTTOWN|Anthrakia|OBJ|wall|stone_pillar_f.p3d|[16551.21,16117.56,14.35]|24.7|[-0.45,-0.44,0.45,0.44,-1.79,1.79]
OTTOWN|Anthrakia|OBJ|wall|stone_pillar_f.p3d|[16530.14,16127.39,13.98]|24.7|[-0.45,-0.44,0.45,0.44,-1.79,1.79]
OTTOWN|Anthrakia|OBJ|wall|stone_pillar_f.p3d|[16554.80,16124.88,14.65]|24.7|[-0.45,-0.44,0.45,0.44,-1.79,1.79]
OTTOWN|Anthrakia|OBJ|wall|wired_fence_8m_f.p3d|[16562.11,16111.55,14.64]|26.7|[-4.10,-0.08,4.10,0.08,-0.89,0.89]
OTTOWN|Anthrakia|OBJ|wall|stone_pillar_f.p3d|[16537.16,16142.32,14.22]|24.7|[-0.45,-0.44,0.45,0.44,-1.79,1.79]
OTTOWN|Anthrakia|OBJ|wall|stone_8md_f.p3d|[16582.36,16159.58,15.17]|33.5|[-4.14,-0.76,4.14,0.76,-1.28,1.28]
OTTOWN|Anthrakia|OBJ|tree|t_ficusb2s_f.p3d|[16521.49,16105.35,13.58]|277.0|[-8.66,-8.23,8.66,8.23,-5.99,5.99]
OTTOWN|Anthrakia|OBJ|tree|t_ficusb1s_f.p3d|[16540.36,16102.45,13.77]|106.9|[-5.06,-5.62,5.06,5.62,-4.61,4.61]
OTTOWN|Anthrakia|OBJ|tree|t_ficusb1s_f.p3d|[16550.59,16100.23,14.10]|2.7|[-5.06,-5.62,5.06,5.62,-4.61,4.61]
OTTOWN|Anthrakia|OBJ|tree|t_ficusb1s_f.p3d|[16536.99,16105.21,13.73]|63.1|[-5.06,-5.62,5.06,5.62,-4.61,4.61]
OTTOWN|Anthrakia|OBJ|tree|t_ficusb2s_f.p3d|[16514.06,16118.35,13.58]|175.9|[-8.66,-8.23,8.66,8.23,-5.99,5.99]
OTTOWN|Anthrakia|OBJ|tree|t_ficusb2s_f.p3d|[16528.53,16132.17,14.14]|235.0|[-8.66,-8.23,8.66,8.23,-5.99,5.99]
OTTOWN|Anthrakia|OBJ|tree|t_ficusb2s_f.p3d|[16522.41,16112.36,13.64]|63.1|[-8.66,-8.23,8.66,8.23,-5.99,5.99]
OTTOWN|Anthrakia|OBJ|tree|t_ficusb2s_f.p3d|[16527.54,16125.92,13.91]|225.0|[-8.66,-8.23,8.66,8.23,-5.99,5.99]
OTTOWN|Anthrakia|OBJ|tree|t_ficusb1s_f.p3d|[16527.24,16119.08,13.77]|171.9|[-5.06,-5.62,5.06,5.62,-4.61,4.61]
OTTOWN|Anthrakia|OBJ|tree|t_ficusb2s_f.p3d|[16532.59,16138.76,14.21]|304.0|[-8.66,-8.23,8.66,8.23,-5.99,5.99]
OTTOWN|Anthrakia|OBJ|tree|t_ficusb1s_f.p3d|[16552.84,16117.98,14.38]|344.9|[-5.06,-5.62,5.06,5.62,-4.61,4.61]
OTTOWN|Anthrakia|OBJ|tree|t_ficusb1s_f.p3d|[16556.06,16121.59,14.65]|108.0|[-5.06,-5.62,5.06,5.62,-4.61,4.61]
OTTOWN|Anthrakia|OBJ|tree|t_ficusb1s_f.p3d|[16511.39,16149.19,13.79]|330.1|[-5.06,-5.62,5.06,5.62,-4.61,4.61]
OTTOWN|Anthrakia|OBJ|tree|t_ficusb1s_f.p3d|[16515.96,16145.81,13.86]|230.0|[-5.06,-5.62,5.06,5.62,-4.61,4.61]
OTTOWN|Anthrakia|OBJ|tree|t_ficusb2s_f.p3d|[16546.72,16155.53,14.46]|251.0|[-8.66,-8.23,8.66,8.23,-5.99,5.99]
OTTOWN|Anthrakia|OBJ|tree|t_ficusb2s_f.p3d|[16549.69,16160.76,14.64]|190.0|[-8.66,-8.23,8.66,8.23,-5.99,5.99]
OTTOWN|Anthrakia|OBJ|tree|t_ficusb1s_f.p3d|[16552.68,16164.82,14.70]|124.9|[-5.06,-5.62,5.06,5.62,-4.61,4.61]
OTTOWN|Anthrakia|OBJ|tree|t_oleae1s_f.p3d|[16583.38,16161.67,15.10]|240.0|[-3.91,-4.12,3.91,4.12,-5.03,5.03]
OTTOWN|Anthrakia|OBJ|tree|t_ficusb2s_f.p3d|[16542.00,16171.71,14.77]|342.0|[-8.66,-8.23,8.66,8.23,-5.99,5.99]
OTTOWN|Anthrakia|OBJ|tree|t_ficusb2s_f.p3d|[16546.61,16175.80,14.89]|268.0|[-8.66,-8.23,8.66,8.23,-5.99,5.99]
OTTOWN|Anthrakia|ROAD|TRACK|10.0|[16535.72,16070.71,13.53]|[16550.71,16088.47,14.01]
OTTOWN|Anthrakia|ROAD|TRACK|10.0|[16550.71,16088.47,14.01]|[16572.35,16106.79,14.90]
OTTOWN|Anthrakia|ROAD|ROAD|10.0|[16610.80,16091.82,15.31]|[16588.13,16120.01,15.06]
OTTOWN|Anthrakia|ROAD|ROAD|10.0|[16588.13,16120.01,15.06]|[16563.53,16139.42,14.70]
OTTOWN|Anthrakia|ROAD|TRACK|10.0|[16572.35,16106.79,14.90]|[16589.00,16118.72,15.07]
OTTOWN|Anthrakia|ROAD|TRACK|10.0|[16589.00,16118.72,15.07]|[16603.70,16130.26,15.09]
OTTOWN|Anthrakia|ROAD|TRACK|10.0|[16534.47,16152.47,14.13]|[16513.28,16163.58,13.91]
OTTOWN|Anthrakia|ROAD|ROAD|10.0|[16563.53,16139.42,14.70]|[16542.68,16149.15,14.29]
OTTOWN|Anthrakia|ROAD|TRACK|10.0|[16543.70,16148.18,14.31]|[16534.47,16152.47,14.13]
OTTOWN|Anthrakia|ROAD|ROAD|10.0|[16542.68,16149.15,14.29]|[16533.26,16152.84,14.11]
OTTOWN|Anthrakia|H|0|[13.29,13.28,13.28,13.27,13.27,13.26,13.26,13.25,13.24,13.22,13.20,13.18,13.25,13.34,13.43,13.52,13.60,13.69,13.77,13.85,13.93,14.00,14.08,14.15,14.22,14.29,14.37,14.42,14.47,14.52,14.57,14.62,14.67,14.72,14.76,14.81,14.85,14.90,14.97,15.07,15.17,15.27,15.30,15.31,15.32]
OTTOWN|Anthrakia|H|1|[13.32,13.31,13.31,13.31,13.32,13.31,13.31,13.29,13.28,13.26,13.24,13.21,13.27,13.36,13.45,13.51,13.60,13.68,13.76,13.82,13.90,13.97,14.06,14.14,14.21,14.29,14.37,14.42,14.47,14.53,14.59,14.64,14.69,14.74,14.78,14.83,14.87,14.96,15.06,15.16,15.26,15.28,15.29,15.30,15.31]
OTTOWN|Anthrakia|H|2|[13.34,13.34,13.34,13.35,13.36,13.36,13.35,13.33,13.31,13.30,13.26,13.23,13.29,13.38,13.44,13.50,13.59,13.67,13.73,13.80,13.87,13.96,14.05,14.13,14.21,14.29,14.37,14.43,14.48,14.54,14.61,14.66,14.71,14.75,14.80,14.85,14.93,15.04,15.15,15.24,15.27,15.27,15.28,15.29,15.30]
OTTOWN|Anthrakia|H|3|[13.37,13.37,13.39,13.40,13.41,13.40,13.38,13.37,13.35,13.32,13.28,13.25,13.31,13.38,13.44,13.50,13.58,13.64,13.70,13.77,13.85,13.95,14.04,14.13,14.21,14.29,14.37,14.43,14.50,14.56,14.63,14.68,14.72,14.77,14.82,14.90,15.01,15.13,15.23,15.25,15.25,15.26,15.27,15.27,15.28]
OTTOWN|Anthrakia|H|4|[13.39,13.41,13.43,13.44,13.45,13.43,13.42,13.40,13.38,13.34,13.31,13.28,13.32,13.39,13.45,13.51,13.57,13.63,13.69,13.77,13.86,13.96,14.05,14.14,14.22,14.30,14.38,14.45,14.51,14.58,14.64,14.69,14.74,14.79,14.86,14.97,15.08,15.19,15.24,15.24,15.24,15.25,15.26,15.26,15.27]
OTTOWN|Anthrakia|H|5|[13.41,13.42,13.44,13.46,13.46,13.45,13.43,13.43,13.41,13.38,13.34,13.34,13.39,13.45,13.51,13.57,13.63,13.69,13.75,13.83,13.93,14.02,14.10,14.17,14.26,14.34,14.40,14.46,14.53,14.59,14.64,14.69,14.74,14.79,14.87,14.98,15.09,15.18,15.22,15.22,15.23,15.24,15.25,15.26,15.26]
OTTOWN|Anthrakia|H|6|[13.42,13.44,13.45,13.47,13.47,13.46,13.46,13.46,13.44,13.41,13.40,13.40,13.45,13.51,13.57,13.63,13.69,13.75,13.82,13.89,13.99,14.06,14.13,14.21,14.29,14.35,14.41,14.48,14.54,14.59,14.64,14.69,14.74,14.80,14.87,14.99,15.08,15.17,15.21,15.21,15.22,15.24,15.24,15.25,15.25]
OTTOWN|Anthrakia|H|7|[13.43,13.45,13.47,13.48,13.49,13.49,13.49,13.49,13.48,13.47,13.47,13.46,13.51,13.57,13.63,13.68,13.75,13.81,13.88,13.96,14.03,14.10,14.17,14.25,14.31,14.37,14.43,14.49,14.54,14.59,14.64,14.70,14.75,14.81,14.88,14.97,15.06,15.15,15.19,15.20,15.22,15.23,15.24,15.24,15.24]
OTTOWN|Anthrakia|H|8|[13.45,13.46,13.48,13.49,13.51,13.52,13.52,13.52,13.53,13.52,13.51,13.51,13.56,13.62,13.68,13.74,13.81,13.88,13.94,14.00,14.07,14.14,14.21,14.27,14.33,14.39,14.45,14.50,14.55,14.60,14.68,14.73,14.79,14.85,14.90,14.99,15.07,15.16,15.18,15.19,15.20,15.22,15.22,15.23,15.23]
OTTOWN|Anthrakia|H|9|[13.46,13.47,13.49,13.52,13.54,13.54,13.54,13.56,13.56,13.56,13.56,13.57,13.62,13.68,13.74,13.80,13.86,13.93,13.99,14.05,14.11,14.18,14.23,14.29,14.35,14.41,14.46,14.51,14.56,14.65,14.75,14.81,14.86,14.89,14.94,15.03,15.11,15.14,15.16,15.17,15.18,15.20,15.20,15.21,15.21]
OTTOWN|Anthrakia|H|10|[13.47,13.48,13.51,13.54,13.56,13.56,13.58,13.60,13.60,13.60,13.61,13.62,13.67,13.73,13.79,13.85,13.92,13.98,14.03,14.09,14.16,14.20,14.25,14.31,14.37,14.42,14.47,14.52,14.61,14.72,14.82,14.88,14.91,14.93,14.98,15.06,15.09,15.12,15.13,15.15,15.16,15.18,15.19,15.19,15.20]
OTTOWN|Anthrakia|H|11|[13.48,13.50,13.53,13.56,13.59,13.60,13.62,13.63,13.64,13.65,13.66,13.67,13.73,13.79,13.85,13.91,13.97,14.02,14.07,14.13,14.18,14.23,14.27,14.33,14.38,14.43,14.49,14.57,14.68,14.79,14.89,14.93,14.95,14.97,15.01,15.04,15.07,15.09,15.11,15.13,15.15,15.16,15.17,15.17,15.18]
OTTOWN|Anthrakia|H|12|[13.49,13.52,13.55,13.58,13.59,13.61,13.63,13.65,13.66,13.67,13.69,13.70,13.76,13.82,13.88,13.94,13.99,14.05,14.10,14.16,14.20,14.25,14.30,14.34,14.40,14.45,14.53,14.64,14.75,14.86,14.90,14.92,14.95,14.97,14.99,15.02,15.05,15.07,15.09,15.11,15.13,15.14,15.15,15.16,15.16]
OTTOWN|Anthrakia|H|13|[13.50,13.53,13.55,13.57,13.59,13.61,13.63,13.66,13.67,13.69,13.70,13.73,13.78,13.84,13.90,13.97,14.02,14.07,14.13,14.19,14.23,14.28,14.32,14.36,14.42,14.50,14.60,14.71,14.82,14.86,14.88,14.91,14.93,14.95,14.98,15.00,15.03,15.05,15.07,15.09,15.11,15.13,15.14,15.14,15.16]
OTTOWN|Anthrakia|H|14|[13.50,13.53,13.55,13.57,13.59,13.61,13.64,13.67,13.69,13.70,13.73,13.75,13.81,13.87,13.93,13.99,14.04,14.10,14.16,14.22,14.26,14.30,14.33,14.38,14.46,14.57,14.67,14.78,14.82,14.84,14.87,14.89,14.91,14.93,14.96,14.98,15.01,15.03,15.05,15.07,15.09,15.11,15.12,15.13,15.15]
OTTOWN|Anthrakia|H|15|[13.51,13.53,13.55,13.57,13.59,13.62,13.65,13.68,13.70,13.73,13.75,13.78,13.83,13.89,13.95,14.01,14.07,14.13,14.19,14.24,14.28,14.32,14.35,14.43,14.53,14.64,14.74,14.78,14.80,14.83,14.85,14.87,14.89,14.92,14.94,14.96,14.99,15.01,15.03,15.05,15.07,15.10,15.11,15.13,15.15]
OTTOWN|Anthrakia|H|16|[13.53,13.55,13.57,13.58,13.61,13.63,13.66,13.70,13.73,13.75,13.78,13.80,13.86,13.92,13.98,14.05,14.11,14.17,14.23,14.30,14.34,14.38,14.42,14.49,14.60,14.70,14.74,14.77,14.79,14.81,14.83,14.85,14.87,14.90,14.92,14.94,14.97,14.99,15.01,15.03,15.06,15.08,15.09,15.11,15.13]
OTTOWN|Anthrakia|H|17|[13.55,13.57,13.58,13.60,13.62,13.65,13.68,13.72,13.75,13.78,13.80,13.83,13.89,13.95,14.02,14.09,14.15,14.21,14.30,14.36,14.40,14.44,14.48,14.56,14.67,14.71,14.73,14.75,14.78,14.79,14.81,14.83,14.85,14.88,14.90,14.92,14.95,14.97,14.99,15.02,15.04,15.06,15.08,15.09,15.11]
OTTOWN|Anthrakia|H|18|[13.57,13.58,13.60,13.62,13.64,13.67,13.71,13.75,13.78,13.80,13.83,13.86,13.92,13.99,14.06,14.13,14.19,14.27,14.36,14.43,14.47,14.51,14.55,14.63,14.67,14.69,14.72,14.74,14.76,14.77,14.79,14.81,14.83,14.86,14.88,14.91,14.93,14.95,14.98,15.00,15.02,15.04,15.06,15.07,15.09]
OTTOWN|Anthrakia|H|19|[13.59,13.60,13.62,13.63,13.65,13.69,13.73,13.77,13.80,13.83,13.86,13.89,13.96,14.03,14.10,14.16,14.25,14.33,14.41,14.47,14.51,14.56,14.60,14.63,14.65,14.68,14.70,14.72,14.74,14.75,14.77,14.79,14.82,14.84,14.86,14.89,14.91,14.94,14.96,14.98,15.00,15.02,15.04,15.05,15.07]
OTTOWN|Anthrakia|H|20|[13.60,13.62,13.64,13.65,13.67,13.71,13.74,13.79,13.82,13.85,13.88,13.96,14.04,14.11,14.16,14.20,14.29,14.37,14.42,14.46,14.50,14.55,14.58,14.61,14.64,14.66,14.70,14.72,14.73,14.75,14.76,14.79,14.81,14.83,14.85,14.88,14.90,14.92,14.94,14.96,14.98,15.00,15.02,15.04,15.05]
OTTOWN|Anthrakia|H|21|[13.62,13.64,13.65,13.66,13.68,13.72,13.76,13.81,13.84,13.88,13.96,14.04,14.11,14.17,14.20,14.24,14.33,14.38,14.41,14.45,14.49,14.53,14.57,14.60,14.62,14.66,14.69,14.71,14.73,14.74,14.76,14.78,14.80,14.82,14.84,14.86,14.88,14.90,14.91,14.94,14.96,14.98,15.00,15.02,15.03]
OTTOWN|Anthrakia|H|22|[13.64,13.65,13.67,13.68,13.69,13.74,13.78,13.83,13.87,13.95,14.03,14.11,14.17,14.21,14.24,14.28,14.34,14.37,14.40,14.44,14.48,14.51,14.55,14.58,14.62,14.65,14.69,14.71,14.72,14.74,14.75,14.77,14.79,14.81,14.82,14.84,14.86,14.87,14.89,14.92,14.94,14.97,14.98,15.00,15.01]
OTTOWN|Anthrakia|H|23|[13.66,13.67,13.68,13.69,13.73,13.77,13.82,13.86,13.92,14.00,14.08,14.15,14.19,14.22,14.26,14.29,14.33,14.36,14.39,14.43,14.47,14.50,14.54,14.57,14.61,14.64,14.68,14.70,14.72,14.73,14.75,14.77,14.78,14.80,14.81,14.83,14.84,14.86,14.88,14.90,14.93,14.97,14.99,15.01,15.03]
OTTOWN|Anthrakia|H|24|[13.68,13.69,13.70,13.73,13.78,13.82,13.87,13.90,13.96,14.04,14.10,14.14,14.17,14.21,14.25,14.28,14.31,14.34,14.38,14.42,14.46,14.49,14.53,14.56,14.60,14.63,14.67,14.70,14.71,14.73,14.76,14.77,14.79,14.80,14.81,14.82,14.84,14.85,14.87,14.90,14.94,15.01,15.04,15.05,15.06]
OTTOWN|Anthrakia|H|25|[13.70,13.71,13.74,13.78,13.82,13.87,13.90,13.93,13.99,14.06,14.09,14.13,14.16,14.20,14.23,14.26,14.29,14.33,14.37,14.41,14.45,14.48,14.52,14.55,14.59,14.63,14.67,14.69,14.71,14.73,14.76,14.77,14.78,14.79,14.80,14.82,14.83,14.84,14.86,14.90,14.98,15.05,15.08,15.09,15.09]
OTTOWN|Anthrakia|H|26|[13.72,13.75,13.79,13.83,13.87,13.90,13.94,13.97,14.01,14.05,14.08,14.12,14.15,14.18,14.21,14.25,14.28,14.32,14.36,14.40,14.44,14.47,14.51,14.54,14.58,14.62,14.66,14.69,14.71,14.74,14.76,14.77,14.78,14.79,14.80,14.81,14.82,14.84,14.87,14.95,15.02,15.10,15.11,15.11,15.11]
OTTOWN|Anthrakia|H|27|[13.73,13.77,13.81,13.85,13.87,13.90,13.93,13.97,14.00,14.04,14.07,14.10,14.14,14.17,14.20,14.23,14.27,14.31,14.35,14.39,14.43,14.46,14.50,14.53,14.57,14.61,14.65,14.68,14.70,14.73,14.75,14.76,14.77,14.78,14.85,14.86,14.88,14.90,14.96,15.03,15.11,15.15,15.16,15.16,15.16]
OTTOWN|Anthrakia|H|28|[13.73,13.77,13.81,13.83,13.86,13.89,13.92,13.96,13.99,14.03,14.06,14.09,14.12,14.15,14.19,14.22,14.26,14.30,14.34,14.38,14.41,14.45,14.49,14.52,14.56,14.60,14.64,14.66,14.69,14.72,14.75,14.75,14.77,14.86,14.93,14.94,14.96,15.00,15.06,15.13,15.18,15.21,15.21,15.21,15.23]
OTTOWN|Anthrakia|H|29|[13.74,13.78,13.80,13.82,13.84,13.88,13.91,13.95,13.98,14.01,14.05,14.08,14.11,14.14,14.18,14.21,14.25,14.29,14.33,14.36,14.40,14.44,14.47,14.51,14.55,14.59,14.62,14.65,14.68,14.71,14.74,14.75,14.84,14.94,15.01,15.03,15.06,15.10,15.16,15.21,15.23,15.26,15.27,15.29,15.31]
OTTOWN|Anthrakia|H|30|[13.74,13.76,13.78,13.81,13.83,13.87,13.90,13.94,13.97,14.00,14.03,14.06,14.10,14.13,14.17,14.20,14.24,14.28,14.31,14.35,14.39,14.43,14.46,14.50,14.53,14.57,14.60,14.64,14.67,14.70,14.74,14.83,14.92,15.02,15.09,15.13,15.17,15.20,15.23,15.26,15.29,15.31,15.34,15.37,15.39]
OTTOWN|Anthrakia|H|31|[13.77,13.79,13.82,13.82,13.82,13.86,13.89,13.93,13.96,13.99,14.02,14.06,14.09,14.12,14.16,14.19,14.23,14.27,14.31,14.34,14.38,14.42,14.45,14.49,14.52,14.56,14.61,14.65,14.68,14.72,14.78,14.88,14.97,15.05,15.09,15.13,15.17,15.21,15.24,15.27,15.30,15.34,15.38,15.40,15.43]
OTTOWN|Anthrakia|H|32|[13.81,13.83,13.84,13.82,13.81,13.85,13.88,13.92,13.95,13.98,14.02,14.05,14.08,14.12,14.15,14.19,14.22,14.26,14.30,14.33,14.37,14.40,14.44,14.47,14.51,14.57,14.63,14.67,14.70,14.77,14.83,14.92,15.00,15.05,15.09,15.13,15.17,15.22,15.25,15.28,15.33,15.38,15.41,15.44,15.48]
OTTOWN|Anthrakia|H|33|[13.84,13.85,13.83,13.81,13.81,13.84,13.88,13.91,13.94,13.98,14.01,14.04,14.07,14.11,14.14,14.18,14.22,14.25,14.28,14.32,14.36,14.39,14.43,14.46,14.52,14.58,14.65,14.69,14.75,14.81,14.88,14.96,15.00,15.05,15.09,15.13,15.18,15.22,15.26,15.31,15.36,15.41,15.45,15.49,15.53]
OTTOWN|Anthrakia|H|34|[13.87,13.85,13.83,13.81,13.80,13.84,13.87,13.91,13.93,13.97,14.00,14.03,14.07,14.10,14.14,14.17,14.20,14.24,14.27,14.33,14.37,14.40,14.44,14.48,14.54,14.61,14.67,14.72,14.79,14.85,14.91,14.96,15.00,15.05,15.09,15.14,15.18,15.23,15.27,15.32,15.37,15.42,15.46,15.50,15.54]
OTTOWN|Anthrakia|H|35|[13.90,13.88,13.86,13.83,13.82,13.86,13.89,13.90,13.92,13.95,13.98,14.02,14.06,14.09,14.13,14.16,14.19,14.23,14.32,14.42,14.45,14.49,14.50,14.54,14.61,14.67,14.67,14.72,14.79,14.85,14.90,14.95,14.99,15.04,15.08,15.13,15.17,15.18,15.21,15.27,15.32,15.32,15.35,15.40,15.47]
OTTOWN|Anthrakia|H|36|[13.92,13.91,13.88,13.85,13.84,13.87,13.88,13.88,13.90,13.93,13.97,14.01,14.05,14.08,14.12,14.15,14.18,14.27,14.40,14.50,14.54,14.55,14.56,14.60,14.66,14.67,14.67,14.72,14.78,14.84,14.90,14.94,14.99,15.03,15.08,15.12,15.13,15.13,15.16,15.21,15.21,15.21,15.25,15.32,15.47]
OTTOWN|Anthrakia|H|37|[13.95,13.93,13.90,13.86,13.85,13.86,13.86,13.87,13.89,13.93,13.97,14.01,14.04,14.07,14.11,14.14,14.23,14.36,14.49,14.59,14.60,14.61,14.62,14.66,14.66,14.67,14.67,14.72,14.78,14.83,14.89,14.93,14.98,15.02,15.07,15.08,15.08,15.08,15.10,15.10,15.10,15.10,15.17,15.32,15.46]
OTTOWN|Anthrakia|H|38|[13.98,13.95,13.92,13.89,13.87,13.88,13.88,13.88,13.89,13.93,13.97,14.06,14.11,14.15,14.18,14.21,14.34,14.47,14.60,14.65,14.66,14.67,14.68,14.67,14.68,14.68,14.67,14.71,14.77,14.82,14.88,14.92,14.97,15.01,15.04,15.04,15.04,15.04,15.05,15.05,15.05,15.07,15.20,15.34,15.49]
OTTOWN|Anthrakia|H|39|[14.01,13.98,13.95,13.93,13.92,13.93,13.93,13.91,13.92,13.96,14.04,14.22,14.27,14.31,14.33,14.35,14.48,14.61,14.66,14.69,14.70,14.71,14.70,14.70,14.70,14.69,14.66,14.70,14.76,14.81,14.87,14.91,14.96,15.00,15.03,15.03,15.03,15.04,15.04,15.04,15.06,15.13,15.26,15.40,15.52]
OTTOWN|Anthrakia|H|40|[14.04,14.01,13.99,13.98,13.97,13.97,13.95,13.93,13.94,14.02,14.20,14.38,14.43,14.46,14.47,14.49,14.62,14.67,14.71,14.74,14.75,14.74,14.72,14.72,14.71,14.68,14.66,14.70,14.75,14.80,14.86,14.90,14.94,14.99,15.02,15.02,15.03,15.03,15.04,15.06,15.12,15.18,15.32,15.43,15.53]
OTTOWN|Anthrakia|H|41|[14.07,14.05,14.04,14.03,14.02,14.00,13.97,13.95,14.01,14.18,14.36,14.54,14.58,14.60,14.61,14.63,14.69,14.72,14.75,14.78,14.77,14.76,14.75,14.74,14.71,14.68,14.65,14.69,14.74,14.79,14.85,14.89,14.93,14.97,15.00,15.01,15.02,15.03,15.05,15.11,15.18,15.24,15.35,15.44,15.54]
OTTOWN|Anthrakia|H|42|[14.08,14.07,14.06,14.04,14.03,14.01,13.99,14.02,14.19,14.36,14.54,14.63,14.64,14.65,14.67,14.69,14.72,14.76,14.79,14.81,14.80,14.79,14.78,14.76,14.73,14.70,14.67,14.71,14.76,14.82,14.84,14.89,14.93,14.97,14.98,14.99,15.00,15.03,15.10,15.16,15.23,15.30,15.39,15.49,15.59]
OTTOWN|Anthrakia|H|43|[14.09,14.08,14.06,14.06,14.05,14.03,14.06,14.21,14.37,14.55,14.64,14.65,14.67,14.68,14.70,14.72,14.76,14.79,14.82,14.84,14.83,14.82,14.82,14.80,14.77,14.74,14.71,14.75,14.80,14.83,14.85,14.89,14.93,14.94,14.95,14.96,14.99,15.07,15.14,15.20,15.28,15.36,15.45,15.55,15.61]
OTTOWN|Anthrakia|H|44|[14.09,14.08,14.08,14.07,14.06,14.09,14.24,14.40,14.56,14.65,14.66,14.68,14.69,14.71,14.74,14.76,14.79,14.82,14.86,14.87,14.87,14.86,14.85,14.84,14.81,14.78,14.75,14.79,14.81,14.83,14.85,14.89,14.90,14.91,14.92,14.95,15.03,15.11,15.18,15.26,15.34,15.42,15.52,15.58,15.63]
OTTOWN|Anthrakia|END
OTTOWN|Kalithea|HEAD|i_Stone_HouseBig_V1_F|Land_i_Stone_HouseBig_V1_F|[17851.020,18155.219,2.076]|127.97|false|25|1|2
OTTOWN|Kalithea|BOX|[-6.78,-6.16,6.78,6.16,-5.84,5.84]
OTTOWN|Kalithea|DOOR|main|[17847.60,18154.08,2.52]|308.0|1.00
OTTOWN|Kalithea|BPOS|[[17853.11,18154.16,2.59],[17855.35,18152.60,2.57],[17852.28,18149.09,5.36],[17849.02,18153.92,5.41],[17854.07,18153.99,5.41],[17850.00,18151.20,2.58]]
OTTOWN|Kalithea|OBJ|building|Land_i_Shop_02_V1_F|[17856.46,18115.64,1.71]|218.8|[-8.58,-5.44,8.58,5.44,-6.24,6.24]
OTTOWN|Kalithea|OBJ|building|Land_i_House_Big_01_V1_F|[17842.35,18134.92,2.04]|311.8|[-7.89,-8.48,7.89,8.48,-6.61,6.61]
OTTOWN|Kalithea|OBJ|building|treebin_f.p3d|[17849.61,18123.63,2.02]|0.0|[-1.24,-1.26,1.24,1.26,-0.43,0.43]
OTTOWN|Kalithea|OBJ|building|Land_i_Shop_01_V2_F|[17861.53,18123.44,1.92]|128.9|[-4.75,-9.79,4.75,9.79,-6.46,6.46]
OTTOWN|Kalithea|OBJ|building|Land_Kiosk_redburger_F|[17867.25,18147.55,2.13]|219.1|[-4.19,-4.24,4.19,4.24,-4.12,4.12]
OTTOWN|Kalithea|OBJ|building|treebin_f.p3d|[17857.74,18137.36,2.09]|10.8|[-1.24,-1.26,1.24,1.26,-0.43,0.43]
OTTOWN|Kalithea|OBJ|building|water_source_f.p3d|[17860.87,18141.00,2.10]|222.4|[-1.31,-0.87,1.31,0.87,-1.53,1.53]
OTTOWN|Kalithea|OBJ|building|Land_Pier_F|[17830.01,18174.69,0.37]|39.2|[-21.21,-10.05,21.21,10.05,-5.85,5.85]
OTTOWN|Kalithea|OBJ|building|Land_Pier_F|[17824.86,18151.73,0.39]|129.1|[-21.21,-10.05,21.21,10.05,-5.85,5.85]
OTTOWN|Kalithea|OBJ|building|ironpipes_f.p3d|[17839.05,18173.58,1.97]|228.5|[-3.17,-1.24,3.17,1.24,-0.70,0.70]
OTTOWN|Kalithea|OBJ|building|Land_i_House_Small_01_V3_F|[17867.26,18176.89,2.10]|37.1|[-5.43,-7.64,5.43,7.64,-5.08,5.08]
OTTOWN|Kalithea|OBJ|building|Land_Slum_House03_F|[17886.44,18178.62,2.47]|127.6|[-4.75,-3.61,4.75,3.61,-2.37,2.37]
OTTOWN|Kalithea|OBJ|wall|concrete_smallwall_4m_f.p3d|[17815.37,18134.15,1.49]|312.3|[-2.01,-0.26,2.01,0.26,-1.16,1.16]
OTTOWN|Kalithea|OBJ|wall|concrete_smallwall_4m_f.p3d|[17817.99,18137.16,1.49]|310.6|[-2.01,-0.26,2.01,0.26,-1.16,1.16]
OTTOWN|Kalithea|OBJ|wall|stone_8md_f.p3d|[17844.16,18149.11,2.05]|130.1|[-4.14,-0.76,4.14,0.76,-1.28,1.28]
OTTOWN|Kalithea|OBJ|wall|concrete_smallwall_8m_f.p3d|[17824.21,18144.96,1.47]|308.6|[-4.00,-0.26,4.00,0.26,-1.15,1.15]
OTTOWN|Kalithea|OBJ|wall|concrete_smallwall_4m_f.p3d|[17820.49,18140.23,1.49]|307.2|[-2.01,-0.26,2.01,0.26,-1.16,1.16]
OTTOWN|Kalithea|OBJ|wall|stone_8m_f.p3d|[17879.93,18142.18,2.24]|200.2|[-4.26,-0.35,4.26,0.35,-1.30,1.30]
OTTOWN|Kalithea|OBJ|wall|city2_8m_f.p3d|[17864.09,18131.13,2.08]|307.8|[-3.51,-0.25,3.51,0.25,-2.09,2.09]
OTTOWN|Kalithea|OBJ|wall|city2_8m_f.p3d|[17854.71,18144.48,2.07]|131.4|[-3.51,-0.25,3.51,0.25,-2.09,2.09]
OTTOWN|Kalithea|OBJ|wall|city2_8m_f.p3d|[17850.17,18139.35,2.07]|131.4|[-3.51,-0.25,3.51,0.25,-2.09,2.09]
OTTOWN|Kalithea|OBJ|wall|city2_8m_f.p3d|[17870.44,18139.25,2.12]|308.6|[-3.51,-0.25,3.51,0.25,-2.09,2.09]
OTTOWN|Kalithea|OBJ|wall|city2_4m_f.p3d|[17858.04,18148.25,2.10]|131.4|[-1.76,-0.25,1.76,0.25,-2.09,2.09]
OTTOWN|Kalithea|OBJ|wall|city2_4m_f.p3d|[17867.26,18135.26,2.10]|307.3|[-1.76,-0.25,1.76,0.25,-2.09,2.09]
OTTOWN|Kalithea|OBJ|wall|stone_pillar_f.p3d|[17876.33,18143.50,2.12]|197.6|[-0.45,-0.44,0.45,0.44,-1.79,1.79]
OTTOWN|Kalithea|OBJ|wall|stone_pillar_f.p3d|[17859.42,18149.75,2.11]|216.2|[-0.45,-0.44,0.45,0.44,-1.79,1.79]
OTTOWN|Kalithea|OBJ|wall|city_pillar_f.p3d|[17872.75,18142.12,1.58]|307.7|[-0.23,-0.24,0.23,0.24,-2.14,2.14]
OTTOWN|Kalithea|OBJ|wall|stone_8md_f.p3d|[17886.50,18139.77,2.34]|200.2|[-4.14,-0.76,4.14,0.76,-1.28,1.28]
OTTOWN|Kalithea|OBJ|wall|concrete_smallwall_8m_f.p3d|[17837.35,18173.66,1.58]|221.5|[-4.00,-0.26,4.00,0.26,-1.15,1.15]
OTTOWN|Kalithea|OBJ|wall|concrete_smallwall_8m_f.p3d|[17834.15,18157.46,1.46]|308.6|[-4.00,-0.26,4.00,0.26,-1.15,1.15]
OTTOWN|Kalithea|OBJ|wall|concrete_smallwall_8m_f.p3d|[17829.20,18151.20,1.47]|308.2|[-4.00,-0.26,4.00,0.26,-1.15,1.15]
OTTOWN|Kalithea|OBJ|wall|Land_Stone_Gate_F|[17874.41,18166.89,2.12]|31.1|[-2.96,-1.47,2.96,1.47,-1.71,1.71]
OTTOWN|Kalithea|OBJ|wall|stone_4m_f.p3d|[17878.48,18164.42,2.21]|33.2|[-2.22,-0.36,2.22,0.36,-1.29,1.29]
OTTOWN|Kalithea|OBJ|wall|stone_4m_f.p3d|[17857.85,18151.08,2.08]|39.7|[-2.22,-0.36,2.22,0.36,-1.29,1.29]
OTTOWN|Kalithea|OBJ|wall|stone_4m_f.p3d|[17870.35,18169.48,2.11]|33.8|[-2.22,-0.36,2.22,0.36,-1.29,1.29]
OTTOWN|Kalithea|OBJ|wall|stone_8m_f.p3d|[17882.81,18166.67,2.36]|305.6|[-4.26,-0.35,4.26,0.35,-1.30,1.30]
OTTOWN|Kalithea|OBJ|wall|stone_8m_f.p3d|[17887.50,18173.17,2.51]|305.6|[-4.26,-0.35,4.26,0.35,-1.30,1.30]
OTTOWN|Kalithea|OBJ|wall|wired_fence_8m_f.p3d|[17890.85,18157.58,2.59]|36.6|[-4.10,-0.08,4.10,0.08,-0.89,0.89]
OTTOWN|Kalithea|OBJ|wall|stone_pillar_f.p3d|[17880.32,18163.22,2.24]|32.0|[-0.45,-0.44,0.45,0.44,-1.79,1.79]
OTTOWN|Kalithea|OBJ|wall|stone_8m_f.p3d|[17873.59,18193.44,2.32]|305.6|[-4.26,-0.35,4.26,0.35,-1.30,1.30]
OTTOWN|Kalithea|OBJ|wall|stone_8m_f.p3d|[17868.90,18186.94,2.18]|305.6|[-4.26,-0.35,4.26,0.35,-1.30,1.30]
OTTOWN|Kalithea|OBJ|tree|t_fraxinusav2s_f.p3d|[17850.20,18123.68,2.02]|31.3|[-13.54,-13.39,13.54,13.39,-13.22,13.22]
OTTOWN|Kalithea|OBJ|tree|t_fraxinusav2s_f.p3d|[17857.45,18136.38,2.09]|172.9|[-13.54,-13.39,13.54,13.39,-13.22,13.22]
OTTOWN|Kalithea|OBJ|tree|t_ficusb1s_f.p3d|[17859.86,18148.39,2.11]|197.8|[-5.06,-5.62,5.06,5.62,-4.61,4.61]
OTTOWN|Kalithea|OBJ|tree|t_ficusb1s_f.p3d|[17873.45,18128.06,2.15]|321.9|[-5.06,-5.62,5.06,5.62,-4.61,4.61]
OTTOWN|Kalithea|OBJ|tree|t_oleae1s_f.p3d|[17867.53,18131.13,2.10]|199.0|[-3.91,-4.12,3.91,4.12,-5.03,5.03]
OTTOWN|Kalithea|OBJ|tree|t_oleae1s_f.p3d|[17874.84,18139.82,2.19]|262.0|[-3.91,-4.12,3.91,4.12,-5.03,5.03]
OTTOWN|Kalithea|OBJ|tree|t_oleae1s_f.p3d|[17871.37,18135.34,2.09]|231.0|[-3.91,-4.12,3.91,4.12,-5.03,5.03]
OTTOWN|Kalithea|OBJ|tree|t_oleae1s_f.p3d|[17880.54,18137.72,2.31]|154.8|[-3.91,-4.12,3.91,4.12,-5.03,5.03]
OTTOWN|Kalithea|OBJ|tree|t_ficusb1s_f.p3d|[17836.60,18179.68,2.18]|147.8|[-5.06,-5.62,5.06,5.62,-4.61,4.61]
OTTOWN|Kalithea|OBJ|tree|t_ficusb1s_f.p3d|[17834.37,18184.22,1.89]|255.1|[-5.06,-5.62,5.06,5.62,-4.61,4.61]
OTTOWN|Kalithea|OBJ|tree|t_oleae1s_f.p3d|[17841.39,18190.19,1.64]|272.5|[-3.91,-4.12,3.91,4.12,-5.03,5.03]
OTTOWN|Kalithea|OBJ|tree|t_oleae1s_f.p3d|[17846.31,18196.21,2.07]|130.0|[-3.91,-4.12,3.91,4.12,-5.03,5.03]
OTTOWN|Kalithea|OBJ|tree|t_oleae1s_f.p3d|[17876.14,18184.78,2.19]|150.0|[-3.91,-4.12,3.91,4.12,-5.03,5.03]
OTTOWN|Kalithea|ROAD|ROAD|10.0|[17846.58,18109.10,1.99]|[17829.89,18129.62,2.01]
OTTOWN|Kalithea|ROAD|ROAD|10.0|[17860.78,18090.09,2.29]|[17846.58,18109.10,1.99]
OTTOWN|Kalithea|ROAD|ROAD|10.0|[17808.47,18120.11,1.96]|[17818.36,18130.30,1.95]
OTTOWN|Kalithea|ROAD|ROAD|10.0|[17818.36,18130.30,1.95]|[17839.89,18156.90,1.94]
OTTOWN|Kalithea|ROAD|ROAD|10.0|[17829.89,18129.62,2.01]|[17823.37,18137.44,1.96]
OTTOWN|Kalithea|ROAD|ROAD|10.0|[17839.89,18156.90,1.94]|[17852.30,18174.59,1.97]
OTTOWN|Kalithea|ROAD|ROAD|10.0|[17852.30,18174.59,1.97]|[17865.00,18193.50,2.34]
OTTOWN|Kalithea|ROAD|ROAD|10.0|[17865.00,18193.50,2.34]|[17870.37,18201.64,2.43]
OTTOWN|Kalithea|H|0|[1.99,1.98,1.97,1.96,1.96,1.96,1.97,1.97,1.97,1.97,1.97,1.97,1.97,1.98,1.98,1.99,1.99,1.99,1.99,1.99,1.99,2.00,2.00,1.99,1.99,1.99,1.98,1.98,1.98,1.98,2.00,2.02,2.04,2.07,2.11,2.15,2.18,2.25,2.33,2.41,2.48,2.55,2.55,2.56,2.57]
OTTOWN|Kalithea|H|1|[1.99,1.98,1.97,1.96,1.96,1.97,1.97,1.97,1.97,1.97,1.97,1.98,1.98,1.99,1.99,1.99,1.99,1.99,1.99,1.99,2.00,2.00,2.00,2.00,1.99,1.99,1.99,1.99,1.99,1.99,2.01,2.04,2.06,2.08,2.12,2.15,2.19,2.24,2.32,2.40,2.47,2.48,2.49,2.49,2.49]
OTTOWN|Kalithea|H|2|[1.99,1.98,1.97,1.96,1.96,1.97,1.97,1.97,1.97,1.97,1.98,1.98,1.99,1.99,1.99,1.99,1.99,1.99,1.99,2.00,2.00,2.00,2.00,2.00,2.00,2.00,2.00,2.00,2.00,2.00,2.02,2.04,2.07,2.09,2.12,2.16,2.20,2.25,2.33,2.40,2.44,2.45,2.46,2.45,2.43]
OTTOWN|Kalithea|H|3|[1.99,1.98,1.97,1.96,1.96,1.97,1.97,1.97,1.97,1.98,1.99,1.99,2.00,2.00,2.00,2.00,2.00,2.00,2.00,2.00,2.00,2.00,2.00,2.00,2.01,2.01,2.01,2.01,2.01,2.01,2.03,2.05,2.07,2.10,2.13,2.17,2.21,2.26,2.34,2.37,2.41,2.42,2.41,2.40,2.38]
OTTOWN|Kalithea|H|4|[1.99,1.98,1.97,1.96,1.96,1.97,1.97,1.97,1.98,1.99,1.99,2.00,2.00,2.00,2.00,2.00,2.00,2.00,2.00,2.00,2.00,2.01,2.01,2.01,2.01,2.02,2.02,2.02,2.02,2.02,2.04,2.06,2.08,2.11,2.14,2.18,2.22,2.27,2.30,2.34,2.37,2.38,2.36,2.34,2.32]
OTTOWN|Kalithea|H|5|[1.97,1.96,1.95,1.95,1.96,1.96,1.96,1.97,1.98,1.99,2.00,2.00,2.00,2.00,2.00,2.00,2.00,2.00,2.00,2.01,2.01,2.01,2.01,2.02,2.02,2.02,2.03,2.03,2.03,2.03,2.05,2.07,2.09,2.11,2.15,2.19,2.23,2.27,2.30,2.34,2.37,2.36,2.34,2.32,2.28]
OTTOWN|Kalithea|H|6|[1.93,1.92,1.93,1.94,1.94,1.95,1.96,1.97,1.98,1.99,2.00,2.00,2.00,2.00,2.00,2.00,2.00,2.01,2.01,2.01,2.01,2.02,2.02,2.02,2.03,2.04,2.04,2.04,2.04,2.04,2.06,2.08,2.10,2.12,2.16,2.19,2.25,2.29,2.32,2.35,2.37,2.36,2.34,2.30,2.24]
OTTOWN|Kalithea|H|7|[1.89,1.90,1.92,1.93,1.93,1.94,1.96,1.97,1.98,1.99,2.00,2.00,2.00,2.00,2.01,2.01,2.01,2.01,2.01,2.02,2.02,2.02,2.03,2.03,2.04,2.05,2.05,2.05,2.05,2.06,2.08,2.09,2.10,2.12,2.16,2.21,2.26,2.31,2.33,2.35,2.37,2.36,2.31,2.26,2.20]
OTTOWN|Kalithea|H|8|[1.88,1.89,1.90,1.91,1.93,1.94,1.95,1.97,1.98,1.99,2.00,2.00,2.00,2.01,2.01,2.01,2.01,2.02,2.02,2.02,2.03,2.03,2.03,2.04,2.05,2.06,2.06,2.06,2.07,2.07,2.08,2.10,2.11,2.13,2.18,2.23,2.28,2.32,2.33,2.35,2.37,2.33,2.28,2.22,2.17]
OTTOWN|Kalithea|H|9|[1.83,1.84,1.86,1.91,1.93,1.94,1.95,1.96,1.97,1.98,2.00,2.00,2.00,2.01,2.02,2.02,2.02,2.02,2.03,2.03,2.03,2.03,2.04,2.05,2.06,2.06,2.07,2.07,2.07,2.08,2.09,2.10,2.12,2.13,2.18,2.23,2.28,2.32,2.33,2.35,2.37,2.33,2.27,2.22,2.13]
OTTOWN|Kalithea|H|10|[1.77,1.79,1.86,1.91,1.93,1.94,1.95,1.96,1.97,1.98,2.00,2.00,2.00,2.01,2.02,2.03,2.03,2.03,2.03,2.03,2.04,2.04,2.05,2.06,2.06,2.07,2.07,2.07,2.08,2.09,2.10,2.11,2.11,2.12,2.17,2.22,2.28,2.31,2.33,2.35,2.37,2.33,2.27,2.19,2.10]
OTTOWN|Kalithea|H|11|[1.73,1.79,1.86,1.91,1.93,1.94,1.95,1.96,1.97,1.98,2.00,2.00,2.01,2.02,2.03,2.04,2.04,2.04,2.04,2.04,2.04,2.05,2.06,2.06,2.07,2.07,2.08,2.08,2.09,2.09,2.10,2.10,2.10,2.11,2.16,2.22,2.27,2.31,2.33,2.35,2.37,2.33,2.24,2.16,2.07]
OTTOWN|Kalithea|H|12|[1.55,1.62,1.68,1.91,1.92,1.93,1.94,1.95,1.97,1.98,1.99,2.01,2.02,2.03,2.04,2.04,2.04,2.04,2.04,2.05,2.05,2.06,2.06,2.07,2.07,2.08,2.08,2.09,2.10,2.10,2.10,2.10,2.09,2.11,2.16,2.22,2.27,2.31,2.33,2.35,2.37,2.31,2.22,2.13,2.04]
OTTOWN|Kalithea|H|13|[-0.05,0.02,0.65,1.85,1.86,1.87,1.91,1.94,1.95,1.96,1.99,2.01,2.02,2.03,2.04,2.04,2.04,2.04,2.05,2.05,2.06,2.06,2.07,2.07,2.08,2.08,2.09,2.10,2.10,2.11,2.10,2.10,2.10,2.12,2.18,2.23,2.29,2.32,2.34,2.36,2.39,2.33,2.24,2.15,2.08]
OTTOWN|Kalithea|H|14|[-1.65,-1.01,0.60,1.79,1.81,1.84,1.89,1.92,1.93,1.96,1.99,2.00,2.01,2.03,2.04,2.04,2.04,2.05,2.05,2.06,2.06,2.06,2.07,2.07,2.08,2.09,2.10,2.10,2.11,2.11,2.11,2.11,2.12,2.14,2.19,2.25,2.29,2.33,2.35,2.38,2.41,2.35,2.26,2.19,2.11]
OTTOWN|Kalithea|H|15|[-2.68,-1.07,0.54,1.74,1.77,1.82,1.87,1.90,1.93,1.96,1.98,2.00,2.01,2.03,2.04,2.04,2.05,2.05,2.06,2.06,2.06,2.07,2.07,2.08,2.09,2.09,2.10,2.11,2.11,2.12,2.12,2.13,2.13,2.15,2.21,2.25,2.30,2.33,2.36,2.40,2.43,2.37,2.30,2.22,2.15]
OTTOWN|Kalithea|H|16|[-2.73,-1.12,0.50,1.19,1.24,1.28,1.33,1.89,1.92,1.95,1.98,1.99,2.00,2.02,2.04,2.04,2.05,2.06,2.06,2.07,2.07,2.07,2.08,2.08,2.09,2.10,2.10,2.11,2.11,2.12,2.13,2.14,2.14,2.16,2.21,2.26,2.31,2.34,2.38,2.41,2.44,2.40,2.33,2.25,2.19]
OTTOWN|Kalithea|H|17|[-2.76,-1.15,-0.42,-0.27,-0.22,-0.17,1.14,1.89,1.92,1.94,1.95,1.96,1.97,1.99,2.04,2.04,2.05,2.06,2.07,2.07,2.07,2.08,2.08,2.09,2.10,2.10,2.10,2.11,2.11,2.12,2.13,2.14,2.14,2.16,2.21,2.25,2.30,2.34,2.37,2.41,2.47,2.43,2.35,2.29,2.26]
OTTOWN|Kalithea|H|18|[-2.80,-2.07,-1.88,-1.73,-1.68,-0.37,1.13,1.88,1.91,1.91,1.91,1.92,1.95,1.99,2.03,2.04,2.05,2.06,2.07,2.08,2.08,2.08,2.09,2.09,2.10,2.10,2.10,2.11,2.11,2.12,2.13,2.13,2.14,2.16,2.20,2.25,2.30,2.33,2.37,2.43,2.50,2.46,2.40,2.36,2.33]
OTTOWN|Kalithea|H|19|[-3.71,-3.53,-3.34,-3.19,-1.88,-0.37,1.13,1.87,1.88,1.88,1.88,1.90,1.95,1.99,2.03,2.04,2.05,2.07,2.08,2.08,2.08,2.09,2.09,2.09,2.10,2.10,2.10,2.11,2.11,2.12,2.13,2.13,2.14,2.15,2.20,2.24,2.29,2.33,2.40,2.46,2.52,2.50,2.46,2.43,2.39]
OTTOWN|Kalithea|H|20|[-4.44,-4.25,-4.07,-3.58,-2.07,-0.57,0.79,0.95,0.95,0.95,1.49,1.87,1.91,1.96,2.01,2.02,2.03,2.05,2.05,2.06,2.06,2.06,2.08,2.08,2.08,2.08,2.09,2.09,2.10,2.11,2.12,2.12,2.13,2.15,2.19,2.24,2.28,2.33,2.40,2.46,2.54,2.53,2.50,2.46,2.46]
OTTOWN|Kalithea|H|21|[-4.70,-4.52,-4.38,-3.90,-2.40,-1.04,-0.71,-0.55,-0.54,-0.01,1.44,1.82,1.86,1.91,1.97,1.98,1.99,2.00,2.01,2.01,2.02,2.04,2.05,2.05,2.05,2.05,2.06,2.06,2.08,2.10,2.11,2.11,2.12,2.14,2.19,2.23,2.27,2.32,2.39,2.46,2.55,2.55,2.51,2.51,2.52]
OTTOWN|Kalithea|H|22|[-4.96,-4.83,-4.70,-4.22,-2.86,-2.53,-2.21,-2.04,-1.50,-0.06,1.39,1.77,1.82,1.87,1.93,1.94,1.95,1.96,1.97,1.97,1.99,2.01,2.02,2.02,2.02,2.02,2.03,2.04,2.07,2.09,2.10,2.11,2.12,2.14,2.18,2.22,2.26,2.31,2.38,2.48,2.57,2.57,2.56,2.57,2.58]
OTTOWN|Kalithea|H|23|[-5.28,-5.15,-5.03,-4.69,-4.36,-4.03,-3.70,-3.00,-1.56,-0.11,1.34,1.73,1.78,1.83,1.89,1.90,1.91,1.92,1.93,1.95,1.97,1.98,1.99,1.99,1.99,1.99,2.01,2.03,2.06,2.08,2.09,2.10,2.11,2.13,2.17,2.21,2.24,2.31,2.40,2.49,2.59,2.61,2.62,2.63,2.64]
OTTOWN|Kalithea|H|24|[-5.36,-5.23,-5.09,-4.81,-4.48,-4.15,-3.99,-3.32,-1.87,-0.42,0.21,0.29,0.34,0.39,1.89,1.90,1.91,1.92,1.92,1.94,1.96,1.98,1.99,1.99,1.99,1.99,2.01,2.03,2.05,2.08,2.09,2.10,2.11,2.13,2.17,2.20,2.24,2.30,2.39,2.49,2.58,2.62,2.63,2.64,2.68]
OTTOWN|Kalithea|H|25|[-5.39,-5.25,-4.99,-4.71,-4.38,-4.22,-4.35,-3.68,-2.23,-1.59,-1.45,-1.38,-1.33,0.18,1.89,1.91,1.92,1.92,1.92,1.94,1.96,1.98,1.99,1.99,1.99,1.99,2.00,2.03,2.05,2.08,2.09,2.10,2.11,2.13,2.17,2.20,2.23,2.29,2.38,2.48,2.58,2.61,2.62,2.66,2.71]
OTTOWN|Kalithea|H|26|[-5.41,-5.15,-4.89,-4.61,-4.45,-4.58,-4.71,-4.03,-3.40,-3.26,-3.12,-3.05,-1.53,0.19,1.90,1.91,1.92,1.92,1.92,1.94,1.96,1.97,1.98,1.98,1.98,1.98,2.00,2.03,2.05,2.08,2.09,2.10,2.11,2.13,2.16,2.19,2.22,2.28,2.38,2.48,2.58,2.61,2.65,2.70,2.74]
OTTOWN|Kalithea|H|27|[-5.30,-5.04,-4.77,-4.64,-4.77,-4.89,-5.02,-4.99,-4.85,-4.71,-4.58,-3.07,-1.35,0.38,1.91,1.91,1.91,1.92,1.92,1.94,1.96,1.97,1.98,1.98,1.98,1.98,2.00,2.03,2.05,2.08,2.09,2.10,2.11,2.13,2.15,2.18,2.21,2.27,2.37,2.47,2.58,2.63,2.68,2.72,2.77]
OTTOWN|Kalithea|H|28|[-5.04,-4.77,-4.59,-4.58,-4.71,-4.84,-4.85,-4.75,-4.61,-4.47,-3.10,-1.41,0.32,1.84,1.90,1.90,1.90,1.91,1.93,1.94,1.96,1.97,1.98,1.98,1.98,1.98,2.00,2.03,2.05,2.08,2.09,2.10,2.11,2.13,2.16,2.18,2.21,2.27,2.37,2.47,2.56,2.62,2.66,2.71,2.76]
OTTOWN|Kalithea|H|29|[-4.77,-4.59,-4.53,-4.53,-4.65,-4.66,-4.60,-4.50,-4.36,-2.99,-1.44,0.25,1.78,1.83,1.88,1.88,1.89,1.91,1.93,1.95,1.96,1.97,1.98,1.98,1.98,1.98,2.00,2.03,2.05,2.08,2.09,2.10,2.12,2.13,2.16,2.18,2.21,2.27,2.37,2.46,2.55,2.60,2.65,2.70,2.75]
OTTOWN|Kalithea|H|30|[-4.59,-4.53,-4.48,-4.47,-4.48,-4.42,-4.36,-4.26,-2.88,-1.33,0.22,1.71,1.76,1.82,1.87,1.88,1.90,1.91,1.93,1.95,1.96,1.97,1.98,1.98,1.98,1.98,2.00,2.03,2.05,2.08,2.09,2.11,2.12,2.14,2.16,2.18,2.21,2.27,2.36,2.44,2.53,2.59,2.64,2.69,2.75]
OTTOWN|Kalithea|H|31|[-4.47,-4.42,-4.36,-4.32,-4.26,-4.20,-4.13,-3.00,-1.44,0.11,1.54,1.70,1.75,1.81,1.90,1.92,1.94,1.95,1.93,1.94,1.96,1.97,1.98,1.98,1.98,1.98,2.00,2.03,2.05,2.08,2.09,2.11,2.12,2.14,2.16,2.19,2.21,2.26,2.35,2.43,2.52,2.57,2.63,2.68,2.73]
OTTOWN|Kalithea|H|32|[-4.25,-4.20,-4.17,-4.14,-4.08,-4.01,-3.20,-1.95,-0.39,1.04,1.54,1.70,1.75,1.85,2.01,2.02,2.04,1.99,1.92,1.93,1.95,1.97,1.98,1.98,1.98,1.98,2.00,2.02,2.05,2.08,2.10,2.11,2.13,2.14,2.17,2.19,2.21,2.26,2.35,2.43,2.50,2.56,2.61,2.66,2.71]
OTTOWN|Kalithea|H|33|[-4.03,-4.00,-3.98,-3.96,-3.89,-3.08,-2.15,-0.90,0.53,1.04,1.54,1.70,1.79,1.95,2.11,2.13,2.08,1.98,1.91,1.92,1.94,1.96,1.97,1.97,1.97,1.97,1.99,2.02,2.05,2.09,2.10,2.11,2.13,2.15,2.17,2.19,2.21,2.26,2.34,2.41,2.48,2.54,2.59,2.64,2.68]
OTTOWN|Kalithea|H|34|[-3.83,-3.82,-3.80,-3.77,-2.96,-2.03,-1.10,0.03,0.53,1.04,1.54,1.74,1.90,2.06,2.22,2.16,2.07,1.97,1.90,1.92,1.94,1.96,1.97,1.97,1.97,1.97,1.99,2.03,2.06,2.09,2.10,2.12,2.14,2.15,2.17,2.19,2.20,2.25,2.32,2.39,2.46,2.52,2.56,2.61,2.66]
OTTOWN|Kalithea|H|35|[-3.62,-3.61,-3.59,-2.95,-2.02,-1.09,-0.27,0.02,0.52,1.03,1.52,1.76,1.92,2.08,2.17,2.08,1.98,1.88,1.89,1.91,1.93,1.95,1.97,1.97,1.97,1.97,1.99,2.03,2.06,2.09,2.11,2.12,2.14,2.16,2.17,2.19,2.21,2.25,2.32,2.39,2.45,2.50,2.55,2.59,2.69]
OTTOWN|Kalithea|H|36|[-3.39,-3.37,-2.81,-2.10,-1.16,-0.34,-0.28,0.01,0.51,1.01,1.48,1.71,1.87,1.97,2.04,1.94,1.84,1.85,1.87,1.90,1.92,1.95,1.97,1.97,1.97,1.97,1.99,2.03,2.06,2.09,2.11,2.13,2.14,2.16,2.18,2.19,2.21,2.25,2.32,2.38,2.44,2.49,2.53,2.63,2.75]
OTTOWN|Kalithea|H|37|[-3.16,-2.60,-1.95,-1.24,-0.41,-0.35,-0.29,-0.00,0.49,0.96,1.44,1.67,1.77,1.83,1.90,1.80,1.81,1.84,1.86,1.88,1.92,1.95,1.97,1.97,1.97,1.97,1.99,2.03,2.06,2.10,2.11,2.13,2.15,2.17,2.18,2.20,2.21,2.25,2.32,2.37,2.42,2.47,2.57,2.69,2.82]
OTTOWN|Kalithea|H|38|[-2.38,-1.74,-1.10,-0.48,-0.42,-0.36,-0.30,-0.02,0.45,0.92,1.39,1.57,1.63,1.70,1.76,1.77,1.80,1.82,1.85,1.88,1.92,1.95,1.97,1.97,1.97,1.97,2.00,2.03,2.07,2.10,2.12,2.14,2.16,2.17,2.19,2.20,2.21,2.25,2.30,2.36,2.41,2.51,2.63,2.76,2.88]
OTTOWN|Kalithea|H|39|[-2.22,-1.57,-0.99,-0.89,-0.83,-0.77,-0.66,-0.31,0.16,0.63,1.11,1.28,1.34,1.41,1.64,1.67,1.70,1.74,1.84,1.88,1.91,2.00,2.08,2.08,2.08,2.07,2.09,2.13,2.16,2.17,2.19,2.20,2.22,2.22,2.24,2.25,2.26,2.29,2.34,2.40,2.43,2.53,2.66,2.78,2.96]
OTTOWN|Kalithea|H|40|[-2.16,-1.58,-1.47,-1.37,-1.31,-1.19,-0.99,-0.64,-0.17,0.31,0.80,0.96,1.03,1.27,1.53,1.56,1.60,1.73,1.83,1.87,1.96,2.13,2.22,2.22,2.20,2.18,2.20,2.23,2.24,2.24,2.26,2.28,2.28,2.28,2.30,2.31,2.31,2.34,2.39,2.42,2.45,2.55,2.68,2.85,3.04]
OTTOWN|Kalithea|H|41|[-2.17,-2.06,-1.95,-1.85,-1.73,-1.53,-1.32,-0.98,-0.49,-0.00,0.48,0.65,0.89,1.16,1.42,1.46,1.59,1.72,1.83,1.91,2.09,2.27,2.35,2.34,2.31,2.29,2.31,2.32,2.32,2.32,2.34,2.34,2.34,2.34,2.35,2.35,2.36,2.38,2.42,2.44,2.47,2.57,2.75,2.93,3.12]
OTTOWN|Kalithea|H|42|[-2.59,-2.48,-2.37,-2.24,-2.03,-1.82,-1.61,-1.26,-0.78,-0.29,0.20,0.50,0.77,1.04,1.31,1.44,1.57,1.70,1.85,2.02,2.20,2.38,2.45,2.42,2.40,2.38,2.38,2.38,2.39,2.39,2.39,2.39,2.39,2.39,2.39,2.40,2.40,2.41,2.44,2.46,2.49,2.64,2.83,3.02,3.19]
OTTOWN|Kalithea|H|43|[-2.58,-2.46,-2.37,-2.26,-2.05,-1.84,-1.64,-1.29,-0.80,-0.31,0.04,0.32,0.59,0.86,1.16,1.29,1.42,1.58,1.77,1.95,2.12,2.29,2.36,2.33,2.31,2.36,2.38,2.38,2.39,2.40,2.40,2.40,2.40,2.41,2.41,2.41,2.41,2.43,2.45,2.48,2.58,2.74,2.93,3.11,3.20]
OTTOWN|Kalithea|H|44|[-2.56,-2.46,-2.39,-2.28,-2.07,-1.87,-1.67,-1.32,-0.83,-0.48,-0.14,0.14,0.41,0.71,1.01,1.14,1.30,1.50,1.70,1.87,2.04,2.20,2.27,2.24,2.30,2.36,2.38,2.38,2.39,2.40,2.40,2.40,2.41,2.42,2.42,2.42,2.43,2.44,2.46,2.57,2.68,2.85,3.02,3.11,3.21]
OTTOWN|Kalithea|END
OTTOWN|Agios Petros|HEAD|i_Stone_HouseBig_V1_F|Land_i_Stone_HouseBig_V1_F|[19339.219,17642.344,36.924]|349.00|true|20|1|2
OTTOWN|Agios Petros|BOX|[-6.78,-6.16,6.78,6.16,-5.84,5.84]
OTTOWN|Agios Petros|DOOR|main|[19342.54,17640.95,37.37]|529.0|1.00
OTTOWN|Agios Petros|BPOS|[[19338.34,17644.51,37.43],[19337.67,17647.16,37.42],[19342.30,17647.79,40.21],[19341.58,17642.01,40.26],[19337.72,17645.27,40.26],[19342.62,17644.71,37.42]]
OTTOWN|Agios Petros|OBJ|building|Land_Chapel_Small_V1_F|[19377.08,17619.88,39.04]|29.7|[-5.11,-2.42,5.11,2.42,-2.93,2.93]
OTTOWN|Agios Petros|OBJ|wall|wired_fence_8m_f.p3d|[19304.89,17632.93,36.21]|162.5|[-4.10,-0.08,4.10,0.08,-0.89,0.89]
OTTOWN|Agios Petros|OBJ|wall|wired_fence_4m_f.p3d|[19307.59,17636.46,36.33]|61.3|[-2.03,-0.12,2.03,0.12,-0.89,0.89]
OTTOWN|Agios Petros|OBJ|wall|stone_4m_f.p3d|[19375.54,17623.03,38.15]|29.0|[-2.22,-0.36,2.22,0.36,-1.29,1.29]
OTTOWN|Agios Petros|OBJ|wall|wired_fence_4m_f.p3d|[19307.64,17640.20,36.38]|299.8|[-2.03,-0.12,2.03,0.12,-0.89,0.89]
OTTOWN|Agios Petros|OBJ|tree|t_ficusb1s_f.p3d|[19376.80,17627.25,38.90]|264.1|[-5.06,-5.62,5.06,5.62,-4.61,4.61]
OTTOWN|Agios Petros|OBJ|tree|t_ficusb1s_f.p3d|[19370.96,17639.29,38.81]|352.4|[-5.06,-5.62,5.06,5.62,-4.61,4.61]
OTTOWN|Agios Petros|OBJ|tree|t_ficusb1s_f.p3d|[19377.48,17632.88,38.90]|131.0|[-5.06,-5.62,5.06,5.62,-4.61,4.61]
OTTOWN|Agios Petros|OBJ|tree|t_ficusb1s_f.p3d|[19363.65,17612.11,38.82]|349.7|[-5.06,-5.62,5.06,5.62,-4.61,4.61]
OTTOWN|Agios Petros|OBJ|tree|t_ficusb1s_f.p3d|[19375.26,17630.59,38.87]|149.9|[-5.06,-5.62,5.06,5.62,-4.61,4.61]
OTTOWN|Agios Petros|OBJ|tree|t_ficusb1s_f.p3d|[19372.02,17632.86,38.82]|107.0|[-5.06,-5.62,5.06,5.62,-4.61,4.61]
OTTOWN|Agios Petros|OBJ|tree|t_ficusb1s_f.p3d|[19375.62,17643.79,39.04]|102.0|[-5.06,-5.62,5.06,5.62,-4.61,4.61]
OTTOWN|Agios Petros|OBJ|tree|t_ficusb1s_f.p3d|[19370.48,17647.93,38.91]|343.1|[-5.06,-5.62,5.06,5.62,-4.61,4.61]
OTTOWN|Agios Petros|OBJ|tree|t_ficusb1s_f.p3d|[19378.99,17640.07,39.01]|335.1|[-5.06,-5.62,5.06,5.62,-4.61,4.61]
OTTOWN|Agios Petros|OBJ|tree|t_ficusb1s_f.p3d|[19378.81,17640.71,39.00]|30.0|[-5.06,-5.62,5.06,5.62,-4.61,4.61]
OTTOWN|Agios Petros|OBJ|tree|t_ficusb1s_f.p3d|[19373.84,17645.29,39.08]|207.9|[-5.06,-5.62,5.06,5.62,-4.61,4.61]
OTTOWN|Agios Petros|OBJ|tree|t_ficusb1s_f.p3d|[19369.46,17649.37,38.87]|140.0|[-5.06,-5.62,5.06,5.62,-4.61,4.61]
OTTOWN|Agios Petros|OBJ|tree|t_ficusb1s_f.p3d|[19362.45,17656.71,38.73]|203.0|[-5.06,-5.62,5.06,5.62,-4.61,4.61]
OTTOWN|Agios Petros|ROAD|TRACK|10.0|[19315.42,17628.51,36.46]|[19298.82,17622.54,35.72]
OTTOWN|Agios Petros|ROAD|TRACK|10.0|[19325.13,17634.97,36.91]|[19315.42,17628.51,36.46]
OTTOWN|Agios Petros|ROAD|TRACK|10.0|[19335.28,17640.10,37.31]|[19325.57,17637.66,36.98]
OTTOWN|Agios Petros|ROAD|TRACK|10.0|[19329.75,17640.79,37.17]|[19325.13,17634.97,36.91]
OTTOWN|Agios Petros|ROAD|TRACK|10.0|[19353.06,17665.32,38.57]|[19338.46,17641.86,37.39]
OTTOWN|Agios Petros|ROAD|TRACK|10.0|[19331.25,17671.16,38.46]|[19331.80,17652.74,37.52]
OTTOWN|Agios Petros|ROAD|TRACK|10.0|[19331.80,17652.74,37.52]|[19329.75,17640.79,37.17]
OTTOWN|Agios Petros|ROAD|TRACK|10.0|[19338.46,17641.86,37.39]|[19335.28,17640.10,37.31]
OTTOWN|Agios Petros|ROAD|TRACK|10.0|[19330.34,17690.98,39.63]|[19331.25,17671.16,38.46]
OTTOWN|Agios Petros|ROAD|TRACK|10.0|[19366.80,17678.41,40.66]|[19353.06,17665.32,38.57]
OTTOWN|Agios Petros|H|0|[35.05,35.07,35.28,35.52,35.75,35.96,36.07,36.19,36.28,36.37,36.46,36.55,36.64,36.73,36.82,36.91,37.00,37.09,37.17,37.27,37.36,37.45,37.55,37.63,37.72,37.81,37.91,38.04,38.17,38.30,38.44,38.58,38.70,38.82,38.89,38.95,39.03,39.11,39.15,39.21,39.30,39.37,39.42,39.51,39.62]
OTTOWN|Agios Petros|H|1|[35.10,35.12,35.33,35.55,35.77,35.98,36.10,36.19,36.28,36.37,36.46,36.55,36.64,36.73,36.82,36.91,36.99,37.08,37.17,37.27,37.36,37.45,37.54,37.63,37.72,37.82,37.94,38.07,38.20,38.34,38.48,38.62,38.75,38.82,38.87,38.93,39.01,39.05,39.10,39.15,39.23,39.28,39.32,39.41,39.53]
OTTOWN|Agios Petros|H|2|[35.14,35.16,35.36,35.58,35.80,36.01,36.10,36.19,36.28,36.37,36.46,36.55,36.64,36.72,36.81,36.90,36.99,37.08,37.17,37.27,37.36,37.45,37.54,37.62,37.72,37.85,37.97,38.10,38.23,38.38,38.52,38.67,38.74,38.80,38.85,38.91,38.95,38.99,39.04,39.08,39.13,39.18,39.23,39.32,39.43]
OTTOWN|Agios Petros|H|3|[35.19,35.21,35.40,35.63,35.85,36.01,36.10,36.19,36.28,36.37,36.45,36.54,36.63,36.72,36.81,36.90,36.99,37.08,37.17,37.27,37.36,37.45,37.53,37.62,37.72,37.85,37.97,38.13,38.29,38.44,38.58,38.69,38.75,38.80,38.86,38.89,38.94,38.98,39.02,39.06,39.10,39.15,39.20,39.28,39.40]
OTTOWN|Agios Petros|H|4|[35.24,35.26,35.45,35.67,35.85,36.01,36.10,36.19,36.28,36.36,36.45,36.54,36.63,36.72,36.81,36.90,36.99,37.08,37.17,37.26,37.35,37.44,37.53,37.62,37.72,37.85,38.00,38.19,38.36,38.50,38.60,38.70,38.76,38.81,38.85,38.88,38.92,38.96,38.99,39.03,39.08,39.12,39.17,39.25,39.37]
OTTOWN|Agios Petros|H|5|[35.29,35.31,35.50,35.67,35.85,36.01,36.10,36.18,36.27,36.36,36.45,36.54,36.63,36.72,36.81,36.90,36.99,37.08,37.17,37.26,37.35,37.44,37.53,37.62,37.72,37.88,38.07,38.26,38.42,38.52,38.61,38.71,38.77,38.80,38.83,38.87,38.91,38.94,38.97,39.01,39.05,39.09,39.14,39.22,39.28]
OTTOWN|Agios Petros|H|6|[35.33,35.35,35.51,35.68,35.85,35.99,36.08,36.16,36.25,36.35,36.45,36.54,36.63,36.72,36.81,36.90,36.99,37.08,37.17,37.26,37.35,37.44,37.53,37.61,37.74,37.93,38.12,38.30,38.44,38.53,38.63,38.72,38.76,38.79,38.82,38.85,38.88,38.92,38.95,38.98,39.02,39.07,39.11,39.15,39.19]
OTTOWN|Agios Petros|H|7|[35.38,35.39,35.54,35.72,35.85,35.89,35.97,36.06,36.20,36.35,36.45,36.54,36.63,36.72,36.81,36.90,36.99,37.08,37.17,37.26,37.35,37.44,37.53,37.61,37.73,37.92,38.11,38.31,38.45,38.55,38.64,38.71,38.75,38.78,38.81,38.84,38.87,38.90,38.93,38.96,39.01,39.05,39.09,39.13,39.17]
OTTOWN|Agios Petros|H|8|[35.41,35.43,35.58,35.71,35.75,35.78,35.87,36.01,36.20,36.35,36.45,36.54,36.63,36.72,36.81,36.90,36.99,37.08,37.17,37.26,37.35,37.44,37.52,37.60,37.72,37.91,38.12,38.33,38.47,38.56,38.63,38.71,38.75,38.78,38.80,38.82,38.86,38.89,38.91,38.94,38.99,39.03,39.06,39.10,39.15]
OTTOWN|Agios Petros|H|9|[35.45,35.47,35.58,35.61,35.64,35.68,35.82,36.01,36.20,36.35,36.45,36.54,36.63,36.72,36.81,36.90,36.99,37.08,37.17,37.26,37.35,37.43,37.51,37.59,37.71,37.92,38.13,38.34,38.48,38.55,38.63,38.70,38.74,38.76,38.79,38.81,38.84,38.87,38.89,38.93,38.96,39.00,39.04,39.08,39.12]
OTTOWN|Agios Petros|H|10|[35.50,35.52,35.55,35.59,35.62,35.67,35.86,36.05,36.23,36.36,36.45,36.54,36.64,36.71,36.79,36.88,36.97,37.05,37.14,37.24,37.31,37.39,37.47,37.55,37.71,37.92,38.13,38.34,38.46,38.54,38.61,38.69,38.73,38.75,38.77,38.80,38.82,38.85,38.88,38.91,38.94,38.98,39.02,39.05,39.09]
OTTOWN|Agios Petros|H|11|[35.57,35.61,35.64,35.67,35.70,35.75,35.94,36.13,36.26,36.36,36.46,36.55,36.60,36.67,36.75,36.84,36.91,37.00,37.09,37.16,37.22,37.30,37.38,37.52,37.70,37.91,38.12,38.31,38.43,38.51,38.59,38.68,38.72,38.74,38.76,38.78,38.81,38.84,38.86,38.89,38.93,38.96,38.99,39.02,39.06]
OTTOWN|Agios Petros|H|12|[35.66,35.69,35.72,35.76,35.79,35.84,36.03,36.16,36.27,36.37,36.46,36.51,36.56,36.63,36.71,36.78,36.85,36.94,37.01,37.07,37.12,37.20,37.35,37.51,37.68,37.89,38.09,38.28,38.40,38.48,38.58,38.67,38.70,38.73,38.75,38.77,38.80,38.82,38.85,38.87,38.91,38.94,38.96,38.99,39.03]
OTTOWN|Agios Petros|H|13|[35.74,35.78,35.81,35.84,35.87,35.92,36.05,36.16,36.28,36.38,36.42,36.47,36.52,36.58,36.65,36.73,36.80,36.87,36.92,36.97,37.03,37.17,37.33,37.49,37.67,37.86,38.06,38.25,38.38,38.47,38.57,38.66,38.69,38.71,38.74,38.76,38.78,38.81,38.83,38.86,38.88,38.91,38.93,38.96,39.00]
OTTOWN|Agios Petros|H|14|[35.79,35.84,35.88,35.91,35.94,36.00,36.11,36.22,36.33,36.38,36.43,36.47,36.52,36.59,36.66,36.74,36.81,36.86,36.92,36.97,37.04,37.20,37.36,37.51,37.60,37.80,37.99,38.19,38.34,38.43,38.52,38.64,38.68,38.70,38.72,38.75,38.77,38.80,38.82,38.85,38.87,38.90,38.92,38.95,38.99]
OTTOWN|Agios Petros|H|15|[35.83,35.90,35.94,35.97,36.02,36.09,36.20,36.31,36.36,36.41,36.45,36.50,36.57,36.64,36.71,36.78,36.85,36.90,36.96,37.01,37.08,37.24,37.39,37.43,37.52,37.71,37.91,38.13,38.27,38.37,38.48,38.62,38.66,38.68,38.71,38.75,38.77,38.80,38.82,38.85,38.87,38.90,38.92,38.95,38.99]
OTTOWN|Agios Petros|H|16|[35.89,35.96,35.99,36.05,36.11,36.17,36.28,36.33,36.38,36.43,36.48,36.55,36.61,36.68,36.75,36.82,36.89,36.94,37.00,37.05,37.12,37.28,37.31,37.34,37.43,37.63,37.85,38.07,38.21,38.33,38.47,38.60,38.64,38.67,38.71,38.75,38.77,38.80,38.82,38.85,38.87,38.90,38.92,38.95,39.00]
OTTOWN|Agios Petros|H|17|[35.95,36.02,36.07,36.13,36.19,36.25,36.30,36.36,36.41,36.46,36.52,36.59,36.65,36.72,36.79,36.86,36.93,36.98,37.04,37.10,37.16,37.19,37.22,37.26,37.35,37.57,37.79,38.01,38.17,38.31,38.45,38.58,38.63,38.67,38.71,38.74,38.77,38.80,38.82,38.85,38.87,38.90,38.92,38.96,39.02]
OTTOWN|Agios Petros|H|18|[35.96,36.03,36.09,36.14,36.20,36.26,36.31,36.36,36.42,36.49,36.55,36.61,36.69,36.76,36.83,36.90,36.97,37.03,37.08,37.14,37.19,37.22,37.26,37.29,37.39,37.61,37.83,37.96,38.06,38.20,38.34,38.51,38.57,38.60,38.64,38.72,38.74,38.77,38.81,38.85,38.88,38.90,38.94,38.99,39.05]
OTTOWN|Agios Petros|H|19|[35.96,36.03,36.09,36.15,36.21,36.27,36.32,36.38,36.44,36.51,36.57,36.65,36.73,36.80,36.87,36.94,37.01,37.07,37.12,37.18,37.24,37.27,37.30,37.33,37.43,37.65,37.78,37.84,37.95,38.08,38.25,38.44,38.49,38.53,38.61,38.69,38.71,38.75,38.81,38.86,38.88,38.92,38.97,39.02,39.08]
OTTOWN|Agios Petros|H|20|[35.97,36.04,36.10,36.16,36.22,36.28,36.33,36.40,36.47,36.53,36.61,36.69,36.77,36.84,36.91,36.98,37.05,37.11,37.16,37.22,37.28,37.31,37.34,37.37,37.47,37.61,37.67,37.72,37.83,38.00,38.18,38.36,38.42,38.50,38.58,38.66,38.69,38.76,38.82,38.86,38.90,38.95,39.00,39.05,39.17]
OTTOWN|Agios Petros|H|21|[35.97,36.04,36.11,36.17,36.23,36.30,36.36,36.43,36.50,36.57,36.65,36.73,36.81,36.88,36.95,37.02,37.09,37.15,37.21,37.27,37.32,37.35,37.38,37.42,37.46,37.52,37.58,37.64,37.77,37.95,38.13,38.31,38.39,38.47,38.55,38.63,38.69,38.75,38.82,38.89,38.93,38.98,39.03,39.15,39.29]
OTTOWN|Agios Petros|H|22|[35.95,36.08,36.16,36.22,36.28,36.34,36.41,36.48,36.55,36.62,36.70,36.78,36.86,36.94,37.01,37.08,37.13,37.19,37.25,37.31,37.35,37.38,37.42,37.46,37.51,37.57,37.62,37.67,37.80,37.98,38.16,38.28,38.37,38.45,38.53,38.61,38.67,38.73,38.83,38.94,38.99,39.04,39.14,39.27,39.41]
OTTOWN|Agios Petros|H|23|[36.00,36.13,36.20,36.26,36.33,36.39,36.46,36.53,36.60,36.67,36.75,36.83,36.92,36.99,37.06,37.12,37.18,37.24,37.29,37.34,37.38,37.42,37.46,37.50,37.56,37.61,37.66,37.71,37.84,38.02,38.14,38.26,38.35,38.43,38.50,38.58,38.64,38.75,38.89,39.00,39.05,39.15,39.26,39.39,39.53]
OTTOWN|Agios Petros|H|24|[36.04,36.18,36.25,36.31,36.38,36.44,36.51,36.58,36.65,36.72,36.80,36.89,36.97,37.05,37.11,37.17,37.23,37.28,37.33,37.37,37.42,37.46,37.50,37.55,37.60,37.65,37.70,37.74,37.87,37.99,38.11,38.24,38.32,38.40,38.48,38.55,38.66,38.80,38.95,39.05,39.16,39.27,39.38,39.52,39.67]
OTTOWN|Agios Petros|H|25|[36.13,36.24,36.30,36.37,36.43,36.48,36.55,36.62,36.69,36.77,36.85,36.94,37.02,37.11,37.17,37.23,37.28,37.33,37.37,37.42,37.46,37.51,37.55,37.60,37.64,37.69,37.73,37.77,37.84,37.97,38.09,38.23,38.32,38.40,38.48,38.56,38.71,38.85,39.00,39.15,39.26,39.38,39.49,39.65,39.80]
OTTOWN|Agios Petros|H|26|[36.24,36.30,36.37,36.43,36.48,36.52,36.59,36.66,36.73,36.81,36.89,36.98,37.11,37.19,37.25,37.31,37.35,37.39,37.44,37.48,37.51,37.56,37.61,37.64,37.67,37.72,37.76,37.75,37.82,37.94,38.08,38.27,38.36,38.44,38.52,38.61,38.75,38.90,39.08,39.24,39.35,39.47,39.63,39.78,39.93]
OTTOWN|Agios Petros|H|27|[36.30,36.37,36.43,36.48,36.52,36.56,36.63,36.70,36.77,36.85,36.93,37.06,37.19,37.28,37.33,37.37,37.41,37.45,37.50,37.53,37.57,37.62,37.65,37.67,37.70,37.75,37.73,37.72,37.79,37.93,38.12,38.31,38.40,38.48,38.57,38.66,38.80,38.98,39.17,39.33,39.45,39.60,39.76,39.91,40.05]
OTTOWN|Agios Petros|H|28|[36.37,36.43,36.48,36.52,36.56,36.60,36.67,36.74,36.81,36.89,37.02,37.15,37.27,37.35,37.39,37.43,37.47,37.51,37.55,37.59,37.63,37.66,37.68,37.70,37.73,37.72,37.71,37.69,37.78,37.97,38.16,38.35,38.45,38.53,38.61,38.70,38.88,39.07,39.26,39.42,39.58,39.73,39.89,40.03,40.13]
OTTOWN|Agios Petros|H|29|[36.43,36.49,36.53,36.57,36.61,36.64,36.71,36.78,36.85,36.97,37.09,37.22,37.38,37.50,37.54,37.58,37.57,37.59,37.63,37.66,37.69,37.72,37.74,37.76,37.78,37.77,37.75,37.76,37.90,38.09,38.28,38.43,38.52,38.60,38.68,38.82,39.01,39.20,39.39,39.55,39.71,39.86,40.01,40.12,40.22]
OTTOWN|Agios Petros|H|30|[36.49,36.55,36.59,36.63,36.66,36.68,36.75,36.82,36.93,37.04,37.17,37.33,37.56,37.68,37.72,37.71,37.65,37.67,37.71,37.74,37.76,37.79,37.81,37.85,37.86,37.85,37.86,37.91,38.05,38.24,38.39,38.51,38.60,38.68,38.81,38.97,39.16,39.34,39.51,39.68,39.83,39.98,40.11,40.22,40.32]
OTTOWN|Agios Petros|H|31|[36.54,36.60,36.64,36.67,36.70,36.72,36.79,36.90,37.00,37.12,37.27,37.51,37.74,37.86,37.85,37.79,37.74,37.76,37.79,37.81,37.84,37.86,37.89,37.93,37.95,37.95,38.01,38.06,38.20,38.35,38.47,38.59,38.68,38.81,38.96,39.11,39.30,39.47,39.64,39.81,39.95,40.08,40.20,40.32,40.42]
OTTOWN|Agios Petros|H|32|[36.60,36.66,36.69,36.71,36.74,36.77,36.87,36.97,37.08,37.22,37.45,37.69,37.92,37.99,37.93,37.88,37.82,37.84,37.86,37.88,37.91,37.94,37.98,38.01,38.05,38.10,38.16,38.22,38.32,38.44,38.56,38.68,38.81,38.96,39.11,39.26,39.43,39.60,39.77,39.93,40.05,40.18,40.30,40.41,40.52]
OTTOWN|Agios Petros|H|33|[36.67,36.68,36.70,36.72,36.75,36.80,36.90,37.01,37.07,37.14,37.37,37.61,37.95,38.09,38.03,37.97,37.96,37.98,38.01,38.03,38.04,38.07,38.11,38.13,38.15,38.21,38.26,38.32,38.41,38.53,38.65,38.84,38.99,39.14,39.28,39.44,39.61,39.78,39.94,40.08,40.21,40.33,40.44,40.54,40.64]
OTTOWN|Agios Petros|H|34|[36.70,36.69,36.71,36.73,36.78,36.83,36.94,37.00,36.97,37.03,37.27,37.61,38.05,38.19,38.13,38.12,38.12,38.14,38.16,38.16,38.17,38.20,38.23,38.23,38.25,38.31,38.36,38.42,38.51,38.63,38.82,39.02,39.17,39.32,39.47,39.62,39.79,39.95,40.10,40.24,40.37,40.48,40.57,40.67,40.77]
OTTOWN|Agios Petros|H|35|[36.71,36.69,36.71,36.76,36.81,36.86,36.93,36.90,36.87,36.93,37.27,37.71,38.15,38.28,38.27,38.27,38.27,38.29,38.29,38.30,38.30,38.33,38.33,38.33,38.35,38.40,38.46,38.52,38.61,38.79,38.99,39.19,39.35,39.50,39.65,39.80,39.96,40.11,40.26,40.40,40.51,40.61,40.70,40.80,40.89]
OTTOWN|Agios Petros|H|36|[36.71,36.70,36.74,36.79,36.83,36.87,36.84,36.81,36.77,36.93,37.37,37.81,38.24,38.42,38.42,38.42,38.42,38.42,38.42,38.42,38.42,38.42,38.42,38.42,38.45,38.51,38.57,38.62,38.76,38.96,39.16,39.36,39.52,39.67,39.82,39.97,40.12,40.27,40.42,40.54,40.64,40.74,40.83,40.92,41.00]
OTTOWN|Agios Petros|H|37|[36.72,36.68,36.71,36.76,36.81,36.83,36.80,36.77,36.80,37.01,37.45,37.89,38.33,38.50,38.50,38.50,38.50,38.51,38.51,38.51,38.51,38.51,38.51,38.54,38.59,38.65,38.70,38.75,38.88,39.08,39.28,39.50,39.65,39.80,39.96,40.14,40.29,40.44,40.56,40.66,40.76,40.85,40.95,41.04,41.12]
OTTOWN|Agios Petros|H|38|[36.69,36.65,36.69,36.73,36.77,36.80,36.76,36.80,36.88,37.10,37.53,37.98,38.42,38.59,38.59,38.59,38.59,38.59,38.60,38.60,38.60,38.60,38.62,38.67,38.73,38.78,38.83,38.87,39.00,39.20,39.42,39.63,39.79,39.95,40.13,40.31,40.45,40.58,40.68,40.78,40.88,40.97,41.07,41.16,41.24]
OTTOWN|Agios Petros|H|39|[36.67,36.63,36.66,36.70,36.73,36.76,36.79,36.88,36.97,37.18,37.62,38.06,38.51,38.68,38.68,38.68,38.68,38.68,38.68,38.68,38.68,38.71,38.76,38.81,38.86,38.91,38.95,38.99,39.12,39.34,39.55,39.76,39.93,40.11,40.29,40.47,40.59,40.70,40.80,40.90,40.99,41.09,41.18,41.27,41.36]
OTTOWN|Agios Petros|H|40|[36.70,36.66,36.68,36.72,36.75,36.84,36.93,37.02,37.10,37.32,37.76,38.21,38.65,38.78,38.78,38.78,38.78,38.78,38.78,38.78,38.79,38.84,38.89,38.94,38.97,39.01,39.05,39.09,39.24,39.45,39.66,39.89,40.08,40.26,40.44,40.59,40.69,40.80,40.90,41.00,41.10,41.20,41.29,41.39,41.47]
OTTOWN|Agios Petros|H|41|[36.81,36.76,36.78,36.82,36.91,37.05,37.14,37.23,37.32,37.54,37.98,38.42,38.77,38.90,38.90,38.90,38.90,38.90,38.90,38.90,38.91,38.96,39.01,39.03,39.06,39.10,39.14,39.18,39.33,39.54,39.76,40.01,40.20,40.38,40.54,40.67,40.77,40.87,40.99,41.10,41.19,41.29,41.40,41.50,41.58]
OTTOWN|Agios Petros|H|42|[36.92,36.86,36.89,36.98,37.13,37.27,37.35,37.45,37.54,37.76,38.20,38.54,38.89,39.02,39.02,39.02,39.02,39.02,39.02,39.02,39.03,39.08,39.10,39.12,39.14,39.18,39.22,39.27,39.41,39.64,39.88,40.13,40.32,40.47,40.61,40.74,40.84,40.96,41.08,41.19,41.29,41.40,41.52,41.61,41.70]
OTTOWN|Agios Petros|H|43|[37.02,36.96,37.05,37.19,37.34,37.48,37.57,37.67,37.76,37.97,38.32,38.66,39.01,39.14,39.14,39.14,39.14,39.14,39.14,39.14,39.15,39.17,39.19,39.20,39.23,39.27,39.31,39.35,39.51,39.76,40.00,40.25,40.41,40.55,40.68,40.82,40.93,41.05,41.17,41.28,41.40,41.51,41.63,41.73,41.83]
OTTOWN|Agios Petros|H|44|[37.19,37.19,37.32,37.47,37.62,37.70,37.79,37.88,37.98,38.16,38.51,38.85,39.17,39.27,39.27,39.27,39.28,39.28,39.28,39.28,39.28,39.30,39.31,39.33,39.32,39.36,39.40,39.46,39.64,39.88,40.13,40.33,40.46,40.60,40.74,40.89,41.01,41.13,41.25,41.38,41.49,41.61,41.72,41.83,41.94]
OTTOWN|Agios Petros|END
OTTOWN|Paros|HEAD|i_House_Big_01_V1_F|Land_i_House_Big_01_V2_F|[20901.494,16937.244,47.625]|262.74|false|174|3|4
OTTOWN|Paros|BOX|[-7.89,-8.48,7.89,8.48,-6.61,6.61]
OTTOWN|Paros|DOOR|main|[20909.20,16934.90,48.19]|442.7|2.25
OTTOWN|Paros|DOOR|side|[20895.30,16941.39,48.19]|352.7|1.00
OTTOWN|Paros|BPOS|[[20895.69,16937.23,48.19],[20905.63,16939.15,51.70],[20902.12,16936.57,48.25],[20899.49,16937.25,51.59],[20895.12,16940.05,51.62],[20901.21,16934.48,51.62],[20896.56,16932.98,51.62],[20907.51,16938.16,51.70],[20905.46,16934.30,51.62]]
OTTOWN|Paros|OBJ|building|Land_Chapel_V2_F|[20890.98,16894.65,46.50]|0.0|[-12.56,-5.59,12.56,5.59,-6.12,6.12]
OTTOWN|Paros|OBJ|building|Land_i_Addon_02_V1_F|[20905.97,16909.80,45.14]|1.6|[-4.54,-4.94,4.54,4.94,-3.71,3.71]
OTTOWN|Paros|OBJ|building|treebin_f.p3d|[20894.55,16907.20,45.97]|0.0|[-1.24,-1.26,1.24,1.26,-0.43,0.43]
OTTOWN|Paros|OBJ|building|Land_i_House_Big_02_V2_F|[20879.27,16935.30,49.19]|347.3|[-5.33,-12.09,5.33,12.09,-6.09,6.09]
OTTOWN|Paros|OBJ|building|Land_i_Shop_02_V3_F|[20861.46,16941.49,51.04]|1.1|[-8.58,-5.44,8.58,5.44,-6.24,6.24]
OTTOWN|Paros|OBJ|building|treebin_f.p3d|[20867.58,16925.78,48.18]|0.0|[-1.24,-1.26,1.24,1.26,-0.43,0.43]
OTTOWN|Paros|OBJ|building|calvary_01_v1_f.p3d|[20867.59,16924.07,48.15]|266.2|[-0.38,-0.38,0.38,0.38,-1.31,1.31]
OTTOWN|Paros|OBJ|building|Land_i_House_Small_01_V1_F|[20902.87,16947.73,47.77]|263.2|[-5.43,-7.64,5.43,7.64,-5.08,5.08]
OTTOWN|Paros|OBJ|building|Land_i_House_Small_02_V1_F|[20920.12,16940.94,44.88]|279.6|[-8.20,-4.64,8.20,4.64,-4.71,4.71]
OTTOWN|Paros|OBJ|building|Land_i_House_Big_02_V3_F|[20861.08,16951.39,52.02]|270.9|[-5.33,-12.09,5.33,12.09,-6.09,6.09]
OTTOWN|Paros|OBJ|building|Land_i_Garage_V1_F|[20877.40,16971.16,51.37]|94.0|[-9.00,-3.69,9.00,3.69,-3.37,3.37]
OTTOWN|Paros|OBJ|building|Land_i_Stone_Shed_V3_F|[20879.29,16955.85,50.44]|271.7|[-4.53,-4.96,4.53,4.96,-3.80,3.80]
OTTOWN|Paros|OBJ|building|Land_i_House_Small_02_V1_F|[20903.37,16967.96,48.88]|189.0|[-8.20,-4.64,8.20,4.64,-4.71,4.71]
OTTOWN|Paros|OBJ|building|Land_i_Addon_02_V1_F|[20898.09,16960.62,48.78]|9.3|[-4.54,-4.94,4.54,4.94,-3.71,3.71]
OTTOWN|Paros|OBJ|building|Land_i_House_Big_02_V1_F|[20923.45,16953.55,45.20]|100.0|[-5.33,-12.09,5.33,12.09,-6.09,6.09]
OTTOWN|Paros|OBJ|building|Land_i_House_Big_01_V1_F|[20928.91,16962.77,45.57]|99.8|[-7.89,-8.48,7.89,8.48,-6.61,6.61]
OTTOWN|Paros|OBJ|building|Land_i_Shop_01_V1_F|[20917.76,16966.66,46.58]|189.8|[-4.75,-10.13,4.75,10.13,-6.46,6.46]
OTTOWN|Paros|OBJ|wall|pipe_fence_4m_f.p3d|[20873.82,16906.92,47.71]|315.9|[-2.08,-0.09,2.08,0.09,-0.85,0.85]
OTTOWN|Paros|OBJ|wall|pipe_fence_4m_f.p3d|[20889.62,16915.84,46.91]|355.0|[-2.08,-0.09,2.08,0.09,-0.85,0.85]
OTTOWN|Paros|OBJ|wall|pipe_fence_4m_f.p3d|[20893.76,16916.01,46.55]|360.0|[-2.08,-0.09,2.08,0.09,-0.85,0.85]
OTTOWN|Paros|OBJ|wall|pipe_fence_4m_f.p3d|[20885.60,16914.95,47.23]|340.4|[-2.08,-0.09,2.08,0.09,-0.85,0.85]
OTTOWN|Paros|OBJ|wall|pipe_fence_4m_f.p3d|[20881.82,16913.31,47.44]|332.7|[-2.08,-0.09,2.08,0.09,-0.85,0.85]
OTTOWN|Paros|OBJ|wall|city2_8m_f.p3d|[20934.99,16916.62,44.37]|308.8|[-3.51,-0.25,3.51,0.25,-2.09,2.09]
OTTOWN|Paros|OBJ|wall|city2_4m_f.p3d|[20934.29,16912.69,44.25]|225.2|[-1.76,-0.25,1.76,0.25,-2.09,2.09]
OTTOWN|Paros|OBJ|wall|city2_pillard_f.p3d|[20936.95,16919.04,44.57]|309.6|[-0.84,-0.25,0.84,0.25,-2.10,2.10]
OTTOWN|Paros|OBJ|wall|city_8m_f.p3d|[20873.57,16943.21,49.87]|271.9|[-3.53,-0.25,3.53,0.25,-2.08,2.08]
OTTOWN|Paros|OBJ|wall|city_pillar_f.p3d|[20873.69,16946.93,50.25]|4.3|[-0.23,-0.24,0.23,0.24,-2.14,2.14]
OTTOWN|Paros|OBJ|wall|city_8md_f.p3d|[20888.94,16931.07,47.05]|351.2|[-3.50,-0.98,3.50,0.98,-1.80,1.80]
OTTOWN|Paros|OBJ|wall|city2_8md_f.p3d|[20945.58,16928.96,44.30]|309.3|[-2.30,-0.28,2.30,0.28,-2.11,2.11]
OTTOWN|Paros|OBJ|wall|city_8m_f.p3d|[20874.24,16962.01,50.85]|271.7|[-3.53,-0.25,3.53,0.25,-2.08,2.08]
OTTOWN|Paros|OBJ|wall|city_8m_f.p3d|[20874.01,16954.98,50.70]|271.9|[-3.53,-0.25,3.53,0.25,-2.08,2.08]
OTTOWN|Paros|OBJ|wall|city_pillar_f.p3d|[20874.34,16965.68,51.01]|4.3|[-0.23,-0.24,0.23,0.24,-2.14,2.14]
OTTOWN|Paros|OBJ|wall|city_8m_f.p3d|[20906.73,16956.75,46.92]|268.5|[-3.53,-0.25,3.53,0.25,-2.08,2.08]
OTTOWN|Paros|OBJ|wall|city_8m_f.p3d|[20884.64,16974.62,50.48]|190.0|[-3.53,-0.25,3.53,0.25,-2.08,2.08]
OTTOWN|Paros|OBJ|wall|city_4m_f.p3d|[20906.62,16961.97,47.32]|88.9|[-1.79,-0.24,1.79,0.24,-2.08,2.08]
OTTOWN|Paros|OBJ|wall|city_4m_f.p3d|[20894.32,16972.94,49.11]|9.7|[-1.79,-0.24,1.79,0.24,-2.08,2.08]
OTTOWN|Paros|OBJ|wall|city_pillar_f.p3d|[20892.39,16973.31,49.42]|10.3|[-0.23,-0.24,0.23,0.24,-2.14,2.14]
OTTOWN|Paros|OBJ|wall|city_pillar_f.p3d|[20880.98,16975.27,50.85]|10.3|[-0.23,-0.24,0.23,0.24,-2.14,2.14]
OTTOWN|Paros|OBJ|wall|city_pillar_f.p3d|[20906.61,16963.91,47.48]|0.0|[-0.23,-0.24,0.23,0.24,-2.14,2.14]
OTTOWN|Paros|OBJ|tree|t_phoenixc3s_f.p3d|[20894.45,16907.96,45.98]|184.0|[-10.50,-10.50,10.50,10.50,-10.52,10.52]
OTTOWN|Paros|OBJ|tree|t_phoenixc1s_f.p3d|[20885.29,16913.26,47.26]|49.9|[-4.68,-4.32,4.68,4.32,-3.89,3.89]
OTTOWN|Paros|OBJ|tree|t_phoenixc1s_f.p3d|[20909.28,16903.20,43.98]|8.1|[-4.68,-4.32,4.68,4.32,-3.89,3.89]
OTTOWN|Paros|OBJ|tree|t_ficusb1s_f.p3d|[20933.32,16907.29,43.89]|203.9|[-5.06,-5.62,5.06,5.62,-4.61,4.61]
OTTOWN|Paros|OBJ|tree|t_fraxinusav2s_f.p3d|[20866.51,16926.19,48.19]|237.0|[-13.54,-13.39,13.54,13.39,-13.22,13.22]
OTTOWN|Paros|OBJ|tree|t_ficusb1s_f.p3d|[20892.80,16954.78,48.95]|137.0|[-5.06,-5.62,5.06,5.62,-4.61,4.61]
OTTOWN|Paros|OBJ|tree|t_ficusb1s_f.p3d|[20888.48,16952.96,49.39]|100.0|[-5.06,-5.62,5.06,5.62,-4.61,4.61]
OTTOWN|Paros|OBJ|tree|t_ficusb1s_f.p3d|[20883.92,16968.81,50.40]|52.0|[-5.06,-5.62,5.06,5.62,-4.61,4.61]
OTTOWN|Paros|ROAD|MAIN ROAD|14.0|[20921.41,16901.82,43.64]|[20928.94,16928.58,44.83]
OTTOWN|Paros|ROAD|TRACK|10.0|[20914.42,16921.52,44.86]|[20895.46,16923.35,46.46]
OTTOWN|Paros|ROAD|TRACK|10.0|[20895.46,16923.35,46.46]|[20881.24,16921.25,47.46]
OTTOWN|Paros|ROAD|MAIN ROAD|14.0|[20931.54,16934.32,44.80]|[20936.08,16939.21,44.74]
OTTOWN|Paros|ROAD|MAIN ROAD|14.0|[20928.94,16928.58,44.83]|[20931.54,16934.32,44.80]
OTTOWN|Paros|ROAD|TRACK|10.0|[20924.45,16919.99,44.71]|[20914.42,16921.52,44.86]
OTTOWN|Paros|H|0|[47.56,47.56,47.55,47.56,47.53,47.35,47.20,47.15,47.04,46.86,46.66,46.40,46.23,46.09,45.95,45.79,45.69,45.60,45.41,45.19,44.94,44.69,44.45,44.16,43.84,43.55,43.32,43.18,43.07,43.00,42.96,42.88,42.80,42.77,42.72,42.59,42.46,42.40,42.26,42.05,41.82,41.58,41.29,41.00,40.72]
OTTOWN|Paros|H|1|[47.67,47.66,47.67,47.69,47.65,47.50,47.45,47.40,47.29,47.08,46.82,46.57,46.40,46.25,46.09,45.94,45.84,45.65,45.44,45.23,44.98,44.73,44.48,44.20,43.91,43.68,43.45,43.31,43.24,43.20,43.15,43.07,43.04,43.02,42.97,42.85,42.78,42.72,42.58,42.35,42.10,41.86,41.57,41.30,41.04]
OTTOWN|Paros|H|2|[47.78,47.79,47.80,47.81,47.80,47.75,47.70,47.65,47.51,47.25,46.99,46.73,46.55,46.40,46.24,46.08,45.89,45.69,45.48,45.26,45.02,44.77,44.52,44.27,44.04,43.80,43.57,43.47,43.43,43.39,43.35,43.32,43.30,43.27,43.23,43.17,43.10,43.03,42.88,42.63,42.38,42.14,41.87,41.61,41.35]
OTTOWN|Paros|H|3|[47.84,47.85,47.87,47.88,47.86,47.81,47.76,47.71,47.55,47.29,47.03,46.90,46.77,46.61,46.46,46.27,46.06,45.86,45.64,45.36,45.11,44.86,44.61,44.37,44.13,43.90,43.69,43.61,43.57,43.53,43.50,43.48,43.46,43.44,43.41,43.35,43.28,43.22,43.08,42.83,42.58,42.39,42.16,41.90,41.63]
OTTOWN|Paros|H|4|[47.90,47.91,47.92,47.91,47.89,47.85,47.79,47.73,47.58,47.32,47.18,47.13,47.00,46.84,46.65,46.46,46.25,46.04,45.74,45.46,45.21,44.96,44.70,44.46,44.23,44.02,43.83,43.75,43.71,43.68,43.65,43.63,43.61,43.60,43.57,43.51,43.45,43.41,43.27,43.02,42.83,42.67,42.43,42.17,41.84]
OTTOWN|Paros|H|5|[47.96,47.97,47.96,47.95,47.93,47.88,47.82,47.76,47.60,47.47,47.41,47.36,47.22,47.04,46.84,46.65,46.44,46.14,45.84,45.56,45.31,45.05,44.80,44.55,44.35,44.15,43.96,43.88,43.85,43.83,43.81,43.79,43.77,43.76,43.73,43.68,43.64,43.60,43.45,43.26,43.10,42.95,42.71,42.38,42.03]
OTTOWN|Paros|H|6|[48.01,48.00,47.99,47.98,47.96,47.90,47.84,47.78,47.72,47.67,47.61,47.55,47.40,47.20,47.01,46.83,46.53,46.24,45.94,45.67,45.41,45.16,44.90,44.67,44.48,44.29,44.09,44.03,44.00,43.98,43.96,43.94,43.93,43.92,43.90,43.86,43.82,43.78,43.68,43.53,43.37,43.21,42.91,42.57,42.23]
OTTOWN|Paros|H|7|[47.99,47.98,47.97,47.96,47.96,47.90,47.84,47.78,47.72,47.67,47.61,47.55,47.39,47.20,47.02,46.91,46.62,46.32,46.07,45.87,45.61,45.36,45.06,44.80,44.61,44.42,44.23,44.16,44.14,44.12,44.08,44.07,44.05,44.05,44.05,44.01,43.97,43.94,43.85,43.70,43.54,43.38,43.08,42.74,42.40]
OTTOWN|Paros|H|8|[47.97,47.96,47.96,47.96,47.96,47.90,47.84,47.78,47.72,47.67,47.61,47.54,47.39,47.20,47.10,47.00,46.70,46.45,46.27,46.07,45.81,45.51,45.19,44.93,44.74,44.55,44.37,44.30,44.28,44.24,44.21,44.19,44.19,44.21,44.21,44.17,44.14,44.11,44.02,43.87,43.71,43.55,43.25,42.91,42.56]
OTTOWN|Paros|H|9|[47.95,47.95,47.96,47.96,47.96,47.90,47.84,47.78,47.72,47.66,47.60,47.54,47.39,47.29,47.18,47.08,46.83,46.64,46.46,46.26,45.97,45.64,45.32,45.06,44.88,44.69,44.50,44.44,44.40,44.37,44.33,44.33,44.34,44.36,44.36,44.33,44.31,44.29,44.19,44.04,43.88,43.72,43.42,43.07,42.72]
OTTOWN|Paros|H|10|[47.96,47.97,47.97,47.98,47.96,47.90,47.84,47.78,47.74,47.68,47.62,47.55,47.45,47.35,47.25,47.12,46.94,46.76,46.58,46.38,46.06,45.74,45.42,45.17,44.98,44.80,44.62,44.56,44.52,44.49,44.45,44.47,44.48,44.50,44.49,44.47,44.44,44.42,44.34,44.18,44.02,43.88,43.61,43.25,42.90]
OTTOWN|Paros|H|11|[48.01,48.02,48.03,48.00,47.96,47.90,47.84,47.82,47.79,47.73,47.66,47.58,47.49,47.38,47.26,47.10,46.92,46.74,46.59,46.42,46.09,45.77,45.48,45.23,45.05,44.87,44.74,44.68,44.64,44.61,44.56,44.58,44.59,44.59,44.57,44.55,44.52,44.51,44.43,44.27,44.13,44.10,43.83,43.48,43.12]
OTTOWN|Paros|H|12|[48.06,48.07,48.04,48.00,47.96,47.90,47.88,47.87,47.84,47.78,47.70,47.62,47.52,47.40,47.24,47.09,46.90,46.76,46.63,46.45,46.13,45.83,45.54,45.30,45.12,44.99,44.86,44.80,44.76,44.71,44.67,44.69,44.68,44.67,44.65,44.62,44.61,44.60,44.52,44.38,44.35,44.33,44.06,43.69,43.32]
OTTOWN|Paros|H|13|[48.11,48.09,48.04,48.00,47.96,47.94,47.93,47.92,47.89,47.81,47.73,47.65,47.53,47.38,47.22,47.07,46.92,46.79,46.66,46.49,46.19,45.90,45.60,45.37,45.24,45.11,44.98,44.91,44.87,44.82,44.78,44.77,44.76,44.74,44.72,44.71,44.70,44.69,44.62,44.60,44.58,44.55,44.27,43.90,43.53]
OTTOWN|Paros|H|14|[48.28,48.23,48.19,48.15,48.03,48.02,48.01,47.99,47.88,47.80,47.72,47.62,47.47,47.32,47.17,47.03,46.91,46.78,46.65,46.49,46.20,45.90,45.61,45.41,45.28,45.15,45.03,44.97,44.92,44.88,44.83,44.82,44.80,44.78,44.76,44.75,44.74,44.74,44.73,44.71,44.68,44.66,44.38,44.01,43.63]
OTTOWN|Paros|H|15|[48.51,48.47,48.43,48.26,48.12,48.11,48.09,47.95,47.84,47.76,47.67,47.54,47.39,47.24,47.11,46.99,46.86,46.74,46.62,46.46,46.17,45.88,45.61,45.41,45.28,45.16,45.05,44.99,44.95,44.90,44.85,44.83,44.82,44.80,44.77,44.76,44.76,44.77,44.77,44.74,44.72,44.71,44.42,44.05,43.80]
OTTOWN|Paros|H|16|[48.75,48.70,48.54,48.35,48.21,48.19,48.05,47.92,47.81,47.71,47.59,47.46,47.31,47.18,47.07,46.95,46.82,46.71,46.59,46.44,46.15,45.88,45.61,45.41,45.29,45.18,45.07,45.01,44.97,44.92,44.87,44.85,44.83,44.81,44.79,44.78,44.79,44.81,44.81,44.78,44.77,44.75,44.47,44.22,44.04]
OTTOWN|Paros|H|17|[48.98,48.81,48.63,48.45,48.29,48.15,48.02,47.88,47.76,47.63,47.51,47.38,47.26,47.14,47.02,46.91,46.79,46.68,46.57,46.41,46.14,45.87,45.61,45.41,45.31,45.20,45.09,45.03,44.98,44.94,44.89,44.86,44.84,44.82,44.80,44.82,44.83,44.85,44.85,44.83,44.81,44.80,44.64,44.46,44.28]
OTTOWN|Paros|H|18|[49.33,49.14,48.96,48.77,48.59,48.45,48.32,48.19,48.06,47.94,47.81,47.62,47.47,47.36,47.24,47.01,46.90,46.79,46.67,46.46,46.19,45.92,45.66,45.50,45.39,45.28,45.11,45.02,44.98,44.93,44.91,44.88,44.86,44.84,44.82,44.83,44.85,44.85,44.83,44.81,44.80,44.79,44.66,44.48,44.30]
OTTOWN|Paros|H|19|[49.69,49.51,49.32,49.12,48.94,48.80,48.67,48.55,48.42,48.30,48.10,47.87,47.73,47.61,47.39,47.15,47.03,46.91,46.72,46.51,46.24,45.98,45.76,45.59,45.48,45.31,45.10,45.01,44.97,44.95,44.93,44.91,44.88,44.85,44.83,44.84,44.85,44.82,44.80,44.79,44.78,44.78,44.65,44.47,44.37]
OTTOWN|Paros|H|20|[50.05,49.87,49.67,49.47,49.28,49.15,49.03,48.91,48.78,48.59,48.36,48.13,47.98,47.76,47.52,47.28,47.15,46.96,46.77,46.56,46.30,46.08,45.85,45.68,45.51,45.30,45.09,45.00,44.98,44.97,44.95,44.93,44.89,44.86,44.84,44.84,44.82,44.80,44.78,44.77,44.77,44.77,44.64,44.54,44.45]
OTTOWN|Paros|H|21|[50.40,50.19,49.99,49.80,49.62,49.50,49.37,49.25,49.07,48.84,48.60,48.37,48.15,47.91,47.67,47.43,47.24,47.04,46.85,46.64,46.41,46.18,45.95,45.73,45.52,45.31,45.10,45.03,45.01,44.99,44.97,44.94,44.91,44.87,44.84,44.82,44.79,44.77,44.76,44.76,44.76,44.76,44.68,44.60,44.51]
OTTOWN|Paros|H|22|[50.60,50.39,50.19,50.01,49.85,49.73,49.61,49.46,49.25,49.02,48.79,48.66,48.45,48.21,47.97,47.73,47.54,47.35,47.13,46.86,46.63,46.40,46.14,45.90,45.69,45.49,45.18,45.09,45.08,45.05,44.96,44.93,44.90,44.86,44.83,44.80,44.78,44.76,44.75,44.75,44.75,44.69,44.60,44.52,44.43]
OTTOWN|Paros|H|23|[50.80,50.59,50.41,50.24,50.09,49.96,49.81,49.64,49.44,49.21,49.07,48.95,48.74,48.51,48.27,48.04,47.85,47.62,47.34,47.08,46.85,46.59,46.32,46.07,45.87,45.57,45.25,45.16,45.13,45.04,44.95,44.92,44.89,44.85,44.81,44.79,44.77,44.75,44.74,44.74,44.68,44.61,44.52,44.44,44.36]
OTTOWN|Paros|H|24|[51.00,50.81,50.64,50.48,50.32,50.17,50.00,49.83,49.63,49.49,49.37,49.25,49.04,48.81,48.58,48.35,48.12,47.84,47.56,47.30,47.04,46.76,46.49,46.25,45.95,45.63,45.32,45.22,45.13,45.04,44.95,44.91,44.87,44.83,44.79,44.78,44.76,44.74,44.74,44.67,44.60,44.53,44.45,44.37,44.29]
OTTOWN|Paros|H|25|[51.15,50.99,50.82,50.66,50.51,50.34,50.17,50.00,49.88,49.76,49.64,49.51,49.30,49.07,48.84,48.61,48.33,48.05,47.77,47.51,47.23,46.96,46.68,46.37,46.06,45.75,45.43,45.27,45.18,45.09,44.96,44.91,44.87,44.84,44.79,44.77,44.75,44.74,44.70,44.62,44.55,44.47,44.39,44.31,44.23]
OTTOWN|Paros|H|26|[51.24,51.08,50.91,50.77,50.64,50.47,50.30,50.19,50.09,49.97,49.84,49.68,49.47,49.24,49.01,48.80,48.52,48.24,47.98,47.74,47.46,47.19,46.88,46.57,46.25,45.93,45.59,45.43,45.34,45.21,45.00,44.95,44.91,44.85,44.79,44.77,44.75,44.74,44.70,44.63,44.55,44.43,44.35,44.27,44.18]
OTTOWN|Paros|H|27|[51.33,51.16,51.03,50.91,50.77,50.60,50.50,50.40,50.29,50.17,50.01,49.85,49.63,49.41,49.20,48.98,48.70,48.45,48.21,47.97,47.69,47.38,47.07,46.76,46.44,46.09,45.75,45.59,45.46,45.25,45.04,44.99,44.93,44.85,44.79,44.77,44.76,44.75,44.71,44.63,44.51,44.39,44.31,44.22,44.10]
OTTOWN|Paros|H|28|[51.42,51.28,51.16,51.04,50.91,50.80,50.71,50.61,50.50,50.34,50.18,50.02,49.81,49.60,49.38,49.17,48.92,48.68,48.44,48.20,47.89,47.58,47.26,46.95,46.60,46.25,45.91,45.71,45.50,45.29,45.08,45.01,44.93,44.85,44.79,44.77,44.76,44.75,44.71,44.59,44.47,44.35,44.25,44.14,44.02]
OTTOWN|Paros|H|29|[51.59,51.47,51.35,51.23,51.06,50.96,50.87,50.77,50.61,50.45,50.29,50.10,49.89,49.68,49.46,49.30,49.06,48.82,48.59,48.33,48.02,47.71,47.40,47.09,46.74,46.39,46.06,45.82,45.61,45.40,45.14,45.06,44.98,44.90,44.82,44.81,44.80,44.78,44.67,44.55,44.44,44.31,44.18,44.07,43.96]
OTTOWN|Paros|H|30|[51.81,51.69,51.57,51.38,51.20,51.10,51.00,50.84,50.68,50.52,50.34,50.12,49.91,49.69,49.53,49.39,49.15,48.92,48.68,48.43,48.12,47.81,47.53,47.22,46.87,46.53,46.21,45.97,45.76,45.50,45.22,45.14,45.06,44.96,44.88,44.87,44.85,44.74,44.64,44.52,44.39,44.24,44.12,44.01,43.89]
OTTOWN|Paros|H|31|[52.04,51.92,51.72,51.51,51.33,51.23,51.07,50.91,50.75,50.57,50.35,50.14,49.92,49.76,49.62,49.49,49.25,49.02,48.78,48.53,48.22,47.94,47.66,47.34,47.01,46.69,46.37,46.13,45.87,45.58,45.29,45.21,45.11,45.01,44.93,44.91,44.81,44.71,44.60,44.47,44.33,44.18,44.06,43.94,43.81]
OTTOWN|Paros|H|32|[52.26,52.07,51.86,51.65,51.46,51.30,51.14,50.98,50.80,50.58,50.37,50.15,49.99,49.85,49.71,49.58,49.35,49.11,48.88,48.63,48.35,48.07,47.79,47.48,47.16,46.84,46.52,46.23,45.95,45.66,45.37,45.27,45.17,45.07,44.98,44.88,44.78,44.68,44.56,44.41,44.26,44.12,43.99,43.86,43.74]
OTTOWN|Paros|H|33|[52.37,52.16,51.95,51.75,51.57,51.41,51.25,51.07,50.85,50.63,50.42,50.24,50.10,49.97,49.83,49.66,49.43,49.20,48.97,48.74,48.46,48.18,47.90,47.62,47.30,46.98,46.68,46.39,46.10,45.81,45.52,45.42,45.31,45.20,45.04,44.94,44.84,44.70,44.52,44.38,44.23,44.05,43.91,43.78,43.66]
OTTOWN|Paros|H|34|[52.46,52.25,52.04,51.86,51.69,51.53,51.35,51.12,50.90,50.69,50.51,50.36,50.22,50.09,49.92,49.75,49.51,49.28,49.07,48.84,48.56,48.29,48.04,47.75,47.43,47.13,46.84,46.55,46.27,45.97,45.68,45.57,45.46,45.28,45.11,45.01,44.87,44.67,44.50,44.35,44.17,43.97,43.82,43.70,43.52]
OTTOWN|Paros|H|35|[52.54,52.34,52.16,51.98,51.81,51.62,51.40,51.18,50.96,50.78,50.63,50.48,50.34,50.17,50.00,49.83,49.60,49.39,49.18,48.95,48.68,48.42,48.17,47.88,47.58,47.30,47.01,46.72,46.42,46.13,45.83,45.72,45.54,45.35,45.19,45.05,44.85,44.65,44.47,44.29,44.09,43.88,43.74,43.56,43.37]
OTTOWN|Paros|H|36|[52.63,52.45,52.27,52.09,51.90,51.68,51.46,51.23,51.05,50.90,50.75,50.60,50.43,50.26,50.08,49.91,49.70,49.49,49.28,49.04,48.79,48.54,48.28,48.02,47.73,47.44,47.15,46.87,46.58,46.28,46.00,45.82,45.63,45.45,45.24,45.04,44.84,44.64,44.42,44.22,44.02,43.81,43.62,43.43,43.24]
OTTOWN|Paros|H|37|[52.70,52.52,52.34,52.16,51.97,51.75,51.52,51.32,51.15,51.00,50.85,50.68,50.51,50.34,50.16,49.98,49.76,49.55,49.31,49.01,48.76,48.51,48.27,48.02,47.73,47.44,47.26,47.00,46.70,46.42,46.25,46.06,45.88,45.65,45.36,45.16,44.95,44.69,44.44,44.24,44.03,43.81,43.61,43.42,43.23]
OTTOWN|Paros|H|38|[52.77,52.59,52.41,52.23,52.04,51.82,51.62,51.43,51.26,51.11,50.94,50.76,50.59,50.42,50.23,50.04,49.83,49.59,49.28,48.99,48.73,48.50,48.28,48.02,47.73,47.55,47.38,47.12,46.84,46.66,46.49,46.31,46.07,45.76,45.47,45.27,45.01,44.71,44.46,44.26,44.03,43.80,43.60,43.41,43.18]
OTTOWN|Paros|H|39|[52.85,52.67,52.48,52.30,52.11,51.91,51.72,51.53,51.36,51.19,51.02,50.84,50.67,50.48,50.30,50.11,49.86,49.56,49.25,48.96,48.72,48.50,48.28,48.02,47.84,47.67,47.51,47.26,47.08,46.91,46.74,46.50,46.19,45.87,45.59,45.33,45.03,44.73,44.48,44.25,44.02,43.79,43.59,43.36,43.13]
OTTOWN|Paros|H|40|[52.91,52.73,52.55,52.37,52.18,51.99,51.80,51.61,51.43,51.26,51.08,50.91,50.73,50.55,50.36,50.17,49.86,49.56,49.25,48.97,48.75,48.52,48.30,48.09,47.92,47.75,47.58,47.40,47.23,47.06,46.90,46.59,46.27,45.96,45.66,45.36,45.06,44.76,44.47,44.24,44.01,43.77,43.53,43.30,43.07]
OTTOWN|Paros|H|41|[52.97,52.79,52.61,52.41,52.21,52.02,51.84,51.65,51.47,51.30,51.13,50.98,50.80,50.61,50.42,50.22,49.92,49.61,49.31,49.03,48.80,48.58,48.32,48.10,47.93,47.76,47.56,47.38,47.21,47.06,46.93,46.62,46.31,46.01,45.72,45.42,45.12,44.76,44.46,44.23,43.99,43.70,43.45,43.22,43.00]
OTTOWN|Paros|H|42|[53.03,52.85,52.65,52.45,52.25,52.06,51.88,51.69,51.51,51.34,51.19,51.04,50.86,50.67,50.47,50.28,49.97,49.67,49.37,49.08,48.86,48.60,48.33,48.11,47.93,47.74,47.54,47.37,47.21,47.09,46.97,46.65,46.36,46.07,45.78,45.48,45.12,44.75,44.44,44.21,43.91,43.62,43.37,43.15,42.94]
OTTOWN|Paros|H|43|[53.09,52.89,52.69,52.49,52.29,52.10,51.92,51.74,51.56,51.41,51.26,51.10,50.92,50.72,50.53,50.33,50.03,49.73,49.42,49.14,48.88,48.61,48.33,48.11,47.92,47.72,47.53,47.37,47.24,47.12,47.00,46.70,46.42,46.13,45.84,45.48,45.11,44.73,44.42,44.13,43.83,43.53,43.30,43.08,42.87]
OTTOWN|Paros|H|44|[53.12,52.92,52.72,52.51,52.32,52.13,51.95,51.76,51.59,51.44,51.29,51.12,50.93,50.73,50.53,50.28,49.98,49.68,49.38,49.10,48.83,48.56,48.29,48.09,47.89,47.70,47.48,47.32,47.20,47.08,47.01,46.72,46.44,46.15,45.91,45.54,45.16,44.79,44.46,44.16,43.87,43.56,43.32,43.11,42.90]
OTTOWN|Paros|END
OTTOWN|Kalochori|HEAD|i_House_Big_01_V1_F|Land_u_House_Big_01_V1_F|[21349.605,16341.162,20.041]|148.41|false|139|3|4
OTTOWN|Kalochori|BOX|[-7.89,-8.48,7.89,8.48,-6.61,6.61]
OTTOWN|Kalochori|DOOR|main|[21348.56,16349.15,20.61]|328.4|2.25
OTTOWN|Kalochori|DOOR|side|[21348.37,16333.81,20.61]|238.4|1.00
OTTOWN|Kalochori|BPOS|[[21352.01,16335.88,20.60],[21346.16,16344.15,24.12],[21349.96,16342.01,20.67],[21350.42,16339.33,24.00],[21349.68,16334.20,24.04],[21352.24,16342.04,24.04],[21355.53,16338.42,24.04],[21346.29,16346.26,24.12],[21350.66,16345.99,24.04]]
OTTOWN|Kalochori|OBJ|building|Land_i_Stone_Shed_V3_F|[21350.30,16318.98,19.53]|183.9|[-4.53,-4.96,4.53,4.96,-3.80,3.80]
OTTOWN|Kalochori|OBJ|building|Land_i_House_Small_01_V2_F|[21317.34,16325.27,20.71]|138.5|[-5.43,-7.64,5.43,7.64,-5.08,5.08]
OTTOWN|Kalochori|OBJ|building|Land_i_House_Small_02_V3_F|[21358.78,16328.34,19.76]|237.8|[-8.20,-4.64,8.20,4.64,-4.71,4.71]
OTTOWN|Kalochori|OBJ|building|Land_i_Stone_Shed_V3_F|[21332.24,16326.77,20.04]|93.2|[-4.53,-4.96,4.53,4.96,-3.80,3.80]
OTTOWN|Kalochori|OBJ|building|calvary_02_v1_f.p3d|[21347.89,16325.83,19.80]|143.2|[-0.48,-0.43,0.48,0.43,-1.25,1.25]
OTTOWN|Kalochori|OBJ|building|Land_i_Stone_HouseBig_V3_F|[21370.57,16337.41,19.62]|236.8|[-6.78,-6.16,6.78,6.16,-5.84,5.84]
OTTOWN|Kalochori|OBJ|building|Land_i_Addon_03_V1_F|[21315.99,16358.40,21.47]|314.7|[-5.02,-4.11,5.02,4.11,-3.05,3.05]
OTTOWN|Kalochori|OBJ|building|Land_Kiosk_gyros_F|[21329.00,16368.67,21.12]|318.7|[-4.19,-4.24,4.19,4.24,-3.22,3.22]
OTTOWN|Kalochori|OBJ|building|Land_i_Addon_03mid_V1_F|[21310.76,16363.55,21.46]|314.7|[-5.12,-3.37,5.12,3.37,-3.01,3.01]
OTTOWN|Kalochori|OBJ|building|Land_i_Stone_HouseSmall_V1_F|[21371.19,16362.15,19.26]|70.4|[-10.21,-5.82,10.21,5.82,-4.28,4.28]
OTTOWN|Kalochori|OBJ|building|Land_u_Addon_02_V1_F|[21363.09,16352.24,19.68]|235.7|[-4.57,-4.94,4.57,4.94,-3.72,3.72]
OTTOWN|Kalochori|OBJ|wall|stone_8md_f.p3d|[21326.42,16309.92,20.18]|1.8|[-4.14,-0.76,4.14,0.76,-1.28,1.28]
OTTOWN|Kalochori|OBJ|wall|stone_8m_f.p3d|[21319.17,16315.47,20.42]|182.3|[-4.26,-0.35,4.26,0.35,-1.30,1.30]
OTTOWN|Kalochori|OBJ|wall|stone_8m_f.p3d|[21327.12,16315.26,20.14]|181.1|[-4.26,-0.35,4.26,0.35,-1.30,1.30]
OTTOWN|Kalochori|OBJ|wall|stone_4m_f.p3d|[21320.82,16310.08,20.35]|2.0|[-2.22,-0.36,2.22,0.36,-1.29,1.29]
OTTOWN|Kalochori|OBJ|wall|stone_8md_f.p3d|[21334.71,16309.56,19.94]|183.4|[-4.14,-0.76,4.14,0.76,-1.28,1.28]
OTTOWN|Kalochori|OBJ|wall|stone_8md_f.p3d|[21334.85,16315.20,19.94]|0.0|[-4.14,-0.76,4.14,0.76,-1.28,1.28]
OTTOWN|Kalochori|OBJ|wall|stone_8m_f.p3d|[21354.08,16308.59,19.40]|182.3|[-4.26,-0.35,4.26,0.35,-1.30,1.30]
OTTOWN|Kalochori|OBJ|wall|stone_8m_f.p3d|[21346.07,16308.94,19.64]|182.3|[-4.26,-0.35,4.26,0.35,-1.30,1.30]
OTTOWN|Kalochori|OBJ|wall|stone_8m_f.p3d|[21358.19,16314.91,19.41]|182.8|[-4.26,-0.35,4.26,0.35,-1.30,1.30]
OTTOWN|Kalochori|OBJ|wall|stone_8m_f.p3d|[21339.19,16318.97,19.87]|91.7|[-4.26,-0.35,4.26,0.35,-1.30,1.30]
OTTOWN|Kalochori|OBJ|wall|stone_4m_f.p3d|[21340.20,16309.23,19.79]|3.7|[-2.22,-0.36,2.22,0.36,-1.29,1.29]
OTTOWN|Kalochori|OBJ|wall|stone_pillar_f.p3d|[21339.07,16315.18,19.86]|89.4|[-0.45,-0.44,0.45,0.44,-1.79,1.79]
OTTOWN|Kalochori|OBJ|wall|Land_Stone_Gate_F|[21363.72,16306.06,19.01]|230.8|[-2.96,-1.47,2.96,1.47,-1.71,1.71]
OTTOWN|Kalochori|OBJ|wall|stone_8m_f.p3d|[21365.34,16316.79,19.27]|147.2|[-4.26,-0.35,4.26,0.35,-1.30,1.30]
OTTOWN|Kalochori|OBJ|wall|stone_8m_f.p3d|[21362.00,16301.39,18.92]|140.2|[-4.26,-0.35,4.26,0.35,-1.30,1.30]
OTTOWN|Kalochori|OBJ|wall|stone_4m_f.p3d|[21360.05,16308.32,19.20]|3.3|[-2.22,-0.36,2.22,0.36,-1.29,1.29]
OTTOWN|Kalochori|OBJ|wall|stone_pillar_f.p3d|[21368.74,16318.94,19.22]|58.0|[-0.45,-0.44,0.45,0.44,-1.79,1.79]
OTTOWN|Kalochori|OBJ|wall|stone_pillar_f.p3d|[21361.98,16314.78,19.32]|77.3|[-0.45,-0.44,0.45,0.44,-1.79,1.79]
OTTOWN|Kalochori|OBJ|wall|Land_Stone_Gate_F|[21322.59,16336.39,20.69]|313.9|[-2.96,-1.47,2.96,1.47,-1.71,1.71]
OTTOWN|Kalochori|OBJ|wall|stone_8m_f.p3d|[21327.29,16340.92,20.65]|315.8|[-4.26,-0.35,4.26,0.35,-1.30,1.30]
OTTOWN|Kalochori|OBJ|wall|stone_4m_f.p3d|[21309.55,16323.69,21.03]|142.0|[-2.22,-0.36,2.22,0.36,-1.29,1.29]
OTTOWN|Kalochori|OBJ|wall|stone_4m_f.p3d|[21319.46,16333.19,20.71]|136.9|[-2.22,-0.36,2.22,0.36,-1.29,1.29]
OTTOWN|Kalochori|OBJ|wall|stone_8m_f.p3d|[21332.53,16340.41,20.49]|53.2|[-4.26,-0.35,4.26,0.35,-1.30,1.30]
OTTOWN|Kalochori|OBJ|wall|stone_8m_f.p3d|[21337.29,16333.99,20.18]|53.2|[-4.26,-0.35,4.26,0.35,-1.30,1.30]
OTTOWN|Kalochori|OBJ|wall|stone_8m_f.p3d|[21356.28,16348.78,19.93]|56.5|[-4.26,-0.35,4.26,0.35,-1.30,1.30]
OTTOWN|Kalochori|OBJ|wall|stone_8m_f.p3d|[21339.44,16326.95,19.96]|91.7|[-4.26,-0.35,4.26,0.35,-1.30,1.30]
OTTOWN|Kalochori|OBJ|wall|concrete_smallwall_4m_f.p3d|[21340.79,16346.83,20.00]|238.9|[-2.01,-0.26,2.01,0.26,-1.16,1.16]
OTTOWN|Kalochori|OBJ|wall|stone_pillar_f.p3d|[21339.56,16330.78,20.04]|71.0|[-0.45,-0.44,0.45,0.44,-1.79,1.79]
OTTOWN|Kalochori|OBJ|wall|stone_pillar_f.p3d|[21330.17,16343.68,20.65]|50.1|[-0.45,-0.44,0.45,0.44,-1.79,1.79]
OTTOWN|Kalochori|OBJ|wall|Land_Stone_Gate_F|[21379.74,16343.94,19.60]|269.4|[-2.96,-1.47,2.96,1.47,-1.71,1.71]
OTTOWN|Kalochori|OBJ|wall|stone_8m_f.p3d|[21360.68,16342.10,19.76]|56.5|[-4.26,-0.35,4.26,0.35,-1.30,1.30]
OTTOWN|Kalochori|OBJ|wall|stone_8m_f.p3d|[21376.66,16338.89,19.50]|144.2|[-4.26,-0.35,4.26,0.35,-1.30,1.30]
OTTOWN|Kalochori|OBJ|wall|stone_4m_f.p3d|[21364.92,16325.13,19.48]|56.9|[-2.22,-0.36,2.22,0.36,-1.29,1.29]
OTTOWN|Kalochori|OBJ|wall|stone_pillar_f.p3d|[21366.05,16323.32,19.41]|58.0|[-0.45,-0.44,0.45,0.44,-1.79,1.79]
OTTOWN|Kalochori|OBJ|wall|pipe_fence_4m_f.p3d|[21320.53,16372.00,21.25]|45.2|[-2.08,-0.09,2.08,0.09,-0.85,0.85]
OTTOWN|Kalochori|OBJ|wall|Land_Stone_Gate_F|[21357.12,16366.70,20.42]|330.1|[-2.96,-1.47,2.96,1.47,-1.71,1.71]
OTTOWN|Kalochori|OBJ|wall|stone_8m_f.p3d|[21351.90,16355.45,20.29]|56.5|[-4.26,-0.35,4.26,0.35,-1.30,1.30]
OTTOWN|Kalochori|OBJ|wall|stone_8m_f.p3d|[21352.43,16362.20,20.51]|306.5|[-4.26,-0.35,4.26,0.35,-1.30,1.30]
OTTOWN|Kalochori|OBJ|wall|concrete_smallwall_4m_f.p3d|[21338.74,16350.23,20.01]|238.9|[-2.01,-0.26,2.01,0.26,-1.16,1.16]
OTTOWN|Kalochori|OBJ|wall|concrete_smallwall_4m_f.p3d|[21339.78,16352.88,19.97]|149.4|[-2.01,-0.26,2.01,0.26,-1.16,1.16]
OTTOWN|Kalochori|OBJ|wall|concrete_smallwall_4m_f.p3d|[21348.28,16351.32,19.96]|59.3|[-2.01,-0.26,2.01,0.26,-1.16,1.16]
OTTOWN|Kalochori|OBJ|wall|concrete_smallwall_4m_f.p3d|[21346.25,16354.73,19.96]|59.3|[-2.01,-0.26,2.01,0.26,-1.16,1.16]
OTTOWN|Kalochori|OBJ|wall|concrete_smallwall_4m_f.p3d|[21343.43,16355.11,19.99]|149.4|[-2.01,-0.26,2.01,0.26,-1.16,1.16]
OTTOWN|Kalochori|OBJ|wall|stone_pillar_f.p3d|[21349.77,16358.66,20.52]|52.5|[-0.45,-0.44,0.45,0.44,-1.79,1.79]
OTTOWN|Kalochori|OBJ|wall|stone_8m_f.p3d|[21379.57,16350.59,19.76]|88.0|[-4.26,-0.35,4.26,0.35,-1.30,1.30]
OTTOWN|Kalochori|OBJ|wall|stone_8m_f.p3d|[21363.18,16369.44,20.34]|339.7|[-4.26,-0.35,4.26,0.35,-1.30,1.30]
OTTOWN|Kalochori|OBJ|tree|t_ficusb1s_f.p3d|[21347.53,16323.92,19.74]|258.1|[-5.06,-5.62,5.06,5.62,-4.61,4.61]
OTTOWN|Kalochori|OBJ|tree|t_ficusb1s_f.p3d|[21333.16,16337.73,20.44]|87.5|[-5.06,-5.62,5.06,5.62,-4.61,4.61]
OTTOWN|Kalochori|OBJ|tree|t_phoenixc3s_f.p3d|[21343.50,16352.08,20.46]|133.7|[-10.50,-10.50,10.50,10.50,-10.52,10.52]
OTTOWN|Kalochori|OBJ|tree|t_ficusb2s_f.p3d|[21370.20,16378.07,20.64]|89.0|[-8.66,-8.23,8.66,8.23,-5.99,5.99]
OTTOWN|Kalochori|ROAD|TRACK|10.0|[21301.10,16313.12,21.03]|[21296.02,16321.22,21.19]
OTTOWN|Kalochori|ROAD|TRACK|10.0|[21314.49,16293.23,20.51]|[21301.10,16313.12,21.03]
OTTOWN|Kalochori|ROAD|TRACK|10.0|[21379.23,16324.68,18.98]|[21380.38,16302.59,18.35]
OTTOWN|Kalochori|ROAD|ROAD|10.0|[21317.38,16343.04,20.94]|[21299.58,16323.50,21.26]
OTTOWN|Kalochori|ROAD|ROAD|10.0|[21333.75,16356.57,20.84]|[21317.38,16343.04,20.94]
OTTOWN|Kalochori|ROAD|TRACK|10.0|[21388.50,16341.89,19.20]|[21382.47,16333.67,19.16]
OTTOWN|Kalochori|ROAD|TRACK|10.0|[21382.47,16333.67,19.16]|[21379.23,16324.68,18.98]
OTTOWN|Kalochori|ROAD|ROAD|10.0|[21350.28,16370.15,20.93]|[21333.75,16356.57,20.84]
OTTOWN|Kalochori|ROAD|TRACK|10.0|[21383.07,16366.59,20.09]|[21388.50,16341.89,19.20]
OTTOWN|Kalochori|ROAD|TRACK|10.0|[21376.78,16384.52,20.83]|[21383.07,16366.59,20.09]
OTTOWN|Kalochori|ROAD|ROAD|10.0|[21369.44,16390.55,21.27]|[21350.28,16370.15,20.93]
OTTOWN|Kalochori|ROAD|TRACK|10.0|[21372.98,16394.29,21.45]|[21376.78,16384.52,20.83]
OTTOWN|Kalochori|H|0|[20.59,20.58,20.56,20.54,20.52,20.50,20.48,20.46,20.44,20.39,20.33,20.27,20.20,20.10,19.99,19.89,19.78,19.70,19.62,19.54,19.47,19.41,19.35,19.29,19.18,19.08,18.98,18.88,18.79,18.71,18.62,18.54,18.46,18.38,18.30,18.25,18.22,18.20,18.18,18.17,18.18,18.19,18.20,18.19,18.18]
OTTOWN|Kalochori|H|1|[20.60,20.59,20.57,20.55,20.53,20.51,20.49,20.47,20.44,20.39,20.33,20.26,20.21,20.11,20.00,19.90,19.79,19.70,19.62,19.54,19.49,19.43,19.37,19.31,19.23,19.13,19.03,18.94,18.86,18.77,18.69,18.61,18.53,18.45,18.37,18.31,18.29,18.26,18.23,18.21,18.22,18.23,18.22,18.20,18.19]
OTTOWN|Kalochori|H|2|[20.62,20.60,20.58,20.57,20.54,20.51,20.49,20.47,20.44,20.39,20.33,20.27,20.21,20.11,20.01,19.90,19.79,19.70,19.63,19.58,19.53,19.47,19.41,19.35,19.27,19.17,19.08,19.01,18.92,18.84,18.76,18.68,18.60,18.52,18.44,18.38,18.36,18.32,18.27,18.26,18.27,18.25,18.23,18.22,18.21]
OTTOWN|Kalochori|H|3|[20.63,20.62,20.60,20.57,20.54,20.52,20.49,20.46,20.44,20.39,20.33,20.27,20.22,20.12,20.01,19.90,19.79,19.71,19.66,19.62,19.57,19.51,19.45,19.40,19.31,19.23,19.15,19.07,18.99,18.91,18.83,18.75,18.67,18.59,18.51,18.45,18.42,18.37,18.32,18.30,18.29,18.27,18.25,18.24,18.21]
OTTOWN|Kalochori|H|4|[20.65,20.63,20.61,20.58,20.55,20.52,20.49,20.46,20.43,20.38,20.33,20.27,20.22,20.12,20.00,19.89,19.79,19.74,19.70,19.65,19.61,19.55,19.49,19.44,19.37,19.29,19.22,19.14,19.06,18.98,18.90,18.82,18.74,18.66,18.58,18.51,18.46,18.42,18.37,18.33,18.31,18.29,18.27,18.24,18.20]
OTTOWN|Kalochori|H|5|[20.77,20.70,20.67,20.65,20.59,20.52,20.49,20.46,20.40,20.33,20.28,20.22,20.17,20.07,19.96,19.85,19.82,19.77,19.73,19.68,19.63,19.58,19.52,19.47,19.40,19.32,19.25,19.19,19.12,19.04,18.96,18.89,18.81,18.73,18.65,18.58,18.53,18.48,18.42,18.38,18.36,18.34,18.29,18.26,18.23]
OTTOWN|Kalochori|H|6|[20.83,20.77,20.74,20.69,20.59,20.51,20.48,20.42,20.35,20.28,20.23,20.17,20.12,20.02,19.92,19.88,19.84,19.80,19.75,19.71,19.66,19.60,19.55,19.50,19.43,19.36,19.30,19.25,19.18,19.10,19.03,18.95,18.87,18.80,18.72,18.65,18.60,18.54,18.48,18.43,18.41,18.37,18.31,18.28,18.25]
OTTOWN|Kalochori|H|7|[20.90,20.83,20.78,20.68,20.58,20.50,20.45,20.37,20.30,20.23,20.18,20.13,20.07,19.98,19.94,19.91,19.87,19.82,19.78,19.73,19.69,19.63,19.58,19.53,19.47,19.41,19.36,19.31,19.24,19.17,19.09,19.02,18.94,18.86,18.79,18.72,18.66,18.59,18.53,18.48,18.44,18.39,18.34,18.30,18.26]
OTTOWN|Kalochori|H|8|[20.96,20.90,20.80,20.70,20.60,20.50,20.43,20.35,20.28,20.21,20.16,20.11,20.05,20.00,19.96,19.93,19.89,19.84,19.80,19.75,19.71,19.66,19.61,19.56,19.51,19.46,19.41,19.36,19.30,19.23,19.15,19.09,19.01,18.93,18.85,18.78,18.71,18.65,18.58,18.52,18.47,18.42,18.36,18.32,18.28]
OTTOWN|Kalochori|H|9|[21.01,20.96,20.86,20.76,20.65,20.55,20.47,20.40,20.31,20.25,20.19,20.14,20.05,20.00,19.96,19.93,19.89,19.85,19.80,19.77,19.73,19.68,19.62,19.58,19.53,19.48,19.43,19.41,19.34,19.27,19.20,19.15,19.07,18.99,18.92,18.84,18.78,18.71,18.64,18.57,18.52,18.47,18.40,18.35,18.32]
OTTOWN|Kalochori|H|10|[21.07,21.02,20.92,20.81,20.70,20.59,20.52,20.43,20.35,20.28,20.22,20.14,20.05,20.00,19.96,19.93,19.90,19.85,19.82,19.78,19.74,19.69,19.65,19.60,19.55,19.50,19.48,19.45,19.39,19.32,19.27,19.21,19.13,19.06,18.98,18.91,18.84,18.77,18.69,18.63,18.57,18.50,18.43,18.38,18.34]
OTTOWN|Kalochori|H|11|[21.13,21.08,20.97,20.86,20.74,20.64,20.55,20.47,20.38,20.31,20.22,20.14,20.05,20.00,19.97,19.94,19.91,19.87,19.83,19.80,19.76,19.71,19.67,19.62,19.58,19.55,19.52,19.50,19.44,19.38,19.33,19.27,19.19,19.12,19.05,18.97,18.90,18.82,18.74,18.68,18.60,18.53,18.46,18.41,18.36]
OTTOWN|Kalochori|H|12|[21.15,21.12,21.00,20.89,20.77,20.67,20.59,20.50,20.42,20.34,20.25,20.16,20.07,20.02,19.99,19.96,19.91,19.88,19.84,19.81,19.78,19.74,19.69,19.65,19.62,19.59,19.56,19.54,19.49,19.44,19.38,19.32,19.24,19.17,19.10,19.02,18.95,18.87,18.79,18.73,18.65,18.58,18.50,18.45,18.40]
OTTOWN|Kalochori|H|13|[21.16,21.14,21.02,20.91,20.80,20.70,20.62,20.53,20.47,20.39,20.30,20.20,20.09,20.05,20.01,19.97,19.92,19.89,19.85,19.84,19.81,19.77,19.72,19.68,19.65,19.62,19.60,19.59,19.54,19.48,19.42,19.36,19.28,19.21,19.14,19.07,19.00,18.92,18.86,18.79,18.72,18.64,18.55,18.50,18.44]
OTTOWN|Kalochori|H|14|[21.18,21.16,21.04,20.94,20.83,20.73,20.65,20.58,20.51,20.44,20.34,20.23,20.12,20.07,20.03,19.98,19.93,19.89,19.88,19.87,19.84,19.80,19.76,19.72,19.68,19.66,19.65,19.64,19.59,19.53,19.46,19.40,19.32,19.26,19.19,19.12,19.04,18.98,18.92,18.85,18.77,18.69,18.60,18.54,18.49]
OTTOWN|Kalochori|H|15|[21.20,21.18,21.07,20.97,20.86,20.76,20.70,20.63,20.56,20.48,20.37,20.26,20.15,20.09,20.04,19.99,19.94,19.92,19.91,19.89,19.87,19.83,19.79,19.75,19.72,19.71,19.70,19.68,19.63,19.57,19.50,19.44,19.37,19.31,19.24,19.17,19.11,19.04,18.98,18.90,18.82,18.73,18.65,18.58,18.52]
OTTOWN|Kalochori|H|16|[21.23,21.19,21.09,20.98,20.87,20.78,20.72,20.65,20.59,20.50,20.39,20.29,20.20,20.15,20.10,20.05,19.99,19.98,19.97,19.95,19.90,19.86,19.82,19.79,19.77,19.76,19.75,19.72,19.66,19.60,19.53,19.48,19.42,19.35,19.29,19.24,19.17,19.11,19.05,18.97,18.89,18.80,18.71,18.65,18.59]
OTTOWN|Kalochori|H|17|[21.24,21.20,21.10,20.99,20.89,20.80,20.73,20.67,20.62,20.53,20.42,20.34,20.28,20.23,20.18,20.12,20.06,20.05,20.03,19.97,19.92,19.88,19.85,19.84,19.82,19.81,19.78,19.75,19.69,19.63,19.58,19.52,19.46,19.39,19.35,19.30,19.24,19.18,19.12,19.04,18.96,18.87,18.78,18.72,18.66]
OTTOWN|Kalochori|H|18|[21.26,21.21,21.11,21.01,20.91,20.82,20.75,20.70,20.65,20.56,20.48,20.42,20.35,20.30,20.24,20.18,20.13,20.11,20.05,20.00,19.95,19.92,19.90,19.88,19.87,19.84,19.81,19.78,19.72,19.67,19.62,19.57,19.50,19.46,19.42,19.37,19.31,19.25,19.19,19.12,19.03,18.94,18.85,18.79,18.71]
OTTOWN|Kalochori|H|19|[21.27,21.23,21.13,21.02,20.92,20.84,20.78,20.73,20.68,20.62,20.55,20.49,20.43,20.37,20.31,20.25,20.19,20.14,20.08,20.02,19.98,19.96,19.95,19.93,19.90,19.87,19.84,19.81,19.76,19.71,19.66,19.61,19.57,19.52,19.48,19.44,19.38,19.32,19.26,19.19,19.10,19.01,18.92,18.85,18.77]
OTTOWN|Kalochori|H|20|[21.28,21.25,21.15,21.04,20.95,20.88,20.83,20.78,20.72,20.65,20.59,20.52,20.48,20.43,20.37,20.31,20.25,20.19,20.14,20.08,20.03,20.02,20.00,19.96,19.92,19.88,19.85,19.80,19.75,19.70,19.66,19.63,19.59,19.55,19.52,19.49,19.43,19.38,19.32,19.25,19.16,19.07,18.99,18.91,18.84]
OTTOWN|Kalochori|H|21|[21.30,21.27,21.17,21.08,21.00,20.93,20.87,20.81,20.75,20.69,20.62,20.58,20.54,20.49,20.43,20.36,20.30,20.25,20.19,20.13,20.09,20.07,20.03,19.97,19.93,19.90,19.85,19.80,19.75,19.70,19.68,19.65,19.61,19.58,19.57,19.55,19.49,19.44,19.39,19.31,19.23,19.14,19.06,18.98,18.90]
OTTOWN|Kalochori|H|22|[21.32,21.29,21.20,21.12,21.04,20.97,20.91,20.85,20.79,20.72,20.68,20.64,20.60,20.54,20.48,20.42,20.36,20.30,20.24,20.19,20.14,20.10,20.04,19.99,19.94,19.89,19.84,19.79,19.75,19.72,19.70,19.67,19.64,19.64,19.63,19.60,19.55,19.50,19.45,19.38,19.29,19.21,19.12,19.05,18.98]
OTTOWN|Kalochori|H|23|[21.34,21.31,21.23,21.15,21.07,21.01,20.94,20.88,20.82,20.77,20.73,20.69,20.65,20.59,20.53,20.47,20.40,20.35,20.29,20.23,20.18,20.12,20.07,20.01,19.95,19.90,19.85,19.79,19.75,19.72,19.70,19.70,19.69,19.68,19.68,19.66,19.61,19.56,19.51,19.45,19.36,19.28,19.19,19.12,19.05]
OTTOWN|Kalochori|H|24|[21.34,21.30,21.23,21.15,21.09,21.03,20.96,20.90,20.84,20.80,20.76,20.72,20.69,20.64,20.58,20.51,20.43,20.37,20.31,20.26,20.22,20.16,20.11,20.04,19.98,19.93,19.87,19.75,19.70,19.68,19.68,19.73,19.72,19.71,19.72,19.73,19.68,19.62,19.59,19.52,19.44,19.35,19.26,19.18,19.11]
OTTOWN|Kalochori|H|25|[21.34,21.30,21.22,21.16,21.11,21.05,20.99,20.93,20.87,20.83,20.79,20.76,20.73,20.68,20.61,20.53,20.45,20.39,20.34,20.31,20.26,20.21,20.14,20.07,20.01,19.95,19.83,19.70,19.66,19.66,19.71,19.76,19.75,19.76,19.79,19.79,19.74,19.70,19.66,19.60,19.51,19.42,19.32,19.25,19.18]
OTTOWN|Kalochori|H|26|[21.34,21.30,21.23,21.18,21.13,21.07,21.01,20.96,20.90,20.86,20.83,20.80,20.78,20.71,20.63,20.55,20.47,20.42,20.39,20.35,20.31,20.24,20.17,20.10,20.03,19.91,19.78,19.66,19.65,19.69,19.74,19.79,19.80,19.82,19.85,19.85,19.81,19.77,19.74,19.67,19.58,19.48,19.39,19.32,19.26]
OTTOWN|Kalochori|H|27|[21.35,21.29,21.23,21.18,21.13,21.08,21.03,20.97,20.92,20.90,20.87,20.85,20.82,20.75,20.67,20.59,20.55,20.51,20.47,20.43,20.38,20.31,20.24,20.17,20.05,19.93,19.81,19.68,19.69,19.74,19.79,19.81,19.84,19.86,19.89,19.88,19.84,19.80,19.77,19.73,19.63,19.54,19.46,19.40,19.34]
OTTOWN|Kalochori|H|28|[21.35,21.27,21.22,21.17,21.13,21.08,21.03,20.98,20.97,20.95,20.92,20.90,20.87,20.80,20.72,20.68,20.66,20.63,20.59,20.54,20.48,20.41,20.34,20.24,20.13,20.00,19.87,19.74,19.75,19.80,19.82,19.84,19.86,19.88,19.89,19.88,19.84,19.81,19.82,19.78,19.69,19.60,19.54,19.48,19.42]
OTTOWN|Kalochori|H|29|[21.33,21.26,21.20,21.16,21.13,21.08,21.03,21.02,21.01,20.99,20.97,20.95,20.93,20.85,20.81,20.80,20.78,20.74,20.69,20.64,20.58,20.51,20.41,20.31,20.20,20.07,19.93,19.79,19.80,19.83,19.84,19.86,19.88,19.89,19.89,19.88,19.85,19.86,19.87,19.83,19.75,19.68,19.61,19.55,19.49]
OTTOWN|Kalochori|H|30|[21.32,21.24,21.20,21.16,21.13,21.09,21.08,21.07,21.06,21.04,21.02,21.00,20.98,20.95,20.93,20.92,20.90,20.85,20.79,20.74,20.68,20.58,20.48,20.38,20.26,20.13,19.99,19.85,19.84,19.85,19.86,19.88,19.88,19.89,19.89,19.89,19.90,19.91,19.93,19.89,19.82,19.76,19.69,19.63,19.57]
OTTOWN|Kalochori|H|31|[21.33,21.22,21.18,21.15,21.11,21.10,21.09,21.08,21.08,21.07,21.05,21.03,20.99,20.96,20.95,20.93,20.95,20.90,20.85,20.80,20.74,20.64,20.55,20.45,20.34,20.20,20.06,19.92,19.90,19.91,19.93,19.90,19.90,19.91,19.90,19.89,19.91,19.92,19.95,19.94,19.87,19.81,19.76,19.70,19.64]
OTTOWN|Kalochori|H|32|[21.31,21.20,21.16,21.13,21.11,21.10,21.09,21.09,21.11,21.11,21.09,21.04,20.99,20.96,20.95,20.97,21.00,20.94,20.89,20.86,20.81,20.71,20.62,20.54,20.42,20.29,20.14,19.99,19.97,19.98,19.95,19.92,19.93,19.93,19.90,19.89,19.90,19.93,20.00,19.99,19.92,19.87,19.83,19.78,19.72]
OTTOWN|Kalochori|H|33|[21.29,21.18,21.14,21.13,21.12,21.10,21.10,21.12,21.14,21.14,21.10,21.04,20.98,20.96,20.98,21.01,21.04,20.99,20.96,20.92,20.87,20.78,20.70,20.62,20.51,20.36,20.21,20.06,20.04,20.01,19.98,19.95,19.95,19.92,19.90,19.89,19.92,19.98,20.04,20.03,19.98,19.95,19.91,19.85,19.79]
OTTOWN|Kalochori|H|34|[21.28,21.17,21.15,21.14,21.13,21.12,21.14,21.16,21.18,21.15,21.10,21.04,20.99,21.00,21.03,21.06,21.08,21.05,21.02,20.99,20.94,20.86,20.78,20.70,20.58,20.43,20.28,20.13,20.08,20.04,20.01,19.98,19.96,19.93,19.91,19.91,19.97,20.03,20.09,20.09,20.06,20.02,19.98,19.92,19.85]
OTTOWN|Kalochori|H|35|[21.33,21.26,21.24,21.23,21.22,21.23,21.24,21.26,21.26,21.22,21.17,21.11,21.05,21.06,21.09,21.12,21.14,21.11,21.08,21.05,21.01,20.93,20.85,20.78,20.66,20.51,20.36,20.25,20.21,20.18,20.14,20.11,20.09,20.06,20.04,20.03,20.09,20.15,20.18,20.16,20.12,20.08,20.05,19.99,19.92]
OTTOWN|Kalochori|H|36|[21.42,21.35,21.33,21.33,21.32,21.33,21.35,21.34,21.33,21.29,21.24,21.18,21.12,21.13,21.16,21.18,21.20,21.17,21.14,21.12,21.08,21.00,20.93,20.85,20.74,20.58,20.48,20.39,20.34,20.31,20.28,20.25,20.22,20.19,20.16,20.15,20.22,20.24,20.24,20.22,20.18,20.14,20.11,20.05,19.99]
OTTOWN|Kalochori|H|37|[21.51,21.44,21.43,21.43,21.42,21.43,21.43,21.41,21.40,21.36,21.30,21.24,21.18,21.19,21.21,21.24,21.26,21.23,21.21,21.19,21.15,21.07,21.00,20.93,20.81,20.71,20.62,20.52,20.48,20.44,20.41,20.38,20.35,20.32,20.28,20.28,20.30,20.30,20.30,20.28,20.24,20.21,20.17,20.12,20.09]
OTTOWN|Kalochori|H|38|[21.58,21.53,21.52,21.52,21.52,21.51,21.50,21.49,21.47,21.43,21.37,21.31,21.25,21.26,21.28,21.31,21.31,21.29,21.27,21.25,21.21,21.13,21.06,20.99,20.90,20.81,20.71,20.62,20.57,20.54,20.51,20.50,20.46,20.43,20.40,20.37,20.37,20.37,20.37,20.33,20.29,20.26,20.23,20.21,20.17]
OTTOWN|Kalochori|H|39|[21.63,21.60,21.60,21.60,21.60,21.59,21.58,21.57,21.55,21.51,21.45,21.39,21.34,21.35,21.37,21.38,21.36,21.34,21.32,21.28,21.23,21.16,21.09,21.01,20.92,20.83,20.73,20.64,20.60,20.56,20.56,20.59,20.56,20.52,20.49,20.46,20.46,20.46,20.40,20.35,20.31,20.28,20.30,20.27,20.24]
OTTOWN|Kalochori|H|40|[21.71,21.68,21.68,21.68,21.68,21.67,21.66,21.65,21.63,21.59,21.53,21.48,21.43,21.43,21.44,21.42,21.40,21.38,21.35,21.31,21.26,21.19,21.11,21.03,20.94,20.85,20.75,20.66,20.62,20.61,20.65,20.69,20.65,20.61,20.58,20.55,20.55,20.49,20.42,20.36,20.34,20.35,20.36,20.34,20.33]
OTTOWN|Kalochori|H|41|[21.78,21.76,21.76,21.76,21.76,21.75,21.74,21.73,21.71,21.67,21.62,21.57,21.51,21.51,21.49,21.47,21.45,21.42,21.38,21.34,21.29,21.21,21.13,21.05,20.96,20.87,20.78,20.69,20.67,20.71,20.75,20.78,20.74,20.71,20.67,20.64,20.58,20.51,20.43,20.39,20.40,20.42,20.43,20.42,20.44]
OTTOWN|Kalochori|H|42|[21.83,21.81,21.81,21.81,21.81,21.80,21.79,21.77,21.76,21.73,21.68,21.63,21.57,21.54,21.52,21.50,21.48,21.44,21.40,21.36,21.31,21.23,21.15,21.08,21.00,20.91,20.82,20.74,20.76,20.80,20.84,20.88,20.84,20.80,20.76,20.71,20.64,20.57,20.50,20.48,20.49,20.50,20.53,20.54,20.56]
OTTOWN|Kalochori|H|43|[21.87,21.86,21.86,21.86,21.84,21.83,21.81,21.80,21.80,21.77,21.72,21.66,21.59,21.56,21.54,21.52,21.50,21.46,21.42,21.39,21.34,21.26,21.19,21.14,21.06,20.97,20.89,20.83,20.85,20.89,20.93,20.97,20.94,20.90,20.86,20.81,20.74,20.67,20.60,20.58,20.60,20.62,20.65,20.67,20.68]
OTTOWN|Kalochori|H|44|[21.91,21.90,21.90,21.89,21.87,21.85,21.84,21.84,21.84,21.81,21.75,21.68,21.61,21.58,21.56,21.54,21.52,21.48,21.45,21.42,21.37,21.30,21.24,21.19,21.12,21.04,20.98,20.93,20.94,20.99,21.03,21.07,21.04,21.00,20.96,20.91,20.84,20.77,20.71,20.69,20.71,20.74,20.78,20.79,20.81]
OTTOWN|Kalochori|END
OTTOWN|Sofia|HEAD|i_House_Big_01_V1_F|Land_i_House_Big_01_V3_F|[25675.674,21347.695,20.358]|226.40|false|137|3|4
OTTOWN|Sofia|BOX|[-7.89,-8.48,7.89,8.48,-6.61,6.61]
OTTOWN|Sofia|DOOR|main|[25683.27,21350.37,20.92]|406.4|2.25
OTTOWN|Sofia|DOOR|side|[25668.22,21347.37,20.92]|316.4|1.00
OTTOWN|Sofia|BPOS|[[25671.01,21344.24,20.92],[25677.88,21351.68,24.43],[25676.57,21347.52,20.99],[25674.05,21346.51,24.32],[25668.88,21346.18,24.36],[25677.08,21345.30,24.36],[25674.22,21341.33,24.36],[25679.97,21352.00,24.43],[25680.62,21347.67,24.35]]
OTTOWN|Sofia|OBJ|building|Land_Slum_House03_F|[25648.33,21320.66,19.77]|136.7|[-4.75,-3.61,4.75,3.61,-2.37,2.37]
OTTOWN|Sofia|OBJ|building|Land_i_House_Big_02_V3_F|[25672.03,21304.53,19.54]|136.2|[-5.33,-12.09,5.33,12.09,-6.09,6.09]
OTTOWN|Sofia|OBJ|building|Land_i_House_Small_02_V1_F|[25657.65,21329.35,19.94]|317.4|[-8.20,-4.64,8.20,4.64,-4.71,4.71]
OTTOWN|Sofia|OBJ|building|Land_Chapel_V1_F|[25694.64,21316.05,20.00]|0.0|[-12.56,-5.59,12.56,5.59,-6.12,6.12]
OTTOWN|Sofia|OBJ|building|stallwater_f.p3d|[25636.33,21346.55,20.81]|213.9|[-0.94,-0.99,0.94,0.99,-0.47,0.47]
OTTOWN|Sofia|OBJ|building|Land_i_House_Big_02_V2_F|[25666.53,21338.53,20.09]|316.5|[-5.33,-12.09,5.33,12.09,-6.09,6.09]
OTTOWN|Sofia|OBJ|building|Land_i_House_Big_02_V3_F|[25650.04,21353.12,20.73]|47.7|[-5.33,-12.09,5.33,12.09,-6.09,6.09]
OTTOWN|Sofia|OBJ|building|Land_Slum_House03_F|[25654.56,21346.11,20.63]|318.0|[-4.75,-3.61,4.75,3.61,-2.37,2.37]
OTTOWN|Sofia|OBJ|building|Land_i_Garage_V2_F|[25706.29,21339.29,20.33]|46.8|[-9.00,-3.69,9.00,3.69,-3.37,3.37]
OTTOWN|Sofia|OBJ|building|Land_u_House_Small_02_V1_F|[25711.00,21344.57,20.46]|46.5|[-8.20,-4.64,8.20,4.64,-4.71,4.71]
OTTOWN|Sofia|OBJ|building|Land_i_Addon_03_V1_F|[25644.48,21360.18,20.35]|137.8|[-5.02,-4.11,5.02,4.11,-3.05,3.05]
OTTOWN|Sofia|OBJ|building|Land_i_House_Small_02_V2_F|[25669.91,21360.27,20.77]|48.1|[-8.20,-4.64,8.20,4.64,-4.71,4.71]
OTTOWN|Sofia|OBJ|building|Land_CarService_F|[25691.15,21384.26,20.68]|317.8|[-5.89,-11.13,5.89,11.13,-4.85,4.85]
OTTOWN|Sofia|OBJ|building|Land_fs_roof_F|[25701.31,21372.68,20.47]|317.1|[-4.03,-4.02,4.03,4.02,-2.62,2.62]
OTTOWN|Sofia|OBJ|building|fs_sign_f.p3d|[25697.64,21385.00,20.68]|314.6|[-0.40,-1.04,0.40,1.04,-3.18,3.18]
OTTOWN|Sofia|OBJ|building|Land_fs_feed_F|[25701.25,21372.64,20.67]|316.4|[-0.44,-0.20,0.44,0.20,-0.83,0.83]
OTTOWN|Sofia|OBJ|wall|stone_8m_f.p3d|[25642.01,21325.01,20.00]|279.1|[-4.26,-0.35,4.26,0.35,-1.30,1.30]
OTTOWN|Sofia|OBJ|wall|stone_8m_f.p3d|[25644.20,21318.00,19.79]|227.7|[-4.26,-0.35,4.26,0.35,-1.30,1.30]
OTTOWN|Sofia|OBJ|wall|stone_pillar_f.p3d|[25647.21,21314.78,19.67]|313.8|[-0.45,-0.44,0.45,0.44,-1.79,1.79]
OTTOWN|Sofia|OBJ|wall|stone_pillar_f.p3d|[25641.35,21321.09,19.89]|313.8|[-0.45,-0.44,0.45,0.44,-1.79,1.79]
OTTOWN|Sofia|OBJ|wall|stone_8m_f.p3d|[25650.32,21317.76,19.72]|137.5|[-4.26,-0.35,4.26,0.35,-1.30,1.30]
OTTOWN|Sofia|OBJ|wall|city_8m_f.p3d|[25674.78,21313.61,19.73]|316.2|[-3.53,-0.25,3.53,0.25,-2.08,2.08]
OTTOWN|Sofia|OBJ|wall|city_4m_f.p3d|[25678.48,21317.22,19.78]|136.6|[-1.79,-0.24,1.79,0.24,-2.08,2.08]
OTTOWN|Sofia|OBJ|wall|stone_pillar_f.p3d|[25653.52,21320.52,19.77]|313.8|[-0.45,-0.44,0.45,0.44,-1.79,1.79]
OTTOWN|Sofia|OBJ|wall|stone_pillar_f.p3d|[25679.83,21303.80,19.50]|314.0|[-0.45,-0.44,0.45,0.44,-1.79,1.79]
OTTOWN|Sofia|OBJ|wall|city_pillar_f.p3d|[25679.88,21318.52,19.81]|317.6|[-0.23,-0.24,0.23,0.24,-2.14,2.14]
OTTOWN|Sofia|OBJ|wall|city_8md_f.p3d|[25709.81,21323.44,20.19]|48.0|[-3.50,-0.98,3.50,0.98,-1.80,1.80]
OTTOWN|Sofia|OBJ|wall|city_8m_f.p3d|[25690.69,21328.98,20.24]|316.5|[-3.53,-0.25,3.53,0.25,-2.08,2.08]
OTTOWN|Sofia|OBJ|wall|city_8m_f.p3d|[25685.64,21324.20,20.00]|316.5|[-3.53,-0.25,3.53,0.25,-2.08,2.08]
OTTOWN|Sofia|OBJ|wall|city_8m_f.p3d|[25705.22,21328.58,20.34]|48.4|[-3.53,-0.25,3.53,0.25,-2.08,2.08]
OTTOWN|Sofia|OBJ|wall|stone_pillar_f.p3d|[25711.48,21329.67,20.35]|316.8|[-0.45,-0.44,0.45,0.44,-1.79,1.79]
OTTOWN|Sofia|OBJ|wall|stone_8m_f.p3d|[25643.23,21332.63,20.30]|279.1|[-4.26,-0.35,4.26,0.35,-1.30,1.30]
OTTOWN|Sofia|OBJ|wall|stone_8m_f.p3d|[25647.24,21343.25,20.69]|316.8|[-4.26,-0.35,4.26,0.35,-1.30,1.30]
OTTOWN|Sofia|OBJ|wall|stone_4m_f.p3d|[25644.15,21338.46,20.56]|278.9|[-2.22,-0.36,2.22,0.36,-1.29,1.29]
OTTOWN|Sofia|OBJ|wall|stone_pillar_f.p3d|[25644.48,21340.55,20.63]|313.8|[-0.45,-0.44,0.45,0.44,-1.79,1.79]
OTTOWN|Sofia|OBJ|wall|stone_pillar_f.p3d|[25650.21,21345.98,20.74]|313.8|[-0.45,-0.44,0.45,0.44,-1.79,1.79]
OTTOWN|Sofia|OBJ|wall|city_8m_f.p3d|[25700.62,21333.82,20.37]|48.4|[-3.53,-0.25,3.53,0.25,-2.08,2.08]
OTTOWN|Sofia|OBJ|wall|city_8m_f.p3d|[25695.74,21333.80,20.39]|316.5|[-3.53,-0.25,3.53,0.25,-2.08,2.08]
OTTOWN|Sofia|OBJ|wall|stone_4m_f.p3d|[25709.97,21331.50,20.36]|49.3|[-2.22,-0.36,2.22,0.36,-1.29,1.29]
OTTOWN|Sofia|OBJ|wall|stone_pillar_f.p3d|[25708.49,21333.31,20.36]|316.8|[-0.45,-0.44,0.45,0.44,-1.79,1.79]
OTTOWN|Sofia|OBJ|wall|stone_8m_f.p3d|[25713.98,21352.79,20.57]|135.2|[-4.26,-0.35,4.26,0.35,-1.30,1.30]
OTTOWN|Sofia|OBJ|wall|stone_pillar_f.p3d|[25717.04,21355.83,20.61]|314.6|[-0.45,-0.44,0.45,0.44,-1.79,1.79]
OTTOWN|Sofia|OBJ|wall|stone_pillar_f.p3d|[25710.98,21349.69,20.52]|314.6|[-0.45,-0.44,0.45,0.44,-1.79,1.79]
OTTOWN|Sofia|OBJ|wall|stone_8m_f.p3d|[25666.30,21368.51,21.03]|227.8|[-4.26,-0.35,4.26,0.35,-1.30,1.30]
OTTOWN|Sofia|OBJ|wall|stone_8m_f.p3d|[25660.75,21369.03,21.10]|317.4|[-4.26,-0.35,4.26,0.35,-1.30,1.30]
OTTOWN|Sofia|OBJ|wall|concrete_smallwall_8m_f.p3d|[25678.28,21384.12,21.04]|317.3|[-4.00,-0.26,4.00,0.26,-1.15,1.15]
OTTOWN|Sofia|OBJ|wall|stone_4m_f.p3d|[25652.70,21361.80,20.97]|318.3|[-2.22,-0.36,2.22,0.36,-1.29,1.29]
OTTOWN|Sofia|OBJ|wall|stone_pillar_f.p3d|[25669.09,21365.53,20.96]|316.7|[-0.45,-0.44,0.45,0.44,-1.79,1.79]
OTTOWN|Sofia|OBJ|wall|stone_pillar_f.p3d|[25657.78,21366.25,21.09]|316.7|[-0.45,-0.44,0.45,0.44,-1.79,1.79]
OTTOWN|Sofia|OBJ|wall|stone_pillar_f.p3d|[25654.23,21363.20,21.05]|316.7|[-0.45,-0.44,0.45,0.44,-1.79,1.79]
OTTOWN|Sofia|OBJ|wall|stone_pillar_f.p3d|[25663.54,21371.59,21.11]|316.7|[-0.45,-0.44,0.45,0.44,-1.79,1.79]
OTTOWN|Sofia|OBJ|wall|stone_pillar_f.p3d|[25651.30,21360.55,20.90]|316.7|[-0.45,-0.44,0.45,0.44,-1.79,1.79]
OTTOWN|Sofia|OBJ|tree|t_phoenixc1s_f.p3d|[25676.93,21311.57,19.68]|164.0|[-4.68,-4.32,4.68,4.32,-3.89,3.89]
OTTOWN|Sofia|OBJ|tree|t_phoenixc3s_f.p3d|[25693.07,21328.71,20.27]|87.0|[-10.50,-10.50,10.50,10.50,-10.52,10.52]
OTTOWN|Sofia|OBJ|tree|t_ficusb1s_f.p3d|[25634.74,21344.61,20.77]|239.0|[-5.06,-5.62,5.06,5.62,-4.61,4.61]
OTTOWN|Sofia|OBJ|tree|t_phoenixc1s_f.p3d|[25697.96,21330.76,20.39]|64.0|[-4.68,-4.32,4.68,4.32,-3.89,3.89]
OTTOWN|Sofia|ROAD|MAIN ROAD|14.0|[25652.99,21305.76,19.56]|[25669.90,21321.27,19.83]
OTTOWN|Sofia|ROAD|MAIN ROAD|14.0|[25669.90,21321.27,19.83]|[25683.35,21334.33,20.16]
OTTOWN|Sofia|ROAD|MAIN ROAD|14.0|[25698.37,21349.10,20.35]|[25713.42,21364.10,20.63]
OTTOWN|Sofia|ROAD|MAIN ROAD|14.0|[25683.35,21334.33,20.16]|[25698.37,21349.10,20.35]
OTTOWN|Sofia|ROAD|TRACK|10.0|[25696.64,21347.85,20.38]|[25689.97,21356.56,20.38]
OTTOWN|Sofia|ROAD|TRACK|10.0|[25656.48,21379.66,21.18]|[25632.11,21373.51,20.80]
OTTOWN|Sofia|ROAD|TRACK|10.0|[25632.11,21373.52,20.80]|[25617.40,21363.37,20.86]
OTTOWN|Sofia|ROAD|TRACK|10.0|[25689.97,21356.56,20.38]|[25669.25,21378.26,21.10]
OTTOWN|Sofia|ROAD|TRACK|10.0|[25669.25,21378.26,21.10]|[25656.48,21379.66,21.18]
OTTOWN|Sofia|ROAD|MAIN ROAD|14.0|[25713.42,21364.10,20.63]|[25726.96,21377.83,20.63]
OTTOWN|Sofia|H|0|[19.60,19.60,19.59,19.59,19.59,19.59,19.57,19.55,19.53,19.51,19.52,19.53,19.52,19.50,19.44,19.39,19.37,19.36,19.38,19.39,19.40,19.41,19.42,19.45,19.49,19.53,19.57,19.62,19.67,19.67,19.67,19.67,19.66,19.65,19.65,19.64,19.62,19.58,19.56,19.54,19.49,19.43,19.40,19.37,19.34]
OTTOWN|Sofia|H|1|[19.59,19.59,19.59,19.59,19.59,19.59,19.57,19.55,19.54,19.52,19.53,19.52,19.51,19.49,19.43,19.42,19.40,19.40,19.41,19.41,19.42,19.43,19.46,19.50,19.54,19.58,19.63,19.68,19.73,19.73,19.73,19.72,19.72,19.71,19.71,19.71,19.68,19.66,19.65,19.63,19.58,19.55,19.53,19.50,19.46]
OTTOWN|Sofia|H|2|[19.59,19.59,19.59,19.59,19.59,19.59,19.58,19.57,19.55,19.54,19.52,19.51,19.50,19.48,19.47,19.45,19.43,19.43,19.44,19.44,19.45,19.47,19.51,19.55,19.59,19.64,19.69,19.74,19.78,19.78,19.77,19.77,19.77,19.77,19.77,19.77,19.76,19.74,19.73,19.72,19.70,19.67,19.65,19.62,19.56]
OTTOWN|Sofia|H|3|[19.64,19.64,19.64,19.64,19.64,19.63,19.62,19.60,19.59,19.57,19.55,19.54,19.53,19.52,19.51,19.49,19.50,19.52,19.53,19.54,19.54,19.56,19.60,19.64,19.64,19.68,19.73,19.77,19.76,19.76,19.76,19.78,19.82,19.82,19.82,19.82,19.82,19.80,19.79,19.78,19.76,19.74,19.72,19.70,19.64]
OTTOWN|Sofia|H|4|[19.69,19.69,19.69,19.69,19.68,19.67,19.65,19.64,19.62,19.60,19.59,19.57,19.57,19.56,19.55,19.55,19.59,19.62,19.62,19.62,19.62,19.65,19.69,19.68,19.68,19.72,19.76,19.75,19.75,19.74,19.77,19.83,19.88,19.87,19.88,19.88,19.88,19.86,19.85,19.85,19.82,19.80,19.80,19.78,19.72]
OTTOWN|Sofia|H|5|[19.74,19.74,19.74,19.73,19.72,19.70,19.69,19.67,19.65,19.63,19.62,19.61,19.61,19.60,19.61,19.65,19.68,19.71,19.71,19.71,19.71,19.74,19.73,19.72,19.72,19.75,19.74,19.74,19.73,19.76,19.82,19.88,19.93,19.93,19.93,19.94,19.93,19.93,19.92,19.91,19.89,19.88,19.88,19.86,19.82]
OTTOWN|Sofia|H|6|[19.79,19.79,19.78,19.77,19.75,19.74,19.73,19.71,19.69,19.67,19.66,19.66,19.65,19.65,19.69,19.72,19.76,19.78,19.78,19.78,19.78,19.77,19.77,19.76,19.75,19.75,19.74,19.74,19.75,19.82,19.88,19.94,19.98,19.99,20.00,20.00,19.99,19.99,19.98,19.97,19.96,19.96,19.95,19.94,19.92]
OTTOWN|Sofia|H|7|[19.84,19.83,19.83,19.81,19.80,19.80,19.78,19.77,19.75,19.72,19.71,19.70,19.70,19.69,19.73,19.77,19.79,19.80,19.80,19.80,19.80,19.80,19.79,19.78,19.79,19.79,19.78,19.79,19.83,19.89,19.96,20.01,20.05,20.06,20.06,20.06,20.05,20.04,20.04,20.03,20.02,20.01,20.01,20.00,19.98]
OTTOWN|Sofia|H|8|[19.89,19.88,19.87,19.86,19.86,19.85,19.84,19.82,19.79,19.77,19.76,19.75,19.74,19.74,19.78,19.80,19.81,19.82,19.82,19.82,19.83,19.82,19.82,19.82,19.83,19.82,19.84,19.87,19.91,19.97,20.03,20.08,20.12,20.12,20.12,20.11,20.11,20.10,20.09,20.09,20.08,20.07,20.07,20.06,20.04]
OTTOWN|Sofia|H|9|[19.93,19.93,19.92,19.91,19.91,19.91,19.90,19.87,19.84,19.82,19.81,19.80,19.79,19.79,19.81,19.82,19.83,19.84,19.84,19.85,19.85,19.85,19.85,19.86,19.86,19.88,19.91,19.95,19.98,20.04,20.09,20.15,20.19,20.18,20.18,20.17,20.16,20.16,20.15,20.15,20.14,20.14,20.13,20.12,20.11]
OTTOWN|Sofia|H|10|[20.00,20.00,19.98,19.98,19.98,19.97,19.95,19.92,19.90,19.88,19.87,19.86,19.86,19.82,19.84,19.85,19.86,19.86,19.86,19.87,19.87,19.87,19.88,19.88,19.89,19.92,19.96,19.99,20.04,20.09,20.15,20.20,20.24,20.23,20.23,20.22,20.22,20.21,20.21,20.20,20.20,20.19,20.19,20.18,20.17]
OTTOWN|Sofia|H|11|[20.09,20.07,20.06,20.06,20.05,20.03,20.01,19.98,19.96,19.96,19.95,19.94,19.90,19.86,19.87,19.88,19.88,19.88,19.88,19.89,19.89,19.89,19.90,19.91,19.92,19.95,19.99,20.03,20.08,20.14,20.19,20.25,20.29,20.28,20.28,20.27,20.27,20.26,20.26,20.25,20.25,20.24,20.24,20.23,20.23]
OTTOWN|Sofia|H|12|[20.17,20.15,20.13,20.13,20.11,20.09,20.07,20.05,20.04,20.04,20.03,19.99,19.94,19.89,19.90,19.90,19.90,19.90,19.90,19.90,19.91,19.91,19.92,19.93,19.95,19.98,20.02,20.07,20.13,20.18,20.24,20.30,20.34,20.33,20.33,20.32,20.32,20.31,20.31,20.30,20.30,20.29,20.29,20.29,20.28]
OTTOWN|Sofia|H|13|[20.24,20.22,20.20,20.19,20.17,20.15,20.13,20.13,20.12,20.12,20.08,20.03,19.97,19.93,19.92,19.92,19.92,19.92,19.92,19.92,19.93,19.93,19.95,19.96,19.97,20.02,20.07,20.12,20.17,20.23,20.29,20.35,20.39,20.39,20.38,20.37,20.37,20.36,20.36,20.35,20.35,20.35,20.34,20.34,20.33]
OTTOWN|Sofia|H|14|[20.33,20.31,20.30,20.28,20.26,20.25,20.24,20.23,20.22,20.22,20.18,20.12,20.07,19.98,19.98,19.98,19.97,19.95,19.95,19.95,19.96,19.96,19.98,19.99,20.01,20.05,20.10,20.16,20.18,20.24,20.30,20.36,20.39,20.39,20.38,20.37,20.37,20.36,20.35,20.36,20.36,20.36,20.36,20.39,20.38]
OTTOWN|Sofia|H|15|[20.43,20.42,20.41,20.39,20.37,20.35,20.34,20.33,20.33,20.33,20.28,20.23,20.13,20.04,20.04,20.03,20.00,19.98,19.98,19.99,19.99,20.00,20.01,20.03,20.05,20.09,20.14,20.16,20.19,20.25,20.31,20.36,20.39,20.38,20.37,20.36,20.35,20.35,20.36,20.37,20.37,20.37,20.41,20.44,20.43]
OTTOWN|Sofia|H|16|[20.53,20.52,20.51,20.49,20.47,20.45,20.44,20.44,20.44,20.43,20.39,20.29,20.19,20.10,20.10,20.06,20.03,20.01,20.01,20.02,20.02,20.03,20.05,20.06,20.08,20.13,20.15,20.17,20.19,20.25,20.30,20.35,20.38,20.37,20.36,20.35,20.34,20.35,20.36,20.38,20.38,20.42,20.46,20.49,20.48]
OTTOWN|Sofia|H|17|[20.63,20.62,20.61,20.59,20.57,20.55,20.54,20.54,20.54,20.54,20.45,20.35,20.26,20.17,20.14,20.10,20.07,20.05,20.05,20.05,20.06,20.07,20.08,20.10,20.12,20.14,20.16,20.18,20.20,20.25,20.30,20.35,20.37,20.36,20.35,20.33,20.34,20.36,20.37,20.39,20.42,20.46,20.50,20.54,20.51]
OTTOWN|Sofia|H|18|[20.67,20.66,20.65,20.63,20.62,20.61,20.61,20.60,20.60,20.60,20.51,20.41,20.32,20.28,20.25,20.22,20.16,20.11,20.11,20.12,20.11,20.12,20.14,20.16,20.17,20.18,20.20,20.22,20.25,20.30,20.35,20.38,20.37,20.36,20.34,20.34,20.35,20.37,20.38,20.39,20.43,20.47,20.52,20.58,20.55]
OTTOWN|Sofia|H|19|[20.71,20.71,20.70,20.68,20.67,20.67,20.67,20.66,20.66,20.65,20.57,20.48,20.44,20.39,20.36,20.31,20.23,20.18,20.18,20.17,20.17,20.17,20.19,20.20,20.21,20.23,20.24,20.27,20.30,20.35,20.37,20.37,20.36,20.35,20.35,20.35,20.36,20.38,20.39,20.40,20.43,20.48,20.55,20.62,20.58]
OTTOWN|Sofia|H|20|[20.75,20.75,20.74,20.74,20.73,20.73,20.73,20.72,20.72,20.71,20.64,20.59,20.55,20.50,20.45,20.37,20.29,20.24,20.23,20.23,20.22,20.23,20.23,20.24,20.25,20.27,20.29,20.32,20.34,20.37,20.37,20.37,20.36,20.36,20.36,20.36,20.37,20.38,20.39,20.40,20.45,20.52,20.59,20.65,20.62]
OTTOWN|Sofia|H|21|[20.80,20.79,20.79,20.79,20.79,20.78,20.78,20.77,20.77,20.75,20.71,20.66,20.62,20.59,20.51,20.43,20.35,20.31,20.30,20.29,20.29,20.28,20.29,20.30,20.30,20.32,20.35,20.37,20.38,20.37,20.37,20.37,20.36,20.36,20.36,20.37,20.39,20.40,20.41,20.42,20.48,20.55,20.63,20.67,20.64]
OTTOWN|Sofia|H|22|[20.83,20.83,20.83,20.82,20.82,20.81,20.80,20.80,20.79,20.74,20.70,20.65,20.63,20.62,20.54,20.46,20.42,20.41,20.40,20.39,20.36,20.35,20.36,20.37,20.36,20.38,20.41,20.41,20.39,20.39,20.39,20.37,20.35,20.35,20.35,20.40,20.43,20.44,20.45,20.45,20.51,20.59,20.63,20.64,20.62]
OTTOWN|Sofia|H|23|[20.87,20.86,20.86,20.86,20.85,20.84,20.83,20.82,20.77,20.73,20.69,20.66,20.67,20.66,20.58,20.54,20.52,20.50,20.49,20.46,20.43,20.42,20.43,20.43,20.42,20.44,20.45,20.43,20.41,20.41,20.39,20.36,20.34,20.34,20.39,20.44,20.46,20.47,20.48,20.48,20.55,20.59,20.61,20.62,20.59]
OTTOWN|Sofia|H|24|[20.90,20.90,20.90,20.89,20.87,20.86,20.85,20.81,20.76,20.72,20.70,20.70,20.70,20.70,20.66,20.64,20.62,20.60,20.57,20.54,20.50,20.49,20.49,20.49,20.49,20.49,20.47,20.45,20.43,20.41,20.38,20.35,20.33,20.37,20.42,20.47,20.50,20.51,20.51,20.52,20.55,20.57,20.58,20.59,20.58]
OTTOWN|Sofia|H|25|[20.92,20.92,20.91,20.90,20.89,20.87,20.83,20.78,20.74,20.73,20.74,20.74,20.74,20.77,20.74,20.72,20.70,20.68,20.65,20.62,20.58,20.56,20.56,20.56,20.54,20.52,20.50,20.48,20.42,20.39,20.35,20.32,20.35,20.40,20.45,20.50,20.52,20.52,20.53,20.54,20.56,20.57,20.59,20.59,20.59]
OTTOWN|Sofia|H|26|[20.93,20.92,20.91,20.90,20.88,20.84,20.80,20.76,20.74,20.77,20.78,20.78,20.81,20.85,20.82,20.80,20.79,20.77,20.73,20.70,20.65,20.63,20.63,20.62,20.58,20.56,20.54,20.47,20.39,20.35,20.32,20.33,20.36,20.41,20.46,20.51,20.53,20.54,20.55,20.57,20.59,20.60,20.61,20.61,20.61]
OTTOWN|Sofia|H|27|[20.93,20.92,20.91,20.89,20.85,20.81,20.77,20.76,20.78,20.81,20.82,20.85,20.89,20.93,20.90,20.89,20.87,20.85,20.82,20.77,20.73,20.71,20.69,20.66,20.63,20.61,20.54,20.44,20.35,20.32,20.33,20.35,20.37,20.42,20.47,20.52,20.54,20.55,20.58,20.60,20.62,20.62,20.63,20.63,20.63]
OTTOWN|Sofia|H|28|[20.93,20.92,20.90,20.86,20.82,20.78,20.77,20.80,20.82,20.85,20.88,20.93,20.97,21.01,20.99,20.97,20.96,20.93,20.89,20.84,20.80,20.76,20.73,20.70,20.67,20.60,20.50,20.41,20.32,20.33,20.35,20.36,20.38,20.43,20.48,20.53,20.56,20.58,20.61,20.63,20.64,20.64,20.64,20.65,20.64]
OTTOWN|Sofia|H|29|[20.90,20.89,20.87,20.83,20.79,20.77,20.80,20.82,20.85,20.90,20.95,20.99,21.03,21.04,21.02,21.01,20.99,20.97,20.92,20.88,20.84,20.81,20.77,20.74,20.71,20.62,20.53,20.43,20.37,20.39,20.40,20.40,20.39,20.44,20.49,20.53,20.55,20.57,20.60,20.63,20.64,20.64,20.65,20.66,20.65]
OTTOWN|Sofia|H|30|[20.86,20.86,20.84,20.80,20.79,20.80,20.82,20.85,20.90,20.96,21.01,21.05,21.06,21.06,21.05,21.03,21.02,21.00,20.95,20.91,20.88,20.85,20.81,20.78,20.74,20.66,20.56,20.49,20.43,20.45,20.45,20.41,20.40,20.45,20.49,20.51,20.53,20.55,20.59,20.63,20.64,20.64,20.66,20.66,20.66]
OTTOWN|Sofia|H|31|[20.84,20.83,20.81,20.80,20.81,20.82,20.84,20.90,20.96,21.02,21.07,21.08,21.08,21.09,21.07,21.06,21.05,21.03,20.99,20.95,20.92,20.89,20.85,20.81,20.77,20.69,20.62,20.56,20.50,20.50,20.46,20.42,20.41,20.45,20.47,20.49,20.51,20.55,20.59,20.63,20.64,20.65,20.66,20.67,20.67]
OTTOWN|Sofia|H|32|[20.81,20.80,20.81,20.82,20.83,20.85,20.89,20.95,21.02,21.08,21.10,21.10,21.11,21.11,21.10,21.09,21.08,21.06,21.03,20.99,20.96,20.92,20.88,20.85,20.81,20.75,20.68,20.61,20.55,20.51,20.47,20.43,20.41,20.43,20.45,20.47,20.50,20.55,20.59,20.63,20.65,20.66,20.67,20.68,20.66]
OTTOWN|Sofia|H|33|[20.78,20.79,20.83,20.84,20.85,20.87,20.91,20.98,21.04,21.11,21.13,21.13,21.13,21.12,21.11,21.10,21.09,21.08,21.04,21.01,20.98,20.95,20.91,20.87,20.84,20.77,20.71,20.64,20.60,20.56,20.52,20.46,20.42,20.45,20.47,20.47,20.50,20.54,20.58,20.61,20.63,20.64,20.65,20.66,20.65]
OTTOWN|Sofia|H|34|[20.77,20.81,20.85,20.86,20.88,20.89,20.94,21.00,21.07,21.14,21.16,21.16,21.14,21.13,21.12,21.11,21.11,21.09,21.06,21.03,21.01,20.97,20.94,20.90,20.86,20.80,20.74,20.69,20.64,20.60,20.55,20.48,20.44,20.46,20.47,20.47,20.49,20.54,20.57,20.60,20.61,20.62,20.64,20.65,20.64]
OTTOWN|Sofia|H|35|[20.79,20.84,20.87,20.89,20.90,20.92,20.96,21.03,21.10,21.17,21.18,21.17,21.16,21.14,21.13,21.13,21.12,21.11,21.08,21.06,21.03,21.00,20.96,20.93,20.89,20.83,20.78,20.73,20.69,20.63,20.56,20.50,20.46,20.46,20.46,20.46,20.49,20.52,20.55,20.58,20.59,20.61,20.62,20.64,20.63]
OTTOWN|Sofia|H|36|[20.82,20.86,20.90,20.91,20.93,20.94,20.99,21.06,21.12,21.19,21.19,21.17,21.16,21.16,21.15,21.14,21.14,21.13,21.10,21.08,21.05,21.02,20.99,20.95,20.91,20.87,20.82,20.77,20.73,20.66,20.59,20.52,20.47,20.47,20.47,20.47,20.49,20.51,20.54,20.57,20.58,20.60,20.62,20.63,20.63]
OTTOWN|Sofia|H|37|[20.85,20.89,20.93,20.94,20.96,20.96,21.00,21.07,21.14,21.19,21.18,21.17,21.16,21.17,21.17,21.16,21.15,21.14,21.11,21.09,21.07,21.04,21.00,20.97,20.93,20.89,20.84,20.80,20.78,20.71,20.64,20.57,20.52,20.52,20.52,20.50,20.51,20.54,20.56,20.57,20.58,20.60,20.62,20.63,20.63]
OTTOWN|Sofia|H|38|[20.88,20.93,20.96,20.98,20.98,20.98,21.02,21.08,21.13,21.18,21.18,21.17,21.18,21.19,21.18,21.17,21.16,21.15,21.12,21.10,21.09,21.06,21.02,20.99,20.96,20.91,20.87,20.85,20.82,20.75,20.68,20.61,20.56,20.56,20.54,20.52,20.53,20.56,20.56,20.57,20.58,20.60,20.62,20.63,20.63]
OTTOWN|Sofia|H|39|[20.92,20.96,20.99,20.99,20.99,20.99,21.03,21.08,21.13,21.17,21.18,21.19,21.20,21.20,21.19,21.18,21.17,21.16,21.14,21.12,21.10,21.07,21.04,21.01,20.98,20.94,20.92,20.89,20.87,20.79,20.72,20.65,20.60,20.59,20.57,20.55,20.55,20.56,20.56,20.57,20.58,20.60,20.62,20.63,20.64]
OTTOWN|Sofia|H|40|[20.97,21.01,21.01,21.01,21.01,21.01,21.04,21.09,21.14,21.18,21.19,21.20,21.20,21.22,21.21,21.20,21.19,21.18,21.16,21.14,21.13,21.11,21.07,21.04,21.02,21.00,20.97,20.95,20.91,20.84,20.77,20.70,20.65,20.63,20.61,20.58,20.57,20.57,20.58,20.58,20.60,20.61,20.63,20.64,20.65]
OTTOWN|Sofia|H|41|[21.03,21.04,21.04,21.04,21.04,21.04,21.06,21.11,21.15,21.18,21.19,21.20,21.22,21.23,21.22,21.21,21.21,21.21,21.19,21.17,21.17,21.15,21.12,21.09,21.08,21.06,21.04,21.00,20.96,20.89,20.82,20.75,20.70,20.68,20.66,20.61,20.59,20.59,20.60,20.60,20.62,20.63,20.64,20.65,20.66]
OTTOWN|Sofia|H|42|[21.06,21.06,21.06,21.06,21.06,21.06,21.08,21.12,21.15,21.18,21.19,21.21,21.23,21.25,21.24,21.24,21.24,21.23,21.22,21.21,21.21,21.19,21.17,21.16,21.15,21.13,21.09,21.05,21.01,20.94,20.87,20.81,20.76,20.73,20.68,20.63,20.61,20.61,20.62,20.62,20.64,20.65,20.66,20.67,20.67]
OTTOWN|Sofia|H|43|[21.08,21.08,21.09,21.08,21.08,21.08,21.10,21.13,21.16,21.18,21.21,21.23,21.25,21.27,21.27,21.27,21.27,21.26,21.26,21.26,21.25,21.24,21.23,21.22,21.21,21.18,21.14,21.10,21.06,20.99,20.93,20.86,20.81,20.76,20.70,20.65,20.63,20.64,20.64,20.65,20.65,20.66,20.67,20.68,20.68]
OTTOWN|Sofia|H|44|[21.14,21.15,21.14,21.14,21.14,21.13,21.14,21.17,21.20,21.20,21.21,21.23,21.25,21.30,21.30,21.30,21.30,21.31,21.31,21.30,21.30,21.30,21.29,21.28,21.27,21.23,21.19,21.15,21.09,21.03,20.97,20.90,20.85,20.80,20.74,20.69,20.66,20.67,20.67,20.67,20.67,20.68,20.69,20.70,20.70]
OTTOWN|Sofia|END
OTTOWN|Molos|HEAD|i_House_Big_01_V1_F|Land_i_House_Big_01_V3_F|[26969.809,23250.227,19.778]|320.00|false|115|3|4
OTTOWN|Molos|BOX|[-7.89,-8.48,7.89,8.48,-6.61,6.61]
OTTOWN|Molos|DOOR|main|[26972.00,23242.47,20.34]|500.0|2.25
OTTOWN|Molos|DOOR|side|[26969.95,23257.68,20.34]|410.0|1.00
OTTOWN|Molos|BPOS|[[26966.65,23255.10,20.34],[26973.65,23247.78,23.85],[26969.58,23249.34,20.40],[26968.73,23251.92,23.74],[26968.72,23257.11,23.78],[26967.33,23248.97,23.78],[26963.55,23252.07,23.78],[26973.84,23245.67,23.85],[26969.48,23245.29,23.77]]
OTTOWN|Molos|OBJ|building|Land_Slum_House01_F|[26953.26,23210.96,18.80]|230.0|[-2.93,-3.98,2.93,3.98,-1.90,1.90]
OTTOWN|Molos|OBJ|building|Land_i_House_Small_01_V2_F|[26944.76,23236.65,18.99]|140.2|[-5.43,-7.64,5.43,7.64,-5.08,5.08]
OTTOWN|Molos|OBJ|building|Land_u_Shop_02_V1_F|[26977.14,23240.11,19.82]|140.0|[-8.56,-5.44,8.56,5.44,-6.24,6.24]
OTTOWN|Molos|OBJ|building|Land_i_House_Small_02_V2_F|[26987.23,23231.51,20.29]|230.0|[-8.20,-4.64,8.20,4.64,-4.71,4.71]
OTTOWN|Molos|OBJ|building|Land_u_Addon_02_V1_F|[26989.04,23242.79,19.85]|230.0|[-4.57,-4.94,4.57,4.94,-3.72,3.72]
OTTOWN|Molos|OBJ|building|Land_u_House_Big_02_V1_F|[27006.98,23237.14,20.24]|316.9|[-5.27,-12.09,5.27,12.09,-5.90,5.90]
OTTOWN|Molos|OBJ|building|Land_i_Stone_HouseBig_V2_F|[26928.49,23260.53,17.30]|231.2|[-6.78,-6.16,6.78,6.16,-5.84,5.84]
OTTOWN|Molos|OBJ|building|Land_i_Stone_Shed_V3_F|[26942.38,23266.65,18.81]|50.8|[-4.53,-4.96,4.53,4.96,-3.80,3.80]
OTTOWN|Molos|OBJ|building|Land_Chapel_V1_F|[26995.85,23271.97,20.63]|0.0|[-12.56,-5.59,12.56,5.59,-6.12,6.12]
OTTOWN|Molos|OBJ|building|scaffolding_f.p3d|[26995.28,23278.50,20.69]|90.1|[-3.11,-9.28,3.11,9.28,-5.70,5.70]
OTTOWN|Molos|OBJ|building|water_source_f.p3d|[26973.87,23254.62,19.99]|229.8|[-1.31,-0.87,1.31,0.87,-1.53,1.53]
OTTOWN|Molos|OBJ|building|treebin_f.p3d|[26989.22,23251.32,19.96]|0.0|[-1.24,-1.26,1.24,1.26,-0.43,0.43]
OTTOWN|Molos|OBJ|building|Land_i_House_Big_02_V2_F|[26958.74,23282.45,19.85]|323.4|[-5.33,-12.09,5.33,12.09,-6.09,6.09]
OTTOWN|Molos|OBJ|building|Land_i_Shop_01_V3_F|[26967.29,23286.38,20.27]|323.4|[-4.75,-10.13,4.75,10.13,-6.46,6.46]
OTTOWN|Molos|OBJ|wall|city2_8m_f.p3d|[26952.12,23212.99,18.77]|319.8|[-3.51,-0.25,3.51,0.25,-2.09,2.09]
OTTOWN|Molos|OBJ|wall|city2_8m_f.p3d|[26957.38,23217.48,19.43]|319.8|[-3.51,-0.25,3.51,0.25,-2.09,2.09]
OTTOWN|Molos|OBJ|wall|wall_tin_4_2.p3d|[26967.33,23217.69,19.80]|227.1|[-2.02,-0.16,2.02,0.16,-1.48,1.48]
OTTOWN|Molos|OBJ|wall|wall_tin_4_2.p3d|[26973.32,23210.02,20.02]|232.1|[-2.02,-0.16,2.02,0.16,-1.48,1.48]
OTTOWN|Molos|OBJ|wall|wall_tin_4_2.p3d|[26975.74,23206.85,20.09]|233.1|[-2.02,-0.16,2.02,0.16,-1.48,1.48]
OTTOWN|Molos|OBJ|wall|pipe_fence_4m_f.p3d|[26990.17,23218.52,20.11]|51.0|[-2.08,-0.09,2.08,0.09,-0.85,0.85]
OTTOWN|Molos|OBJ|wall|pipe_fence_4m_f.p3d|[26992.78,23215.34,20.24]|49.9|[-2.08,-0.09,2.08,0.09,-0.85,0.85]
OTTOWN|Molos|OBJ|wall|pipe_fence_4m_f.p3d|[26995.65,23215.19,20.26]|319.1|[-2.08,-0.09,2.08,0.09,-0.85,0.85]
OTTOWN|Molos|OBJ|wall|pipe_fence_4m_f.p3d|[26998.76,23217.91,20.20]|319.1|[-2.08,-0.09,2.08,0.09,-0.85,0.85]
OTTOWN|Molos|OBJ|wall|wall_tin_pole.p3d|[26971.09,23212.45,19.97]|0.0|[-0.04,-0.04,0.04,0.04,-1.44,1.44]
OTTOWN|Molos|OBJ|wall|stone_8m_f.p3d|[26925.22,23247.79,17.36]|320.7|[-4.26,-0.35,4.26,0.35,-1.30,1.30]
OTTOWN|Molos|OBJ|wall|city2_8m_f.p3d|[26930.83,23231.90,17.54]|317.6|[-3.51,-0.25,3.51,0.25,-2.09,2.09]
OTTOWN|Molos|OBJ|wall|city2_pillard_f.p3d|[26933.14,23234.01,17.71]|317.2|[-0.84,-0.25,0.84,0.25,-2.10,2.10]
OTTOWN|Molos|OBJ|wall|city2_8m_f.p3d|[26953.93,23233.14,19.28]|50.6|[-3.51,-0.25,3.51,0.25,-2.09,2.09]
OTTOWN|Molos|OBJ|wall|city2_8m_f.p3d|[26960.80,23224.57,19.59]|231.2|[-3.51,-0.25,3.51,0.25,-2.09,2.09]
OTTOWN|Molos|OBJ|wall|city2_4m_f.p3d|[26961.35,23220.83,19.62]|319.8|[-1.76,-0.25,1.76,0.25,-2.09,2.09]
OTTOWN|Molos|OBJ|wall|wall_tin_4_2.p3d|[26964.62,23220.62,19.72]|227.1|[-2.02,-0.16,2.02,0.16,-1.48,1.48]
OTTOWN|Molos|OBJ|wall|city2_pillard_f.p3d|[26958.81,23226.99,19.49]|229.1|[-0.84,-0.25,0.84,0.25,-2.10,2.10]
OTTOWN|Molos|OBJ|wall|city2_pillard_f.p3d|[26955.88,23230.72,19.37]|51.8|[-0.84,-0.25,0.84,0.25,-2.10,2.10]
OTTOWN|Molos|OBJ|wall|wall_tin_pole.p3d|[26962.27,23222.92,19.67]|0.0|[-0.04,-0.04,0.04,0.04,-1.44,1.44]
OTTOWN|Molos|OBJ|wall|city_4m_f.p3d|[26998.52,23236.42,19.96]|318.4|[-1.79,-0.24,1.79,0.24,-2.08,2.08]
OTTOWN|Molos|OBJ|wall|pipe_fence_4m_f.p3d|[26999.09,23220.83,20.12]|49.9|[-2.08,-0.09,2.08,0.09,-0.85,0.85]
OTTOWN|Molos|OBJ|wall|pipe_fence_4m_f.p3d|[26996.47,23224.01,20.01]|51.0|[-2.08,-0.09,2.08,0.09,-0.85,0.85]
OTTOWN|Molos|OBJ|wall|pipe_fence_4m_f.p3d|[26990.53,23221.45,20.03]|319.1|[-2.08,-0.09,2.08,0.09,-0.85,0.85]
OTTOWN|Molos|OBJ|wall|pipe_fence_4m_f.p3d|[26993.64,23224.16,19.98]|319.1|[-2.08,-0.09,2.08,0.09,-0.85,0.85]
OTTOWN|Molos|OBJ|wall|city_pillar_f.p3d|[26997.11,23235.22,19.93]|320.1|[-0.23,-0.24,0.23,0.24,-2.14,2.14]
OTTOWN|Molos|OBJ|wall|stone_4m_f.p3d|[26935.41,23255.79,17.98]|320.1|[-2.22,-0.36,2.22,0.36,-1.29,1.29]
OTTOWN|Molos|OBJ|wall|stone_pillar_f.p3d|[26928.53,23250.49,17.59]|319.4|[-0.45,-0.44,0.45,0.44,-1.79,1.79]
OTTOWN|Molos|OBJ|wall|stone_pillar_f.p3d|[26933.76,23254.29,17.86]|319.4|[-0.45,-0.44,0.45,0.44,-1.79,1.79]
OTTOWN|Molos|OBJ|wall|stone_8m_f.p3d|[26941.39,23276.19,17.97]|49.3|[-4.26,-0.35,4.26,0.35,-1.30,1.30]
OTTOWN|Molos|OBJ|wall|stone_8m_f.p3d|[26946.44,23270.18,18.62]|50.6|[-4.26,-0.35,4.26,0.35,-1.30,1.30]
OTTOWN|Molos|OBJ|wall|stone_8m_f.p3d|[26946.03,23264.53,18.65]|320.7|[-4.26,-0.35,4.26,0.35,-1.30,1.30]
OTTOWN|Molos|OBJ|wall|stone_8m_f.p3d|[26940.00,23259.58,18.24]|320.7|[-4.26,-0.35,4.26,0.35,-1.30,1.30]
OTTOWN|Molos|OBJ|wall|stone_pillar_f.p3d|[26949.11,23266.93,18.93]|319.4|[-0.45,-0.44,0.45,0.44,-1.79,1.79]
OTTOWN|Molos|OBJ|wall|city_8m_f.p3d|[26981.11,23250.18,19.91]|319.4|[-3.53,-0.25,3.53,0.25,-2.08,2.08]
OTTOWN|Molos|OBJ|wall|city_8m_f.p3d|[26989.79,23254.70,20.03]|2.5|[-3.53,-0.25,3.53,0.25,-2.08,2.08]
OTTOWN|Molos|OBJ|wall|city_4m_f.p3d|[26985.03,23253.59,19.98]|139.0|[-1.79,-0.24,1.79,0.24,-2.08,2.08]
OTTOWN|Molos|OBJ|wall|city_pillar_f.p3d|[26993.42,23254.48,20.06]|3.4|[-0.23,-0.24,0.23,0.24,-2.14,2.14]
OTTOWN|Molos|OBJ|wall|city_8m_f.p3d|[27000.97,23254.25,20.18]|2.2|[-3.53,-0.25,3.53,0.25,-2.08,2.08]
OTTOWN|Molos|OBJ|wall|city_8m_f.p3d|[27007.03,23256.37,20.32]|315.9|[-3.53,-0.25,3.53,0.25,-2.08,2.08]
OTTOWN|Molos|OBJ|wall|city_4m_f.p3d|[27010.78,23260.03,20.58]|136.6|[-1.79,-0.24,1.79,0.24,-2.08,2.08]
OTTOWN|Molos|OBJ|wall|city_pillar_f.p3d|[27012.14,23261.35,20.69]|317.1|[-0.23,-0.24,0.23,0.24,-2.14,2.14]
OTTOWN|Molos|OBJ|tree|t_ficusb2s_f.p3d|[26999.14,23219.63,20.13]|118.0|[-8.66,-8.23,8.66,8.23,-5.99,5.99]
OTTOWN|Molos|OBJ|tree|t_ficusb1s_f.p3d|[26993.40,23219.05,20.08]|161.0|[-5.06,-5.62,5.06,5.62,-4.61,4.61]
OTTOWN|Molos|OBJ|tree|t_ficusb1s_f.p3d|[26935.61,23271.37,17.46]|322.9|[-5.06,-5.62,5.06,5.62,-4.61,4.61]
OTTOWN|Molos|OBJ|tree|t_ficusb2s_f.p3d|[26947.67,23275.62,18.85]|8.0|[-8.66,-8.23,8.66,8.23,-5.99,5.99]
OTTOWN|Molos|OBJ|tree|t_ficusb1s_f.p3d|[26944.25,23277.14,18.16]|81.0|[-5.06,-5.62,5.06,5.62,-4.61,4.61]
OTTOWN|Molos|OBJ|tree|t_fraxinusav2s_f.p3d|[26988.26,23252.05,19.96]|306.0|[-13.54,-13.39,13.54,13.39,-13.22,13.22]
OTTOWN|Molos|ROAD|TRACK|10.0|[26974.14,23222.78,19.87]|[26992.38,23199.43,20.43]
OTTOWN|Molos|ROAD|TRACK|10.0|[26989.21,23199.99,20.39]|[26997.66,23208.05,20.43]
OTTOWN|Molos|ROAD|TRACK|10.0|[26997.66,23208.05,20.43]|[27010.92,23220.70,20.33]
OTTOWN|Molos|ROAD|TRACK|10.0|[26925.52,23237.34,17.30]|[26947.93,23256.83,18.82]
OTTOWN|Molos|ROAD|TRACK|10.0|[26953.62,23248.84,19.11]|[26974.14,23222.78,19.87]
OTTOWN|Molos|ROAD|TRACK|10.0|[27010.92,23220.70,20.33]|[27028.54,23237.50,20.82]
OTTOWN|Molos|ROAD|TRACK|10.0|[26947.93,23256.83,18.82]|[26974.48,23274.87,20.27]
OTTOWN|Molos|ROAD|TRACK|10.0|[26946.69,23257.61,18.83]|[26953.62,23248.84,19.11]
OTTOWN|Molos|ROAD|TRACK|10.0|[26974.48,23274.87,20.27]|[26994.80,23289.67,20.53]
OTTOWN|Molos|ROAD|TRACK|10.0|[26981.59,23288.75,20.32]|[26967.77,23305.23,19.63]
OTTOWN|Molos|ROAD|TRACK|10.0|[26988.25,23281.04,20.57]|[26981.59,23288.75,20.32]
OTTOWN|Molos|ROAD|TRACK|10.0|[26974.14,23310.01,19.61]|[26968.96,23301.82,19.74]
OTTOWN|Molos|H|0|[17.80,17.89,17.97,18.06,18.16,18.26,18.37,18.48,18.53,18.57,18.61,18.66,18.74,18.82,18.90,18.99,19.14,19.29,19.46,19.59,19.68,19.76,19.84,19.92,20.01,20.09,20.16,20.20,20.24,20.28,20.30,20.34,20.37,20.40,20.42,20.44,20.45,20.47,20.49,20.51,20.53,20.55,20.57,20.59,20.60]
OTTOWN|Molos|H|1|[17.78,17.86,17.95,18.05,18.15,18.25,18.36,18.48,18.53,18.57,18.61,18.66,18.74,18.82,18.86,18.95,19.10,19.27,19.50,19.63,19.72,19.80,19.86,19.95,20.03,20.10,20.16,20.20,20.24,20.26,20.29,20.32,20.35,20.37,20.39,20.41,20.43,20.44,20.46,20.48,20.50,20.51,20.53,20.55,20.58]
OTTOWN|Molos|H|2|[17.75,17.84,17.94,18.03,18.13,18.24,18.36,18.48,18.53,18.57,18.61,18.66,18.74,18.78,18.83,18.91,19.08,19.31,19.54,19.68,19.75,19.82,19.89,19.97,20.04,20.10,20.16,20.20,20.22,20.24,20.27,20.30,20.32,20.35,20.37,20.39,20.40,20.41,20.43,20.45,20.46,20.47,20.49,20.52,20.55]
OTTOWN|Molos|H|3|[17.73,17.83,17.92,18.02,18.13,18.24,18.36,18.48,18.53,18.57,18.61,18.66,18.70,18.75,18.79,18.90,19.13,19.36,19.59,19.71,19.78,19.84,19.91,19.98,20.04,20.10,20.16,20.18,20.20,20.23,20.25,20.28,20.30,20.32,20.34,20.36,20.37,20.38,20.40,20.41,20.42,20.43,20.46,20.49,20.52]
OTTOWN|Molos|H|4|[17.66,17.75,17.85,17.95,18.06,18.18,18.29,18.43,18.49,18.53,18.57,18.72,18.77,18.81,18.87,19.02,19.25,19.48,19.64,19.71,19.78,19.85,19.90,19.95,20.02,20.08,20.12,20.14,20.16,20.19,20.20,20.23,20.25,20.27,20.28,20.29,20.31,20.33,20.34,20.35,20.36,20.39,20.42,20.45,20.49]
OTTOWN|Molos|H|5|[17.57,17.67,17.77,17.87,17.98,18.10,18.24,18.39,18.44,18.48,18.65,18.80,18.84,18.90,19.01,19.16,19.39,19.55,19.64,19.71,19.78,19.83,19.87,19.93,19.99,20.03,20.07,20.10,20.12,20.13,20.15,20.17,20.19,20.20,20.21,20.23,20.25,20.26,20.28,20.29,20.32,20.35,20.38,20.42,20.47]
OTTOWN|Molos|H|6|[17.49,17.59,17.69,17.79,17.91,18.05,18.19,18.34,18.39,18.56,18.73,18.88,18.94,19.04,19.15,19.30,19.46,19.55,19.64,19.71,19.76,19.80,19.85,19.91,19.95,19.99,20.03,20.05,20.06,20.07,20.09,20.11,20.12,20.13,20.15,20.17,20.18,20.20,20.21,20.24,20.27,20.30,20.34,20.39,20.45]
OTTOWN|Molos|H|7|[17.42,17.52,17.62,17.72,17.85,18.00,18.15,18.29,18.46,18.63,18.80,18.96,19.06,19.16,19.27,19.37,19.46,19.55,19.64,19.70,19.74,19.78,19.83,19.87,19.91,19.95,19.99,20.00,20.01,20.02,20.03,20.04,20.06,20.07,20.09,20.10,20.12,20.14,20.17,20.20,20.23,20.26,20.32,20.37,20.42]
OTTOWN|Molos|H|8|[17.38,17.48,17.58,17.69,17.82,17.97,18.12,18.29,18.46,18.63,18.80,18.96,19.07,19.17,19.27,19.37,19.46,19.55,19.63,19.69,19.73,19.78,19.81,19.85,19.89,19.93,19.95,19.96,19.97,19.98,19.98,20.00,20.01,20.02,20.03,20.05,20.07,20.10,20.13,20.16,20.19,20.23,20.28,20.34,20.40]
OTTOWN|Molos|H|9|[17.34,17.44,17.55,17.66,17.79,17.94,18.12,18.29,18.46,18.63,18.80,18.97,19.07,19.17,19.27,19.37,19.46,19.54,19.63,19.69,19.73,19.76,19.79,19.83,19.87,19.89,19.91,19.92,19.93,19.93,19.93,19.95,19.96,19.96,19.98,20.00,20.03,20.06,20.09,20.12,20.16,20.19,20.25,20.31,20.38]
OTTOWN|Molos|H|10|[17.30,17.41,17.52,17.63,17.77,17.94,18.12,18.29,18.46,18.64,18.81,18.97,19.07,19.17,19.27,19.37,19.45,19.54,19.62,19.68,19.71,19.74,19.77,19.81,19.83,19.85,19.88,19.88,19.88,19.88,19.89,19.90,19.90,19.91,19.93,19.96,19.99,20.01,20.05,20.08,20.12,20.16,20.22,20.30,20.37]
OTTOWN|Molos|H|11|[17.27,17.38,17.49,17.60,17.77,17.94,18.12,18.29,18.47,18.64,18.82,18.98,19.07,19.17,19.27,19.36,19.45,19.54,19.62,19.66,19.69,19.72,19.75,19.78,19.81,19.83,19.85,19.85,19.85,19.85,19.85,19.86,19.87,19.88,19.90,19.93,19.95,19.99,20.02,20.06,20.10,20.14,20.21,20.28,20.36]
OTTOWN|Molos|H|12|[17.25,17.36,17.47,17.60,17.77,17.94,18.12,18.30,18.47,18.65,18.82,18.98,19.08,19.18,19.27,19.36,19.45,19.53,19.59,19.63,19.66,19.70,19.75,19.78,19.81,19.83,19.84,19.84,19.84,19.84,19.85,19.85,19.86,19.87,19.89,19.92,19.95,19.98,20.02,20.06,20.09,20.14,20.21,20.28,20.36]
OTTOWN|Molos|H|13|[17.22,17.34,17.47,17.60,17.77,17.94,18.12,18.31,18.48,18.65,18.82,18.98,19.08,19.18,19.27,19.36,19.45,19.51,19.57,19.61,19.64,19.70,19.75,19.78,19.80,19.82,19.84,19.84,19.84,19.84,19.84,19.85,19.85,19.86,19.88,19.91,19.95,19.98,20.02,20.05,20.09,20.13,20.21,20.28,20.36]
OTTOWN|Molos|H|14|[17.20,17.34,17.47,17.60,17.77,17.95,18.13,18.31,18.48,18.65,18.82,18.98,19.08,19.18,19.27,19.36,19.42,19.48,19.54,19.59,19.64,19.70,19.75,19.78,19.80,19.82,19.83,19.83,19.83,19.83,19.84,19.84,19.85,19.85,19.87,19.91,19.94,19.98,20.01,20.05,20.09,20.13,20.21,20.28,20.36]
OTTOWN|Molos|H|15|[17.25,17.39,17.52,17.63,17.76,17.94,18.12,18.29,18.46,18.64,18.81,18.95,19.04,19.14,19.24,19.33,19.39,19.45,19.52,19.59,19.64,19.70,19.73,19.74,19.76,19.78,19.83,19.83,19.83,19.83,19.84,19.84,19.85,19.85,19.88,19.91,19.95,19.98,20.02,20.05,20.09,20.13,20.21,20.28,20.36]
OTTOWN|Molos|H|16|[17.33,17.47,17.57,17.61,17.75,17.93,18.10,18.26,18.43,18.60,18.75,18.89,18.99,19.08,19.21,19.30,19.36,19.43,19.52,19.59,19.64,19.67,19.67,19.69,19.71,19.77,19.83,19.83,19.83,19.84,19.84,19.85,19.85,19.86,19.88,19.92,19.95,19.98,20.02,20.06,20.09,20.14,20.21,20.29,20.37]
OTTOWN|Molos|H|17|[17.41,17.52,17.56,17.60,17.73,17.91,18.07,18.23,18.40,18.55,18.69,18.83,18.93,19.05,19.17,19.27,19.34,19.43,19.52,19.59,19.62,19.62,19.62,19.64,19.70,19.77,19.83,19.83,19.84,19.84,19.85,19.85,19.86,19.86,19.89,19.92,19.95,19.98,20.02,20.06,20.10,20.14,20.21,20.30,20.38]
OTTOWN|Molos|H|18|[17.47,17.51,17.55,17.59,17.71,17.87,18.04,18.20,18.35,18.49,18.64,18.77,18.90,19.02,19.14,19.25,19.34,19.43,19.52,19.56,19.56,19.56,19.57,19.63,19.70,19.77,19.83,19.84,19.84,19.85,19.85,19.86,19.86,19.87,19.89,19.92,19.95,19.99,20.02,20.06,20.10,20.14,20.22,20.31,20.39]
OTTOWN|Molos|H|19|[17.44,17.48,17.52,17.62,17.78,17.95,18.11,18.21,18.35,18.50,18.64,18.81,18.93,19.05,19.15,19.20,19.29,19.38,19.51,19.57,19.58,19.58,19.61,19.68,19.75,19.82,19.85,19.85,19.86,19.86,19.87,19.87,19.88,19.89,19.91,19.94,19.98,20.01,20.04,20.08,20.12,20.16,20.25,20.33,20.41]
OTTOWN|Molos|H|20|[17.40,17.44,17.55,17.71,17.88,18.04,18.14,18.23,18.37,18.51,18.69,18.85,18.98,19.07,19.10,19.15,19.24,19.37,19.54,19.60,19.60,19.63,19.67,19.73,19.81,19.84,19.87,19.87,19.88,19.88,19.89,19.89,19.90,19.91,19.94,19.97,20.00,20.03,20.07,20.11,20.14,20.19,20.27,20.35,20.43]
OTTOWN|Molos|H|21|[17.37,17.47,17.64,17.80,17.97,18.07,18.15,18.24,18.38,18.56,18.73,18.90,18.99,19.02,19.04,19.09,19.23,19.40,19.57,19.63,19.66,19.69,19.72,19.79,19.82,19.86,19.88,19.89,19.89,19.90,19.91,19.91,19.92,19.94,19.96,19.99,20.02,20.06,20.09,20.13,20.17,20.21,20.29,20.37,20.45]
OTTOWN|Molos|H|22|[17.38,17.55,17.71,17.88,17.99,18.07,18.16,18.25,18.42,18.60,18.78,18.92,18.95,18.97,19.00,19.09,19.26,19.43,19.60,19.67,19.71,19.74,19.78,19.81,19.84,19.87,19.90,19.91,19.91,19.92,19.93,19.94,19.95,19.96,19.99,20.02,20.05,20.08,20.12,20.16,20.19,20.24,20.32,20.40,20.48]
OTTOWN|Molos|H|23|[17.32,17.48,17.65,17.81,17.92,18.01,18.10,18.28,18.46,18.63,18.80,18.92,18.94,18.97,19.03,19.16,19.33,19.50,19.62,19.67,19.71,19.74,19.78,19.82,19.85,19.89,19.92,19.93,19.94,19.95,19.96,19.97,19.98,20.00,20.02,20.05,20.09,20.12,20.16,20.19,20.23,20.27,20.35,20.43,20.52]
OTTOWN|Molos|H|24|[17.26,17.42,17.59,17.75,17.86,17.95,18.13,18.32,18.49,18.66,18.79,18.91,18.94,19.00,19.11,19.24,19.41,19.52,19.62,19.67,19.71,19.75,19.79,19.83,19.86,19.91,19.95,19.95,19.96,19.98,19.99,20.00,20.02,20.03,20.06,20.09,20.12,20.16,20.19,20.23,20.26,20.31,20.39,20.47,20.56]
OTTOWN|Molos|H|25|[17.20,17.36,17.52,17.68,17.80,17.98,18.17,18.35,18.52,18.65,18.79,18.91,18.97,19.08,19.18,19.31,19.42,19.52,19.62,19.67,19.72,19.76,19.80,19.84,19.88,19.93,19.97,19.98,19.99,20.01,20.02,20.04,20.05,20.07,20.10,20.13,20.16,20.19,20.23,20.26,20.30,20.34,20.43,20.52,20.61]
OTTOWN|Molos|H|26|[17.11,17.27,17.43,17.60,17.79,17.97,18.15,18.34,18.48,18.62,18.75,18.91,19.02,19.12,19.23,19.33,19.42,19.52,19.61,19.68,19.72,19.76,19.81,19.86,19.91,19.95,20.00,20.01,20.03,20.05,20.07,20.08,20.10,20.11,20.15,20.18,20.21,20.24,20.28,20.31,20.34,20.39,20.48,20.57,20.66]
OTTOWN|Molos|H|27|[16.98,17.14,17.30,17.50,17.69,17.88,18.06,18.25,18.39,18.52,18.70,18.91,19.01,19.11,19.22,19.32,19.41,19.51,19.61,19.68,19.72,19.77,19.84,19.88,19.93,19.98,20.04,20.06,20.07,20.10,20.12,20.14,20.15,20.18,20.21,20.24,20.28,20.31,20.34,20.38,20.41,20.46,20.55,20.64,20.73]
OTTOWN|Molos|H|28|[16.85,17.01,17.21,17.41,17.60,17.78,17.97,18.15,18.29,18.47,18.69,18.90,19.00,19.11,19.21,19.31,19.41,19.51,19.61,19.68,19.73,19.79,19.86,19.91,19.96,20.03,20.08,20.10,20.12,20.15,20.17,20.19,20.22,20.25,20.28,20.31,20.34,20.37,20.41,20.45,20.48,20.53,20.62,20.71,20.80]
OTTOWN|Molos|H|29|[16.72,16.92,17.12,17.32,17.51,17.69,17.87,18.06,18.24,18.46,18.69,18.89,18.99,19.10,19.20,19.30,19.41,19.51,19.61,19.68,19.75,19.82,19.88,19.94,20.01,20.07,20.13,20.15,20.18,20.20,20.23,20.26,20.28,20.31,20.35,20.38,20.41,20.44,20.48,20.51,20.55,20.60,20.69,20.78,20.88]
OTTOWN|Molos|H|30|[16.66,16.86,17.06,17.24,17.40,17.59,17.77,17.99,18.22,18.44,18.66,18.87,18.98,19.08,19.18,19.30,19.40,19.50,19.62,19.72,19.79,19.86,19.91,19.97,20.03,20.10,20.16,20.19,20.22,20.24,20.28,20.31,20.34,20.37,20.41,20.44,20.47,20.50,20.54,20.57,20.61,20.66,20.75,20.84,20.94]
OTTOWN|Molos|H|31|[16.62,16.82,17.00,17.13,17.29,17.48,17.70,17.95,18.18,18.40,18.63,18.85,18.95,19.06,19.17,19.28,19.39,19.51,19.67,19.78,19.84,19.89,19.92,19.98,20.05,20.12,20.20,20.22,20.25,20.29,20.33,20.36,20.39,20.43,20.46,20.49,20.52,20.55,20.59,20.63,20.66,20.71,20.80,20.90,20.99]
OTTOWN|Molos|H|32|[16.58,16.76,16.89,17.02,17.18,17.40,17.66,17.91,18.14,18.37,18.61,18.82,18.93,19.04,19.16,19.27,19.39,19.56,19.73,19.83,19.87,19.91,19.94,20.00,20.08,20.16,20.23,20.25,20.30,20.34,20.38,20.41,20.45,20.48,20.52,20.55,20.58,20.61,20.64,20.68,20.72,20.76,20.86,20.95,21.04]
OTTOWN|Molos|H|33|[16.52,16.65,16.78,16.91,17.11,17.36,17.62,17.87,18.11,18.35,18.58,18.80,18.92,19.03,19.15,19.28,19.45,19.61,19.78,19.86,19.89,19.92,19.95,20.03,20.11,20.19,20.26,20.30,20.35,20.39,20.43,20.46,20.50,20.54,20.57,20.60,20.63,20.66,20.70,20.73,20.77,20.82,20.91,21.00,21.09]
OTTOWN|Molos|H|34|[16.49,16.62,16.75,16.87,17.08,17.33,17.59,17.83,18.07,18.30,18.54,18.82,18.93,19.05,19.18,19.35,19.51,19.68,19.80,19.84,19.87,19.91,20.03,20.12,20.20,20.28,20.32,20.36,20.40,20.44,20.48,20.52,20.55,20.57,20.59,20.62,20.65,20.68,20.72,20.75,20.79,20.83,20.92,21.01,21.11]
OTTOWN|Molos|H|35|[16.47,16.60,16.73,16.84,17.05,17.30,17.55,17.78,18.02,18.26,18.56,18.84,18.96,19.09,19.25,19.42,19.58,19.70,19.77,19.82,19.85,19.98,20.14,20.23,20.31,20.34,20.38,20.42,20.46,20.49,20.53,20.57,20.58,20.58,20.60,20.63,20.66,20.69,20.73,20.77,20.80,20.84,20.93,21.03,21.12]
OTTOWN|Molos|H|36|[16.46,16.58,16.70,16.82,17.02,17.26,17.50,17.74,17.98,18.28,18.58,18.86,18.99,19.15,19.32,19.49,19.60,19.68,19.75,19.80,19.93,20.09,20.24,20.33,20.36,20.40,20.43,20.48,20.51,20.54,20.58,20.60,20.60,20.60,20.62,20.65,20.68,20.71,20.74,20.78,20.81,20.85,20.95,21.04,21.13]
OTTOWN|Molos|H|37|[16.44,16.55,16.67,16.79,16.98,17.22,17.46,17.70,17.99,18.29,18.60,18.89,19.06,19.22,19.39,19.51,19.58,19.66,19.73,19.86,20.01,20.17,20.33,20.38,20.41,20.44,20.48,20.51,20.55,20.58,20.60,20.60,20.60,20.60,20.63,20.66,20.69,20.72,20.75,20.79,20.82,20.86,20.96,21.05,21.14]
OTTOWN|Molos|H|38|[16.43,16.54,16.66,16.78,16.97,17.21,17.44,17.66,17.95,18.26,18.59,18.95,19.12,19.28,19.40,19.47,19.55,19.62,19.67,19.79,19.95,20.10,20.27,20.32,20.36,20.39,20.43,20.46,20.50,20.53,20.55,20.55,20.55,20.58,20.61,20.64,20.67,20.72,20.76,20.79,20.83,20.87,20.96,21.05,21.14]
OTTOWN|Molos|H|39|[16.41,16.53,16.65,16.76,16.96,17.19,17.41,17.62,17.92,18.25,18.65,19.01,19.18,19.29,19.36,19.44,19.51,19.56,19.60,19.72,19.88,20.05,20.22,20.27,20.30,20.34,20.37,20.41,20.44,20.48,20.50,20.50,20.52,20.56,20.59,20.62,20.67,20.73,20.76,20.80,20.84,20.88,20.97,21.06,21.15]
OTTOWN|Molos|H|40|[16.40,16.52,16.63,16.75,16.94,17.16,17.37,17.58,17.90,18.30,18.70,19.07,19.19,19.26,19.33,19.40,19.45,19.50,19.54,19.66,19.83,20.00,20.17,20.22,20.25,20.28,20.32,20.35,20.39,20.42,20.44,20.47,20.51,20.54,20.57,20.62,20.68,20.73,20.77,20.81,20.84,20.89,20.98,21.07,21.15]
OTTOWN|Molos|H|41|[16.40,16.52,16.63,16.74,16.92,17.14,17.35,17.56,17.94,18.34,18.74,19.04,19.11,19.18,19.25,19.36,19.41,19.45,19.49,19.65,19.82,19.99,20.13,20.16,20.20,20.23,20.27,20.30,20.34,20.37,20.40,20.44,20.47,20.51,20.55,20.61,20.66,20.71,20.75,20.78,20.82,20.89,20.98,21.07,21.16]
OTTOWN|Molos|H|42|[16.41,16.53,16.64,16.75,16.93,17.14,17.35,17.54,17.92,18.32,18.65,18.88,18.96,19.03,19.21,19.35,19.40,19.44,19.58,19.73,19.91,20.04,20.07,20.11,20.14,20.18,20.21,20.25,20.28,20.31,20.35,20.38,20.42,20.45,20.50,20.55,20.60,20.63,20.67,20.71,20.78,20.89,20.97,21.06,21.15]
OTTOWN|Molos|H|43|[16.42,16.54,16.65,16.76,16.94,17.14,17.33,17.52,17.90,18.23,18.50,18.73,18.80,18.98,19.20,19.34,19.39,19.52,19.66,19.82,19.95,19.99,20.02,20.06,20.09,20.12,20.16,20.19,20.23,20.26,20.29,20.33,20.36,20.40,20.44,20.49,20.53,20.56,20.60,20.67,20.78,20.88,20.97,21.06,21.15]
OTTOWN|Molos|H|44|[16.43,16.54,16.66,16.77,16.94,17.13,17.31,17.50,17.81,18.08,18.34,18.58,18.76,18.97,19.19,19.33,19.47,19.61,19.74,19.86,19.90,19.93,19.97,20.00,20.04,20.07,20.11,20.14,20.17,20.20,20.24,20.27,20.31,20.34,20.38,20.42,20.45,20.49,20.56,20.67,20.77,20.88,20.96,21.05,21.14]
OTTOWN|Molos|END
OTTOWN|Ioannina|HEAD|i_Stone_HouseBig_V1_F|Land_i_Stone_HouseBig_V1_F|[23197.031,19993.594,13.852]|124.00|true|21|1|2
OTTOWN|Ioannina|BOX|[-6.78,-6.16,6.78,6.16,-5.84,5.84]
OTTOWN|Ioannina|DOOR|main|[23193.70,19992.23,14.29]|304.0|1.00
OTTOWN|Ioannina|BPOS|[[23199.19,19992.68,14.36],[23201.53,19991.28,14.34],[23198.71,19987.56,17.14],[23195.12,19992.16,17.19],[23200.16,19992.58,17.19],[23196.29,19989.52,14.35]]
OTTOWN|Ioannina|OBJ|building|Land_i_Stone_Shed_V3_F|[23186.84,19953.86,13.75]|314.1|[-4.53,-4.96,4.53,4.96,-3.80,3.80]
OTTOWN|Ioannina|OBJ|building|Land_i_Stone_HouseSmall_V2_F|[23166.64,20004.56,13.90]|223.8|[-10.21,-5.82,10.21,5.82,-4.28,4.28]
OTTOWN|Ioannina|OBJ|building|Land_Chapel_Small_V2_F|[23197.79,19984.47,14.24]|350.4|[-5.11,-2.42,5.11,2.42,-2.93,2.93]
OTTOWN|Ioannina|OBJ|building|Land_Metal_Shed_F|[23172.84,20017.90,14.91]|224.1|[-5.24,-4.51,5.24,4.51,-2.78,2.78]
OTTOWN|Ioannina|OBJ|wall|wired_fence_8m_f.p3d|[23180.05,19954.64,13.74]|314.5|[-4.10,-0.08,4.10,0.08,-0.89,0.89]
OTTOWN|Ioannina|OBJ|wall|wired_fence_8m_f.p3d|[23189.28,19957.70,13.84]|39.0|[-4.10,-0.08,4.10,0.08,-0.89,0.89]
OTTOWN|Ioannina|OBJ|wall|wired_fence_4m_f.p3d|[23184.45,19958.91,13.84]|319.9|[-2.03,-0.12,2.03,0.12,-0.89,0.89]
OTTOWN|Ioannina|OBJ|wall|stone_4m_f.p3d|[23218.31,19957.11,13.68]|321.1|[-2.22,-0.36,2.22,0.36,-1.29,1.29]
OTTOWN|Ioannina|OBJ|wall|stone_pillar_f.p3d|[23216.38,19955.67,13.67]|308.5|[-0.45,-0.44,0.45,0.44,-1.79,1.79]
OTTOWN|Ioannina|OBJ|wall|Land_Slums02_4m|[23234.81,19970.20,13.99]|70.1|[-2.06,-0.55,2.06,0.55,-1.24,1.24]
OTTOWN|Ioannina|OBJ|wall|Land_Slums02_4m|[23235.40,19972.89,14.02]|138.2|[-2.06,-0.55,2.06,0.55,-1.24,1.24]
OTTOWN|Ioannina|OBJ|wall|stone_pillar_f.p3d|[23220.06,19958.49,13.69]|316.8|[-0.45,-0.44,0.45,0.44,-1.79,1.79]
OTTOWN|Ioannina|OBJ|tree|t_ficusb1s_f.p3d|[23205.64,19975.77,14.14]|275.0|[-5.06,-5.62,5.06,5.62,-4.61,4.61]
OTTOWN|Ioannina|ROAD|ROAD|10.0|[23194.82,19962.82,14.00]|[23178.12,19970.93,14.00]
OTTOWN|Ioannina|ROAD|ROAD|10.0|[23178.12,19970.93,14.00]|[23166.35,19977.83,14.08]
OTTOWN|Ioannina|ROAD|ROAD|10.0|[23215.27,19942.03,13.47]|[23194.82,19962.82,14.00]
OTTOWN|Ioannina|ROAD|TRACK|10.0|[23227.50,19973.09,13.91]|[23209.48,19961.93,13.91]
OTTOWN|Ioannina|ROAD|TRACK|10.0|[23209.48,19961.93,13.91]|[23200.42,19957.75,13.87]
OTTOWN|Ioannina|ROAD|ROAD|10.0|[23147.68,19993.05,14.52]|[23133.21,20014.69,15.18]
OTTOWN|Ioannina|ROAD|ROAD|10.0|[23166.35,19977.83,14.08]|[23147.68,19993.05,14.52]
OTTOWN|Ioannina|ROAD|TRACK|10.0|[23255.25,20012.13,13.99]|[23240.86,19991.47,14.04]
OTTOWN|Ioannina|ROAD|TRACK|10.0|[23240.86,19991.47,14.04]|[23227.50,19973.09,13.91]
OTTOWN|Ioannina|H|0|[13.62,13.62,13.62,13.62,13.62,13.62,13.62,13.62,13.62,13.62,13.62,13.62,13.62,13.62,13.63,13.63,13.64,13.66,13.67,13.67,13.68,13.68,13.68,13.68,13.67,13.67,13.66,13.65,13.63,13.62,13.60,13.57,13.54,13.51,13.48,13.46,13.44,13.41,13.39,13.37,13.35,13.33,13.35,13.37,13.40]
OTTOWN|Ioannina|H|1|[13.65,13.65,13.65,13.64,13.64,13.64,13.64,13.64,13.64,13.64,13.64,13.65,13.65,13.66,13.66,13.68,13.69,13.70,13.71,13.72,13.72,13.72,13.73,13.72,13.72,13.71,13.71,13.69,13.67,13.66,13.63,13.60,13.58,13.55,13.52,13.50,13.48,13.44,13.41,13.39,13.37,13.41,13.44,13.47,13.50]
OTTOWN|Ioannina|H|2|[13.68,13.67,13.67,13.67,13.66,13.66,13.66,13.67,13.67,13.67,13.67,13.68,13.69,13.69,13.71,13.72,13.73,13.74,13.76,13.77,13.77,13.77,13.78,13.77,13.77,13.76,13.75,13.74,13.72,13.70,13.67,13.64,13.62,13.59,13.57,13.55,13.51,13.47,13.44,13.42,13.46,13.52,13.55,13.57,13.55]
OTTOWN|Ioannina|H|3|[13.70,13.70,13.70,13.69,13.69,13.69,13.69,13.69,13.69,13.70,13.71,13.72,13.72,13.74,13.75,13.76,13.77,13.79,13.81,13.82,13.82,13.82,13.82,13.82,13.81,13.80,13.80,13.78,13.76,13.74,13.71,13.69,13.66,13.64,13.61,13.58,13.54,13.49,13.47,13.51,13.57,13.62,13.65,13.63,13.61]
OTTOWN|Ioannina|H|4|[13.73,13.72,13.72,13.71,13.71,13.72,13.72,13.72,13.73,13.74,13.74,13.75,13.77,13.78,13.79,13.81,13.82,13.84,13.85,13.86,13.87,13.87,13.87,13.87,13.86,13.85,13.84,13.82,13.80,13.78,13.76,13.73,13.71,13.68,13.65,13.61,13.56,13.52,13.56,13.61,13.67,13.72,13.70,13.68,13.67]
OTTOWN|Ioannina|H|5|[13.76,13.76,13.75,13.75,13.75,13.75,13.75,13.76,13.76,13.77,13.78,13.79,13.80,13.81,13.83,13.85,13.86,13.88,13.89,13.90,13.91,13.91,13.92,13.92,13.91,13.91,13.90,13.88,13.86,13.83,13.79,13.77,13.74,13.72,13.69,13.64,13.60,13.57,13.61,13.67,13.72,13.77,13.75,13.74,13.72]
OTTOWN|Ioannina|H|6|[13.80,13.79,13.79,13.78,13.78,13.79,13.79,13.79,13.80,13.81,13.81,13.82,13.83,13.85,13.87,13.89,13.90,13.92,13.93,13.94,13.95,13.96,13.98,13.98,13.97,13.97,13.96,13.94,13.91,13.87,13.83,13.81,13.78,13.76,13.72,13.68,13.65,13.63,13.67,13.72,13.77,13.82,13.80,13.78,13.76]
OTTOWN|Ioannina|H|7|[13.83,13.83,13.82,13.82,13.82,13.82,13.82,13.83,13.83,13.84,13.85,13.86,13.87,13.89,13.91,13.93,13.94,13.96,13.97,13.98,14.00,14.02,14.04,14.03,14.03,14.02,14.02,13.99,13.95,13.91,13.87,13.84,13.82,13.80,13.76,13.73,13.71,13.69,13.72,13.77,13.82,13.87,13.85,13.83,13.81]
OTTOWN|Ioannina|H|8|[13.87,13.86,13.86,13.85,13.85,13.86,13.86,13.86,13.87,13.87,13.88,13.89,13.91,13.93,13.95,13.96,13.98,13.99,14.01,14.03,14.05,14.07,14.08,14.08,14.08,14.07,14.07,14.02,13.98,13.94,13.91,13.88,13.86,13.84,13.81,13.79,13.76,13.74,13.77,13.82,13.87,13.92,13.90,13.87,13.85]
OTTOWN|Ioannina|H|9|[13.91,13.90,13.90,13.89,13.89,13.89,13.89,13.89,13.90,13.91,13.92,13.93,13.94,13.96,13.98,13.99,14.01,14.02,14.04,14.06,14.08,14.10,14.11,14.11,14.11,14.10,14.09,14.04,14.00,13.97,13.96,13.93,13.91,13.88,13.85,13.83,13.80,13.78,13.81,13.86,13.91,13.95,13.93,13.90,13.88]
OTTOWN|Ioannina|H|10|[13.94,13.94,13.93,13.93,13.93,13.93,13.93,13.93,13.94,13.94,13.95,13.96,13.98,13.99,14.01,14.02,14.04,14.06,14.07,14.09,14.11,14.13,14.14,14.14,14.14,14.12,14.11,14.07,14.04,14.02,14.00,13.98,13.95,13.92,13.89,13.87,13.84,13.82,13.85,13.90,13.94,13.98,13.96,13.94,13.92]
OTTOWN|Ioannina|H|11|[13.98,13.98,13.97,13.97,13.96,13.96,13.96,13.96,13.97,13.98,13.99,13.99,14.01,14.02,14.04,14.05,14.07,14.09,14.11,14.12,14.14,14.16,14.17,14.17,14.16,14.14,14.13,14.10,14.09,14.07,14.05,14.02,13.99,13.96,13.93,13.91,13.88,13.86,13.89,13.93,13.97,14.02,13.99,13.97,13.95]
OTTOWN|Ioannina|H|12|[14.02,14.02,14.01,14.01,14.00,14.00,14.00,14.00,14.01,14.01,14.02,14.03,14.04,14.05,14.07,14.08,14.10,14.11,14.13,14.15,14.16,14.18,14.19,14.18,14.17,14.15,14.15,14.13,14.11,14.10,14.08,14.05,14.01,13.98,13.96,13.94,13.92,13.90,13.92,13.97,14.01,14.03,14.01,13.99,13.97]
OTTOWN|Ioannina|H|13|[14.07,14.06,14.06,14.05,14.04,14.04,14.04,14.04,14.04,14.05,14.06,14.06,14.07,14.08,14.09,14.10,14.12,14.13,14.15,14.16,14.18,14.19,14.19,14.18,14.17,14.16,14.16,14.14,14.12,14.11,14.09,14.06,14.03,14.01,13.99,13.97,13.95,13.94,13.96,14.01,14.03,14.03,14.01,13.99,13.97]
OTTOWN|Ioannina|H|14|[14.11,14.11,14.10,14.09,14.08,14.08,14.08,14.08,14.08,14.08,14.08,14.08,14.10,14.11,14.11,14.12,14.14,14.15,14.16,14.18,14.19,14.19,14.20,14.19,14.18,14.17,14.17,14.15,14.14,14.12,14.11,14.07,14.06,14.04,14.02,14.00,13.99,13.97,14.00,14.02,14.03,14.03,14.01,14.00,13.98]
OTTOWN|Ioannina|H|15|[14.16,14.15,14.14,14.13,14.12,14.12,14.12,14.11,14.11,14.11,14.11,14.11,14.12,14.13,14.13,14.14,14.15,14.17,14.18,14.19,14.19,14.20,14.20,14.19,14.19,14.18,14.18,14.16,14.15,14.14,14.12,14.10,14.09,14.07,14.06,14.04,14.03,14.02,14.02,14.02,14.03,14.03,14.02,14.01,14.00]
OTTOWN|Ioannina|H|16|[14.20,14.19,14.18,14.17,14.16,14.16,14.16,14.15,14.15,14.15,14.15,14.14,14.15,14.15,14.16,14.16,14.18,14.19,14.20,14.21,14.21,14.21,14.21,14.21,14.21,14.20,14.19,14.18,14.17,14.15,14.14,14.12,14.11,14.09,14.08,14.07,14.05,14.04,14.04,14.04,14.04,14.04,14.03,14.01,14.00]
OTTOWN|Ioannina|H|17|[14.25,14.24,14.23,14.22,14.21,14.21,14.20,14.19,14.19,14.19,14.18,14.17,14.17,14.18,14.18,14.19,14.20,14.21,14.22,14.22,14.23,14.23,14.23,14.23,14.22,14.22,14.21,14.20,14.18,14.17,14.16,14.14,14.13,14.11,14.10,14.09,14.07,14.06,14.06,14.06,14.05,14.04,14.03,14.02,14.01]
OTTOWN|Ioannina|H|18|[14.29,14.28,14.27,14.26,14.26,14.25,14.24,14.23,14.22,14.22,14.21,14.19,14.20,14.20,14.21,14.21,14.22,14.23,14.24,14.24,14.25,14.25,14.25,14.25,14.24,14.23,14.22,14.21,14.20,14.19,14.18,14.16,14.15,14.14,14.12,14.11,14.10,14.08,14.08,14.07,14.06,14.05,14.04,14.03,14.02]
OTTOWN|Ioannina|H|19|[14.34,14.33,14.32,14.31,14.30,14.29,14.28,14.26,14.25,14.24,14.23,14.22,14.22,14.23,14.23,14.23,14.24,14.25,14.26,14.26,14.27,14.27,14.27,14.27,14.26,14.25,14.24,14.23,14.22,14.21,14.20,14.18,14.17,14.16,14.14,14.13,14.12,14.10,14.09,14.08,14.07,14.06,14.05,14.04,14.03]
OTTOWN|Ioannina|H|20|[14.39,14.38,14.37,14.35,14.34,14.33,14.32,14.30,14.29,14.28,14.27,14.26,14.26,14.26,14.27,14.27,14.28,14.29,14.29,14.29,14.29,14.30,14.30,14.29,14.28,14.27,14.26,14.25,14.24,14.23,14.22,14.20,14.19,14.17,14.16,14.15,14.13,14.12,14.11,14.10,14.09,14.07,14.06,14.05,14.04]
OTTOWN|Ioannina|H|21|[14.44,14.42,14.41,14.39,14.38,14.37,14.35,14.33,14.32,14.31,14.30,14.29,14.29,14.30,14.30,14.31,14.32,14.32,14.32,14.32,14.32,14.32,14.32,14.31,14.30,14.29,14.28,14.27,14.26,14.25,14.23,14.22,14.21,14.19,14.18,14.16,14.15,14.14,14.12,14.11,14.10,14.08,14.07,14.06,14.04]
OTTOWN|Ioannina|H|22|[14.48,14.47,14.45,14.43,14.42,14.40,14.39,14.37,14.36,14.35,14.34,14.33,14.33,14.33,14.34,14.35,14.35,14.35,14.35,14.35,14.35,14.35,14.34,14.34,14.33,14.32,14.30,14.29,14.28,14.27,14.25,14.24,14.22,14.21,14.19,14.18,14.17,14.15,14.14,14.12,14.11,14.09,14.08,14.06,14.05]
OTTOWN|Ioannina|H|23|[14.53,14.51,14.49,14.47,14.45,14.44,14.42,14.41,14.39,14.38,14.37,14.36,14.37,14.37,14.38,14.38,14.38,14.38,14.38,14.38,14.38,14.37,14.37,14.36,14.35,14.34,14.33,14.31,14.30,14.29,14.27,14.26,14.24,14.22,14.21,14.20,14.18,14.17,14.15,14.14,14.12,14.10,14.09,14.07,14.05]
OTTOWN|Ioannina|H|24|[14.57,14.56,14.54,14.51,14.49,14.48,14.46,14.45,14.43,14.42,14.41,14.41,14.41,14.42,14.42,14.42,14.42,14.42,14.42,14.41,14.41,14.41,14.40,14.39,14.38,14.37,14.35,14.34,14.32,14.31,14.29,14.28,14.26,14.24,14.23,14.21,14.20,14.18,14.17,14.15,14.13,14.11,14.10,14.08,14.07]
OTTOWN|Ioannina|H|25|[14.62,14.60,14.58,14.55,14.53,14.52,14.50,14.49,14.47,14.46,14.46,14.45,14.46,14.46,14.46,14.46,14.46,14.46,14.45,14.45,14.45,14.44,14.43,14.42,14.41,14.39,14.37,14.36,14.35,14.33,14.31,14.30,14.28,14.26,14.25,14.23,14.21,14.19,14.18,14.16,14.14,14.12,14.11,14.09,14.08]
OTTOWN|Ioannina|H|26|[14.66,14.64,14.62,14.59,14.57,14.56,14.54,14.53,14.52,14.51,14.50,14.50,14.50,14.50,14.50,14.50,14.50,14.49,14.49,14.48,14.47,14.47,14.46,14.45,14.43,14.41,14.40,14.38,14.37,14.35,14.34,14.32,14.30,14.28,14.26,14.25,14.23,14.21,14.19,14.17,14.15,14.13,14.12,14.10,14.09]
OTTOWN|Ioannina|H|27|[14.71,14.68,14.66,14.63,14.62,14.60,14.58,14.57,14.56,14.56,14.55,14.55,14.55,14.55,14.55,14.54,14.54,14.53,14.52,14.51,14.51,14.50,14.49,14.47,14.46,14.44,14.42,14.41,14.39,14.38,14.36,14.34,14.32,14.30,14.28,14.26,14.24,14.22,14.20,14.18,14.16,14.15,14.13,14.11,14.10]
OTTOWN|Ioannina|H|28|[14.75,14.72,14.70,14.68,14.66,14.65,14.63,14.62,14.61,14.61,14.60,14.59,14.59,14.59,14.59,14.58,14.58,14.57,14.56,14.55,14.54,14.53,14.52,14.50,14.49,14.47,14.45,14.44,14.42,14.40,14.38,14.36,14.34,14.32,14.30,14.28,14.26,14.23,14.21,14.19,14.17,14.16,14.14,14.12,14.11]
OTTOWN|Ioannina|H|29|[14.79,14.76,14.74,14.72,14.71,14.69,14.68,14.67,14.66,14.66,14.65,14.64,14.64,14.64,14.63,14.62,14.61,14.60,14.59,14.58,14.57,14.56,14.55,14.53,14.51,14.50,14.48,14.46,14.44,14.42,14.40,14.38,14.36,14.33,14.31,14.29,14.27,14.24,14.22,14.20,14.19,14.17,14.15,14.13,14.11]
OTTOWN|Ioannina|H|30|[14.83,14.81,14.79,14.77,14.75,14.74,14.73,14.72,14.71,14.71,14.70,14.69,14.68,14.68,14.67,14.66,14.65,14.64,14.63,14.62,14.60,14.59,14.58,14.56,14.54,14.52,14.50,14.48,14.46,14.44,14.42,14.40,14.37,14.35,14.33,14.30,14.28,14.25,14.23,14.21,14.20,14.18,14.16,14.14,14.12]
OTTOWN|Ioannina|H|31|[14.88,14.86,14.84,14.82,14.81,14.80,14.79,14.77,14.76,14.75,14.75,14.74,14.73,14.72,14.71,14.70,14.69,14.68,14.67,14.65,14.64,14.62,14.61,14.59,14.57,14.55,14.53,14.51,14.49,14.46,14.44,14.41,14.39,14.36,14.34,14.31,14.29,14.26,14.24,14.23,14.21,14.19,14.17,14.15,14.13]
OTTOWN|Ioannina|H|32|[14.93,14.91,14.89,14.87,14.86,14.85,14.84,14.82,14.81,14.80,14.79,14.78,14.77,14.77,14.75,14.74,14.73,14.72,14.70,14.69,14.67,14.65,14.63,14.61,14.59,14.57,14.55,14.53,14.51,14.48,14.46,14.43,14.41,14.38,14.35,14.33,14.30,14.28,14.25,14.24,14.22,14.19,14.18,14.16,14.14]
OTTOWN|Ioannina|H|33|[14.98,14.97,14.95,14.93,14.91,14.90,14.88,14.87,14.86,14.85,14.84,14.83,14.82,14.81,14.79,14.78,14.77,14.75,14.73,14.72,14.70,14.68,14.66,14.64,14.62,14.60,14.58,14.56,14.53,14.50,14.48,14.45,14.42,14.39,14.36,14.34,14.31,14.29,14.27,14.24,14.22,14.20,14.18,14.16,14.15]
OTTOWN|Ioannina|H|34|[15.04,15.02,15.00,14.98,14.96,14.95,14.93,14.92,14.90,14.89,14.88,14.87,14.86,14.85,14.83,14.82,14.80,14.79,14.77,14.75,14.73,14.71,14.69,14.66,14.64,14.62,14.60,14.57,14.55,14.52,14.49,14.46,14.43,14.40,14.38,14.35,14.32,14.30,14.27,14.25,14.23,14.21,14.19,14.17,14.15]
OTTOWN|Ioannina|H|35|[15.09,15.07,15.05,15.03,15.01,15.00,14.98,14.96,14.95,14.94,14.93,14.91,14.90,14.89,14.87,14.85,14.84,14.82,14.80,14.78,14.76,14.73,14.71,14.69,14.67,14.65,14.62,14.59,14.57,14.54,14.51,14.48,14.45,14.42,14.39,14.36,14.33,14.31,14.28,14.26,14.24,14.22,14.20,14.18,14.16]
OTTOWN|Ioannina|H|36|[15.14,15.12,15.10,15.08,15.06,15.04,15.03,15.01,14.99,14.98,14.97,14.95,14.94,14.92,14.90,14.89,14.87,14.85,14.83,14.80,14.78,14.76,14.74,14.72,14.70,14.67,14.64,14.61,14.58,14.55,14.52,14.49,14.46,14.43,14.40,14.37,14.34,14.31,14.29,14.27,14.24,14.22,14.20,14.18,14.16]
OTTOWN|Ioannina|H|37|[15.19,15.17,15.15,15.13,15.11,15.09,15.07,15.05,15.04,15.02,15.01,14.99,14.98,14.96,14.94,14.92,14.90,14.88,14.85,14.83,14.81,14.79,14.77,14.74,14.72,14.69,14.66,14.63,14.60,14.56,14.53,14.50,14.47,14.44,14.41,14.38,14.35,14.32,14.30,14.27,14.25,14.23,14.21,14.19,14.17]
OTTOWN|Ioannina|H|38|[15.24,15.22,15.20,15.17,15.15,15.14,15.12,15.10,15.08,15.06,15.05,15.03,15.01,14.99,14.97,14.95,14.93,14.91,14.88,14.86,14.84,14.82,14.79,14.76,14.73,14.71,14.67,14.64,14.61,14.58,14.55,14.51,14.48,14.45,14.42,14.39,14.36,14.33,14.30,14.28,14.25,14.23,14.21,14.19,14.18]
OTTOWN|Ioannina|H|39|[15.29,15.27,15.24,15.22,15.20,15.18,15.16,15.14,15.12,15.10,15.09,15.06,15.05,15.03,15.01,14.99,14.96,14.94,14.91,14.89,14.87,14.84,14.81,14.79,14.76,14.72,14.69,14.66,14.63,14.59,14.56,14.53,14.49,14.46,14.42,14.39,14.36,14.33,14.31,14.28,14.26,14.24,14.22,14.20,14.18]
OTTOWN|Ioannina|H|40|[15.33,15.31,15.29,15.27,15.24,15.23,15.20,15.18,15.16,15.14,15.12,15.10,15.08,15.06,15.04,15.02,14.99,14.97,14.94,14.92,14.89,14.87,14.84,14.81,14.78,14.74,14.71,14.67,14.64,14.61,14.57,14.54,14.50,14.46,14.43,14.40,14.37,14.33,14.31,14.28,14.26,14.24,14.22,14.21,14.19]
OTTOWN|Ioannina|H|41|[15.38,15.36,15.34,15.31,15.29,15.27,15.24,15.22,15.20,15.18,15.16,15.13,15.11,15.09,15.07,15.05,15.02,15.00,14.97,14.95,14.92,14.89,14.86,14.83,14.79,14.76,14.72,14.69,14.65,14.62,14.59,14.55,14.51,14.47,14.43,14.40,14.37,14.34,14.31,14.29,14.27,14.25,14.23,14.21,14.20]
OTTOWN|Ioannina|H|42|[15.43,15.41,15.38,15.36,15.33,15.31,15.28,15.26,15.23,15.21,15.19,15.17,15.14,15.12,15.10,15.08,15.05,15.02,15.00,14.97,14.94,14.91,14.88,14.84,14.81,14.77,14.74,14.70,14.67,14.63,14.60,14.56,14.52,14.47,14.43,14.40,14.37,14.34,14.31,14.29,14.27,14.25,14.24,14.22,14.20]
OTTOWN|Ioannina|H|43|[15.48,15.45,15.43,15.40,15.37,15.35,15.32,15.29,15.27,15.25,15.22,15.20,15.17,15.15,15.13,15.10,15.08,15.05,15.02,14.99,14.96,14.93,14.90,14.86,14.83,14.79,14.75,14.72,14.68,14.65,14.61,14.57,14.53,14.48,14.44,14.41,14.37,14.33,14.31,14.29,14.27,14.25,14.24,14.22,14.21]
OTTOWN|Ioannina|H|44|[15.53,15.50,15.47,15.44,15.41,15.38,15.35,15.33,15.30,15.28,15.25,15.22,15.20,15.18,15.16,15.13,15.10,15.07,15.05,15.02,14.98,14.95,14.92,14.88,14.84,14.81,14.77,14.74,14.70,14.66,14.62,14.58,14.53,14.48,14.44,14.41,14.37,14.33,14.31,14.29,14.27,14.26,14.24,14.23,14.22]
OTTOWN|Ioannina|END
OTTOWN|Delfinaki|HEAD|i_Stone_HouseBig_V1_F|Land_i_Stone_HouseBig_V1_F|[23908.594,20144.531,13.571]|334.00|true|23|1|2
OTTOWN|Delfinaki|BOX|[-6.78,-6.16,6.78,6.16,-5.84,5.84]
OTTOWN|Delfinaki|DOOR|main|[23912.17,20144.05,14.01]|514.0|1.00
OTTOWN|Delfinaki|BPOS|[[23907.19,20146.40,14.08],[23905.85,20148.78,14.06],[23910.16,20150.59,16.86],[23910.96,20144.82,16.91],[23906.39,20146.97,16.91],[23911.27,20147.69,14.07]]
OTTOWN|Delfinaki|OBJ|building|Land_Stone_Shed_V1_ruins_F|[23934.99,20155.42,14.47]|47.6|[-7.75,-7.24,7.75,7.24,-3.19,3.19]
OTTOWN|Delfinaki|OBJ|building|Land_u_House_Small_02_V1_F|[23927.25,20164.84,14.62]|48.8|[-8.20,-4.64,8.20,4.64,-4.71,4.71]
OTTOWN|Delfinaki|OBJ|wall|city_8md_f.p3d|[23948.79,20159.54,14.67]|140.7|[-3.50,-0.98,3.50,0.98,-1.80,1.80]
OTTOWN|Delfinaki|OBJ|wall|city_8md_f.p3d|[23943.66,20159.49,14.61]|227.4|[-3.50,-0.98,3.50,0.98,-1.80,1.80]
OTTOWN|Delfinaki|OBJ|wall|city_8md_f.p3d|[23931.45,20172.57,14.77]|225.4|[-3.50,-0.98,3.50,0.98,-1.80,1.80]
OTTOWN|Delfinaki|OBJ|wall|city_8m_f.p3d|[23926.64,20177.61,14.94]|226.5|[-3.53,-0.25,3.53,0.25,-2.08,2.08]
OTTOWN|Delfinaki|OBJ|wall|city_8m_f.p3d|[23926.25,20182.71,15.10]|315.3|[-3.53,-0.25,3.53,0.25,-2.08,2.08]
OTTOWN|Delfinaki|OBJ|tree|t_ficusb1s_f.p3d|[23935.98,20177.55,14.92]|142.2|[-5.06,-5.62,5.06,5.62,-4.61,4.61]
OTTOWN|Delfinaki|OBJ|tree|t_ficusb1s_f.p3d|[23932.01,20182.25,15.02]|213.8|[-5.06,-5.62,5.06,5.62,-4.61,4.61]
OTTOWN|Delfinaki|OBJ|tree|t_ficusb1s_f.p3d|[23940.03,20171.92,14.83]|248.1|[-5.06,-5.62,5.06,5.62,-4.61,4.61]
OTTOWN|Delfinaki|OBJ|tree|t_ficusb1s_f.p3d|[23947.47,20166.96,14.76]|86.0|[-5.06,-5.62,5.06,5.62,-4.61,4.61]
OTTOWN|Delfinaki|ROAD|MAIN ROAD|14.0|[23863.16,20137.26,14.61]|[23883.07,20153.76,14.87]
OTTOWN|Delfinaki|ROAD|TRACK|10.0|[23915.35,20158.83,14.63]|[23933.36,20143.87,14.26]
OTTOWN|Delfinaki|ROAD|TRACK|10.0|[23951.88,20142.60,14.44]|[23975.71,20134.48,14.54]
OTTOWN|Delfinaki|ROAD|TRACK|10.0|[23933.36,20143.87,14.26]|[23951.88,20142.60,14.44]
OTTOWN|Delfinaki|ROAD|TRACK|10.0|[23896.60,20181.01,15.47]|[23870.21,20195.59,16.30]
OTTOWN|Delfinaki|ROAD|MAIN ROAD|14.0|[23883.07,20153.76,14.87]|[23897.76,20166.60,15.10]
OTTOWN|Delfinaki|ROAD|MAIN ROAD|14.0|[23897.76,20166.60,15.10]|[23910.45,20178.31,15.19]
OTTOWN|Delfinaki|ROAD|TRACK|10.0|[23905.66,20176.19,15.21]|[23896.60,20181.01,15.47]
OTTOWN|Delfinaki|ROAD|TRACK|10.0|[23907.53,20174.70,15.15]|[23911.56,20165.24,14.87]
OTTOWN|Delfinaki|ROAD|MAIN ROAD|14.0|[23910.45,20178.31,15.19]|[23931.67,20199.25,15.75]
OTTOWN|Delfinaki|ROAD|TRACK|10.0|[23911.56,20165.24,14.87]|[23915.35,20158.83,14.63]
OTTOWN|Delfinaki|H|0|[13.02,12.96,12.90,12.83,12.77,12.74,12.71,12.68,12.66,12.70,12.75,12.79,12.91,13.11,13.30,13.50,13.57,13.61,13.66,13.70,13.71,13.71,13.72,13.73,13.77,13.80,13.84,13.88,13.93,13.98,14.02,14.07,14.12,14.18,14.22,14.26,14.30,14.34,14.38,14.42,14.45,14.49,14.53,14.57,14.61]
OTTOWN|Delfinaki|H|1|[13.11,13.04,12.98,12.92,12.86,12.83,12.80,12.75,12.73,12.78,12.82,12.83,12.95,13.14,13.34,13.49,13.55,13.60,13.64,13.67,13.67,13.68,13.69,13.71,13.74,13.78,13.81,13.85,13.90,13.95,14.00,14.05,14.10,14.15,14.19,14.23,14.27,14.31,14.35,14.39,14.42,14.46,14.50,14.54,14.58]
OTTOWN|Delfinaki|H|2|[13.19,13.13,13.06,13.01,12.95,12.92,12.87,12.83,12.81,12.85,12.86,12.87,12.98,13.18,13.33,13.48,13.54,13.58,13.61,13.63,13.64,13.65,13.66,13.69,13.72,13.75,13.79,13.83,13.87,13.92,13.98,14.03,14.08,14.12,14.17,14.21,14.25,14.29,14.32,14.36,14.39,14.43,14.47,14.51,14.54]
OTTOWN|Delfinaki|H|3|[13.27,13.21,13.15,13.09,13.04,12.99,12.95,12.90,12.88,12.89,12.90,12.91,13.02,13.17,13.32,13.46,13.53,13.55,13.57,13.60,13.61,13.62,13.64,13.66,13.69,13.73,13.76,13.80,13.85,13.90,13.95,14.00,14.05,14.09,14.14,14.18,14.22,14.26,14.29,14.33,14.36,14.40,14.44,14.47,14.51]
OTTOWN|Delfinaki|H|4|[13.36,13.30,13.24,13.18,13.12,13.08,13.03,12.98,12.95,12.96,12.97,12.97,13.04,13.19,13.34,13.45,13.48,13.50,13.53,13.56,13.58,13.59,13.61,13.64,13.67,13.70,13.73,13.77,13.82,13.87,13.92,13.98,14.02,14.07,14.11,14.15,14.19,14.23,14.27,14.30,14.34,14.37,14.41,14.44,14.48]
OTTOWN|Delfinaki|H|5|[13.45,13.39,13.33,13.27,13.22,13.17,13.12,13.07,13.04,13.05,13.06,13.03,13.10,13.25,13.36,13.39,13.42,13.44,13.48,13.52,13.54,13.56,13.58,13.61,13.65,13.68,13.69,13.73,13.78,13.83,13.90,13.95,14.00,14.05,14.09,14.13,14.17,14.21,14.25,14.28,14.32,14.35,14.39,14.42,14.45]
OTTOWN|Delfinaki|H|6|[13.53,13.47,13.42,13.36,13.31,13.26,13.21,13.17,13.14,13.14,13.12,13.09,13.16,13.27,13.30,13.33,13.35,13.39,13.44,13.49,13.50,13.53,13.56,13.59,13.62,13.64,13.65,13.69,13.74,13.81,13.88,13.93,13.98,14.03,14.07,14.11,14.15,14.19,14.23,14.26,14.30,14.33,14.37,14.40,14.42]
OTTOWN|Delfinaki|H|7|[13.62,13.56,13.51,13.45,13.40,13.35,13.31,13.26,13.23,13.20,13.18,13.15,13.18,13.21,13.24,13.27,13.31,13.35,13.40,13.45,13.48,13.51,13.54,13.56,13.58,13.60,13.61,13.65,13.72,13.79,13.86,13.91,13.96,14.01,14.06,14.09,14.13,14.17,14.21,14.24,14.27,14.31,14.34,14.37,14.39]
OTTOWN|Delfinaki|H|8|[13.71,13.66,13.60,13.55,13.49,13.44,13.40,13.35,13.31,13.28,13.26,13.24,13.25,13.28,13.31,13.32,13.36,13.40,13.45,13.44,13.46,13.49,13.52,13.55,13.56,13.58,13.60,13.66,13.73,13.79,13.86,13.90,13.95,14.00,14.04,14.08,14.12,14.15,14.18,14.21,14.25,14.29,14.32,14.35,14.38]
OTTOWN|Delfinaki|H|9|[13.81,13.75,13.70,13.64,13.58,13.53,13.49,13.44,13.40,13.37,13.35,13.35,13.37,13.40,13.40,13.39,13.43,13.48,13.46,13.43,13.46,13.49,13.51,13.54,13.55,13.57,13.61,13.67,13.74,13.80,13.85,13.90,13.95,13.99,14.03,14.07,14.11,14.13,14.15,14.19,14.23,14.27,14.31,14.34,14.37]
OTTOWN|Delfinaki|H|10|[13.91,13.85,13.79,13.73,13.67,13.62,13.58,13.53,13.49,13.47,13.47,13.47,13.48,13.49,13.48,13.47,13.50,13.49,13.45,13.42,13.45,13.48,13.50,13.53,13.55,13.59,13.62,13.68,13.74,13.79,13.84,13.89,13.94,13.98,14.02,14.06,14.08,14.10,14.13,14.17,14.21,14.26,14.30,14.33,14.36]
OTTOWN|Delfinaki|H|11|[14.00,13.94,13.88,13.82,13.76,13.71,13.66,13.62,13.58,13.58,13.58,13.58,13.58,13.56,13.55,13.54,13.51,13.48,13.44,13.41,13.44,13.47,13.49,13.52,13.56,13.60,13.63,13.68,13.73,13.79,13.84,13.88,13.93,13.97,14.01,14.03,14.05,14.08,14.10,14.15,14.20,14.25,14.29,14.32,14.35]
OTTOWN|Delfinaki|H|12|[14.09,14.03,13.97,13.91,13.85,13.80,13.76,13.71,13.67,13.67,13.67,13.65,13.63,13.62,13.61,13.58,13.55,13.52,13.48,13.47,13.49,13.52,13.54,13.56,13.60,13.64,13.67,13.72,13.77,13.83,13.87,13.91,13.95,13.99,14.02,14.05,14.07,14.09,14.12,14.17,14.22,14.26,14.29,14.32,14.35]
OTTOWN|Delfinaki|H|13|[14.17,14.11,14.05,14.00,13.95,13.90,13.85,13.80,13.77,13.77,13.75,13.71,13.69,13.68,13.65,13.62,13.59,13.55,13.54,13.52,13.55,13.57,13.58,13.60,13.64,13.68,13.71,13.76,13.81,13.85,13.89,13.93,13.97,14.01,14.04,14.06,14.08,14.11,14.14,14.19,14.23,14.26,14.29,14.32,14.34]
OTTOWN|Delfinaki|H|14|[14.26,14.20,14.15,14.09,14.04,13.99,13.94,13.90,13.86,13.84,13.80,13.77,13.74,13.72,13.69,13.66,13.63,13.61,13.59,13.57,13.59,13.61,13.62,13.64,13.68,13.72,13.75,13.80,13.84,13.88,13.91,13.96,13.99,14.02,14.05,14.07,14.10,14.13,14.16,14.20,14.23,14.26,14.29,14.31,14.33]
OTTOWN|Delfinaki|H|15|[14.34,14.29,14.23,14.18,14.13,14.08,14.04,13.99,13.94,13.91,13.87,13.83,13.80,13.77,13.74,13.71,13.69,13.67,13.65,13.63,13.64,13.65,13.67,13.68,13.72,13.76,13.80,13.83,13.87,13.91,13.94,13.97,14.01,14.04,14.07,14.09,14.12,14.15,14.17,14.20,14.23,14.26,14.28,14.30,14.33]
OTTOWN|Delfinaki|H|16|[14.42,14.37,14.31,14.26,14.22,14.17,14.12,14.08,14.04,14.00,13.96,13.92,13.89,13.86,13.83,13.78,13.76,13.74,13.72,13.68,13.69,13.71,13.72,13.73,13.77,13.80,13.84,13.87,13.91,13.95,13.98,14.01,14.04,14.07,14.09,14.12,14.14,14.17,14.19,14.22,14.25,14.27,14.29,14.31,14.33]
OTTOWN|Delfinaki|H|17|[14.49,14.44,14.39,14.35,14.31,14.26,14.21,14.17,14.13,14.09,14.05,14.01,13.98,13.95,13.90,13.86,13.83,13.81,13.77,13.74,13.75,13.76,13.76,13.77,13.81,13.85,13.88,13.92,13.95,13.98,14.01,14.04,14.07,14.09,14.12,14.14,14.16,14.18,14.20,14.23,14.25,14.27,14.29,14.31,14.35]
OTTOWN|Delfinaki|H|18|[14.57,14.52,14.48,14.44,14.40,14.35,14.31,14.26,14.22,14.18,14.14,14.10,14.07,14.02,13.98,13.93,13.90,13.87,13.83,13.79,13.80,13.80,13.81,13.82,13.85,13.89,13.92,13.96,13.99,14.02,14.05,14.08,14.10,14.12,14.14,14.16,14.18,14.20,14.22,14.24,14.26,14.27,14.29,14.33,14.38]
OTTOWN|Delfinaki|H|19|[14.64,14.60,14.56,14.52,14.48,14.44,14.39,14.35,14.31,14.27,14.23,14.19,14.15,14.11,14.06,14.01,13.97,13.93,13.89,13.85,13.86,13.86,13.86,13.87,13.91,13.94,13.98,14.00,14.03,14.06,14.09,14.11,14.13,14.15,14.17,14.19,14.20,14.22,14.24,14.25,14.27,14.29,14.31,14.36,14.40]
OTTOWN|Delfinaki|H|20|[14.71,14.67,14.63,14.59,14.56,14.51,14.47,14.44,14.40,14.36,14.32,14.28,14.24,14.20,14.15,14.08,14.04,14.00,13.96,13.92,13.92,13.93,13.93,13.94,13.98,14.01,14.03,14.06,14.09,14.11,14.13,14.15,14.17,14.19,14.20,14.22,14.24,14.25,14.27,14.28,14.30,14.31,14.34,14.38,14.42]
OTTOWN|Delfinaki|H|21|[14.78,14.74,14.70,14.67,14.63,14.59,14.56,14.52,14.49,14.45,14.41,14.37,14.33,14.28,14.21,14.15,14.10,14.07,14.03,13.99,13.99,13.99,14.00,14.01,14.04,14.06,14.08,14.11,14.14,14.15,14.17,14.19,14.20,14.22,14.23,14.25,14.26,14.28,14.29,14.31,14.32,14.33,14.36,14.40,14.45]
OTTOWN|Delfinaki|H|22|[14.85,14.81,14.78,14.74,14.71,14.68,14.64,14.61,14.58,14.54,14.50,14.47,14.42,14.35,14.28,14.22,14.17,14.13,14.09,14.05,14.06,14.06,14.06,14.07,14.10,14.12,14.14,14.16,14.18,14.19,14.21,14.22,14.24,14.25,14.26,14.28,14.29,14.30,14.32,14.33,14.34,14.35,14.38,14.43,14.48]
OTTOWN|Delfinaki|H|23|[14.90,14.87,14.83,14.80,14.78,14.75,14.72,14.68,14.66,14.62,14.58,14.55,14.51,14.44,14.37,14.32,14.29,14.25,14.21,14.12,14.13,14.13,14.13,14.14,14.16,14.19,14.20,14.21,14.23,14.25,14.25,14.26,14.28,14.29,14.30,14.31,14.33,14.34,14.35,14.36,14.37,14.38,14.41,14.46,14.51]
OTTOWN|Delfinaki|H|24|[14.95,14.92,14.88,14.86,14.85,14.81,14.78,14.76,14.74,14.70,14.67,14.64,14.60,14.53,14.48,14.45,14.41,14.37,14.29,14.19,14.20,14.20,14.21,14.22,14.24,14.26,14.26,14.27,14.29,14.30,14.30,14.31,14.32,14.33,14.34,14.35,14.36,14.37,14.38,14.39,14.40,14.42,14.45,14.50,14.54]
OTTOWN|Delfinaki|H|25|[14.99,14.97,14.95,14.93,14.91,14.88,14.86,14.84,14.81,14.78,14.76,14.74,14.69,14.64,14.61,14.58,14.54,14.45,14.36,14.26,14.26,14.27,14.28,14.29,14.31,14.31,14.32,14.33,14.34,14.34,14.34,14.35,14.36,14.37,14.37,14.39,14.39,14.40,14.41,14.42,14.44,14.46,14.49,14.53,14.56]
OTTOWN|Delfinaki|H|26|[15.04,15.03,15.01,15.00,14.98,14.96,14.94,14.92,14.89,14.87,14.85,14.83,14.80,14.77,14.74,14.71,14.62,14.52,14.43,14.33,14.34,14.35,14.36,14.36,14.37,14.37,14.38,14.38,14.38,14.38,14.38,14.39,14.40,14.40,14.41,14.42,14.43,14.43,14.45,14.46,14.48,14.49,14.52,14.55,14.59]
OTTOWN|Delfinaki|H|27|[15.05,15.04,15.03,15.01,15.02,15.00,14.97,14.96,14.95,14.93,14.91,14.89,14.87,14.84,14.81,14.79,14.70,14.60,14.51,14.49,14.50,14.51,14.50,14.48,14.48,14.49,14.46,14.45,14.45,14.45,14.43,14.44,14.44,14.45,14.45,14.46,14.46,14.47,14.48,14.50,14.51,14.53,14.57,14.60,14.63]
OTTOWN|Delfinaki|H|28|[15.07,15.06,15.04,15.05,15.05,15.03,15.02,15.01,15.01,14.99,14.97,14.96,14.94,14.90,14.88,14.87,14.78,14.69,14.67,14.65,14.66,14.65,14.61,14.59,14.59,14.57,14.53,14.51,14.51,14.50,14.48,14.48,14.49,14.49,14.49,14.49,14.50,14.51,14.51,14.53,14.55,14.58,14.61,14.65,14.66]
OTTOWN|Delfinaki|H|29|[15.09,15.08,15.08,15.09,15.09,15.08,15.07,15.07,15.06,15.05,15.04,15.03,15.00,14.98,14.96,14.95,14.87,14.85,14.83,14.81,14.81,14.77,14.73,14.70,14.68,14.63,14.59,14.57,14.56,14.54,14.53,14.53,14.53,14.53,14.52,14.53,14.54,14.54,14.55,14.57,14.60,14.62,14.66,14.67,14.67]
OTTOWN|Delfinaki|H|30|[15.10,15.11,15.11,15.12,15.12,15.12,15.12,15.11,15.11,15.10,15.09,15.08,15.07,15.05,15.03,15.01,15.00,14.98,14.96,14.94,14.90,14.86,14.82,14.78,14.74,14.69,14.65,14.62,14.61,14.59,14.57,14.57,14.57,14.56,14.56,14.56,14.57,14.58,14.59,14.62,14.64,14.67,14.68,14.69,14.69]
OTTOWN|Delfinaki|H|31|[15.11,15.12,15.13,15.13,15.13,15.13,15.12,15.13,15.13,15.12,15.11,15.11,15.10,15.08,15.06,15.06,15.04,15.02,15.00,14.99,14.95,14.91,14.87,14.83,14.79,14.74,14.70,14.67,14.65,14.64,14.61,14.61,14.60,14.60,14.59,14.60,14.60,14.61,14.63,14.66,14.68,14.70,14.71,14.71,14.72]
OTTOWN|Delfinaki|H|32|[15.13,15.13,15.14,15.14,15.14,15.14,15.14,15.15,15.15,15.14,15.14,15.14,15.13,15.11,15.10,15.10,15.08,15.06,15.05,15.03,14.99,14.95,14.91,14.88,14.83,14.79,14.74,14.71,14.70,14.67,14.65,14.64,14.64,14.63,14.63,14.63,14.64,14.65,14.67,14.70,14.71,14.72,14.73,14.74,14.74]
OTTOWN|Delfinaki|H|33|[15.14,15.15,15.15,15.15,15.15,15.15,15.16,15.17,15.17,15.17,15.17,15.17,15.16,15.15,15.15,15.14,15.13,15.11,15.09,15.08,15.04,15.00,14.96,14.92,14.88,14.83,14.79,14.76,14.73,14.71,14.69,14.68,14.67,14.67,14.66,14.67,14.68,14.69,14.71,14.72,14.74,14.75,14.76,14.77,14.77]
OTTOWN|Delfinaki|H|34|[15.18,15.18,15.18,15.18,15.18,15.18,15.19,15.20,15.19,15.19,15.19,15.19,15.18,15.18,15.17,15.17,15.16,15.15,15.13,15.12,15.08,15.04,15.00,14.97,14.92,14.88,14.83,14.81,14.78,14.76,14.73,14.72,14.71,14.71,14.70,14.71,14.72,14.73,14.75,14.76,14.77,14.79,14.80,14.80,14.81]
OTTOWN|Delfinaki|H|35|[15.23,15.23,15.23,15.23,15.23,15.24,15.24,15.23,15.21,15.21,15.21,15.20,15.19,15.19,15.19,15.21,15.20,15.18,15.17,15.15,15.11,15.08,15.05,15.01,14.97,14.92,14.90,14.87,14.85,14.82,14.78,14.76,14.76,14.74,14.72,14.74,14.75,14.77,14.79,14.81,14.82,14.84,14.85,14.86,14.86]
OTTOWN|Delfinaki|H|36|[15.29,15.29,15.29,15.28,15.28,15.29,15.27,15.25,15.23,15.23,15.22,15.21,15.20,15.21,15.22,15.24,15.23,15.21,15.20,15.19,15.15,15.12,15.09,15.05,15.01,14.98,14.96,14.93,14.90,14.86,14.82,14.81,14.80,14.77,14.75,14.76,14.79,14.82,14.84,14.85,14.87,14.89,14.90,14.91,14.92]
OTTOWN|Delfinaki|H|37|[15.35,15.34,15.34,15.33,15.33,15.31,15.29,15.27,15.25,15.24,15.23,15.22,15.22,15.24,15.25,15.27,15.26,15.25,15.23,15.22,15.19,15.16,15.13,15.10,15.07,15.04,15.02,14.99,14.95,14.91,14.87,14.85,14.82,14.80,14.78,14.81,14.83,14.86,14.88,14.90,14.92,14.94,14.95,14.96,14.97]
OTTOWN|Delfinaki|H|38|[15.42,15.42,15.41,15.40,15.40,15.37,15.35,15.33,15.30,15.29,15.28,15.25,15.23,15.25,15.26,15.32,15.32,15.31,15.30,15.27,15.24,15.21,15.18,15.15,15.12,15.09,15.07,15.03,14.99,14.95,14.92,14.90,14.88,14.86,14.83,14.86,14.89,14.91,14.94,14.96,14.97,15.00,15.02,15.03,15.04]
OTTOWN|Delfinaki|H|39|[15.49,15.49,15.49,15.48,15.47,15.45,15.43,15.39,15.36,15.35,15.32,15.26,15.24,15.25,15.31,15.39,15.40,15.38,15.35,15.31,15.28,15.25,15.22,15.19,15.17,15.14,15.12,15.08,15.04,15.01,14.99,14.97,14.94,14.91,14.89,14.91,14.94,14.97,14.99,15.01,15.03,15.06,15.08,15.09,15.10]
OTTOWN|Delfinaki|H|40|[15.57,15.57,15.56,15.55,15.55,15.52,15.49,15.45,15.42,15.39,15.33,15.26,15.24,15.30,15.38,15.46,15.47,15.44,15.40,15.36,15.33,15.30,15.27,15.24,15.21,15.19,15.16,15.13,15.10,15.08,15.05,15.03,15.00,14.97,14.94,14.97,14.99,15.02,15.04,15.07,15.10,15.13,15.15,15.16,15.17]
OTTOWN|Delfinaki|H|41|[15.65,15.65,15.64,15.63,15.62,15.58,15.55,15.51,15.46,15.40,15.34,15.27,15.29,15.37,15.45,15.54,15.52,15.48,15.45,15.41,15.38,15.34,15.31,15.28,15.26,15.24,15.21,15.19,15.16,15.14,15.12,15.09,15.05,15.02,14.99,15.02,15.05,15.07,15.10,15.13,15.17,15.20,15.22,15.23,15.24]
OTTOWN|Delfinaki|H|42|[15.75,15.74,15.73,15.73,15.73,15.69,15.66,15.64,15.65,15.58,15.52,15.45,15.47,15.55,15.63,15.62,15.59,15.55,15.51,15.44,15.41,15.37,15.34,15.32,15.29,15.27,15.25,15.23,15.21,15.18,15.18,15.15,15.12,15.09,15.09,15.12,15.15,15.18,15.21,15.24,15.27,15.30,15.31,15.32,15.33]
OTTOWN|Delfinaki|H|43|[15.84,15.84,15.83,15.84,15.84,15.81,15.79,15.83,15.83,15.77,15.70,15.63,15.65,15.73,15.72,15.69,15.65,15.61,15.54,15.47,15.44,15.41,15.38,15.35,15.33,15.31,15.30,15.28,15.25,15.25,15.25,15.22,15.19,15.19,15.20,15.22,15.25,15.28,15.31,15.34,15.37,15.39,15.40,15.41,15.42]
OTTOWN|Delfinaki|H|44|[15.94,15.93,15.94,15.95,15.96,15.94,15.98,16.01,16.02,15.95,15.88,15.81,15.82,15.81,15.78,15.75,15.71,15.64,15.57,15.50,15.47,15.44,15.41,15.39,15.37,15.36,15.34,15.32,15.32,15.32,15.32,15.30,15.30,15.30,15.30,15.32,15.35,15.38,15.41,15.44,15.46,15.48,15.50,15.50,15.50]
OTTOWN|Delfinaki|END
OTTOWN|Nifi|HEAD|i_House_Big_02_V1_F|Land_i_House_Big_02_V3_F|[19396.332,15470.687,26.068]|1.40|false|15|1|2
OTTOWN|Nifi|BOX|[-5.33,-12.09,5.33,12.09,-6.09,6.09]
OTTOWN|Nifi|DOOR|main|[19391.53,15464.63,26.45]|271.4|3.50
OTTOWN|Nifi|DOOR|side|[19396.56,15475.98,26.45]|1.4|1.25
OTTOWN|Nifi|BPOS|[[19399.73,15464.90,26.49],[19396.34,15467.34,26.49],[19395.64,15465.44,29.93],[19399.77,15476.91,29.93],[19399.72,15475.05,26.49],[19400.64,15473.46,29.93],[19396.64,15475.21,29.93],[19395.71,15472.85,29.93],[19397.45,15472.18,26.49]]
OTTOWN|Nifi|OBJ|building|Land_i_Stone_Shed_V2_F|[19356.71,15449.63,24.02]|352.2|[-4.53,-4.96,4.53,4.96,-3.80,3.80]
OTTOWN|Nifi|OBJ|building|Land_Slum_House01_F|[19382.99,15450.19,23.34]|332.4|[-2.93,-3.98,2.93,3.98,-1.90,1.90]
OTTOWN|Nifi|OBJ|building|Land_Slum_House02_F|[19437.31,15468.53,24.46]|271.8|[-3.79,-4.42,3.79,4.42,-2.36,2.36]
OTTOWN|Nifi|OBJ|wall|wired_fence_8m_f.p3d|[19379.90,15441.78,22.88]|236.3|[-4.10,-0.08,4.10,0.08,-0.89,0.89]
OTTOWN|Nifi|OBJ|wall|wired_fence_8m_f.p3d|[19376.97,15449.14,23.46]|260.8|[-4.10,-0.08,4.10,0.08,-0.89,0.89]
OTTOWN|Nifi|OBJ|wall|wired_fence_8m_f.p3d|[19377.68,15431.33,22.17]|140.1|[-4.10,-0.08,4.10,0.08,-0.89,0.89]
OTTOWN|Nifi|OBJ|wall|wired_fence_8m_f.p3d|[19402.13,15427.91,21.11]|69.1|[-4.10,-0.08,4.10,0.08,-0.89,0.89]
OTTOWN|Nifi|OBJ|wall|wired_fence_8m_f.p3d|[19399.54,15435.61,21.72]|73.8|[-4.10,-0.08,4.10,0.08,-0.89,0.89]
OTTOWN|Nifi|OBJ|wall|wired_fence_8m_f.p3d|[19385.95,15439.99,22.42]|156.2|[-4.10,-0.08,4.10,0.08,-0.89,0.89]
OTTOWN|Nifi|OBJ|wall|wired_fence_8m_f.p3d|[19393.60,15442.54,22.41]|167.0|[-4.10,-0.08,4.10,0.08,-0.89,0.89]
OTTOWN|Nifi|OBJ|wall|city2_8m_f.p3d|[19409.61,15466.08,26.44]|266.2|[-3.51,-0.25,3.51,0.25,-2.09,2.09]
OTTOWN|Nifi|OBJ|wall|city2_8m_f.p3d|[19408.62,15479.20,26.69]|265.7|[-3.51,-0.25,3.51,0.25,-2.09,2.09]
OTTOWN|Nifi|OBJ|wall|city2_8m_f.p3d|[19383.61,15475.04,26.27]|270.0|[-3.51,-0.25,3.51,0.25,-2.09,2.09]
OTTOWN|Nifi|OBJ|wall|city2_8m_f.p3d|[19409.13,15472.48,26.66]|265.7|[-3.51,-0.25,3.51,0.25,-2.09,2.09]
OTTOWN|Nifi|OBJ|wall|city2_8m_f.p3d|[19383.61,15468.62,26.08]|270.4|[-3.51,-0.25,3.51,0.25,-2.09,2.09]
OTTOWN|Nifi|OBJ|wall|city2_8m_f.p3d|[19405.21,15482.80,26.79]|178.6|[-3.51,-0.25,3.51,0.25,-2.09,2.09]
OTTOWN|Nifi|OBJ|wall|city2_8m_f.p3d|[19398.73,15482.57,26.79]|178.1|[-3.51,-0.25,3.51,0.25,-2.09,2.09]
OTTOWN|Nifi|OBJ|wall|city2_8m_f.p3d|[19392.00,15482.33,26.83]|178.1|[-3.51,-0.25,3.51,0.25,-2.09,2.09]
OTTOWN|Nifi|OBJ|wall|city2_8md_f.p3d|[19383.62,15480.71,26.36]|271.0|[-2.30,-0.28,2.30,0.28,-2.11,2.11]
OTTOWN|Nifi|OBJ|wall|city2_8md_f.p3d|[19386.37,15482.26,26.43]|181.8|[-2.30,-0.28,2.30,0.28,-2.11,2.11]
OTTOWN|Nifi|OBJ|tree|t_ficusb1s_f.p3d|[19363.56,15443.64,23.53]|191.9|[-5.06,-5.62,5.06,5.62,-4.61,4.61]
OTTOWN|Nifi|OBJ|tree|t_oleae2s_f.p3d|[19405.77,15442.86,22.30]|243.0|[-7.19,-6.88,7.19,6.88,-7.90,7.90]
OTTOWN|Nifi|OBJ|tree|t_oleae1s_f.p3d|[19388.25,15443.71,22.61]|349.8|[-3.91,-4.12,3.91,4.12,-5.03,5.03]
OTTOWN|Nifi|OBJ|tree|t_oleae1s_f.p3d|[19384.23,15441.40,22.57]|280.0|[-3.91,-4.12,3.91,4.12,-5.03,5.03]
OTTOWN|Nifi|OBJ|tree|t_oleae1s_f.p3d|[19392.46,15445.99,22.71]|208.9|[-3.91,-4.12,3.91,4.12,-5.03,5.03]
OTTOWN|Nifi|OBJ|tree|t_oleae2s_f.p3d|[19413.80,15442.02,21.93]|306.4|[-7.19,-6.88,7.19,6.88,-7.90,7.90]
OTTOWN|Nifi|OBJ|tree|t_ficusb1s_f.p3d|[19421.62,15445.01,22.03]|28.9|[-5.06,-5.62,5.06,5.62,-4.61,4.61]
OTTOWN|Nifi|OBJ|tree|t_oleae1s_f.p3d|[19366.54,15456.29,24.22]|91.0|[-3.91,-4.12,3.91,4.12,-5.03,5.03]
OTTOWN|Nifi|OBJ|tree|t_oleae1s_f.p3d|[19361.75,15453.89,24.03]|37.1|[-3.91,-4.12,3.91,4.12,-5.03,5.03]
OTTOWN|Nifi|OBJ|tree|t_oleae1s_f.p3d|[19368.70,15451.34,23.82]|81.0|[-3.91,-4.12,3.91,4.12,-5.03,5.03]
OTTOWN|Nifi|OBJ|tree|t_oleae1s_f.p3d|[19374.10,15453.68,23.72]|77.0|[-3.91,-4.12,3.91,4.12,-5.03,5.03]
OTTOWN|Nifi|OBJ|tree|t_oleae1s_f.p3d|[19372.10,15458.67,24.17]|215.0|[-3.91,-4.12,3.91,4.12,-5.03,5.03]
OTTOWN|Nifi|OBJ|tree|t_ficusb1s_f.p3d|[19386.95,15479.63,26.03]|175.8|[-5.06,-5.62,5.06,5.62,-4.61,4.61]
OTTOWN|Nifi|OBJ|tree|t_ficusb1s_f.p3d|[19405.09,15476.46,26.34]|327.0|[-5.06,-5.62,5.06,5.62,-4.61,4.61]
OTTOWN|Nifi|OBJ|tree|t_ficusb1s_f.p3d|[19406.52,15473.04,26.32]|180.2|[-5.06,-5.62,5.06,5.62,-4.61,4.61]
OTTOWN|Nifi|OBJ|tree|t_oleae1s_f.p3d|[19385.00,15456.02,23.81]|347.1|[-3.91,-4.12,3.91,4.12,-5.03,5.03]
OTTOWN|Nifi|OBJ|tree|t_oleae1s_f.p3d|[19387.90,15451.36,23.29]|181.8|[-3.91,-4.12,3.91,4.12,-5.03,5.03]
OTTOWN|Nifi|OBJ|tree|t_ficusb1s_f.p3d|[19432.04,15473.37,24.81]|98.0|[-5.06,-5.62,5.06,5.62,-4.61,4.61]
OTTOWN|Nifi|OBJ|tree|t_ficusb1s_f.p3d|[19427.24,15473.73,25.63]|41.9|[-5.06,-5.62,5.06,5.62,-4.61,4.61]
OTTOWN|Nifi|OBJ|tree|t_ficusb1s_f.p3d|[19422.26,15471.84,25.67]|239.0|[-5.06,-5.62,5.06,5.62,-4.61,4.61]
OTTOWN|Nifi|H|0|[22.71,22.70,22.69,22.65,22.57,22.49,22.41,22.35,22.27,22.19,22.11,22.03,21.97,21.90,21.83,21.76,21.68,21.61,21.55,21.50,21.45,21.40,21.32,21.24,21.16,21.08,20.98,20.89,20.80,20.72,20.69,20.66,20.63,20.60,20.54,20.48,20.41,20.42,20.45,20.48,20.51,20.55,20.58,20.61,20.62]
OTTOWN|Nifi|H|1|[22.88,22.87,22.86,22.80,22.72,22.64,22.55,22.46,22.38,22.30,22.19,22.11,22.05,21.98,21.96,21.88,21.81,21.73,21.62,21.57,21.52,21.49,21.44,21.36,21.28,21.21,21.13,21.04,20.95,20.90,20.86,20.83,20.80,20.74,20.68,20.62,20.54,20.53,20.56,20.59,20.59,20.62,20.65,20.68,20.70]
OTTOWN|Nifi|H|2|[23.06,23.05,23.00,22.94,22.86,22.77,22.67,22.58,22.50,22.38,22.23,22.15,22.09,22.08,22.07,22.00,21.92,21.77,21.67,21.62,21.58,21.59,21.54,21.46,21.40,21.35,21.26,21.17,21.12,21.08,21.05,21.02,20.96,20.90,20.84,20.77,20.67,20.65,20.68,20.68,20.67,20.69,20.72,20.74,20.76]
OTTOWN|Nifi|H|3|[23.24,23.19,23.14,23.08,22.99,22.89,22.78,22.69,22.58,22.42,22.27,22.19,22.18,22.19,22.18,22.11,21.96,21.82,21.71,21.67,21.69,21.70,21.65,21.58,21.53,21.49,21.40,21.35,21.31,21.27,21.24,21.18,21.12,21.06,20.99,20.89,20.79,20.77,20.78,20.76,20.74,20.76,20.78,20.80,20.81]
OTTOWN|Nifi|H|4|[23.38,23.33,23.28,23.21,23.10,23.00,22.90,22.77,22.62,22.46,22.31,22.29,22.30,22.31,22.30,22.15,22.01,21.86,21.77,21.78,21.79,21.80,21.77,21.72,21.67,21.62,21.57,21.53,21.49,21.46,21.40,21.34,21.28,21.21,21.11,21.01,20.90,20.87,20.85,20.83,20.81,20.83,20.84,20.86,20.87]
OTTOWN|Nifi|H|5|[23.47,23.42,23.38,23.33,23.23,23.12,23.02,22.89,22.73,22.58,22.50,22.50,22.51,22.52,22.44,22.29,22.14,22.01,21.95,21.96,21.97,21.95,21.91,21.86,21.81,21.78,21.74,21.70,21.66,21.66,21.60,21.54,21.48,21.40,21.30,21.20,21.09,21.04,21.02,21.00,21.00,21.01,21.03,21.04,21.06]
OTTOWN|Nifi|H|6|[23.54,23.51,23.50,23.46,23.35,23.25,23.16,23.02,22.87,22.79,22.73,22.74,22.74,22.67,22.59,22.44,22.31,22.20,22.14,22.15,22.14,22.10,22.05,22.01,21.97,21.94,21.90,21.86,21.87,21.87,21.81,21.75,21.69,21.61,21.51,21.40,21.28,21.23,21.21,21.20,21.20,21.22,21.23,21.23,21.25]
OTTOWN|Nifi|H|7|[23.63,23.63,23.63,23.58,23.48,23.39,23.29,23.16,23.08,23.02,22.96,22.97,22.90,22.83,22.75,22.61,22.50,22.40,22.34,22.32,22.28,22.24,22.20,22.16,22.13,22.10,22.06,22.07,22.08,22.08,22.02,21.96,21.89,21.81,21.70,21.58,21.47,21.42,21.41,21.41,21.41,21.43,21.43,21.43,21.44]
OTTOWN|Nifi|H|8|[23.76,23.75,23.75,23.70,23.61,23.51,23.42,23.35,23.30,23.24,23.19,23.12,23.05,22.98,22.90,22.80,22.69,22.58,22.51,22.47,22.43,22.39,22.36,22.32,22.29,22.26,22.27,22.28,22.29,22.29,22.23,22.16,22.10,22.01,21.89,21.78,21.66,21.61,21.61,21.61,21.62,21.62,21.62,21.62,21.63]
OTTOWN|Nifi|H|9|[23.87,23.87,23.83,23.76,23.66,23.56,23.52,23.47,23.41,23.36,23.31,23.24,23.17,23.10,23.03,22.92,22.82,22.73,22.67,22.63,22.59,22.57,22.55,22.51,22.48,22.50,22.51,22.52,22.53,22.51,22.44,22.38,22.32,22.24,22.12,22.00,21.84,21.78,21.78,21.78,21.82,21.82,21.82,21.82,21.83]
OTTOWN|Nifi|H|10|[23.98,23.95,23.88,23.81,23.71,23.66,23.63,23.58,23.53,23.48,23.44,23.37,23.30,23.23,23.15,23.05,22.96,22.90,22.84,22.80,22.78,22.76,22.74,22.70,22.72,22.74,22.75,22.75,22.74,22.73,22.66,22.60,22.55,22.47,22.35,22.18,22.00,21.94,21.94,21.98,22.02,22.02,22.02,22.02,22.03]
OTTOWN|Nifi|H|11|[24.06,24.00,23.93,23.86,23.81,23.78,23.75,23.70,23.65,23.61,23.56,23.49,23.42,23.36,23.28,23.19,23.13,23.06,23.00,22.98,22.97,22.95,22.92,22.94,22.96,22.97,22.98,22.97,22.96,22.95,22.89,22.83,22.77,22.69,22.52,22.34,22.16,22.10,22.14,22.18,22.22,22.22,22.22,22.21,22.22]
OTTOWN|Nifi|H|12|[24.14,24.07,24.01,23.95,23.91,23.88,23.85,23.83,23.78,23.74,23.68,23.60,23.54,23.47,23.43,23.36,23.29,23.23,23.20,23.19,23.17,23.15,23.16,23.18,23.19,23.21,23.20,23.19,23.19,23.26,23.20,23.15,23.09,22.89,22.70,22.52,22.34,22.33,22.37,22.41,22.44,22.44,22.44,22.44,22.43]
OTTOWN|Nifi|H|13|[24.26,24.20,24.10,24.03,24.00,23.97,24.00,23.98,23.93,23.87,23.76,23.69,23.62,23.59,23.59,23.53,23.46,23.44,23.43,23.41,23.40,23.39,23.40,23.42,23.43,23.44,23.43,23.43,23.55,23.75,23.70,23.64,23.37,23.10,22.92,22.74,22.65,22.65,22.69,22.72,22.72,22.71,22.71,22.70,22.69]
OTTOWN|Nifi|H|14|[24.38,24.29,24.19,24.12,24.09,24.11,24.14,24.12,24.06,23.95,23.84,23.77,23.74,23.76,23.76,23.70,23.67,23.67,23.65,23.64,23.63,23.63,23.64,23.65,23.66,23.67,23.67,23.79,24.05,24.25,24.19,23.92,23.59,23.32,23.14,23.05,22.97,22.96,22.99,22.99,22.99,22.99,22.97,22.95,22.94]
OTTOWN|Nifi|H|15|[24.48,24.38,24.27,24.20,24.23,24.26,24.29,24.25,24.14,24.03,23.93,23.90,23.91,23.93,23.93,23.91,23.90,23.89,23.88,23.88,23.87,23.87,23.87,23.88,23.89,23.90,24.03,24.28,24.54,24.74,24.47,24.14,23.81,23.54,23.45,23.37,23.28,23.27,23.26,23.26,23.26,23.25,23.23,23.20,23.19]
OTTOWN|Nifi|H|16|[24.70,24.60,24.50,24.42,24.45,24.48,24.51,24.44,24.33,24.22,24.15,24.16,24.18,24.19,24.16,24.15,24.14,24.14,24.25,24.24,24.24,24.25,24.27,24.28,24.29,24.33,24.56,24.82,25.07,25.07,24.74,24.41,24.07,23.85,23.77,23.68,23.60,23.57,23.57,23.57,23.52,23.49,23.47,23.45,23.46]
OTTOWN|Nifi|H|17|[25.03,24.93,24.77,24.70,24.73,24.75,24.77,24.70,24.59,24.52,24.48,24.50,24.51,24.47,24.42,24.41,24.40,24.59,24.70,24.70,24.71,24.76,24.79,24.80,24.83,24.88,25.12,25.37,25.43,25.38,25.05,24.71,24.40,24.17,24.09,24.01,23.93,23.90,23.89,23.85,23.76,23.73,23.71,23.72,23.73]
OTTOWN|Nifi|H|18|[25.36,25.20,25.05,24.97,24.99,25.01,25.03,24.96,24.89,24.85,24.82,24.83,24.79,24.73,24.67,24.67,24.86,25.05,25.15,25.16,25.22,25.28,25.30,25.33,25.39,25.44,25.68,25.74,25.74,25.68,25.35,25.03,24.72,24.49,24.41,24.33,24.25,24.22,24.18,24.09,24.00,23.97,23.98,24.00,24.01]
OTTOWN|Nifi|H|19|[25.63,25.47,25.32,25.24,25.25,25.27,25.28,25.25,25.22,25.19,25.15,25.10,25.04,24.98,24.93,25.12,25.31,25.50,25.62,25.68,25.73,25.79,25.84,25.89,25.94,26.00,26.04,26.04,26.04,25.99,25.67,25.35,25.03,24.82,24.74,24.66,24.58,24.50,24.42,24.33,24.24,24.24,24.26,24.27,24.29]
OTTOWN|Nifi|H|20|[26.07,25.91,25.74,25.62,25.64,25.65,25.59,25.52,25.48,25.45,25.35,25.29,25.22,25.16,25.21,25.40,25.59,25.69,25.64,25.70,25.75,25.87,25.97,26.02,26.07,26.05,26.05,26.05,26.05,26.12,25.80,25.49,25.21,25.10,25.02,24.94,24.88,24.80,24.72,24.63,24.32,24.31,24.32,24.34,24.38]
OTTOWN|Nifi|H|21|[26.53,26.36,26.15,26.03,26.04,25.98,25.84,25.76,25.73,25.63,25.52,25.45,25.39,25.41,25.45,25.64,25.75,25.62,25.57,25.63,25.74,25.92,26.01,26.07,26.05,26.00,26.00,26.00,26.15,26.22,25.90,25.63,25.49,25.37,25.29,25.23,25.19,25.12,25.03,24.72,24.35,24.33,24.35,24.40,24.44]
OTTOWN|Nifi|H|22|[26.99,26.77,26.56,26.44,26.37,26.23,26.08,26.01,25.92,25.80,25.69,25.62,25.64,25.65,25.70,25.81,25.68,25.55,25.50,25.62,25.79,25.97,26.06,26.04,26.00,25.95,25.95,26.10,26.25,26.32,26.05,25.90,25.76,25.64,25.58,25.54,25.50,25.43,25.12,24.75,24.38,24.36,24.41,24.46,24.49]
OTTOWN|Nifi|H|23|[27.39,27.18,26.96,26.77,26.63,26.48,26.34,26.22,26.10,25.99,25.87,25.89,25.90,25.92,25.89,25.76,25.63,25.50,25.49,25.66,25.84,26.02,26.04,26.00,25.95,25.91,26.05,26.20,26.35,26.46,26.31,26.17,26.02,25.94,25.90,25.86,25.82,25.55,25.18,24.81,24.44,24.47,24.52,24.57,24.64]
OTTOWN|Nifi|H|24|[27.78,27.56,27.32,27.10,26.96,26.81,26.68,26.56,26.45,26.33,26.32,26.33,26.34,26.30,26.09,25.96,25.83,25.63,25.55,25.72,25.90,26.05,26.06,26.02,25.97,26.06,26.20,26.35,26.52,26.68,26.53,26.39,26.31,26.29,26.25,26.21,26.16,25.89,25.52,25.15,25.06,25.10,25.14,25.19,25.24]
OTTOWN|Nifi|H|25|[28.16,27.91,27.65,27.43,27.29,27.16,27.03,26.91,26.80,26.78,26.76,26.77,26.73,26.50,26.29,26.17,25.96,25.69,25.61,25.78,25.93,26.07,26.08,26.04,26.13,26.21,26.36,26.52,26.74,26.89,26.75,26.67,26.66,26.64,26.60,26.55,26.50,26.24,25.87,25.77,25.68,25.72,25.76,25.79,25.84]
OTTOWN|Nifi|H|26|[28.51,28.25,27.98,27.76,27.63,27.50,27.38,27.26,27.24,27.22,27.20,27.15,26.93,26.70,26.50,26.29,26.02,25.75,25.66,25.81,25.95,26.09,26.11,26.19,26.28,26.36,26.52,26.74,26.96,27.11,27.04,27.03,27.02,26.99,26.94,26.89,26.84,26.58,26.49,26.40,26.31,26.34,26.36,26.39,26.44]
OTTOWN|Nifi|H|27|[28.95,28.68,28.41,28.16,28.03,27.90,27.77,27.76,27.75,27.73,27.70,27.50,27.27,27.05,26.82,26.55,26.27,26.00,25.92,26.06,26.19,26.33,26.41,26.50,26.58,26.64,26.84,27.05,27.27,27.37,27.36,27.35,27.34,27.34,27.29,27.24,27.19,27.11,27.02,26.93,26.87,26.89,26.92,26.94,26.98]
OTTOWN|Nifi|H|28|[29.57,29.31,28.94,28.65,28.52,28.40,28.41,28.40,28.38,28.36,28.32,28.11,27.89,27.67,27.44,27.16,26.89,26.66,26.58,26.72,26.86,26.93,27.01,27.09,27.15,27.14,27.33,27.55,27.66,27.65,27.64,27.63,27.68,27.70,27.65,27.60,27.56,27.48,27.39,27.32,27.33,27.36,27.38,27.43,27.49]
OTTOWN|Nifi|H|29|[30.20,29.83,29.43,29.14,29.02,29.03,29.04,29.03,29.01,28.97,28.94,28.73,28.51,28.28,28.05,27.78,27.55,27.32,27.25,27.39,27.45,27.52,27.60,27.66,27.65,27.63,27.83,27.94,27.94,27.93,27.92,27.97,28.04,28.06,28.01,27.96,27.92,27.85,27.78,27.79,27.80,27.82,27.87,27.93,27.99]
OTTOWN|Nifi|H|30|[30.73,30.33,29.92,29.64,29.65,29.66,29.67,29.66,29.62,29.59,29.55,29.35,29.12,28.90,28.67,28.44,28.21,27.99,27.92,27.98,28.05,28.12,28.17,28.16,28.14,28.13,28.22,28.22,28.22,28.21,28.26,28.33,28.40,28.41,28.37,28.33,28.29,28.24,28.24,28.25,28.26,28.31,28.37,28.44,28.50]
OTTOWN|Nifi|H|31|[31.38,30.98,30.58,30.34,30.35,30.36,30.35,30.30,30.26,30.23,30.25,30.06,29.84,29.61,29.44,29.22,28.99,28.77,28.74,28.81,28.87,28.89,28.84,28.82,28.81,28.78,28.77,28.77,28.77,28.80,28.87,28.94,29.00,28.88,28.83,28.79,28.73,28.70,28.71,28.72,28.76,28.83,28.90,28.97,29.08]
OTTOWN|Nifi|H|32|[32.15,31.75,31.33,31.09,31.10,31.09,31.01,30.96,30.93,30.95,31.03,30.83,30.61,30.45,30.30,30.08,29.85,29.75,29.72,29.79,29.80,29.68,29.63,29.61,29.58,29.53,29.52,29.52,29.55,29.59,29.65,29.72,29.53,29.40,29.36,29.30,29.19,29.16,29.17,29.22,29.31,29.37,29.44,29.57,29.70]
OTTOWN|Nifi|H|33|[32.92,32.50,32.08,31.84,31.83,31.75,31.67,31.62,31.65,31.73,31.81,31.61,31.45,31.31,31.16,30.94,30.84,30.73,30.70,30.72,30.59,30.46,30.41,30.38,30.33,30.28,30.27,30.30,30.33,30.37,30.43,30.25,30.06,29.93,29.87,29.76,29.65,29.62,29.67,29.76,29.85,29.92,30.04,30.19,30.32]
OTTOWN|Nifi|H|34|[33.67,33.25,32.83,32.57,32.49,32.41,32.33,32.34,32.42,32.50,32.58,32.45,32.31,32.17,32.02,31.92,31.82,31.72,31.63,31.51,31.38,31.25,31.18,31.13,31.08,31.03,31.05,31.08,31.11,31.15,30.96,30.77,30.59,30.44,30.33,30.22,30.11,30.12,30.21,30.30,30.39,30.52,30.66,30.81,30.95]
OTTOWN|Nifi|H|35|[34.39,33.97,33.62,33.47,33.39,33.31,33.15,33.13,33.21,33.29,33.25,33.12,32.98,32.84,32.82,32.72,32.62,32.56,32.55,32.42,32.30,32.23,32.19,32.14,32.09,32.02,32.04,32.08,32.11,31.96,31.77,31.59,31.40,31.24,31.13,31.02,30.86,30.85,30.94,31.03,31.04,31.17,31.32,31.47,31.64]
OTTOWN|Nifi|H|36|[35.11,34.75,34.56,34.41,34.33,34.18,33.95,33.92,34.00,33.96,33.88,33.75,33.61,33.61,33.58,33.48,33.43,33.50,33.49,33.36,33.30,33.29,33.25,33.20,33.13,33.06,33.08,33.11,32.97,32.83,32.64,32.45,32.25,32.09,31.98,31.83,31.62,31.61,31.70,31.71,31.70,31.83,31.98,32.16,32.33]
OTTOWN|Nifi|H|37|[35.88,35.69,35.50,35.35,35.20,34.97,34.74,34.72,34.67,34.59,34.51,34.38,34.38,34.37,34.35,34.29,34.37,34.44,34.43,34.37,34.35,34.34,34.31,34.24,34.17,34.10,34.12,33.98,33.84,33.69,33.50,33.31,33.11,32.95,32.79,32.59,32.38,32.37,32.38,32.37,32.36,32.50,32.67,32.85,33.03]
OTTOWN|Nifi|H|38|[36.81,36.61,36.42,36.23,36.00,35.77,35.54,35.42,35.34,35.26,35.17,35.14,35.14,35.13,35.12,35.20,35.27,35.35,35.38,35.37,35.36,35.35,35.32,35.25,35.17,35.10,34.98,34.85,34.71,34.56,34.37,34.17,33.97,33.77,33.57,33.36,33.16,33.08,33.07,33.05,33.04,33.19,33.37,33.55,33.71]
OTTOWN|Nifi|H|39|[37.56,37.36,37.27,37.17,36.94,36.71,36.51,36.39,36.31,36.23,35.88,35.85,35.84,35.79,35.67,35.75,35.82,35.88,35.89,35.88,35.87,36.01,36.03,35.95,35.88,35.98,35.86,35.72,35.59,35.48,35.28,35.08,34.90,34.71,34.51,34.30,34.06,33.97,33.96,33.95,33.76,33.91,34.09,34.23,34.27]
OTTOWN|Nifi|H|40|[38.31,38.21,38.20,38.10,37.87,37.67,37.48,37.36,37.28,36.93,36.58,36.55,36.50,36.34,36.22,36.29,36.35,36.38,36.40,36.39,36.53,36.72,36.73,36.66,36.76,36.85,36.73,36.61,36.51,36.39,36.19,36.01,35.84,35.65,35.44,35.20,34.95,34.86,34.85,34.67,34.48,34.63,34.77,34.79,34.83]
OTTOWN|Nifi|H|41|[39.15,39.14,39.13,39.03,38.83,38.64,38.45,38.33,37.98,37.63,37.29,37.21,37.05,36.89,36.76,36.82,36.86,36.89,36.91,37.05,37.24,37.42,37.44,37.54,37.63,37.73,37.62,37.52,37.42,37.31,37.12,36.95,36.77,36.59,36.35,36.10,35.85,35.75,35.57,35.39,35.20,35.31,35.33,35.35,35.39]
OTTOWN|Nifi|H|42|[39.96,39.95,39.95,39.86,39.67,39.48,39.28,39.02,38.67,38.33,38.00,37.83,37.66,37.50,37.32,37.35,37.39,37.43,37.47,37.66,37.85,38.03,38.18,38.28,38.37,38.51,38.44,38.34,38.24,38.17,38.00,37.82,37.65,37.47,37.22,36.97,36.72,36.52,36.33,36.15,35.93,35.93,35.94,35.96,35.92]
OTTOWN|Nifi|H|43|[40.55,40.54,40.53,40.44,40.25,40.06,39.96,39.70,39.35,39.02,38.74,38.57,38.41,38.16,37.90,37.94,37.98,37.89,37.89,38.08,38.27,38.52,38.67,38.77,38.90,39.15,39.08,38.98,38.94,38.93,38.76,38.58,38.46,38.30,38.05,37.80,37.56,37.36,37.18,36.96,36.66,36.65,36.67,36.58,36.43]
OTTOWN|Nifi|H|44|[41.13,41.12,41.11,41.02,40.83,40.74,40.64,40.38,40.05,39.77,39.49,39.31,39.07,38.75,38.48,38.52,38.44,38.31,38.32,38.50,38.76,39.01,39.16,39.29,39.54,39.79,39.72,39.68,39.70,39.69,39.51,39.39,39.29,39.13,38.88,38.64,38.41,38.21,37.99,37.69,37.38,37.37,37.28,37.08,36.93]
OTTOWN|Nifi|END
OTTOWN|Charkia|HEAD|i_House_Big_01_V1_F|Land_i_House_Big_01_V1_F|[18021.646,15278.729,30.444]|254.70|false|112|3|4
OTTOWN|Charkia|BOX|[-7.89,-8.48,7.89,8.48,-6.61,6.61]
OTTOWN|Charkia|DOOR|main|[18029.60,15277.49,31.00]|434.7|2.25
OTTOWN|Charkia|DOOR|side|[18014.93,15281.97,31.02]|344.7|1.00
OTTOWN|Charkia|BPOS|[[18015.90,15277.90,31.01],[18025.48,15281.20,34.51],[18022.35,15278.15,31.07],[18019.66,15278.46,34.41],[18014.95,15280.62,34.45],[18021.76,15275.96,34.44],[18017.36,15273.81,34.45],[18027.47,15280.48,34.51],[18025.99,15276.37,34.43]]
OTTOWN|Charkia|OBJ|building|Land_i_Stone_HouseBig_V2_F|[17994.34,15246.78,29.52]|285.5|[-6.78,-6.16,6.78,6.16,-5.84,5.84]
OTTOWN|Charkia|OBJ|building|Land_i_Garage_V1_dam_F|[18020.38,15263.07,29.82]|41.2|[-9.00,-4.46,9.00,4.46,-3.41,3.41]
OTTOWN|Charkia|OBJ|building|Land_u_House_Small_02_V1_F|[18039.69,15246.49,27.70]|39.2|[-8.20,-4.64,8.20,4.64,-4.71,4.71]
OTTOWN|Charkia|OBJ|building|Land_i_Stone_Shed_V2_F|[17994.86,15312.57,35.63]|38.5|[-4.53,-4.96,4.53,4.96,-3.80,3.80]
OTTOWN|Charkia|OBJ|building|Land_i_Stone_Shed_V3_F|[18029.68,15307.01,32.59]|44.2|[-4.53,-4.96,4.53,4.96,-3.80,3.80]
OTTOWN|Charkia|OBJ|building|Land_i_House_Small_01_V1_F|[18046.41,15300.73,30.94]|58.3|[-5.43,-7.64,5.43,7.64,-5.08,5.08]
OTTOWN|Charkia|OBJ|wall|stone_8m_f.p3d|[18023.01,15237.18,27.19]|144.3|[-4.26,-0.35,4.26,0.35,-1.30,1.30]
OTTOWN|Charkia|OBJ|wall|stone_pillar_f.p3d|[18019.80,15234.93,27.38]|234.6|[-0.45,-0.44,0.45,0.44,-1.79,1.79]
OTTOWN|Charkia|OBJ|wall|stone_8md_f.p3d|[17982.12,15260.87,30.46]|132.6|[-4.14,-0.76,4.14,0.76,-1.28,1.28]
OTTOWN|Charkia|OBJ|wall|stone_8m_f.p3d|[17987.51,15266.44,31.20]|134.8|[-4.26,-0.35,4.26,0.35,-1.30,1.30]
OTTOWN|Charkia|OBJ|wall|stone_8m_f.p3d|[17993.45,15266.76,31.04]|219.4|[-4.26,-0.35,4.26,0.35,-1.30,1.30]
OTTOWN|Charkia|OBJ|wall|stone_8m_f.p3d|[17999.58,15261.77,30.26]|219.4|[-4.26,-0.35,4.26,0.35,-1.30,1.30]
OTTOWN|Charkia|OBJ|wall|stone_pillar_f.p3d|[17990.31,15269.29,31.48]|40.9|[-0.45,-0.44,0.45,0.44,-1.79,1.79]
OTTOWN|Charkia|OBJ|wall|stone_8m_f.p3d|[18006.93,15248.14,28.77]|257.1|[-4.26,-0.35,4.26,0.35,-1.30,1.30]
OTTOWN|Charkia|OBJ|wall|stone_8m_f.p3d|[18005.03,15241.52,28.12]|134.5|[-4.26,-0.35,4.26,0.35,-1.30,1.30]
OTTOWN|Charkia|OBJ|wall|stone_4m_f.p3d|[18005.43,15253.88,29.38]|71.6|[-2.22,-0.36,2.22,0.36,-1.29,1.29]
OTTOWN|Charkia|OBJ|wall|stone_4m_f.p3d|[18003.79,15257.50,29.71]|59.0|[-2.22,-0.36,2.22,0.36,-1.29,1.29]
OTTOWN|Charkia|OBJ|wall|stone_pillar_f.p3d|[18007.80,15244.38,28.36]|9.4|[-0.45,-0.44,0.45,0.44,-1.79,1.79]
OTTOWN|Charkia|OBJ|wall|stone_8md_f.p3d|[18031.56,15243.44,27.78]|142.6|[-4.14,-0.76,4.14,0.76,-1.28,1.28]
OTTOWN|Charkia|OBJ|wall|wired_fence_8m_f.p3d|[18054.99,15269.10,28.31]|312.9|[-4.10,-0.08,4.10,0.08,-0.89,0.89]
OTTOWN|Charkia|OBJ|wall|wired_fence_8m_f.p3d|[18044.68,15257.02,28.03]|310.7|[-4.10,-0.08,4.10,0.08,-0.89,0.89]
OTTOWN|Charkia|OBJ|wall|stone_8md_f.p3d|[17996.47,15289.03,32.71]|135.6|[-4.14,-0.76,4.14,0.76,-1.28,1.28]
OTTOWN|Charkia|OBJ|wall|wired_fence_8m_f.p3d|[17996.45,15283.32,32.01]|44.3|[-4.10,-0.08,4.10,0.08,-0.89,0.89]
OTTOWN|Charkia|OBJ|wall|stone_pillar_f.p3d|[17996.45,15298.92,33.69]|222.8|[-0.45,-0.44,0.45,0.44,-1.79,1.79]
OTTOWN|Charkia|OBJ|wall|stone_pillar_f.p3d|[17978.93,15277.69,32.30]|314.1|[-0.45,-0.44,0.45,0.44,-1.79,1.79]
OTTOWN|Charkia|OBJ|wall|stone_8m_f.p3d|[18024.09,15288.77,31.29]|225.4|[-4.26,-0.35,4.26,0.35,-1.30,1.30]
OTTOWN|Charkia|OBJ|wall|stone_8m_f.p3d|[18018.58,15294.39,32.27]|225.4|[-4.26,-0.35,4.26,0.35,-1.30,1.30]
OTTOWN|Charkia|OBJ|wall|stone_8m_f.p3d|[18001.86,15294.45,33.31]|134.1|[-4.26,-0.35,4.26,0.35,-1.30,1.30]
OTTOWN|Charkia|OBJ|wall|wired_fence_8m_f.p3d|[18002.24,15277.71,31.23]|44.3|[-4.10,-0.08,4.10,0.08,-0.89,0.89]
OTTOWN|Charkia|OBJ|wall|wired_fence_8m_f.p3d|[18008.21,15277.48,30.82]|321.4|[-4.10,-0.08,4.10,0.08,-0.89,0.89]
OTTOWN|Charkia|OBJ|wall|stone_pillar_f.p3d|[18027.04,15285.76,30.67]|223.0|[-0.45,-0.44,0.45,0.44,-1.79,1.79]
OTTOWN|Charkia|OBJ|wall|stone_8m_f.p3d|[18045.13,15289.88,29.90]|45.1|[-4.26,-0.35,4.26,0.35,-1.30,1.30]
OTTOWN|Charkia|OBJ|wall|stone_8m_f.p3d|[18051.09,15289.37,29.62]|323.9|[-4.26,-0.35,4.26,0.35,-1.30,1.30]
OTTOWN|Charkia|OBJ|wall|stone_8m_f.p3d|[18057.58,15294.10,29.75]|323.9|[-4.26,-0.35,4.26,0.35,-1.30,1.30]
OTTOWN|Charkia|OBJ|wall|stone_pillar_f.p3d|[18037.40,15298.14,31.07]|226.3|[-0.45,-0.44,0.45,0.44,-1.79,1.79]
OTTOWN|Charkia|OBJ|wall|stone_pillar_f.p3d|[18047.92,15287.06,29.74]|230.2|[-0.45,-0.44,0.45,0.44,-1.79,1.79]
OTTOWN|Charkia|OBJ|wall|stone_pillar_f.p3d|[18042.21,15292.83,30.81]|230.2|[-0.45,-0.44,0.45,0.44,-1.79,1.79]
OTTOWN|Charkia|OBJ|wall|wired_fence_8m_f.p3d|[18060.63,15274.87,28.38]|316.8|[-4.10,-0.08,4.10,0.08,-0.89,0.89]
OTTOWN|Charkia|OBJ|wall|stone_8md_f.p3d|[17991.65,15302.87,33.93]|41.7|[-4.14,-0.76,4.14,0.76,-1.28,1.28]
OTTOWN|Charkia|OBJ|wall|stone_4m_f.p3d|[17987.40,15306.70,34.37]|222.9|[-2.22,-0.36,2.22,0.36,-1.29,1.29]
OTTOWN|Charkia|OBJ|wall|stone_4m_f.p3d|[17997.79,15300.14,33.35]|317.8|[-2.22,-0.36,2.22,0.36,-1.29,1.29]
OTTOWN|Charkia|OBJ|wall|stone_8md_f.p3d|[18006.27,15315.33,35.03]|218.4|[-4.14,-0.76,4.14,0.76,-1.28,1.28]
OTTOWN|Charkia|OBJ|wall|stone_8m_f.p3d|[18012.98,15300.10,33.29]|225.4|[-4.26,-0.35,4.26,0.35,-1.30,1.30]
OTTOWN|Charkia|OBJ|wall|stone_8m_f.p3d|[18003.45,15311.37,34.84]|219.5|[-4.26,-0.35,4.26,0.35,-1.30,1.30]
OTTOWN|Charkia|OBJ|wall|stone_8m_f.p3d|[18007.35,15300.09,33.70]|134.1|[-4.26,-0.35,4.26,0.35,-1.30,1.30]
OTTOWN|Charkia|OBJ|wall|stone_4m_f.p3d|[18015.44,15320.29,35.11]|308.5|[-2.22,-0.36,2.22,0.36,-1.29,1.29]
OTTOWN|Charkia|OBJ|wall|stone_4m_f.p3d|[18000.60,15302.97,33.69]|311.9|[-2.22,-0.36,2.22,0.36,-1.29,1.29]
OTTOWN|Charkia|OBJ|wall|stone_4m_f.p3d|[18010.89,15314.56,34.44]|314.3|[-2.22,-0.36,2.22,0.36,-1.29,1.29]
OTTOWN|Charkia|OBJ|wall|stone_pillar_f.p3d|[18010.03,15302.98,33.77]|223.0|[-0.45,-0.44,0.45,0.44,-1.79,1.79]
OTTOWN|Charkia|OBJ|wall|stone_pillar_f.p3d|[18002.05,15304.65,34.38]|223.0|[-0.45,-0.44,0.45,0.44,-1.79,1.79]
OTTOWN|Charkia|OBJ|wall|stone_pillar_f.p3d|[18009.40,15312.93,34.77]|219.3|[-0.45,-0.44,0.45,0.44,-1.79,1.79]
OTTOWN|Charkia|OBJ|wall|stone_pillar_f.p3d|[18006.38,15309.02,34.70]|219.8|[-0.45,-0.44,0.45,0.44,-1.79,1.79]
OTTOWN|Charkia|OBJ|wall|stone_pillar_f.p3d|[18016.75,15322.07,35.85]|216.4|[-0.45,-0.44,0.45,0.44,-1.79,1.79]
OTTOWN|Charkia|OBJ|wall|stone_8md_f.p3d|[18043.03,15317.31,32.48]|141.8|[-4.14,-0.76,4.14,0.76,-1.28,1.28]
OTTOWN|Charkia|OBJ|wall|stone_8m_f.p3d|[18034.50,15301.06,31.16]|45.1|[-4.26,-0.35,4.26,0.35,-1.30,1.30]
OTTOWN|Charkia|OBJ|tree|t_broussonetiap1s_f.p3d|[18023.02,15267.26,29.57]|88.0|[-4.76,-4.57,4.76,4.57,-5.06,5.06]
OTTOWN|Charkia|OBJ|tree|t_broussonetiap1s_f.p3d|[18027.39,15263.20,28.89]|18.0|[-4.76,-4.57,4.76,4.57,-5.06,5.06]
OTTOWN|Charkia|OBJ|tree|t_ficusb1s_f.p3d|[18003.07,15288.48,32.25]|210.2|[-5.06,-5.62,5.06,5.62,-4.61,4.61]
OTTOWN|Charkia|OBJ|tree|t_ficusb1s_f.p3d|[18004.23,15293.86,33.19]|103.0|[-5.06,-5.62,5.06,5.62,-4.61,4.61]
OTTOWN|Charkia|OBJ|tree|t_ficusb1s_f.p3d|[18012.00,15297.42,33.09]|278.0|[-5.06,-5.62,5.06,5.62,-4.61,4.61]
OTTOWN|Charkia|OBJ|tree|t_ficusb2s_f.p3d|[18057.12,15296.89,30.18]|245.0|[-8.66,-8.23,8.66,8.23,-5.99,5.99]
OTTOWN|Charkia|OBJ|tree|t_ficusb1s_f.p3d|[18051.46,15293.30,30.48]|325.1|[-5.06,-5.62,5.06,5.62,-4.61,4.61]
OTTOWN|Charkia|OBJ|tree|t_ficusb1s_f.p3d|[18048.38,15289.81,30.26]|212.1|[-5.06,-5.62,5.06,5.62,-4.61,4.61]
OTTOWN|Charkia|OBJ|tree|t_broussonetiap1s_f.p3d|[18037.23,15275.01,29.39]|83.0|[-4.76,-4.57,4.76,4.57,-5.06,5.06]
OTTOWN|Charkia|OBJ|tree|t_broussonetiap1s_f.p3d|[18032.96,15280.63,29.93]|240.0|[-4.76,-4.57,4.76,4.57,-5.06,5.06]
OTTOWN|Charkia|OBJ|tree|t_ficusb1s_f.p3d|[18010.00,15300.63,33.52]|355.0|[-5.06,-5.62,5.06,5.62,-4.61,4.61]
OTTOWN|Charkia|OBJ|tree|t_ficusb1s_f.p3d|[18030.46,15314.90,32.96]|185.0|[-5.06,-5.62,5.06,5.62,-4.61,4.61]
OTTOWN|Charkia|ROAD|TRACK|10.0|[18014.43,15242.64,28.09]|[18035.49,15256.86,28.35]
OTTOWN|Charkia|ROAD|TRACK|10.0|[18012.23,15257.22,29.47]|[18005.12,15264.32,30.19]
OTTOWN|Charkia|ROAD|TRACK|10.0|[18012.94,15244.61,28.32]|[18012.88,15254.61,29.18]
OTTOWN|Charkia|ROAD|TRACK|10.0|[18012.88,15254.61,29.18]|[18012.23,15257.22,29.47]
OTTOWN|Charkia|ROAD|TRACK|10.0|[18035.49,15256.86,28.35]|[18048.63,15278.71,29.27]
OTTOWN|Charkia|ROAD|TRACK|10.0|[18005.12,15264.32,30.19]|[17985.06,15281.55,32.41]
OTTOWN|Charkia|ROAD|TRACK|10.0|[17985.06,15281.55,32.41]|[17975.95,15289.43,32.70]
OTTOWN|Charkia|ROAD|TRACK|10.0|[17975.95,15289.43,32.70]|[17968.67,15295.76,33.51]
OTTOWN|Charkia|ROAD|TRACK|10.0|[18039.16,15287.15,30.14]|[18023.14,15302.79,32.75]
OTTOWN|Charkia|ROAD|TRACK|10.0|[18046.68,15279.42,29.35]|[18039.16,15287.15,30.14]
OTTOWN|Charkia|ROAD|TRACK|10.0|[18048.63,15278.71,29.27]|[18071.71,15294.16,29.34]
OTTOWN|Charkia|ROAD|TRACK|10.0|[18019.72,15305.59,33.13]|[18011.87,15311.38,34.58]
OTTOWN|Charkia|ROAD|TRACK|10.0|[18023.14,15302.79,32.75]|[18019.72,15305.59,33.13]
OTTOWN|Charkia|H|0|[28.54,28.37,28.20,28.09,28.08,28.09,28.09,28.14,28.10,28.00,27.90,27.70,27.66,27.67,27.66,27.61,27.60,27.60,27.60,27.58,27.48,27.38,27.30,27.20,27.09,26.97,26.97,27.01,27.06,27.09,27.01,26.91,26.80,26.70,26.63,26.58,26.54,26.50,26.30,25.98,25.67,25.39,25.23,25.08,24.92]
OTTOWN|Charkia|H|1|[28.56,28.39,28.28,28.26,28.25,28.26,28.30,28.36,28.33,28.23,28.02,27.81,27.78,27.77,27.71,27.66,27.66,27.66,27.68,27.66,27.55,27.48,27.41,27.31,27.20,27.19,27.19,27.24,27.26,27.20,27.12,27.02,26.92,26.83,26.75,26.71,26.67,26.63,26.43,26.11,25.84,25.57,25.40,25.25,25.06]
OTTOWN|Charkia|H|2|[28.58,28.47,28.45,28.43,28.42,28.47,28.53,28.59,28.56,28.35,28.14,27.92,27.88,27.82,27.77,27.72,27.72,27.74,27.75,27.73,27.65,27.59,27.52,27.42,27.42,27.42,27.42,27.44,27.37,27.30,27.23,27.13,27.04,26.95,26.88,26.84,26.80,26.76,26.56,26.28,26.02,25.75,25.57,25.38,25.20]
OTTOWN|Charkia|H|3|[28.70,28.68,28.66,28.65,28.64,28.70,28.76,28.82,28.69,28.47,28.26,28.07,28.01,27.95,27.90,27.85,27.87,27.88,27.90,27.86,27.79,27.73,27.66,27.62,27.63,27.63,27.63,27.57,27.50,27.43,27.36,27.27,27.18,27.09,27.01,26.97,26.93,26.89,26.70,26.43,26.16,25.91,25.72,25.53,25.35]
OTTOWN|Charkia|H|4|[28.98,28.97,28.95,28.90,28.88,28.94,29.00,28.97,28.83,28.61,28.42,28.33,28.27,28.21,28.16,28.13,28.14,28.16,28.12,28.06,27.99,27.93,27.84,27.80,27.80,27.80,27.79,27.73,27.66,27.59,27.52,27.43,27.34,27.24,27.16,27.12,27.08,27.00,26.80,26.53,26.28,26.08,25.89,25.71,25.47]
OTTOWN|Charkia|H|5|[29.27,29.25,29.20,29.14,29.12,29.19,29.15,29.11,28.97,28.78,28.68,28.59,28.53,28.48,28.44,28.40,28.42,28.38,28.32,28.26,28.19,28.10,28.01,27.97,27.97,27.96,27.94,27.89,27.82,27.75,27.68,27.59,27.49,27.40,27.32,27.28,27.19,27.10,26.91,26.65,26.45,26.25,26.07,25.83,25.54]
OTTOWN|Charkia|H|6|[29.55,29.50,29.44,29.39,29.37,29.33,29.29,29.24,29.13,29.04,28.95,28.86,28.80,28.76,28.71,28.68,28.64,28.58,28.52,28.46,28.37,28.28,28.18,28.14,28.13,28.12,28.10,28.04,27.98,27.91,27.84,27.75,27.65,27.55,27.47,27.38,27.29,27.20,27.02,26.82,26.63,26.43,26.19,25.90,25.61]
OTTOWN|Charkia|H|7|[29.67,29.62,29.56,29.50,29.47,29.43,29.39,29.35,29.29,29.20,29.11,29.04,29.00,28.96,28.92,28.89,28.83,28.77,28.71,28.63,28.54,28.45,28.33,28.22,28.20,28.19,28.18,28.12,28.06,27.99,27.97,27.87,27.77,27.67,27.60,27.51,27.42,27.33,27.17,26.97,26.78,26.58,26.30,26.00,25.71]
OTTOWN|Charkia|H|8|[29.70,29.64,29.59,29.57,29.55,29.51,29.47,29.45,29.38,29.29,29.23,29.20,29.16,29.12,29.09,29.07,29.01,28.96,28.88,28.80,28.71,28.59,28.35,28.24,28.23,28.22,28.21,28.15,28.09,28.07,28.07,27.97,27.87,27.82,27.75,27.66,27.57,27.46,27.31,27.11,26.91,26.70,26.43,26.13,25.84]
OTTOWN|Charkia|H|9|[29.73,29.67,29.66,29.65,29.63,29.59,29.57,29.54,29.48,29.42,29.39,29.36,29.32,29.29,29.28,29.26,29.20,29.12,29.05,28.97,28.85,28.61,28.37,28.27,28.25,28.25,28.24,28.18,28.16,28.17,28.17,28.07,28.02,27.96,27.90,27.81,27.70,27.60,27.44,27.24,27.04,26.83,26.55,26.26,25.97]
OTTOWN|Charkia|H|10|[29.76,29.75,29.74,29.73,29.71,29.69,29.66,29.64,29.60,29.57,29.54,29.51,29.49,29.48,29.46,29.44,29.37,29.29,29.22,29.11,28.87,28.64,28.40,28.29,28.28,28.28,28.27,28.26,28.27,28.27,28.27,28.22,28.16,28.11,28.05,27.94,27.84,27.74,27.57,27.37,27.16,26.96,26.68,26.39,26.09]
OTTOWN|Charkia|H|11|[29.92,29.91,29.90,29.90,29.89,29.87,29.84,29.84,29.83,29.80,29.77,29.70,29.66,29.65,29.63,29.60,29.53,29.45,29.38,29.26,29.03,28.79,28.55,28.45,28.44,28.44,28.36,28.35,28.35,28.36,28.31,28.26,28.21,28.17,28.13,28.02,27.92,27.85,27.72,27.52,27.31,27.12,26.85,26.56,26.26]
OTTOWN|Charkia|H|12|[30.10,30.09,30.08,30.09,30.09,30.07,30.06,30.08,30.07,30.04,29.96,29.87,29.84,29.82,29.79,29.76,29.68,29.61,29.55,29.44,29.20,28.97,28.74,28.63,28.63,28.55,28.44,28.43,28.43,28.39,28.34,28.29,28.25,28.24,28.20,28.10,28.03,28.00,27.88,27.67,27.48,27.30,27.02,26.73,26.46]
OTTOWN|Charkia|H|13|[30.28,30.27,30.28,30.29,30.29,30.28,30.30,30.32,30.31,30.23,30.14,30.04,30.01,29.98,29.95,29.92,29.84,29.78,29.73,29.61,29.38,29.15,28.92,28.81,28.74,28.63,28.53,28.51,28.47,28.42,28.37,28.33,28.32,28.31,28.27,28.20,28.18,28.16,28.03,27.84,27.65,27.47,27.19,26.92,26.65]
OTTOWN|Charkia|H|14|[30.47,30.47,30.48,30.49,30.50,30.52,30.54,30.56,30.52,30.42,30.32,30.22,30.17,30.14,30.11,30.07,30.01,29.95,29.89,29.78,29.55,29.32,29.09,28.95,28.84,28.73,28.63,28.56,28.51,28.47,28.42,28.41,28.40,28.40,28.38,28.35,28.33,28.31,28.19,28.01,27.82,27.64,27.38,27.11,26.84]
OTTOWN|Charkia|H|15|[30.68,30.69,30.70,30.72,30.74,30.76,30.78,30.84,30.82,30.72,30.63,30.42,30.36,30.33,30.28,30.18,30.12,30.07,30.00,29.88,29.65,29.42,29.29,29.19,29.08,28.97,28.81,28.74,28.69,28.65,28.59,28.58,28.58,28.55,28.51,28.48,28.46,28.44,28.32,28.14,27.96,27.75,27.49,27.22,26.97]
OTTOWN|Charkia|H|16|[30.90,30.91,30.93,30.95,30.98,31.00,31.06,31.15,31.13,31.03,30.82,30.61,30.55,30.50,30.40,30.30,30.24,30.18,30.10,29.98,29.75,29.62,29.53,29.43,29.32,29.16,28.99,28.92,28.87,28.82,28.77,28.76,28.73,28.68,28.64,28.61,28.59,28.57,28.46,28.27,28.06,27.85,27.59,27.34,27.16]
OTTOWN|Charkia|H|17|[31.12,31.14,31.16,31.19,31.22,31.28,31.37,31.45,31.43,31.22,31.01,30.80,30.72,30.62,30.51,30.41,30.35,30.28,30.20,30.08,29.95,29.86,29.77,29.67,29.50,29.34,29.17,29.10,29.05,28.99,28.94,28.91,28.86,28.81,28.77,28.75,28.73,28.70,28.59,28.38,28.17,27.96,27.72,27.54,27.36]
OTTOWN|Charkia|H|18|[31.36,31.39,31.41,31.44,31.49,31.57,31.66,31.74,31.60,31.38,31.17,30.96,30.84,30.74,30.63,30.52,30.44,30.37,30.30,30.21,30.12,30.03,29.94,29.81,29.64,29.48,29.32,29.26,29.20,29.15,29.09,29.04,28.99,28.94,28.90,28.88,28.86,28.84,28.70,28.48,28.27,28.09,27.93,27.75,27.57]
OTTOWN|Charkia|H|19|[31.63,31.66,31.68,31.71,31.76,31.85,31.93,31.86,31.71,31.49,31.28,31.09,30.97,30.87,30.74,30.60,30.53,30.46,30.36,30.26,30.17,30.08,30.00,29.87,29.70,29.55,29.45,29.39,29.33,29.28,29.22,29.17,29.12,29.08,29.05,29.02,29.00,28.94,28.79,28.58,28.40,28.33,28.17,27.99,27.83]
OTTOWN|Charkia|H|20|[31.90,31.93,31.96,31.99,32.04,32.12,32.05,31.97,31.82,31.61,31.41,31.22,31.10,30.98,30.83,30.69,30.61,30.52,30.42,30.32,30.23,30.14,30.06,29.93,29.78,29.68,29.58,29.52,29.46,29.40,29.35,29.30,29.26,29.22,29.19,29.17,29.10,29.04,28.89,28.71,28.64,28.56,28.40,28.24,28.10]
OTTOWN|Charkia|H|21|[32.17,32.20,32.23,32.26,32.31,32.24,32.16,32.08,31.93,31.74,31.55,31.35,31.21,31.06,30.92,30.77,30.68,30.57,30.47,30.37,30.29,30.20,30.12,30.00,29.91,29.81,29.71,29.64,29.59,29.53,29.48,29.44,29.40,29.36,29.33,29.27,29.20,29.14,29.02,28.95,28.87,28.80,28.66,28.52,28.38]
OTTOWN|Charkia|H|22|[32.32,32.35,32.38,32.41,32.38,32.30,32.22,32.15,32.01,31.82,31.63,31.48,31.35,31.20,31.05,30.86,30.76,30.66,30.55,30.45,30.37,30.28,30.21,30.14,30.04,29.94,29.87,29.82,29.77,29.71,29.58,29.54,29.51,29.47,29.39,29.32,29.26,29.20,29.13,29.06,28.98,28.92,28.80,28.66,28.52]
OTTOWN|Charkia|H|23|[32.39,32.42,32.45,32.44,32.41,32.33,32.26,32.19,32.06,31.87,31.72,31.65,31.51,31.36,31.17,30.97,30.86,30.76,30.64,30.54,30.46,30.38,30.34,30.27,30.17,30.11,30.08,30.03,29.98,29.84,29.67,29.63,29.59,29.50,29.42,29.35,29.29,29.23,29.16,29.09,29.03,28.98,28.85,28.71,28.59]
OTTOWN|Charkia|H|24|[32.46,32.49,32.48,32.47,32.44,32.36,32.30,32.24,32.11,31.96,31.89,31.82,31.68,31.49,31.27,31.07,30.96,30.85,30.73,30.63,30.56,30.52,30.48,30.40,30.34,30.32,30.29,30.24,30.10,29.93,29.76,29.72,29.63,29.53,29.45,29.38,29.32,29.26,29.19,29.13,29.08,29.03,28.91,28.79,28.68]
OTTOWN|Charkia|H|25|[32.53,32.52,32.51,32.50,32.47,32.41,32.35,32.29,32.20,32.13,32.06,31.98,31.80,31.59,31.37,31.17,31.05,30.94,30.83,30.73,30.69,30.65,30.61,30.57,30.55,30.53,30.51,30.37,30.19,30.01,29.85,29.75,29.66,29.56,29.48,29.41,29.35,29.29,29.23,29.19,29.14,29.09,28.99,28.88,28.77]
OTTOWN|Charkia|H|26|[32.59,32.58,32.57,32.56,32.52,32.46,32.40,32.40,32.40,32.32,32.25,32.24,32.07,31.86,31.65,31.57,31.45,31.34,31.24,31.20,31.16,31.12,30.98,30.84,30.82,30.80,30.80,30.66,30.48,30.30,30.11,30.02,29.92,29.83,29.76,29.70,29.63,29.57,29.52,29.47,29.42,29.31,29.20,29.09,28.98]
OTTOWN|Charkia|H|27|[32.65,32.64,32.62,32.60,32.56,32.50,32.51,32.60,32.60,32.52,32.52,32.54,32.37,32.16,32.08,32.01,31.90,31.80,31.77,31.73,31.69,31.55,31.26,31.13,31.11,31.11,31.12,30.97,30.80,30.60,30.41,30.31,30.22,30.15,30.08,30.02,29.95,29.89,29.84,29.79,29.68,29.54,29.42,29.31,29.20]
OTTOWN|Charkia|H|28|[32.71,32.69,32.67,32.65,32.61,32.62,32.71,32.80,32.79,32.79,32.81,32.84,32.67,32.59,32.53,32.46,32.36,32.33,32.29,32.26,32.11,31.83,31.55,31.42,31.42,31.43,31.44,31.29,31.10,30.90,30.71,30.62,30.54,30.47,30.40,30.34,30.27,30.21,30.16,30.05,29.91,29.76,29.65,29.53,29.42]
OTTOWN|Charkia|H|29|[32.79,32.77,32.74,32.72,32.73,32.83,32.92,33.01,33.05,33.07,33.10,33.13,33.08,33.01,32.94,32.89,32.86,32.82,32.79,32.65,32.37,32.09,31.80,31.72,31.73,31.74,31.75,31.58,31.38,31.18,30.98,30.90,30.83,30.75,30.68,30.62,30.56,30.50,30.40,30.25,30.11,29.97,29.85,29.73,29.61]
OTTOWN|Charkia|H|30|[33.06,33.04,33.01,33.00,33.04,33.13,33.22,33.23,33.24,33.27,33.29,33.33,33.28,33.21,33.16,33.15,33.12,33.09,32.95,32.68,32.39,32.11,32.02,32.02,32.03,32.04,31.93,31.75,31.55,31.33,31.00,30.93,30.85,30.78,30.72,30.65,30.59,30.55,30.45,30.31,30.17,30.02,29.89,29.77,29.66]
OTTOWN|Charkia|H|31|[33.33,33.31,33.30,33.31,33.35,33.44,33.45,33.43,33.43,33.46,33.49,33.53,33.48,33.42,33.42,33.42,33.39,33.25,32.98,32.70,32.42,32.33,32.32,32.32,32.33,32.22,32.10,31.92,31.69,31.35,31.03,30.96,30.88,30.81,30.75,30.69,30.64,30.61,30.51,30.37,30.22,30.06,29.93,29.82,29.69]
OTTOWN|Charkia|H|32|[33.61,33.60,33.61,33.62,33.65,33.67,33.64,33.62,33.62,33.66,33.69,33.73,33.69,33.69,33.69,33.69,33.55,33.28,33.00,32.72,32.63,32.63,32.62,32.62,32.51,32.39,32.27,32.06,31.72,31.38,31.06,30.99,30.92,30.85,30.78,30.74,30.70,30.67,30.57,30.42,30.26,30.10,29.98,29.85,29.73]
OTTOWN|Charkia|H|33|[33.82,33.83,33.84,33.85,33.91,33.88,33.86,33.84,33.84,33.87,33.91,33.94,33.94,33.94,33.94,33.90,33.63,33.35,33.08,32.92,32.91,32.91,32.90,32.75,32.63,32.51,32.37,32.06,31.72,31.38,31.11,31.04,30.97,30.90,30.85,30.81,30.78,30.74,30.63,30.47,30.32,30.15,30.02,29.90,29.78]
OTTOWN|Charkia|H|34|[33.92,33.93,33.94,34.06,34.17,34.15,34.12,34.08,34.08,34.12,34.15,34.16,34.17,34.17,34.14,34.07,33.80,33.52,33.30,33.17,33.17,33.16,32.94,32.77,32.65,32.52,32.32,32.00,31.66,31.39,31.21,31.14,31.07,31.00,30.95,30.91,30.88,30.83,30.71,30.56,30.39,30.22,30.09,29.97,29.84]
OTTOWN|Charkia|H|35|[34.01,34.02,34.15,34.33,34.44,34.41,34.37,34.33,34.33,34.36,34.37,34.39,34.39,34.37,34.31,34.24,33.97,33.75,33.55,33.42,33.42,33.20,32.96,32.79,32.66,32.46,32.26,31.95,31.67,31.49,31.31,31.24,31.17,31.10,31.05,31.01,30.96,30.91,30.80,30.63,30.46,30.29,30.16,30.03,29.90]
OTTOWN|Charkia|H|36|[34.11,34.24,34.41,34.59,34.70,34.66,34.62,34.57,34.57,34.58,34.60,34.61,34.59,34.54,34.48,34.41,34.19,34.00,33.81,33.67,33.45,33.22,32.98,32.80,32.60,32.40,32.21,31.96,31.77,31.58,31.41,31.34,31.27,31.21,31.15,31.10,31.04,30.99,30.87,30.70,30.53,30.35,30.22,30.09,29.95]
OTTOWN|Charkia|H|37|[34.52,34.70,34.87,35.05,35.00,34.96,34.92,34.87,34.84,34.85,34.86,34.86,34.81,34.75,34.70,34.59,34.39,34.20,34.01,33.87,33.64,33.41,33.17,32.95,32.75,32.56,32.31,32.10,31.91,31.72,31.59,31.52,31.45,31.39,31.44,31.39,31.33,31.26,31.08,30.91,30.73,30.55,30.41,30.28,30.14]
OTTOWN|Charkia|H|38|[35.10,35.27,35.45,35.40,35.34,35.30,35.25,35.16,35.13,35.14,35.13,35.10,35.05,34.99,34.89,34.76,34.56,34.37,34.29,34.17,33.93,33.70,33.45,33.23,33.04,32.79,32.47,32.26,32.07,31.93,31.82,31.75,31.68,31.79,31.86,31.81,31.73,31.55,31.37,31.20,31.02,30.83,30.69,30.55,30.45]
OTTOWN|Charkia|H|39|[35.68,35.85,35.80,35.74,35.68,35.63,35.54,35.45,35.42,35.41,35.38,35.34,35.29,35.19,35.06,34.92,34.73,34.65,34.58,34.46,34.22,33.98,33.73,33.52,33.27,32.95,32.63,32.42,32.28,32.16,32.04,31.98,32.09,32.21,32.28,32.20,32.02,31.84,31.66,31.48,31.29,31.11,30.97,30.86,30.77]
OTTOWN|Charkia|H|40|[36.25,36.21,36.14,36.08,36.01,35.92,35.83,35.74,35.69,35.65,35.62,35.58,35.48,35.35,35.23,35.09,35.02,34.95,34.88,34.75,34.51,34.26,34.02,33.75,33.43,33.11,32.79,32.63,32.51,32.39,32.27,32.39,32.51,32.63,32.67,32.49,32.31,32.13,31.95,31.76,31.57,31.39,31.27,31.18,31.08]
OTTOWN|Charkia|H|41|[36.38,36.31,36.25,36.21,36.22,36.13,36.04,35.92,35.82,35.79,35.75,35.76,35.65,35.53,35.40,35.32,35.25,35.18,35.13,35.04,34.79,34.55,34.42,34.25,33.94,33.62,33.34,33.19,33.07,32.95,32.70,32.82,32.95,33.03,32.92,32.74,32.56,32.43,32.30,32.11,31.93,31.80,31.71,31.62,31.52]
OTTOWN|Charkia|H|42|[36.45,36.39,36.35,36.41,36.42,36.33,36.20,36.04,35.94,35.91,35.91,35.93,35.83,35.70,35.62,35.55,35.48,35.42,35.41,35.33,35.08,34.96,34.99,34.82,34.50,34.22,33.95,33.80,33.68,33.40,33.14,33.27,33.35,33.28,33.17,32.99,32.86,32.80,32.67,32.48,32.36,32.26,32.17,32.08,31.66]
OTTOWN|Charkia|H|43|[36.52,36.48,36.54,36.60,36.62,36.49,36.32,36.16,36.06,36.07,36.08,36.10,36.00,35.93,35.85,35.78,35.72,35.71,35.70,35.62,35.49,35.52,35.55,35.38,35.10,34.83,34.56,34.42,34.14,33.85,33.59,33.67,33.60,33.52,33.41,33.29,33.23,33.17,33.04,32.91,32.82,32.72,32.63,32.21,31.78]
OTTOWN|Charkia|H|44|[36.62,36.69,36.75,36.81,36.80,36.64,36.47,36.30,36.26,36.27,36.29,36.31,36.22,36.15,36.08,36.01,36.00,35.99,35.98,35.98,36.01,36.04,36.07,35.93,35.66,35.40,35.13,34.88,34.59,34.30,33.98,33.90,33.83,33.75,33.67,33.61,33.56,33.50,33.43,33.33,33.23,33.14,32.78,32.34,31.91]
OTTOWN|Charkia|END
OTTOWN|Dorida|HEAD|i_House_Big_02_V1_F|Land_i_House_Big_02_V1_F|[19343.342,13235.365,38.639]|51.31|false|61|2|3
OTTOWN|Dorida|BOX|[-5.33,-12.09,5.33,12.09,-6.09,6.09]
OTTOWN|Dorida|DOOR|main|[19335.61,13235.14,39.04]|321.3|3.50
OTTOWN|Dorida|DOOR|side|[19347.54,13238.60,39.02]|51.3|1.25
OTTOWN|Dorida|BPOS|[[19341.10,13229.04,39.07],[19340.79,13233.20,39.07],[19338.88,13232.52,42.51],[19350.31,13236.74,42.49],[19348.86,13235.59,39.05],[19348.25,13233.86,42.49],[19347.00,13238.04,42.50],[19344.60,13237.23,42.50],[19345.20,13235.47,39.06]]
OTTOWN|Dorida|OBJ|building|Land_i_House_Big_01_V1_F|[19308.45,13214.74,38.34]|330.2|[-7.89,-8.48,7.89,8.48,-6.61,6.61]
OTTOWN|Dorida|OBJ|building|treebin_f.p3d|[19316.73,13201.08,38.78]|0.0|[-1.24,-1.26,1.24,1.26,-0.43,0.43]
OTTOWN|Dorida|OBJ|building|Land_i_Addon_03_V1_F|[19331.55,13216.85,38.27]|323.9|[-5.02,-4.11,5.02,4.11,-3.05,3.05]
OTTOWN|Dorida|OBJ|building|Land_i_Addon_04_V1_F|[19326.89,13223.25,38.28]|144.1|[-5.02,-3.98,5.02,3.98,-2.94,2.94]
OTTOWN|Dorida|OBJ|building|water_source_f.p3d|[19325.45,13229.78,38.05]|143.8|[-1.31,-0.87,1.31,0.87,-1.53,1.53]
OTTOWN|Dorida|OBJ|building|treebin_f.p3d|[19320.00,13218.12,38.28]|0.0|[-1.24,-1.26,1.24,1.26,-0.43,0.43]
OTTOWN|Dorida|OBJ|building|treebin_f.p3d|[19333.92,13228.06,38.46]|0.0|[-1.24,-1.26,1.24,1.26,-0.43,0.43]
OTTOWN|Dorida|OBJ|building|treebin_f.p3d|[19338.57,13222.07,38.73]|0.0|[-1.24,-1.26,1.24,1.26,-0.43,0.43]
OTTOWN|Dorida|OBJ|building|treebin_f.p3d|[19324.10,13212.02,38.53]|0.0|[-1.24,-1.26,1.24,1.26,-0.43,0.43]
OTTOWN|Dorida|OBJ|building|treebin_f.p3d|[19323.65,13227.90,38.06]|0.0|[-1.24,-1.26,1.24,1.26,-0.43,0.43]
OTTOWN|Dorida|OBJ|building|Land_i_Addon_02_V1_F|[19350.44,13228.37,38.63]|321.7|[-4.54,-4.94,4.54,4.94,-3.71,3.71]
OTTOWN|Dorida|OBJ|building|Land_i_House_Big_02_V1_F|[19318.00,13242.61,37.52]|143.3|[-5.33,-12.09,5.33,12.09,-6.09,6.09]
OTTOWN|Dorida|OBJ|building|Land_i_House_Big_02_V2_F|[19310.46,13235.63,37.34]|323.1|[-5.33,-12.09,5.33,12.09,-6.09,6.09]
OTTOWN|Dorida|OBJ|building|Land_i_House_Small_02_V2_F|[19308.06,13253.72,36.68]|144.0|[-8.20,-4.64,8.20,4.64,-4.71,4.71]
OTTOWN|Dorida|OBJ|building|Land_u_Shop_02_V1_F|[19331.44,13252.55,37.86]|322.2|[-8.56,-5.44,8.56,5.44,-6.24,6.24]
OTTOWN|Dorida|OBJ|building|Land_i_Garage_V1_F|[19338.93,13241.98,38.47]|141.9|[-9.00,-3.69,9.00,3.69,-3.37,3.37]
OTTOWN|Dorida|OBJ|building|Land_i_Shop_01_V3_F|[19374.57,13252.27,38.63]|327.0|[-4.75,-10.13,4.75,10.13,-6.46,6.46]
OTTOWN|Dorida|OBJ|building|Land_u_Addon_01_V1_F|[19364.56,13251.93,38.27]|56.5|[-6.50,-4.51,6.50,4.51,-3.42,3.42]
OTTOWN|Dorida|OBJ|building|treebin_f.p3d|[19377.82,13244.53,38.65]|0.0|[-1.24,-1.26,1.24,1.26,-0.43,0.43]
OTTOWN|Dorida|OBJ|building|treebin_f.p3d|[19371.70,13240.36,38.66]|0.0|[-1.24,-1.26,1.24,1.26,-0.43,0.43]
OTTOWN|Dorida|OBJ|building|Land_i_Shop_02_V2_F|[19381.55,13258.70,38.18]|56.1|[-8.58,-5.44,8.58,5.44,-6.24,6.24]
OTTOWN|Dorida|OBJ|building|treebin_f.p3d|[19384.52,13248.88,38.59]|0.0|[-1.24,-1.26,1.24,1.26,-0.43,0.43]
OTTOWN|Dorida|OBJ|building|Land_i_House_Big_01_V2_F|[19347.35,13276.82,37.64]|326.3|[-7.89,-8.48,7.89,8.48,-6.61,6.61]
OTTOWN|Dorida|OBJ|building|Land_i_Shop_02_V1_F|[19323.81,13262.36,37.06]|323.7|[-8.58,-5.44,8.58,5.44,-6.24,6.24]
OTTOWN|Dorida|OBJ|building|Land_i_House_Big_02_V3_F|[19359.54,13262.81,37.95]|53.6|[-5.33,-12.09,5.33,12.09,-6.09,6.09]
OTTOWN|Dorida|OBJ|wall|city_8m_f.p3d|[19348.36,13193.74,39.28]|249.8|[-3.53,-0.25,3.53,0.25,-2.08,2.08]
OTTOWN|Dorida|OBJ|wall|city_8m_f.p3d|[19344.30,13195.41,39.22]|147.2|[-3.53,-0.25,3.53,0.25,-2.08,2.08]
OTTOWN|Dorida|OBJ|wall|city_4m_f.p3d|[19339.91,13192.54,39.23]|325.1|[-1.79,-0.24,1.79,0.24,-2.08,2.08]
OTTOWN|Dorida|OBJ|wall|concrete_smallwall_8m_f.p3d|[19358.12,13197.59,38.49]|143.0|[-4.00,-0.26,4.00,0.26,-1.15,1.15]
OTTOWN|Dorida|OBJ|wall|stone_8m_f.p3d|[19319.65,13203.83,38.71]|59.8|[-4.26,-0.35,4.26,0.35,-1.30,1.30]
OTTOWN|Dorida|OBJ|wall|stone_4m_f.p3d|[19316.91,13208.50,38.51]|59.3|[-2.22,-0.36,2.22,0.36,-1.29,1.29]
OTTOWN|Dorida|OBJ|wall|stone_pillar_f.p3d|[19316.04,13209.93,38.45]|59.7|[-0.45,-0.44,0.45,0.44,-1.79,1.79]
OTTOWN|Dorida|OBJ|wall|city2_8m_f.p3d|[19329.19,13205.34,38.73]|144.2|[-3.51,-0.25,3.51,0.25,-2.09,2.09]
OTTOWN|Dorida|OBJ|wall|city2_8m_f.p3d|[19349.13,13220.79,38.89]|141.2|[-3.51,-0.25,3.51,0.25,-2.09,2.09]
OTTOWN|Dorida|OBJ|wall|city2_8m_f.p3d|[19343.83,13216.52,38.97]|141.2|[-3.51,-0.25,3.51,0.25,-2.09,2.09]
OTTOWN|Dorida|OBJ|wall|city2_4m_f.p3d|[19325.40,13204.49,38.84]|236.7|[-1.76,-0.25,1.76,0.25,-2.09,2.09]
OTTOWN|Dorida|OBJ|wall|city2_4m_f.p3d|[19333.28,13208.34,38.82]|142.4|[-1.76,-0.25,1.76,0.25,-2.09,2.09]
OTTOWN|Dorida|OBJ|wall|city2_4m_f.p3d|[19339.84,13213.34,38.88]|141.8|[-1.76,-0.25,1.76,0.25,-2.09,2.09]
OTTOWN|Dorida|OBJ|wall|stone_pillar_f.p3d|[19321.71,13200.22,38.84]|59.8|[-0.45,-0.44,0.45,0.44,-1.79,1.79]
OTTOWN|Dorida|OBJ|wall|city_pillar_f.p3d|[19324.38,13206.08,38.33]|327.6|[-0.23,-0.24,0.23,0.24,-2.14,2.14]
OTTOWN|Dorida|OBJ|wall|city_pillar_f.p3d|[19338.42,13212.22,38.34]|323.4|[-0.23,-0.24,0.23,0.24,-2.14,2.14]
OTTOWN|Dorida|OBJ|wall|stone_8m_f.p3d|[19375.36,13213.51,39.10]|56.5|[-4.26,-0.35,4.26,0.35,-1.30,1.30]
OTTOWN|Dorida|OBJ|wall|stone_8m_f.p3d|[19376.30,13219.33,38.96]|323.7|[-4.26,-0.35,4.26,0.35,-1.30,1.30]
OTTOWN|Dorida|OBJ|wall|city2_8m_f.p3d|[19354.33,13224.96,38.76]|141.2|[-3.51,-0.25,3.51,0.25,-2.09,2.09]
OTTOWN|Dorida|OBJ|wall|concrete_smallwall_8m_f.p3d|[19365.11,13200.34,38.52]|354.8|[-4.00,-0.26,4.00,0.26,-1.15,1.15]
OTTOWN|Dorida|OBJ|wall|stone_pillar_f.p3d|[19373.08,13216.95,38.96]|324.8|[-0.45,-0.44,0.45,0.44,-1.79,1.79]
OTTOWN|Dorida|OBJ|wall|stone_pillar_f.p3d|[19377.69,13210.03,39.25]|324.8|[-0.45,-0.44,0.45,0.44,-1.79,1.79]
OTTOWN|Dorida|OBJ|wall|stone_8m_f.p3d|[19382.49,13223.87,38.97]|323.7|[-4.26,-0.35,4.26,0.35,-1.30,1.30]
OTTOWN|Dorida|OBJ|wall|pipe_fence_4m_f.p3d|[19376.93,13238.85,38.79]|326.7|[-2.08,-0.09,2.08,0.09,-0.85,0.85]
OTTOWN|Dorida|OBJ|wall|pipe_fence_4m_f.p3d|[19383.79,13243.37,38.80]|326.7|[-2.08,-0.09,2.08,0.09,-0.85,0.85]
OTTOWN|Dorida|OBJ|wall|pipe_fence_4m_f.p3d|[19380.37,13241.11,38.77]|326.7|[-2.08,-0.09,2.08,0.09,-0.85,0.85]
OTTOWN|Dorida|OBJ|wall|city_8md_f.p3d|[19358.42,13275.69,37.85]|325.8|[-3.50,-0.98,3.50,0.98,-1.80,1.80]
OTTOWN|Dorida|OBJ|wall|stone_8md_f.p3d|[19364.46,13272.36,37.70]|142.9|[-4.14,-0.76,4.14,0.76,-1.28,1.28]
OTTOWN|Dorida|OBJ|tree|t_ficusb2s_f.p3d|[19346.91,13192.21,39.26]|167.5|[-8.66,-8.23,8.66,8.23,-5.99,5.99]
OTTOWN|Dorida|OBJ|tree|t_broussonetiap1s_f.p3d|[19319.45,13218.50,38.29]|183.0|[-4.76,-4.57,4.76,4.57,-5.06,5.06]
OTTOWN|Dorida|OBJ|tree|t_phoenixc1s_f.p3d|[19316.84,13200.94,38.78]|100.0|[-4.68,-4.32,4.68,4.32,-3.89,3.89]
OTTOWN|Dorida|OBJ|tree|t_ficusb1s_f.p3d|[19327.70,13207.38,38.69]|41.5|[-5.06,-5.62,5.06,5.62,-4.61,4.61]
OTTOWN|Dorida|OBJ|tree|t_broussonetiap1s_f.p3d|[19323.76,13228.61,38.05]|234.0|[-4.76,-4.57,4.76,4.57,-5.06,5.06]
OTTOWN|Dorida|OBJ|tree|t_broussonetiap1s_f.p3d|[19333.50,13228.36,38.45]|164.1|[-4.76,-4.57,4.76,4.57,-5.06,5.06]
OTTOWN|Dorida|OBJ|tree|t_broussonetiap1s_f.p3d|[19338.43,13222.58,38.74]|208.0|[-4.76,-4.57,4.76,4.57,-5.06,5.06]
OTTOWN|Dorida|OBJ|tree|t_broussonetiap1s_f.p3d|[19324.13,13211.63,38.53]|40.0|[-4.76,-4.57,4.76,4.57,-5.06,5.06]
OTTOWN|Dorida|OBJ|tree|t_ficusb1s_f.p3d|[19368.85,13209.83,39.03]|275.0|[-5.06,-5.62,5.06,5.62,-4.61,4.61]
OTTOWN|Dorida|OBJ|tree|t_ficusb1s_f.p3d|[19381.30,13214.29,39.23]|231.1|[-5.06,-5.62,5.06,5.62,-4.61,4.61]
OTTOWN|Dorida|OBJ|tree|t_ficusb1s_f.p3d|[19371.06,13239.86,38.66]|231.9|[-5.06,-5.62,5.06,5.62,-4.61,4.61]
OTTOWN|Dorida|OBJ|tree|t_ficusb1s_f.p3d|[19359.54,13253.59,38.20]|97.6|[-5.06,-5.62,5.06,5.62,-4.61,4.61]
OTTOWN|Dorida|OBJ|tree|t_ficusb1s_f.p3d|[19377.57,13245.28,38.65]|342.9|[-5.06,-5.62,5.06,5.62,-4.61,4.61]
OTTOWN|Dorida|OBJ|tree|t_ficusb1s_f.p3d|[19383.96,13248.29,38.59]|222.9|[-5.06,-5.62,5.06,5.62,-4.61,4.61]
OTTOWN|Dorida|ROAD|TRACK|10.0|[19353.18,13210.98,38.94]|[19324.85,13192.50,39.02]
OTTOWN|Dorida|ROAD|TRACK|10.0|[19370.22,13225.04,38.92]|[19353.18,13210.98,38.94]
OTTOWN|Dorida|ROAD|TRACK|10.0|[19380.47,13232.87,38.88]|[19370.22,13225.04,38.92]
OTTOWN|Dorida|ROAD|TRACK|10.0|[19336.06,13267.79,37.43]|[19350.58,13250.12,38.24]
OTTOWN|Dorida|ROAD|TRACK|10.0|[19350.58,13250.12,38.24]|[19365.98,13233.46,38.78]
OTTOWN|Dorida|ROAD|TRACK|10.0|[19365.98,13233.46,38.78]|[19372.60,13226.63,38.91]
OTTOWN|Dorida|ROAD|TRACK|10.0|[19324.32,13286.96,36.07]|[19336.06,13267.79,37.43]
OTTOWN|Dorida|H|0|[39.07,39.11,39.14,39.17,39.14,39.13,39.12,39.10,39.09,39.07,39.06,39.07,39.06,39.05,39.03,39.06,39.10,39.14,39.17,39.20,39.24,39.28,39.31,39.32,39.33,39.35,39.35,39.36,39.36,39.36,39.47,39.47,39.48,39.51,39.64,39.75,39.85,39.96,40.04,40.13,40.21,40.18,40.16,40.15,40.14]
OTTOWN|Dorida|H|1|[38.97,39.00,39.04,39.07,39.06,39.04,39.03,39.04,39.03,39.02,39.01,39.00,38.99,38.98,38.97,39.01,39.05,39.08,39.11,39.15,39.20,39.24,39.26,39.27,39.29,39.30,39.30,39.31,39.31,39.31,39.32,39.32,39.33,39.37,39.47,39.58,39.69,39.77,39.85,39.93,40.01,40.03,40.02,40.00,40.01]
OTTOWN|Dorida|H|2|[38.82,38.86,38.90,38.94,38.92,38.91,38.95,38.98,38.96,38.95,38.96,38.95,38.94,38.93,38.94,38.97,39.01,39.03,39.05,39.10,39.14,39.16,39.17,39.19,39.20,39.21,39.22,39.22,39.22,39.22,39.23,39.23,39.26,39.32,39.43,39.53,39.60,39.67,39.76,39.84,39.92,39.93,39.92,39.93,39.97]
OTTOWN|Dorida|H|3|[38.68,38.72,38.77,38.80,38.79,38.83,38.88,38.91,38.89,38.90,38.90,38.90,38.89,38.90,38.91,38.94,38.96,38.98,38.99,39.04,39.06,39.07,39.09,39.10,39.11,39.13,39.13,39.13,39.13,39.13,39.13,39.17,39.21,39.27,39.38,39.45,39.51,39.58,39.67,39.74,39.82,39.84,39.84,39.89,39.93]
OTTOWN|Dorida|H|4|[38.54,38.58,38.63,38.67,38.71,38.76,38.81,38.84,38.84,38.85,38.85,38.85,38.86,38.87,38.87,38.89,38.90,38.92,38.94,38.96,38.97,38.99,39.00,39.02,39.03,39.04,39.05,39.04,39.04,39.04,39.07,39.12,39.17,39.22,39.29,39.36,39.42,39.49,39.57,39.65,39.73,39.76,39.80,39.85,39.89]
OTTOWN|Dorida|H|5|[38.43,38.47,38.52,38.59,38.64,38.69,38.74,38.76,38.76,38.77,38.79,38.81,38.81,38.82,38.82,38.84,38.85,38.86,38.91,38.93,38.94,38.96,38.97,38.98,38.99,39.00,39.00,39.00,38.99,38.99,39.03,39.08,39.13,39.14,39.20,39.26,39.33,39.41,39.49,39.56,39.64,39.69,39.73,39.77,39.84]
OTTOWN|Dorida|H|6|[38.33,38.38,38.44,38.51,38.56,38.61,38.64,38.66,38.67,38.69,38.74,38.76,38.76,38.77,38.77,38.78,38.80,38.85,38.90,38.92,38.93,38.94,38.95,38.97,38.98,38.98,38.97,38.97,38.97,38.96,39.00,39.05,39.04,39.04,39.10,39.17,39.25,39.33,39.41,39.48,39.55,39.60,39.64,39.71,39.79]
OTTOWN|Dorida|H|7|[38.23,38.30,38.37,38.43,38.48,38.51,38.54,38.56,38.59,38.64,38.69,38.71,38.71,38.71,38.72,38.73,38.78,38.84,38.90,38.91,38.92,38.93,38.94,38.95,38.95,38.95,38.95,38.94,38.94,38.93,38.98,38.97,38.95,38.94,39.01,39.09,39.17,39.26,39.33,39.40,39.46,39.51,39.58,39.66,39.74]
OTTOWN|Dorida|H|8|[38.15,38.22,38.29,38.35,38.38,38.42,38.45,38.48,38.54,38.59,38.64,38.66,38.66,38.66,38.66,38.72,38.78,38.84,38.89,38.90,38.91,38.92,38.92,38.92,38.92,38.92,38.92,38.91,38.91,38.90,38.89,38.87,38.85,38.85,38.93,39.01,39.10,39.17,39.24,39.31,39.37,39.45,39.53,39.61,39.70]
OTTOWN|Dorida|H|9|[38.05,38.12,38.20,38.28,38.31,38.34,38.37,38.40,38.45,38.51,38.57,38.60,38.60,38.60,38.62,38.67,38.74,38.80,38.85,38.86,38.87,38.90,38.94,38.94,38.94,38.94,38.93,38.93,38.92,38.91,38.89,38.87,38.85,38.85,38.93,39.01,39.08,39.12,39.19,39.26,39.31,39.38,39.46,39.54,39.64]
OTTOWN|Dorida|H|10|[37.96,38.03,38.13,38.21,38.24,38.27,38.29,38.32,38.37,38.44,38.52,38.54,38.55,38.56,38.57,38.63,38.69,38.75,38.81,38.82,38.85,38.92,38.96,38.96,38.95,38.95,38.95,38.94,38.93,38.92,38.90,38.88,38.86,38.85,38.94,39.00,39.03,39.08,39.14,39.19,39.23,39.30,39.38,39.48,39.58]
OTTOWN|Dorida|H|11|[37.87,37.96,38.06,38.14,38.17,38.19,38.21,38.24,38.31,38.38,38.46,38.49,38.50,38.51,38.53,38.58,38.65,38.71,38.77,38.80,38.87,38.93,38.97,38.97,38.97,38.97,38.96,38.95,38.94,38.92,38.91,38.88,38.86,38.86,38.92,38.95,38.98,39.03,39.08,39.12,39.16,39.23,39.33,39.43,39.53]
OTTOWN|Dorida|H|12|[37.80,37.89,37.99,38.06,38.08,38.10,38.12,38.16,38.24,38.31,38.39,38.43,38.44,38.46,38.48,38.54,38.60,38.67,38.73,38.80,38.87,38.94,38.99,38.98,38.98,38.98,38.97,38.95,38.94,38.93,38.91,38.88,38.86,38.86,38.89,38.91,38.94,38.98,39.02,39.06,39.10,39.17,39.27,39.37,39.47]
OTTOWN|Dorida|H|13|[37.72,37.82,37.90,37.96,37.98,38.00,38.00,38.02,38.10,38.18,38.28,38.33,38.34,38.36,38.42,38.49,38.55,38.62,38.69,38.76,38.83,38.91,38.97,38.96,38.96,38.95,38.93,38.92,38.91,38.90,38.88,38.86,38.85,38.86,38.89,38.92,38.94,38.97,39.01,39.05,39.06,39.13,39.24,39.33,39.35]
OTTOWN|Dorida|H|14|[37.65,37.74,37.80,37.86,37.87,37.88,37.87,37.89,37.97,38.07,38.18,38.23,38.25,38.31,38.37,38.43,38.50,38.57,38.64,38.71,38.80,38.89,38.95,38.95,38.93,38.92,38.90,38.89,38.88,38.87,38.85,38.84,38.85,38.87,38.90,38.92,38.93,38.96,39.00,39.01,39.02,39.10,39.19,39.21,39.23]
OTTOWN|Dorida|H|15|[37.57,37.63,37.70,37.75,37.75,37.74,37.73,37.76,37.86,37.97,38.08,38.13,38.19,38.25,38.32,38.38,38.45,38.53,38.60,38.68,38.78,38.88,38.93,38.92,38.90,38.88,38.87,38.86,38.85,38.85,38.84,38.85,38.86,38.87,38.89,38.91,38.93,38.95,38.97,38.98,38.99,39.05,39.07,39.09,39.11]
OTTOWN|Dorida|H|16|[37.47,37.54,37.60,37.68,37.66,37.65,37.64,37.67,37.78,37.88,38.00,38.08,38.14,38.20,38.27,38.34,38.41,38.49,38.57,38.66,38.76,38.86,38.90,38.88,38.86,38.85,38.83,38.82,38.81,38.82,38.83,38.84,38.86,38.88,38.89,38.91,38.92,38.93,38.94,38.95,38.96,38.97,38.99,39.01,39.02]
OTTOWN|Dorida|H|17|[37.39,37.45,37.55,37.65,37.64,37.62,37.58,37.60,37.71,37.82,37.95,38.04,38.10,38.16,38.24,38.31,38.38,38.46,38.55,38.65,38.74,38.82,38.86,38.84,38.82,38.78,38.76,38.75,38.76,38.81,38.82,38.83,38.85,38.88,38.90,38.92,38.91,38.92,38.93,38.94,38.94,38.95,38.97,38.98,38.99]
OTTOWN|Dorida|H|18|[37.31,37.40,37.52,37.62,37.61,37.56,37.51,37.53,37.64,37.77,37.91,37.99,38.06,38.13,38.21,38.28,38.36,38.44,38.53,38.63,38.70,38.78,38.82,38.80,38.76,38.72,38.70,38.71,38.75,38.79,38.81,38.83,38.86,38.89,38.91,38.91,38.90,38.90,38.91,38.91,38.92,38.93,38.94,38.95,38.96]
OTTOWN|Dorida|H|19|[37.26,37.37,37.49,37.59,37.54,37.49,37.44,37.46,37.59,37.73,37.86,37.95,38.02,38.10,38.17,38.25,38.34,38.43,38.51,38.59,38.66,38.74,38.77,38.73,38.69,38.65,38.65,38.70,38.74,38.78,38.81,38.84,38.87,38.90,38.90,38.89,38.89,38.89,38.89,38.89,38.90,38.90,38.91,38.92,38.92]
OTTOWN|Dorida|H|20|[37.17,37.29,37.40,37.45,37.40,37.35,37.30,37.36,37.50,37.63,37.77,37.87,37.95,38.02,38.12,38.21,38.29,38.38,38.46,38.54,38.61,38.68,38.69,38.65,38.61,38.58,38.60,38.65,38.69,38.72,38.75,38.78,38.82,38.85,38.84,38.84,38.84,38.87,38.87,38.88,38.88,38.89,38.89,38.90,38.90]
OTTOWN|Dorida|H|21|[37.06,37.17,37.24,37.27,37.22,37.18,37.18,37.24,37.37,37.51,37.67,37.77,37.85,37.95,38.06,38.15,38.24,38.32,38.40,38.47,38.55,38.59,38.60,38.56,38.53,38.51,38.54,38.58,38.61,38.63,38.67,38.70,38.74,38.77,38.77,38.77,38.83,38.86,38.86,38.86,38.87,38.88,38.88,38.89,38.90]
OTTOWN|Dorida|H|22|[36.94,37.00,37.06,37.09,37.05,37.05,37.06,37.12,37.26,37.42,37.57,37.68,37.77,37.89,38.00,38.09,38.17,38.26,38.34,38.41,38.45,38.49,38.50,38.47,38.46,38.45,38.47,38.50,38.53,38.55,38.58,38.62,38.66,38.70,38.70,38.76,38.81,38.85,38.85,38.85,38.86,38.86,38.87,38.88,38.89]
OTTOWN|Dorida|H|23|[36.77,36.82,36.88,36.92,36.92,36.93,36.94,37.00,37.16,37.32,37.47,37.60,37.72,37.83,37.94,38.03,38.11,38.20,38.27,38.32,38.36,38.40,38.42,38.41,38.39,38.38,38.39,38.42,38.44,38.46,38.50,38.55,38.59,38.63,38.69,38.74,38.80,38.83,38.84,38.84,38.85,38.86,38.86,38.87,38.88]
OTTOWN|Dorida|H|24|[36.73,36.78,36.83,36.86,36.87,36.87,36.90,37.02,37.18,37.33,37.42,37.50,37.62,37.73,37.87,37.96,38.04,38.13,38.23,38.28,38.32,38.36,38.38,38.37,38.35,38.36,38.38,38.40,38.43,38.42,38.46,38.50,38.54,38.55,38.61,38.66,38.71,38.73,38.74,38.74,38.79,38.83,38.83,38.84,38.87]
OTTOWN|Dorida|H|25|[36.70,36.75,36.78,36.81,36.81,36.85,36.93,37.04,37.20,37.28,37.32,37.41,37.52,37.66,37.80,37.89,37.98,38.09,38.20,38.24,38.28,38.32,38.34,38.33,38.33,38.35,38.37,38.39,38.39,38.37,38.41,38.45,38.45,38.46,38.52,38.57,38.60,38.63,38.63,38.68,38.76,38.79,38.80,38.83,38.86]
OTTOWN|Dorida|H|26|[36.66,36.70,36.73,36.75,36.79,36.87,36.95,37.07,37.15,37.18,37.22,37.31,37.45,37.59,37.74,37.83,37.94,38.06,38.16,38.20,38.24,38.29,38.30,38.31,38.33,38.34,38.36,38.35,38.34,38.33,38.36,38.36,38.37,38.38,38.43,38.46,38.50,38.52,38.57,38.65,38.73,38.76,38.79,38.82,38.85]
OTTOWN|Dorida|H|27|[36.61,36.64,36.68,36.72,36.80,36.89,36.97,37.03,37.06,37.10,37.13,37.24,37.38,37.53,37.67,37.78,37.89,38.01,38.11,38.15,38.20,38.24,38.28,38.29,38.31,38.32,38.33,38.31,38.30,38.29,38.29,38.29,38.30,38.30,38.34,38.37,38.41,38.45,38.53,38.61,38.69,38.73,38.76,38.79,38.83]
OTTOWN|Dorida|H|28|[36.58,36.61,36.65,36.71,36.79,36.87,36.94,36.99,37.03,37.06,37.10,37.21,37.35,37.49,37.57,37.68,37.79,37.91,38.02,38.07,38.11,38.17,38.21,38.23,38.25,38.29,38.30,38.28,38.27,38.27,38.28,38.28,38.28,38.29,38.32,38.36,38.37,38.40,38.48,38.56,38.59,38.61,38.64,38.68,38.76]
OTTOWN|Dorida|H|29|[36.54,36.58,36.63,36.69,36.77,36.84,36.91,36.96,36.99,37.03,37.06,37.17,37.31,37.39,37.47,37.58,37.70,37.82,37.94,37.98,38.04,38.11,38.15,38.17,38.21,38.26,38.27,38.26,38.26,38.26,38.26,38.27,38.27,38.27,38.31,38.32,38.31,38.34,38.42,38.45,38.47,38.50,38.53,38.61,38.68]
OTTOWN|Dorida|H|30|[36.51,36.56,36.61,36.67,36.74,36.81,36.87,36.92,36.96,36.99,37.03,37.13,37.21,37.29,37.37,37.49,37.61,37.74,37.85,37.91,37.98,38.04,38.09,38.13,38.18,38.23,38.24,38.24,38.24,38.25,38.25,38.25,38.25,38.26,38.27,38.26,38.25,38.29,38.31,38.33,38.35,38.38,38.46,38.53,38.61]
OTTOWN|Dorida|H|31|[36.42,36.48,36.53,36.61,36.68,36.74,36.80,36.88,36.92,36.95,36.99,37.07,37.15,37.23,37.30,37.42,37.55,37.67,37.78,37.85,37.92,37.99,38.03,38.07,38.12,38.17,38.18,38.19,38.19,38.20,38.21,38.21,38.21,38.21,38.20,38.20,38.19,38.22,38.23,38.25,38.27,38.32,38.40,38.47,38.53]
OTTOWN|Dorida|H|32|[36.25,36.30,36.39,36.50,36.56,36.62,36.74,36.83,36.86,36.90,36.99,37.07,37.15,37.22,37.27,37.39,37.52,37.63,37.72,37.79,37.86,37.89,37.92,37.97,38.02,38.06,38.08,38.08,38.09,38.13,38.13,38.13,38.14,38.14,38.14,38.13,38.16,38.19,38.20,38.22,38.23,38.28,38.36,38.42,38.46]
OTTOWN|Dorida|H|33|[36.07,36.16,36.28,36.38,36.45,36.56,36.69,36.77,36.81,36.90,36.99,37.07,37.14,37.19,37.24,37.36,37.47,37.57,37.67,37.73,37.76,37.78,37.82,37.86,37.91,37.95,37.97,37.98,38.02,38.06,38.06,38.06,38.07,38.08,38.07,38.10,38.13,38.16,38.17,38.18,38.19,38.24,38.31,38.35,38.39]
OTTOWN|Dorida|H|34|[35.93,36.05,36.16,36.27,36.38,36.51,36.63,36.73,36.81,36.90,36.98,37.05,37.10,37.16,37.21,37.31,37.41,37.51,37.61,37.64,37.66,37.68,37.71,37.76,37.80,37.84,37.87,37.91,37.94,37.98,37.99,38.00,38.00,38.01,38.04,38.07,38.10,38.13,38.13,38.14,38.15,38.19,38.23,38.27,38.31]
OTTOWN|Dorida|H|35|[35.75,35.86,35.98,36.16,36.28,36.41,36.54,36.64,36.73,36.81,36.92,37.01,37.06,37.11,37.19,37.29,37.39,37.49,37.56,37.58,37.60,37.62,37.65,37.70,37.74,37.78,37.83,37.86,37.90,37.95,37.96,37.97,37.98,37.98,38.01,38.04,38.07,38.09,38.10,38.11,38.13,38.18,38.22,38.26,38.29]
OTTOWN|Dorida|H|36|[35.53,35.64,35.84,36.04,36.16,36.29,36.42,36.52,36.61,36.72,36.87,36.95,37.00,37.08,37.18,37.28,37.38,37.46,37.53,37.55,37.57,37.59,37.62,37.66,37.71,37.75,37.80,37.83,37.88,37.94,37.95,37.96,37.95,37.95,37.98,38.01,38.04,38.06,38.07,38.09,38.15,38.19,38.23,38.27,38.29]
OTTOWN|Dorida|H|37|[35.31,35.51,35.72,35.92,36.04,36.17,36.30,36.40,36.51,36.66,36.82,36.90,36.98,37.08,37.17,37.27,37.35,37.43,37.49,37.51,37.53,37.55,37.58,37.63,37.68,37.73,37.77,37.81,37.87,37.93,37.94,37.93,37.93,37.92,37.96,37.98,38.01,38.03,38.05,38.11,38.16,38.21,38.24,38.27,38.30]
OTTOWN|Dorida|H|38|[35.17,35.39,35.60,35.80,35.92,36.05,36.18,36.31,36.46,36.61,36.76,36.87,36.97,37.07,37.16,37.24,37.32,37.39,37.46,37.48,37.50,37.52,37.55,37.60,37.65,37.70,37.75,37.80,37.86,37.92,37.91,37.91,37.90,37.90,37.92,37.95,37.98,38.01,38.07,38.12,38.18,38.22,38.24,38.27,38.30]
OTTOWN|Dorida|H|39|[34.99,35.20,35.41,35.59,35.72,35.84,35.98,36.14,36.29,36.44,36.68,36.84,36.94,37.03,37.11,37.19,37.26,37.34,37.42,37.44,37.46,37.51,37.58,37.63,37.68,37.72,37.76,37.82,37.87,37.84,37.83,37.82,37.81,37.81,37.84,37.87,37.89,37.93,37.99,38.05,38.14,38.19,38.22,38.24,38.30]
OTTOWN|Dorida|H|40|[34.80,35.01,35.20,35.38,35.50,35.64,35.80,35.96,36.11,36.35,36.64,36.80,36.90,36.98,37.06,37.14,37.21,37.30,37.38,37.40,37.45,37.54,37.62,37.67,37.70,37.73,37.78,37.83,37.80,37.75,37.74,37.73,37.72,37.72,37.75,37.78,37.81,37.85,37.90,37.99,38.11,38.16,38.19,38.25,38.31]
OTTOWN|Dorida|H|41|[34.60,34.79,34.99,35.17,35.30,35.46,35.62,35.78,36.02,36.31,36.60,36.76,36.85,36.93,37.01,37.08,37.17,37.26,37.34,37.38,37.48,37.58,37.65,37.69,37.72,37.75,37.79,37.76,37.71,37.66,37.65,37.64,37.64,37.64,37.66,37.69,37.72,37.76,37.85,37.97,38.08,38.13,38.19,38.25,38.32]
OTTOWN|Dorida|H|42|[34.42,34.62,34.81,34.98,35.14,35.30,35.46,35.68,35.97,36.26,36.56,36.70,36.78,36.86,36.94,37.03,37.12,37.21,37.30,37.40,37.49,37.59,37.66,37.69,37.72,37.74,37.72,37.67,37.62,37.57,37.56,37.56,37.55,37.56,37.59,37.62,37.65,37.71,37.82,37.93,38.04,38.13,38.19,38.25,38.32]
OTTOWN|Dorida|H|43|[34.41,34.61,34.77,34.90,35.06,35.22,35.38,35.59,35.88,36.18,36.42,36.55,36.63,36.71,36.83,36.92,37.00,37.10,37.22,37.32,37.42,37.51,37.57,37.60,37.63,37.67,37.65,37.60,37.55,37.49,37.48,37.48,37.48,37.52,37.55,37.58,37.60,37.66,37.78,37.89,38.01,38.09,38.15,38.22,38.26]
OTTOWN|Dorida|H|44|[34.40,34.57,34.69,34.82,34.98,35.13,35.29,35.50,35.79,36.04,36.27,36.40,36.49,36.60,36.71,36.80,36.90,37.03,37.15,37.24,37.33,37.42,37.49,37.52,37.56,37.60,37.58,37.53,37.47,37.41,37.40,37.41,37.44,37.48,37.51,37.53,37.56,37.62,37.73,37.85,37.97,38.05,38.11,38.16,38.21]
OTTOWN|Dorida|END
OTTOWN|Chalkeia|HEAD|i_House_Big_01_V1_F|Land_i_House_Big_01_V2_F|[20218.350,11646.400,55.452]|211.92|false|109|3|4
OTTOWN|Chalkeia|BOX|[-7.89,-8.48,7.89,8.48,-6.61,6.61]
OTTOWN|Chalkeia|DOOR|main|[20225.04,11650.89,56.01]|391.9|2.25
OTTOWN|Chalkeia|DOOR|side|[20211.22,11644.22,56.02]|301.9|1.00
OTTOWN|Chalkeia|BPOS|[[20214.69,11641.89,56.02],[20219.49,11650.81,59.53],[20219.26,11646.46,56.08],[20217.08,11644.85,59.42],[20212.15,11643.23,59.46],[20220.31,11644.44,59.45],[20218.54,11639.88,59.45],[20221.44,11651.64,59.52],[20223.14,11647.62,59.44]]
OTTOWN|Chalkeia|OBJ|building|ironpipes_f.p3d|[20217.10,11602.80,57.33]|142.4|[-3.17,-1.24,3.17,1.24,-0.70,0.70]
OTTOWN|Chalkeia|OBJ|building|Land_i_Addon_03_V1_F|[20185.37,11620.56,56.16]|132.6|[-5.02,-4.11,5.02,4.11,-3.05,3.05]
OTTOWN|Chalkeia|OBJ|building|Land_d_House_Small_01_V1_F|[20197.76,11635.13,56.19]|305.8|[-9.68,-9.58,9.68,9.58,-4.96,4.96]
OTTOWN|Chalkeia|OBJ|building|Land_i_House_Big_02_V2_F|[20192.26,11613.95,56.99]|313.4|[-5.33,-12.09,5.33,12.09,-6.09,6.09]
OTTOWN|Chalkeia|OBJ|building|Land_i_Shop_01_V2_F|[20200.13,11619.33,56.46]|312.6|[-4.75,-9.79,4.75,9.79,-6.46,6.46]
OTTOWN|Chalkeia|OBJ|building|Land_u_Addon_02_V1_F|[20211.91,11636.84,55.84]|124.1|[-4.57,-4.94,4.57,4.94,-3.72,3.72]
OTTOWN|Chalkeia|OBJ|building|Land_i_House_Big_01_V3_F|[20234.96,11611.08,56.98]|288.3|[-7.89,-8.48,7.89,8.48,-6.61,6.61]
OTTOWN|Chalkeia|OBJ|building|Land_i_House_Big_02_V1_F|[20251.97,11628.85,57.82]|210.4|[-5.33,-12.09,5.33,12.09,-6.09,6.09]
OTTOWN|Chalkeia|OBJ|building|Land_i_Shop_01_V3_F|[20185.32,11663.40,45.52]|86.1|[-4.75,-10.13,4.75,10.13,-6.46,6.46]
OTTOWN|Chalkeia|OBJ|building|Land_i_House_Small_01_V1_F|[20214.27,11658.84,54.46]|34.3|[-5.43,-7.64,5.43,7.64,-5.08,5.08]
OTTOWN|Chalkeia|OBJ|building|Land_u_Shop_01_V1_F|[20248.93,11647.16,55.57]|121.2|[-4.75,-10.13,4.75,10.13,-6.58,6.58]
OTTOWN|Chalkeia|OBJ|building|Land_i_Garage_V2_F|[20246.35,11640.00,55.94]|31.4|[-9.00,-3.69,9.00,3.69,-3.37,3.37]
OTTOWN|Chalkeia|OBJ|building|Land_i_Shop_02_V2_F|[20255.03,11654.26,54.93]|210.6|[-8.58,-5.44,8.58,5.44,-6.24,6.24]
OTTOWN|Chalkeia|OBJ|building|Land_u_Addon_02_V1_F|[20235.93,11676.84,52.90]|304.9|[-4.57,-4.94,4.57,4.94,-3.72,3.72]
OTTOWN|Chalkeia|OBJ|wall|stone_8m_f.p3d|[20223.57,11605.25,57.35]|307.9|[-4.26,-0.35,4.26,0.35,-1.30,1.30]
OTTOWN|Chalkeia|OBJ|wall|stone_pillar_f.p3d|[20221.23,11602.23,57.76]|38.4|[-0.45,-0.44,0.45,0.44,-1.79,1.79]
OTTOWN|Chalkeia|OBJ|wall|stone_pillar_f.p3d|[20226.20,11608.60,56.92]|38.4|[-0.45,-0.44,0.45,0.44,-1.79,1.79]
OTTOWN|Chalkeia|OBJ|wall|stone_8md_f.p3d|[20176.58,11637.07,49.25]|288.7|[-4.14,-0.76,4.14,0.76,-1.28,1.28]
OTTOWN|Chalkeia|OBJ|wall|stone_8m_f.p3d|[20177.13,11638.87,49.07]|108.5|[-4.26,-0.35,4.26,0.35,-1.30,1.30]
OTTOWN|Chalkeia|OBJ|wall|stone_pillar_f.p3d|[20175.75,11634.97,49.47]|107.8|[-0.45,-0.44,0.45,0.44,-1.79,1.79]
OTTOWN|Chalkeia|OBJ|wall|Land_Stone_Gate_F|[20241.45,11621.03,56.79]|300.5|[-2.96,-1.47,2.96,1.47,-1.71,1.71]
OTTOWN|Chalkeia|OBJ|wall|stone_4m_f.p3d|[20243.87,11624.91,56.70]|302.9|[-2.22,-0.36,2.22,0.36,-1.29,1.29]
OTTOWN|Chalkeia|OBJ|wall|stone_4m_f.p3d|[20239.05,11617.00,56.95]|301.2|[-2.22,-0.36,2.22,0.36,-1.29,1.29]
OTTOWN|Chalkeia|OBJ|wall|stone_8m_f.p3d|[20179.62,11646.83,47.78]|106.9|[-4.26,-0.35,4.26,0.35,-1.30,1.30]
OTTOWN|Chalkeia|OBJ|wall|stone_8m_f.p3d|[20182.16,11654.67,46.27]|109.5|[-4.26,-0.35,4.26,0.35,-1.30,1.30]
OTTOWN|Chalkeia|OBJ|wall|stone_4m_f.p3d|[20182.74,11669.36,44.36]|265.9|[-2.22,-0.36,2.22,0.36,-1.29,1.29]
OTTOWN|Chalkeia|OBJ|wall|stone_pillar_f.p3d|[20182.87,11667.71,44.60]|175.7|[-0.45,-0.44,0.45,0.44,-1.79,1.79]
OTTOWN|Chalkeia|OBJ|wall|stone_pillar_f.p3d|[20180.77,11650.76,46.91]|109.5|[-0.45,-0.44,0.45,0.44,-1.79,1.79]
OTTOWN|Chalkeia|OBJ|wall|stone_pillar_f.p3d|[20178.35,11642.69,48.67]|196.4|[-0.45,-0.44,0.45,0.44,-1.79,1.79]
OTTOWN|Chalkeia|OBJ|wall|stone_pillar_f.p3d|[20183.34,11658.58,45.63]|175.2|[-0.45,-0.44,0.45,0.44,-1.79,1.79]
OTTOWN|Chalkeia|OBJ|wall|stone_8md_f.p3d|[20206.89,11656.57,52.61]|304.2|[-4.14,-0.76,4.14,0.76,-1.28,1.28]
OTTOWN|Chalkeia|OBJ|wall|stone_pillar_f.p3d|[20207.46,11657.41,52.75]|216.1|[-0.45,-0.44,0.45,0.44,-1.79,1.79]
OTTOWN|Chalkeia|OBJ|wall|stone_8m_f.p3d|[20226.36,11668.49,53.55]|304.1|[-4.26,-0.35,4.26,0.35,-1.30,1.30]
OTTOWN|Chalkeia|OBJ|wall|stone_pillar_f.p3d|[20223.91,11664.91,53.83]|125.5|[-0.45,-0.44,0.45,0.44,-1.79,1.79]
OTTOWN|Chalkeia|OBJ|wall|stone_pillar_f.p3d|[20221.11,11660.96,54.06]|32.7|[-0.45,-0.44,0.45,0.44,-1.79,1.79]
OTTOWN|Chalkeia|OBJ|wall|stone_pillar_f.p3d|[20182.52,11671.08,44.24]|169.7|[-0.45,-0.44,0.45,0.44,-1.79,1.79]
OTTOWN|Chalkeia|OBJ|wall|stone_8md_f.p3d|[20202.71,11681.53,43.42]|60.8|[-4.14,-0.76,4.14,0.76,-1.28,1.28]
OTTOWN|Chalkeia|OBJ|wall|stone_pillar_f.p3d|[20200.90,11684.77,43.17]|241.4|[-0.45,-0.44,0.45,0.44,-1.79,1.79]
OTTOWN|Chalkeia|OBJ|wall|city_4m_f.p3d|[20227.88,11688.67,49.02]|240.0|[-1.79,-0.24,1.79,0.24,-2.08,2.08]
OTTOWN|Chalkeia|OBJ|wall|stone_4m_f.p3d|[20229.72,11673.38,52.99]|304.9|[-2.22,-0.36,2.22,0.36,-1.29,1.29]
OTTOWN|Chalkeia|OBJ|wall|stone_pillar_f.p3d|[20230.92,11675.19,52.78]|214.6|[-0.45,-0.44,0.45,0.44,-1.79,1.79]
OTTOWN|Chalkeia|OBJ|wall|city_pillar_f.p3d|[20228.92,11686.97,49.48]|37.9|[-0.23,-0.24,0.23,0.24,-2.14,2.14]
OTTOWN|Chalkeia|OBJ|tree|t_ficusb2s_f.p3d|[20179.70,11634.32,50.98]|330.4|[-8.66,-8.23,8.66,8.23,-5.99,5.99]
OTTOWN|Chalkeia|OBJ|tree|t_ficusb1s_f.p3d|[20190.02,11648.19,52.50]|324.9|[-5.06,-5.62,5.06,5.62,-4.61,4.61]
OTTOWN|Chalkeia|OBJ|tree|t_oleae1s_f.p3d|[20224.28,11657.04,54.81]|320.0|[-3.91,-4.12,3.91,4.12,-5.03,5.03]
OTTOWN|Chalkeia|OBJ|tree|t_oleae1s_f.p3d|[20214.77,11686.77,46.64]|197.9|[-3.91,-4.12,3.91,4.12,-5.03,5.03]
OTTOWN|Chalkeia|OBJ|tree|t_oleae1s_f.p3d|[20220.01,11679.94,50.28]|199.0|[-3.91,-4.12,3.91,4.12,-5.03,5.03]
OTTOWN|Chalkeia|OBJ|rock|stone_big_f.p3d|[20191.68,11646.23,45.94]|155.6|[-5.43,-7.24,5.43,7.24,-5.40,5.40]
OTTOWN|Chalkeia|OBJ|rock|stone_big_f.p3d|[20209.35,11666.31,46.82]|2.2|[-5.43,-7.24,5.43,7.24,-5.40,5.40]
OTTOWN|Chalkeia|ROAD|TRACK|10.0|[20224.55,11633.93,55.83]|[20213.03,11617.04,56.65]
OTTOWN|Chalkeia|ROAD|TRACK|10.0|[20237.38,11654.28,55.17]|[20224.55,11633.93,55.83]
OTTOWN|Chalkeia|H|0|[53.14,53.71,54.47,55.23,55.99,56.19,56.34,56.49,56.62,56.64,56.67,56.70,56.73,56.78,56.83,56.88,56.93,56.96,56.99,57.02,57.23,57.44,57.66,57.81,57.61,57.41,57.21,57.08,57.06,57.03,57.01,57.03,57.08,57.13,57.18,57.43,57.69,57.95,58.27,58.89,59.51,60.13,60.72,61.32,61.91]
OTTOWN|Chalkeia|H|1|[52.90,53.45,54.21,54.97,56.02,56.24,56.39,56.51,56.42,56.45,56.48,56.58,56.74,56.79,56.84,56.87,56.89,56.92,56.95,56.95,57.15,57.37,57.56,57.51,57.31,57.11,57.00,57.02,57.00,56.98,56.98,57.02,57.07,57.11,57.17,57.41,57.67,57.91,58.09,58.71,59.32,59.96,60.58,61.17,61.77]
OTTOWN|Chalkeia|H|2|[52.63,53.17,53.93,54.98,56.08,56.30,56.41,56.30,56.22,56.25,56.35,56.59,56.75,56.80,56.83,56.85,56.87,56.90,56.90,56.90,57.10,57.29,57.27,57.22,57.02,56.91,56.97,56.99,56.96,56.97,56.98,57.02,57.07,57.13,57.18,57.43,57.66,57.75,57.93,58.55,59.18,59.83,60.46,61.05,61.27]
OTTOWN|Chalkeia|H|3|[52.35,52.90,53.95,55.04,56.13,56.32,56.21,56.10,56.02,56.12,56.36,56.60,56.76,56.79,56.81,56.83,56.85,56.86,56.85,56.85,57.02,57.00,56.98,56.93,56.82,56.88,56.93,56.95,56.95,56.97,56.99,57.03,57.08,57.14,57.20,57.42,57.50,57.59,57.77,58.40,59.05,59.70,60.33,60.56,60.56]
OTTOWN|Chalkeia|H|4|[52.09,52.87,53.97,55.06,56.16,56.14,56.03,55.92,55.91,56.15,56.39,56.63,56.75,56.76,56.78,56.80,56.81,56.81,56.81,56.80,56.78,56.76,56.74,56.73,56.79,56.84,56.89,56.93,56.95,56.97,56.99,57.03,57.09,57.14,57.20,57.28,57.36,57.45,57.69,58.34,58.99,59.65,59.94,59.94,59.95]
OTTOWN|Chalkeia|H|5|[51.95,52.74,53.83,54.93,56.07,56.05,55.94,55.91,56.02,56.26,56.50,56.64,56.68,56.70,56.72,56.76,56.78,56.77,56.77,56.77,56.75,56.73,56.71,56.71,56.76,56.82,56.86,56.89,56.91,56.93,56.95,57.00,57.05,57.11,57.14,57.22,57.31,57.49,57.89,58.54,59.19,59.59,59.72,59.73,59.73]
OTTOWN|Chalkeia|H|6|[51.82,52.61,53.71,54.84,55.98,55.96,55.93,56.02,56.13,56.37,56.51,56.58,56.62,56.64,56.68,56.73,56.74,56.74,56.74,56.74,56.72,56.70,56.69,56.69,56.74,56.78,56.82,56.85,56.87,56.89,56.92,56.96,57.02,57.05,57.09,57.17,57.35,57.69,58.09,58.74,59.14,59.37,59.51,59.51,59.52]
OTTOWN|Chalkeia|H|7|[51.69,52.49,53.62,54.75,55.88,55.94,56.03,56.13,56.24,56.38,56.44,56.51,56.56,56.60,56.65,56.69,56.71,56.71,56.71,56.71,56.69,56.68,56.66,56.66,56.71,56.74,56.78,56.81,56.83,56.86,56.88,56.92,56.96,57.00,57.04,57.21,57.56,57.90,58.29,58.68,58.92,59.15,59.29,59.29,59.30]
OTTOWN|Chalkeia|H|8|[51.49,52.28,53.41,54.54,55.56,55.70,55.79,55.88,56.18,56.25,56.32,56.39,56.47,56.51,56.56,56.61,56.65,56.65,56.65,56.65,56.64,56.62,56.61,56.61,56.65,56.69,56.72,56.76,56.78,56.80,56.83,56.85,56.89,56.93,56.96,57.28,57.62,57.96,58.19,58.42,58.66,58.89,58.97,58.97,58.97]
OTTOWN|Chalkeia|H|9|[51.14,51.93,53.06,54.07,54.89,55.04,55.13,55.51,55.99,56.06,56.12,56.23,56.31,56.35,56.41,56.51,56.55,56.55,56.55,56.56,56.55,56.54,56.53,56.54,56.58,56.61,56.65,56.68,56.70,56.72,56.73,56.76,56.79,56.83,56.86,57.18,57.52,57.73,57.87,58.11,58.34,58.46,58.51,58.52,58.54]
OTTOWN|Chalkeia|H|10|[50.79,51.57,52.59,53.41,54.22,54.37,54.75,55.31,55.79,55.86,55.96,56.07,56.15,56.20,56.31,56.41,56.45,56.45,56.46,56.47,56.46,56.46,56.46,56.46,56.50,56.54,56.57,56.60,56.62,56.63,56.63,56.66,56.69,56.72,56.75,57.07,57.28,57.41,57.56,57.79,57.91,58.00,58.06,58.09,58.27]
OTTOWN|Chalkeia|H|11|[50.44,51.10,51.92,52.74,53.56,54.00,54.56,55.12,55.59,55.69,55.80,55.91,55.99,56.10,56.21,56.31,56.35,56.36,56.37,56.39,56.38,56.38,56.38,56.39,56.42,56.46,56.49,56.52,56.53,56.53,56.54,56.56,56.59,56.62,56.65,56.84,56.97,57.10,57.25,57.36,57.45,57.55,57.63,57.81,57.99]
OTTOWN|Chalkeia|H|12|[50.21,50.77,51.59,52.41,52.97,53.52,54.08,54.64,55.45,55.55,55.66,55.78,55.94,56.04,56.15,56.25,56.28,56.29,56.30,56.30,56.30,56.30,56.30,56.29,56.32,56.36,56.39,56.38,56.38,56.39,56.39,56.42,56.45,56.48,56.50,56.63,56.76,56.89,56.93,57.03,57.12,57.21,57.30,57.49,57.67]
OTTOWN|Chalkeia|H|13|[50.02,50.58,51.40,51.96,52.38,52.93,53.49,54.45,55.31,55.42,55.54,55.73,55.89,56.00,56.10,56.18,56.21,56.22,56.22,56.22,56.21,56.21,56.19,56.18,56.21,56.24,56.22,56.21,56.22,56.22,56.23,56.26,56.29,56.31,56.34,56.46,56.59,56.62,56.65,56.75,56.83,56.86,56.96,57.14,57.24]
OTTOWN|Chalkeia|H|14|[49.83,50.39,50.96,51.37,51.78,52.33,53.30,54.32,55.18,55.30,55.49,55.69,55.85,55.95,56.03,56.11,56.14,56.14,56.14,56.13,56.13,56.11,56.08,56.07,56.10,56.08,56.06,56.05,56.05,56.06,56.07,56.10,56.13,56.15,56.18,56.30,56.33,56.34,56.37,56.46,56.49,56.52,56.61,56.71,56.67]
OTTOWN|Chalkeia|H|15|[49.64,49.95,50.36,50.78,51.19,52.14,53.16,54.18,55.06,55.25,55.45,55.65,55.80,55.88,55.96,56.04,56.06,56.06,56.05,56.04,56.02,56.00,55.98,55.95,55.93,55.91,55.89,55.88,55.89,55.90,55.91,55.94,55.96,55.99,56.02,56.04,56.05,56.06,56.08,56.11,56.14,56.17,56.18,56.14,56.09]
OTTOWN|Chalkeia|H|16|[49.40,49.67,50.08,50.49,50.80,51.77,52.79,53.81,54.69,54.89,55.08,55.42,55.77,55.85,55.93,55.98,55.98,55.98,55.97,55.93,55.91,55.88,55.86,55.84,55.82,55.80,55.79,55.80,55.81,55.82,55.85,55.88,55.91,55.94,55.97,55.99,56.00,56.01,56.00,56.03,56.06,56.07,56.05,56.01,55.96]
OTTOWN|Chalkeia|H|17|[49.13,49.40,49.81,50.12,50.41,51.38,52.40,53.42,54.31,54.50,54.84,55.39,55.75,55.83,55.87,55.90,55.90,55.90,55.86,55.81,55.79,55.77,55.75,55.73,55.71,55.70,55.71,55.72,55.73,55.77,55.81,55.84,55.87,55.90,55.93,55.95,55.96,55.94,55.93,55.96,55.97,55.96,55.94,55.90,55.88]
OTTOWN|Chalkeia|H|18|[48.86,49.13,49.44,49.73,50.02,50.99,52.01,53.04,53.92,54.25,54.81,55.37,55.72,55.77,55.79,55.82,55.82,55.78,55.74,55.70,55.67,55.65,55.63,55.62,55.61,55.62,55.63,55.65,55.68,55.72,55.76,55.79,55.83,55.86,55.90,55.91,55.89,55.87,55.86,55.87,55.86,55.85,55.83,55.81,55.80]
OTTOWN|Chalkeia|H|19|[48.59,48.77,49.06,49.35,49.61,50.56,51.58,52.61,53.57,54.13,54.68,55.24,55.57,55.60,55.62,55.65,55.62,55.58,55.54,55.53,55.54,55.52,55.50,55.53,55.54,55.56,55.57,55.60,55.64,55.68,55.72,55.75,55.79,55.82,55.85,55.83,55.81,55.79,55.78,55.77,55.76,55.75,55.73,55.72,55.71]
OTTOWN|Chalkeia|H|20|[48.25,48.43,48.72,48.97,48.99,49.94,50.97,52.02,53.03,53.59,54.15,54.71,55.05,55.07,55.09,55.10,55.07,55.03,55.02,55.31,55.32,55.30,55.36,55.52,55.53,55.55,55.56,55.59,55.63,55.67,55.69,55.71,55.75,55.77,55.72,55.70,55.68,55.68,55.70,55.69,55.67,55.62,55.57,55.56,55.55]
OTTOWN|Chalkeia|H|21|[47.91,48.09,48.34,48.36,48.38,49.33,50.39,51.49,52.49,53.05,53.61,54.18,54.52,54.54,54.55,54.55,54.52,54.52,54.80,55.09,55.10,55.16,55.35,55.51,55.52,55.54,55.55,55.58,55.62,55.64,55.64,55.67,55.69,55.64,55.59,55.57,55.56,55.59,55.61,55.60,55.54,55.46,55.41,55.40,55.33]
OTTOWN|Chalkeia|H|22|[47.57,47.71,47.73,47.75,47.77,48.75,49.85,50.95,51.95,52.52,53.09,53.65,53.99,53.99,53.99,53.99,54.01,54.29,54.58,54.87,54.95,55.15,55.34,55.50,55.51,55.53,55.55,55.57,55.58,55.59,55.60,55.62,55.56,55.51,55.46,55.45,55.48,55.50,55.52,55.47,55.38,55.30,55.25,55.17,55.09]
OTTOWN|Chalkeia|H|23|[47.26,47.25,47.27,47.29,47.28,48.29,49.39,50.49,51.07,51.64,52.21,52.77,52.83,52.83,52.83,53.03,53.76,54.04,54.33,54.66,54.87,55.06,55.25,55.43,55.45,55.46,55.48,55.52,55.53,55.54,55.54,55.50,55.45,55.40,55.34,55.37,55.39,55.42,55.38,55.30,55.21,55.13,55.10,55.02,54.93]
OTTOWN|Chalkeia|H|24|[46.99,46.99,47.00,46.99,46.93,47.94,49.04,49.54,49.76,50.33,50.90,50.93,50.91,50.91,51.11,52.75,53.47,53.76,54.09,54.48,54.69,54.88,55.10,55.29,55.31,55.32,55.40,55.46,55.46,55.47,55.45,55.41,55.36,55.30,55.26,55.28,55.30,55.27,55.20,55.11,55.03,55.05,55.04,54.96,54.86]
OTTOWN|Chalkeia|H|25|[46.72,46.72,46.71,46.64,46.58,47.59,48.09,48.24,48.45,49.02,49.05,49.01,48.99,49.20,50.83,52.46,53.19,53.51,53.91,54.31,54.52,54.73,54.96,55.15,55.17,55.25,55.34,55.39,55.39,55.38,55.36,55.32,55.26,55.22,55.17,55.19,55.16,55.09,55.01,54.93,54.95,54.99,54.98,54.89,54.73]
OTTOWN|Chalkeia|H|26|[46.46,46.42,46.36,46.29,46.23,46.64,46.78,46.93,47.14,47.18,47.14,47.10,47.28,48.91,50.54,52.18,52.94,53.34,53.74,54.13,54.36,54.59,54.82,55.01,55.09,55.18,55.27,55.32,55.30,55.28,55.26,55.22,55.18,55.13,55.08,55.04,54.97,54.90,54.83,54.85,54.89,54.93,54.91,54.75,54.59]
OTTOWN|Chalkeia|H|27|[46.19,46.14,46.07,46.01,45.91,46.03,46.18,46.32,46.39,46.35,46.31,46.30,47.09,48.72,50.36,51.93,52.68,53.08,53.47,53.81,54.05,54.28,54.51,54.76,54.85,54.94,55.03,55.12,55.10,55.08,55.10,55.09,55.04,55.00,54.96,54.89,54.82,54.75,54.71,54.75,54.79,54.81,54.71,54.55,54.39]
OTTOWN|Chalkeia|H|28|[45.93,45.88,45.82,45.72,45.60,45.72,45.87,45.97,46.04,46.00,45.98,46.15,46.95,48.58,50.15,51.63,52.38,52.78,53.12,53.42,53.66,53.88,54.18,54.44,54.53,54.63,54.79,54.87,54.86,54.87,54.95,54.94,54.89,54.85,54.82,54.75,54.69,54.62,54.58,54.62,54.65,54.59,54.48,54.32,54.23]
OTTOWN|Chalkeia|H|29|[45.67,45.63,45.53,45.41,45.29,45.42,45.51,45.61,45.68,45.66,45.84,46.01,46.80,48.37,49.85,51.33,52.08,52.42,52.72,53.03,53.26,53.56,53.86,54.12,54.22,54.38,54.54,54.63,54.65,54.72,54.80,54.79,54.75,54.72,54.69,54.62,54.56,54.49,54.45,54.48,54.42,54.36,54.25,54.16,54.19]
OTTOWN|Chalkeia|H|30|[45.42,45.34,45.22,45.10,44.98,45.06,45.16,45.25,45.35,45.52,45.69,45.86,46.59,48.07,49.55,51.03,51.72,52.03,52.33,52.64,52.93,53.24,53.54,53.81,53.97,54.14,54.30,54.42,54.49,54.57,54.64,54.65,54.61,54.58,54.55,54.49,54.43,54.37,54.31,54.25,54.19,54.13,54.09,54.12,54.15]
OTTOWN|Chalkeia|H|31|[45.18,45.08,44.97,44.85,44.82,44.91,45.00,45.08,45.11,45.28,45.45,45.59,46.26,47.74,49.22,50.51,51.10,51.41,51.71,52.48,52.82,53.12,53.41,53.59,53.76,53.92,54.09,54.22,54.29,54.37,54.39,54.36,54.33,54.30,54.32,54.26,54.20,54.15,54.15,54.09,54.03,53.98,53.97,53.99,54.02]
OTTOWN|Chalkeia|H|32|[44.93,44.83,44.71,44.69,44.68,44.77,44.85,44.84,44.87,45.04,45.17,45.25,45.92,47.40,48.70,49.88,50.47,50.78,51.54,52.37,52.71,53.00,53.19,53.38,53.54,53.71,53.88,54.01,54.09,54.11,54.10,54.08,54.04,54.06,54.09,54.03,53.98,54.00,54.00,53.94,53.88,53.85,53.84,53.86,53.85]
OTTOWN|Chalkeia|H|33|[44.68,44.58,44.56,44.55,44.54,44.61,44.60,44.60,44.62,44.76,44.83,44.91,45.58,46.88,48.06,49.25,49.84,50.60,51.43,52.26,52.59,52.78,52.97,53.16,53.33,53.50,53.67,53.81,53.83,53.82,53.81,53.79,53.81,53.83,53.85,53.81,53.82,53.84,53.84,53.79,53.75,53.72,53.71,53.70,53.66]
OTTOWN|Chalkeia|H|34|[44.43,44.41,44.40,44.39,44.36,44.35,44.34,44.34,44.34,44.42,44.49,44.57,45.10,46.29,47.48,48.66,49.40,50.23,51.06,51.94,52.22,52.41,52.60,52.88,53.06,53.23,53.40,53.54,53.53,53.52,53.51,53.56,53.59,53.61,53.63,53.64,53.66,53.68,53.68,53.64,53.61,53.57,53.53,53.50,53.47]
OTTOWN|Chalkeia|H|35|[44.22,44.21,44.20,44.17,44.04,44.02,44.02,44.00,44.00,44.07,44.15,44.18,44.70,45.88,47.07,47.36,47.97,48.80,49.68,50.94,51.21,51.40,51.77,52.36,52.53,52.70,52.98,53.18,53.17,53.16,53.32,53.39,53.41,53.43,53.42,53.44,53.45,53.47,53.46,53.43,53.39,53.35,53.32,53.29,53.25]
OTTOWN|Chalkeia|H|36|[44.01,44.00,43.97,43.84,43.71,43.69,43.68,43.66,43.66,43.73,43.77,43.78,44.29,45.47,45.76,45.92,46.53,47.42,48.67,49.93,50.20,50.57,51.24,51.83,52.00,52.28,52.63,52.83,52.82,52.97,53.14,53.21,53.23,53.23,53.22,53.23,53.24,53.25,53.25,53.21,53.17,53.14,53.10,53.07,53.03]
OTTOWN|Chalkeia|H|37|[43.81,43.78,43.65,43.51,43.38,43.36,43.34,43.32,43.31,43.35,43.36,43.37,43.88,44.17,44.33,44.49,45.15,46.41,47.66,48.92,49.37,50.04,50.72,51.30,51.58,51.93,52.28,52.47,52.62,52.80,52.97,53.04,53.03,53.02,53.01,53.02,53.03,53.03,53.03,52.99,52.96,52.92,52.89,52.85,52.82]
OTTOWN|Chalkeia|H|38|[43.63,43.57,43.44,43.30,43.20,43.17,43.15,43.13,43.03,43.04,43.05,43.06,43.19,43.35,43.51,43.67,44.57,45.82,47.08,48.15,48.83,49.50,50.17,50.79,51.14,51.48,51.83,52.15,52.33,52.50,52.69,52.79,52.78,52.77,52.78,52.78,52.79,52.79,52.84,52.80,52.76,52.73,52.69,52.65,52.62]
OTTOWN|Chalkeia|H|39|[43.57,43.50,43.37,43.26,43.20,43.17,43.15,43.02,42.86,42.87,42.88,42.98,43.12,43.28,43.44,43.60,44.50,45.76,46.83,47.59,48.27,48.95,49.62,50.23,50.58,50.92,51.37,51.71,51.88,52.07,52.39,52.49,52.48,52.48,52.50,52.51,52.51,52.58,52.67,52.63,52.60,52.56,52.52,52.48,52.44]
OTTOWN|Chalkeia|H|40|[43.50,43.44,43.33,43.27,43.20,43.18,43.04,42.84,42.68,42.69,42.80,42.91,43.05,43.21,43.37,43.53,44.44,45.51,46.27,47.04,47.72,48.39,49.06,49.67,50.02,50.46,50.92,51.26,51.45,51.77,52.09,52.19,52.19,52.21,52.23,52.23,52.30,52.42,52.50,52.46,52.42,52.38,52.35,52.31,52.23]
OTTOWN|Chalkeia|H|41|[43.43,43.40,43.33,43.27,43.20,43.07,42.87,42.67,42.50,42.61,42.73,42.84,42.98,43.14,43.30,43.47,44.18,44.95,45.71,46.48,47.16,47.83,48.50,49.11,49.56,50.02,50.48,50.84,51.16,51.48,51.80,51.90,51.92,51.94,51.95,52.02,52.14,52.25,52.33,52.29,52.25,52.21,52.17,52.09,52.02]
OTTOWN|Chalkeia|H|42|[43.28,43.25,43.18,43.12,43.01,42.82,42.62,42.42,42.44,42.56,42.68,42.79,42.92,43.08,43.24,43.44,44.04,44.81,45.57,45.91,46.54,47.21,47.88,48.42,48.88,49.34,49.84,50.39,50.71,51.03,51.43,51.62,51.64,51.65,51.63,51.73,51.84,51.95,52.16,52.12,52.08,52.04,51.98,51.90,51.82]
OTTOWN|Chalkeia|H|43|[43.07,43.03,42.97,42.86,42.73,42.53,42.33,42.35,42.40,42.52,42.63,42.73,42.86,43.02,43.22,43.48,44.08,44.84,45.18,45.27,45.90,46.57,47.12,47.65,48.11,48.61,49.32,49.87,50.19,50.60,51.15,51.34,51.35,51.32,51.27,51.37,51.48,51.75,51.98,51.94,51.90,51.85,51.79,51.71,51.62]
OTTOWN|Chalkeia|H|44|[42.86,42.82,42.71,42.58,42.45,42.25,42.26,42.31,42.36,42.48,42.58,42.67,42.80,43.00,43.25,43.51,44.11,44.45,44.54,44.63,45.25,45.81,46.35,46.88,47.37,48.09,48.81,49.36,49.76,50.31,50.86,51.05,51.02,50.97,50.92,51.02,51.28,51.57,51.80,51.76,51.71,51.66,51.60,51.51,51.40]
OTTOWN|Chalkeia|END
OTTOWN|Panagia|HEAD|i_Stone_HouseBig_V1_F|Land_i_Stone_HouseBig_V1_F|[20589.854,9029.988,40.738]|42.40|false|45|1|2
OTTOWN|Panagia|BOX|[-6.78,-6.16,6.78,6.16,-5.84,5.84]
OTTOWN|Panagia|DOOR|main|[20590.72,9026.49,41.18]|222.4|1.00
OTTOWN|Panagia|BPOS|[[20591.07,9031.99,41.25],[20592.79,9034.10,41.23],[20596.06,9030.77,44.02],[20590.99,9027.90,44.07],[20591.32,9032.93,44.07],[20593.78,9028.66,41.24]]
OTTOWN|Panagia|OBJ|building|Land_i_Stone_Shed_V1_F|[20594.43,9012.13,39.16]|128.8|[-4.53,-4.96,4.53,4.96,-3.80,3.80]
OTTOWN|Panagia|OBJ|building|ironpipes_f.p3d|[20605.98,9056.08,41.17]|309.5|[-3.17,-1.24,3.17,1.24,-0.70,0.70]
OTTOWN|Panagia|OBJ|building|Land_Unfinished_Building_01_F|[20614.00,9053.36,41.58]|311.2|[-5.85,-9.28,5.85,9.28,-4.97,4.97]
OTTOWN|Panagia|OBJ|wall|wall_tin_4_2.p3d|[20604.05,9015.69,39.41]|312.3|[-2.02,-0.16,2.02,0.16,-1.48,1.48]
OTTOWN|Panagia|OBJ|wall|wall_tin_4_2.p3d|[20601.37,9012.75,39.27]|312.3|[-2.02,-0.16,2.02,0.16,-1.48,1.48]
OTTOWN|Panagia|OBJ|wall|wall_tin_4_2.p3d|[20609.39,9021.59,39.64]|312.3|[-2.02,-0.16,2.02,0.16,-1.48,1.48]
OTTOWN|Panagia|OBJ|wall|wall_tin_4_2.p3d|[20606.70,9018.63,39.53]|312.3|[-2.02,-0.16,2.02,0.16,-1.48,1.48]
OTTOWN|Panagia|OBJ|wall|wall_tin_4_2.p3d|[20612.07,9024.52,39.84]|312.3|[-2.02,-0.16,2.02,0.16,-1.48,1.48]
OTTOWN|Panagia|OBJ|wall|wall_tin_4_2.p3d|[20611.92,9027.43,40.09]|221.8|[-2.02,-0.16,2.02,0.16,-1.48,1.48]
OTTOWN|Panagia|OBJ|wall|wall_tin_4_2.p3d|[20608.96,9030.07,40.31]|221.8|[-2.02,-0.16,2.02,0.16,-1.48,1.48]
OTTOWN|Panagia|OBJ|wall|wall_tin_4_2.p3d|[20585.87,9037.29,40.59]|132.4|[-2.02,-0.16,2.02,0.16,-1.48,1.48]
OTTOWN|Panagia|OBJ|wall|wall_tin_4_2.p3d|[20606.02,9032.70,40.51]|221.8|[-2.02,-0.16,2.02,0.16,-1.48,1.48]
OTTOWN|Panagia|OBJ|wall|wall_tin_4_2.p3d|[20591.21,9043.16,40.83]|132.4|[-2.02,-0.16,2.02,0.16,-1.48,1.48]
OTTOWN|Panagia|OBJ|wall|wall_tin_4_2.p3d|[20603.05,9035.34,40.67]|221.8|[-2.02,-0.16,2.02,0.16,-1.48,1.48]
OTTOWN|Panagia|OBJ|wall|wall_tin_4_2.p3d|[20588.53,9040.22,40.72]|132.4|[-2.02,-0.16,2.02,0.16,-1.48,1.48]
OTTOWN|Panagia|OBJ|wall|wall_tin_4_2.p3d|[20597.11,9040.64,40.82]|221.8|[-2.02,-0.16,2.02,0.16,-1.48,1.48]
OTTOWN|Panagia|OBJ|wall|wall_tin_4_2.p3d|[20594.16,9043.28,40.88]|221.8|[-2.02,-0.16,2.02,0.16,-1.48,1.48]
OTTOWN|Panagia|OBJ|wall|concrete_smallwall_8m_f.p3d|[20622.13,9040.46,40.83]|313.8|[-4.00,-0.26,4.00,0.26,-1.15,1.15]
OTTOWN|Panagia|OBJ|wall|concrete_smallwall_4m_f.p3d|[20618.01,9038.79,40.81]|224.6|[-2.01,-0.26,2.01,0.26,-1.16,1.16]
OTTOWN|Panagia|OBJ|wall|concrete_smallwall_8m_f.p3d|[20609.01,9064.28,41.35]|129.8|[-4.00,-0.26,4.00,0.26,-1.15,1.15]
OTTOWN|Panagia|OBJ|wall|concrete_smallwall_4m_f.p3d|[20618.06,9061.72,41.34]|42.3|[-2.01,-0.26,2.01,0.26,-1.16,1.16]
OTTOWN|Panagia|OBJ|wall|concrete_smallwall_4m_f.p3d|[20613.01,9066.23,41.36]|40.6|[-2.01,-0.26,2.01,0.26,-1.16,1.16]
OTTOWN|Panagia|OBJ|tree|t_ficusb1s_f.p3d|[20572.59,8992.62,38.56]|269.2|[-5.06,-5.62,5.06,5.62,-4.61,4.61]
OTTOWN|Panagia|OBJ|tree|t_quercusir2s_f.p3d|[20582.80,8985.77,38.06]|160.0|[-11.51,-11.20,11.51,11.20,-11.24,11.24]
OTTOWN|Panagia|OBJ|tree|t_ficusb2s_f.p3d|[20574.38,9039.73,39.97]|49.3|[-8.66,-8.23,8.66,8.23,-5.99,5.99]
OTTOWN|Panagia|H|0|[40.15,40.20,40.22,40.01,39.79,39.57,39.33,39.17,39.02,38.86,38.72,38.53,38.34,38.17,38.12,38.07,38.02,37.97,38.03,38.09,38.15,38.18,38.21,38.24,38.27,38.27,38.32,38.38,38.43,38.51,38.58,38.65,38.72,38.76,38.80,38.84,38.87,38.89,38.92,38.94,38.95,38.96,38.96,38.97,38.97]
OTTOWN|Panagia|H|1|[40.24,40.26,40.23,40.02,39.80,39.54,39.27,39.12,38.96,38.86,38.72,38.53,38.37,38.31,38.25,38.20,38.15,38.11,38.16,38.23,38.24,38.24,38.27,38.30,38.28,38.28,38.33,38.39,38.49,38.57,38.64,38.70,38.76,38.80,38.84,38.88,38.90,38.93,38.95,38.96,38.97,38.98,38.98,38.98,38.99]
OTTOWN|Panagia|H|2|[40.30,40.27,40.24,40.03,39.77,39.48,39.22,39.06,38.96,38.86,38.73,38.56,38.50,38.44,38.39,38.34,38.29,38.24,38.30,38.32,38.31,38.31,38.34,38.31,38.28,38.28,38.34,38.44,38.54,38.62,38.69,38.75,38.81,38.85,38.88,38.91,38.93,38.96,38.97,38.98,38.99,38.99,39.00,39.00,39.00]
OTTOWN|Panagia|H|3|[40.31,40.28,40.25,40.00,39.71,39.43,39.17,39.06,38.96,38.87,38.75,38.69,38.63,38.57,38.52,38.47,38.43,38.38,38.39,38.38,38.38,38.38,38.35,38.32,38.29,38.30,38.40,38.50,38.59,38.67,38.73,38.79,38.85,38.89,38.91,38.94,38.97,38.98,38.99,39.00,39.01,39.01,39.01,39.02,39.01]
OTTOWN|Panagia|H|4|[40.35,40.32,40.19,39.92,39.63,39.35,39.18,39.08,38.98,38.89,38.81,38.75,38.69,38.65,38.61,38.56,38.51,38.50,38.50,38.49,38.49,38.46,38.43,38.40,38.36,38.38,38.48,38.58,38.65,38.71,38.77,38.83,38.89,38.92,38.95,38.98,39.00,39.01,39.02,39.04,39.04,39.05,39.05,39.04,39.03]
OTTOWN|Panagia|H|5|[40.40,40.27,40.10,39.82,39.54,39.36,39.20,39.11,39.01,38.92,38.84,38.78,38.74,38.71,38.67,38.63,38.62,38.63,38.62,38.62,38.60,38.57,38.54,38.50,38.46,38.47,38.57,38.64,38.69,38.74,38.80,38.87,38.93,38.96,38.99,39.02,39.05,39.06,39.07,39.08,39.09,39.09,39.09,39.06,39.05]
OTTOWN|Panagia|H|6|[40.35,40.18,40.01,39.73,39.55,39.38,39.23,39.13,39.04,38.95,38.87,38.83,38.80,38.78,38.74,38.73,38.74,38.75,38.75,38.73,38.70,38.68,38.64,38.59,38.55,38.56,38.64,38.68,38.72,38.78,38.84,38.90,38.97,39.00,39.03,39.06,39.09,39.10,39.11,39.13,39.14,39.13,39.11,39.09,39.07]
OTTOWN|Panagia|H|7|[40.26,40.09,39.91,39.74,39.58,39.41,39.25,39.16,39.07,38.98,38.92,38.90,38.87,38.85,38.85,38.86,38.87,38.88,38.86,38.83,38.81,38.78,38.73,38.68,38.64,38.63,38.67,38.71,38.76,38.81,38.88,38.94,39.01,39.04,39.07,39.10,39.13,39.15,39.16,39.17,39.17,39.15,39.13,39.11,39.07]
OTTOWN|Panagia|H|8|[40.09,39.92,39.77,39.60,39.44,39.30,39.28,39.18,39.09,39.03,39.01,38.98,38.96,38.94,38.94,38.95,38.96,39.00,38.98,38.96,38.92,38.86,38.82,38.77,38.72,38.70,38.74,38.79,38.82,38.88,38.94,39.01,39.02,39.04,39.08,39.11,39.12,39.13,39.15,39.18,39.20,39.18,39.15,39.15,39.12]
OTTOWN|Panagia|H|9|[39.92,39.78,39.63,39.46,39.32,39.32,39.30,39.21,39.14,39.12,39.10,39.07,39.05,39.04,39.04,39.05,39.08,39.12,39.10,39.07,39.01,38.95,38.90,38.85,38.79,38.77,38.81,38.85,38.89,38.95,39.01,39.02,39.02,39.05,39.08,39.09,39.11,39.12,39.15,39.20,39.22,39.20,39.20,39.20,39.17]
OTTOWN|Panagia|H|10|[39.78,39.63,39.49,39.35,39.34,39.34,39.32,39.26,39.23,39.21,39.18,39.16,39.15,39.13,39.13,39.17,39.21,39.24,39.22,39.15,39.09,39.03,38.98,38.92,38.86,38.84,38.88,38.92,38.96,39.01,39.02,39.02,39.03,39.05,39.07,39.08,39.09,39.12,39.18,39.23,39.25,39.25,39.25,39.25,39.22]
OTTOWN|Panagia|H|11|[39.66,39.51,39.37,39.36,39.35,39.35,39.35,39.33,39.30,39.28,39.28,39.26,39.24,39.23,39.26,39.30,39.34,39.36,39.30,39.24,39.18,39.12,39.06,39.00,38.94,38.93,38.96,39.00,39.04,39.04,39.05,39.05,39.04,39.05,39.07,39.08,39.09,39.14,39.20,39.25,39.28,39.29,39.29,39.29,39.29]
OTTOWN|Panagia|H|12|[39.58,39.45,39.34,39.33,39.32,39.34,39.38,39.35,39.33,39.35,39.37,39.35,39.34,39.38,39.42,39.46,39.48,39.46,39.40,39.33,39.28,39.23,39.17,39.11,39.07,39.06,39.09,39.13,39.14,39.14,39.14,39.14,39.09,39.10,39.11,39.11,39.09,39.14,39.19,39.25,39.29,39.29,39.29,39.32,39.33]
OTTOWN|Panagia|H|13|[39.52,39.42,39.31,39.30,39.32,39.37,39.41,39.38,39.40,39.45,39.46,39.45,39.49,39.53,39.57,39.60,39.58,39.55,39.49,39.44,39.39,39.35,39.29,39.24,39.19,39.18,39.22,39.23,39.23,39.23,39.23,39.18,39.14,39.14,39.14,39.10,39.08,39.14,39.20,39.26,39.29,39.30,39.33,39.36,39.36]
OTTOWN|Panagia|H|14|[39.49,39.39,39.28,39.29,39.34,39.39,39.43,39.45,39.50,39.54,39.56,39.60,39.64,39.69,39.72,39.69,39.67,39.64,39.59,39.55,39.51,39.46,39.41,39.37,39.32,39.31,39.32,39.32,39.32,39.32,39.27,39.23,39.18,39.17,39.13,39.10,39.08,39.14,39.20,39.26,39.30,39.33,39.36,39.39,39.41]
OTTOWN|Panagia|H|15|[39.47,39.36,39.26,39.30,39.35,39.40,39.44,39.48,39.52,39.57,39.65,39.69,39.74,39.78,39.77,39.75,39.73,39.74,39.70,39.66,39.62,39.60,39.55,39.51,39.46,39.46,39.46,39.46,39.46,39.42,39.37,39.33,39.26,39.22,39.19,39.15,39.17,39.23,39.29,39.35,39.38,39.41,39.44,39.48,39.54]
OTTOWN|Panagia|H|16|[39.45,39.35,39.25,39.30,39.35,39.38,39.40,39.44,39.49,39.59,39.68,39.72,39.77,39.80,39.80,39.77,39.78,39.84,39.81,39.76,39.75,39.75,39.71,39.66,39.65,39.65,39.65,39.65,39.62,39.57,39.53,39.46,39.37,39.34,39.30,39.31,39.34,39.40,39.46,39.48,39.51,39.54,39.58,39.64,39.70]
OTTOWN|Panagia|H|17|[39.44,39.34,39.25,39.29,39.32,39.34,39.36,39.41,39.51,39.63,39.71,39.75,39.79,39.82,39.82,39.83,39.89,39.95,39.91,39.90,39.91,39.91,39.86,39.85,39.85,39.85,39.84,39.81,39.77,39.73,39.67,39.58,39.49,39.45,39.45,39.48,39.51,39.57,39.60,39.62,39.64,39.68,39.74,39.80,39.86]
OTTOWN|Panagia|H|18|[39.43,39.34,39.24,39.26,39.28,39.30,39.33,39.43,39.55,39.66,39.74,39.77,39.81,39.84,39.87,39.93,39.99,40.05,40.05,40.06,40.06,40.06,40.05,40.05,40.04,40.03,40.00,39.97,39.93,39.87,39.78,39.69,39.60,39.60,39.63,39.65,39.69,39.71,39.73,39.75,39.78,39.84,39.90,39.96,40.01]
OTTOWN|Panagia|H|19|[39.49,39.39,39.31,39.33,39.35,39.37,39.40,39.51,39.62,39.72,39.76,39.80,39.83,39.87,39.92,39.98,40.04,40.11,40.12,40.13,40.14,40.14,40.14,40.13,40.14,40.17,40.14,40.10,40.07,40.01,39.92,39.83,39.76,39.78,39.81,39.84,39.82,39.84,39.86,39.87,39.91,39.97,40.03,40.09,40.14]
OTTOWN|Panagia|H|20|[39.56,39.48,39.41,39.43,39.45,39.46,39.49,39.60,39.71,39.75,39.79,39.83,39.86,39.90,39.95,40.00,40.07,40.15,40.16,40.17,40.18,40.19,40.19,40.20,40.27,40.30,40.26,40.24,40.22,40.15,40.06,40.00,39.94,39.97,39.99,39.97,39.95,39.97,39.98,40.00,40.03,40.09,40.15,40.22,40.26]
OTTOWN|Panagia|H|21|[39.66,39.59,39.51,39.53,39.54,39.56,39.59,39.69,39.73,39.78,39.82,39.85,39.89,39.92,39.97,40.04,40.12,40.19,40.20,40.22,40.23,40.24,40.25,40.32,40.40,40.43,40.40,40.38,40.37,40.30,40.24,40.18,40.13,40.15,40.12,40.10,40.07,40.09,40.11,40.12,40.15,40.22,40.28,40.34,40.39]
OTTOWN|Panagia|H|22|[39.76,39.69,39.61,39.62,39.64,39.65,39.67,39.71,39.76,39.80,39.84,39.88,39.91,39.95,40.01,40.09,40.16,40.23,40.25,40.27,40.28,40.30,40.38,40.45,40.53,40.56,40.55,40.53,40.51,40.47,40.42,40.37,40.31,40.28,40.25,40.22,40.20,40.22,40.23,40.24,40.28,40.34,40.40,40.47,40.51]
OTTOWN|Panagia|H|23|[39.88,39.81,39.80,39.82,39.83,39.84,39.83,39.88,39.92,39.93,39.92,39.95,39.99,39.99,40.04,40.11,40.19,40.29,40.31,40.32,40.34,40.40,40.48,40.55,40.60,40.59,40.58,40.56,40.57,40.55,40.49,40.44,40.43,40.41,40.38,40.35,40.35,40.36,40.37,40.37,40.38,40.44,40.51,40.56,40.59]
OTTOWN|Panagia|H|24|[40.00,40.00,40.00,40.01,40.02,40.00,40.00,40.04,40.05,40.00,39.99,40.03,40.03,40.02,40.06,40.14,40.24,40.34,40.36,40.38,40.44,40.51,40.58,40.62,40.63,40.62,40.61,40.62,40.65,40.62,40.57,40.56,40.56,40.53,40.51,40.50,40.49,40.51,40.50,40.47,40.48,40.55,40.60,40.64,40.67]
OTTOWN|Panagia|H|25|[40.19,40.19,40.19,40.20,40.18,40.17,40.16,40.17,40.12,40.08,40.07,40.07,40.06,40.04,40.09,40.19,40.29,40.39,40.42,40.48,40.54,40.61,40.65,40.65,40.66,40.65,40.67,40.69,40.72,40.70,40.69,40.69,40.69,40.66,40.65,40.65,40.64,40.64,40.61,40.58,40.59,40.64,40.68,40.72,40.75]
OTTOWN|Panagia|H|26|[40.36,40.36,40.36,40.35,40.33,40.32,40.30,40.25,40.20,40.16,40.12,40.11,40.10,40.08,40.14,40.25,40.35,40.44,40.50,40.56,40.63,40.68,40.68,40.69,40.69,40.71,40.74,40.77,40.80,40.79,40.79,40.79,40.79,40.79,40.78,40.77,40.77,40.74,40.71,40.68,40.69,40.73,40.77,40.81,40.84]
OTTOWN|Panagia|H|27|[40.46,40.46,40.45,40.44,40.42,40.41,40.39,40.35,40.30,40.24,40.19,40.18,40.17,40.15,40.21,40.31,40.40,40.47,40.53,40.59,40.66,40.72,40.73,40.73,40.75,40.79,40.81,40.84,40.82,40.80,40.80,40.81,40.86,40.86,40.85,40.86,40.87,40.84,40.81,40.80,40.82,40.86,40.90,40.91,40.93]
OTTOWN|Panagia|H|28|[40.55,40.55,40.54,40.53,40.51,40.50,40.49,40.44,40.38,40.31,40.27,40.25,40.23,40.21,40.27,40.37,40.43,40.50,40.56,40.62,40.70,40.77,40.77,40.79,40.83,40.86,40.89,40.86,40.83,40.82,40.83,40.88,40.93,40.93,40.93,40.96,40.97,40.94,40.94,40.94,40.96,41.00,41.00,41.01,41.03]
OTTOWN|Panagia|H|29|[40.65,40.64,40.63,40.62,40.61,40.60,40.58,40.52,40.45,40.38,40.34,40.32,40.30,40.27,40.33,40.39,40.46,40.52,40.59,40.67,40.74,40.81,40.83,40.87,40.90,40.93,40.91,40.88,40.84,40.84,40.89,40.95,41.00,41.01,41.03,41.06,41.07,41.07,41.07,41.07,41.09,41.10,41.10,41.11,41.12]
OTTOWN|Panagia|H|30|[40.73,40.72,40.71,40.70,40.69,40.68,40.66,40.59,40.52,40.46,40.43,40.41,40.38,40.36,40.39,40.45,40.51,40.54,40.61,40.69,40.76,40.83,40.87,40.90,40.93,40.95,40.91,40.88,40.86,40.91,40.96,41.02,41.06,41.09,41.11,41.13,41.15,41.15,41.15,41.16,41.16,41.16,41.17,41.17,41.17]
OTTOWN|Panagia|H|31|[40.79,40.79,40.78,40.77,40.76,40.75,40.74,40.67,40.60,40.57,40.54,40.52,40.50,40.45,40.47,40.54,40.56,40.53,40.60,40.68,40.75,40.82,40.85,40.89,40.93,40.95,40.91,40.89,40.93,40.98,41.03,41.07,41.11,41.13,41.16,41.17,41.18,41.18,41.19,41.19,41.19,41.20,41.20,41.21,41.20]
OTTOWN|Panagia|H|32|[40.86,40.85,40.85,40.84,40.83,40.82,40.81,40.74,40.71,40.68,40.66,40.63,40.58,40.53,40.56,40.59,40.56,40.53,40.60,40.67,40.74,40.81,40.84,40.89,40.93,40.95,40.93,40.96,41.00,41.04,41.09,41.12,41.16,41.18,41.20,41.21,41.22,41.22,41.22,41.22,41.23,41.23,41.24,41.24,41.23]
OTTOWN|Panagia|H|33|[40.93,40.92,40.91,40.91,40.90,40.90,40.88,40.85,40.82,40.80,40.77,40.72,40.67,40.62,40.61,40.58,40.55,40.52,40.59,40.66,40.73,40.80,40.84,40.89,40.93,40.96,40.99,41.03,41.06,41.10,41.14,41.17,41.21,41.22,41.23,41.24,41.25,41.25,41.26,41.26,41.26,41.27,41.27,41.27,41.27]
OTTOWN|Panagia|H|34|[40.99,40.98,41.01,41.00,41.00,40.99,40.94,40.91,40.89,40.85,40.79,40.75,40.70,40.65,40.61,40.58,40.55,40.51,40.57,40.64,40.71,40.79,40.83,40.88,40.93,40.98,41.02,41.05,41.09,41.12,41.16,41.19,41.24,41.25,41.26,41.27,41.28,41.28,41.28,41.28,41.29,41.29,41.29,41.29,41.28]
OTTOWN|Panagia|H|35|[41.04,41.07,41.11,41.11,41.11,41.04,40.98,40.96,40.92,40.86,40.80,40.75,40.70,40.64,40.61,40.58,40.53,40.49,40.55,40.62,40.70,40.77,40.82,40.87,40.94,40.99,41.03,41.06,41.10,41.13,41.17,41.21,41.27,41.28,41.29,41.30,41.30,41.30,41.30,41.30,41.30,41.31,41.30,41.29,41.29]
OTTOWN|Panagia|H|36|[41.13,41.17,41.22,41.22,41.16,41.09,41.03,41.00,40.93,40.86,40.80,40.75,40.70,40.64,40.60,40.56,40.51,40.46,40.53,40.61,40.68,40.75,40.80,40.88,40.95,41.00,41.04,41.07,41.11,41.14,41.19,41.24,41.30,41.31,41.31,41.32,41.32,41.32,41.32,41.32,41.32,41.32,41.30,41.29,41.29]
OTTOWN|Panagia|H|37|[41.24,41.28,41.33,41.27,41.20,41.13,41.07,41.00,40.93,40.87,40.81,40.75,40.69,40.64,40.59,40.54,40.49,40.44,40.51,40.59,40.67,40.74,40.81,40.89,40.96,41.01,41.05,41.08,41.12,41.17,41.22,41.27,41.33,41.33,41.34,41.34,41.34,41.34,41.34,41.34,41.33,41.32,41.31,41.29,41.30]
OTTOWN|Panagia|H|38|[41.36,41.40,41.40,41.34,41.28,41.20,41.11,41.04,40.97,40.90,40.82,40.77,40.71,40.65,40.60,40.56,40.51,40.51,40.58,40.66,40.72,40.76,40.83,40.90,40.98,41.04,41.08,41.11,41.16,41.21,41.26,41.32,41.34,41.35,41.35,41.35,41.33,41.33,41.33,41.34,41.34,41.33,41.31,41.30,41.31]
OTTOWN|Panagia|H|39|[41.48,41.48,41.48,41.42,41.34,41.24,41.15,41.08,41.01,40.92,40.84,40.79,40.73,40.67,40.62,40.57,40.57,40.57,40.64,40.71,40.74,40.77,40.85,40.92,41.01,41.07,41.11,41.15,41.20,41.26,41.31,41.33,41.36,41.36,41.36,41.34,41.33,41.33,41.33,41.34,41.34,41.33,41.32,41.32,41.32]
OTTOWN|Panagia|H|40|[41.56,41.56,41.55,41.49,41.38,41.28,41.19,41.11,41.02,40.94,40.86,40.80,40.75,40.69,40.64,40.63,40.64,40.64,40.70,40.73,40.76,40.79,40.87,40.95,41.04,41.10,41.15,41.20,41.25,41.30,41.33,41.35,41.37,41.37,41.35,41.34,41.32,41.33,41.34,41.35,41.35,41.34,41.34,41.33,41.34]
OTTOWN|Panagia|H|41|[41.64,41.63,41.63,41.53,41.43,41.33,41.24,41.15,41.06,40.98,40.90,40.84,40.78,40.72,40.71,40.71,40.71,40.72,40.74,40.77,40.79,40.83,40.91,41.00,41.08,41.13,41.18,41.23,41.29,41.31,41.34,41.36,41.38,41.37,41.35,41.34,41.32,41.33,41.34,41.35,41.35,41.35,41.34,41.34,41.34]
OTTOWN|Panagia|H|42|[41.72,41.71,41.70,41.60,41.50,41.41,41.34,41.25,41.16,41.07,41.00,40.94,40.88,40.83,40.81,40.82,40.82,40.82,40.84,40.87,40.89,40.91,41.00,41.08,41.12,41.14,41.19,41.24,41.29,41.31,41.34,41.36,41.39,41.38,41.36,41.34,41.32,41.33,41.34,41.34,41.34,41.33,41.33,41.34,41.35]
OTTOWN|Panagia|H|43|[41.80,41.78,41.77,41.67,41.58,41.51,41.44,41.35,41.26,41.17,41.10,41.04,40.99,40.94,40.92,40.92,40.92,40.92,40.95,40.97,40.97,41.00,41.08,41.12,41.12,41.15,41.20,41.24,41.29,41.31,41.34,41.37,41.40,41.38,41.36,41.33,41.31,41.32,41.32,41.32,41.32,41.32,41.33,41.34,41.35]
OTTOWN|Panagia|H|44|[41.87,41.85,41.84,41.75,41.69,41.62,41.54,41.45,41.36,41.27,41.20,41.14,41.09,41.04,41.03,41.03,41.03,41.03,41.04,41.05,41.06,41.08,41.12,41.12,41.13,41.16,41.20,41.24,41.29,41.32,41.35,41.37,41.40,41.39,41.36,41.33,41.30,41.31,41.31,41.31,41.31,41.32,41.33,41.34,41.35]
OTTOWN|Panagia|END
OTTOWN|Feres|HEAD|i_Stone_HouseBig_V1_F|Land_i_Stone_HouseBig_V1_F|[21670.480,7615.454,14.378]|245.38|false|48|1|2
OTTOWN|Feres|BOX|[-6.78,-6.16,6.78,6.16,-5.84,5.84]
OTTOWN|Feres|DOOR|main|[21671.05,7619.01,14.82]|425.4|1.00
OTTOWN|Feres|BPOS|[[21668.58,7614.09,14.89],[21666.16,7612.82,14.87],[21664.46,7617.16,17.67],[21670.25,7617.83,17.71],[21667.98,7613.31,17.71],[21667.38,7618.21,14.88]]
OTTOWN|Feres|OBJ|building|Land_u_Addon_02_V1_F|[21648.29,7579.68,14.85]|132.9|[-4.57,-4.94,4.57,4.94,-3.72,3.72]
OTTOWN|Feres|OBJ|building|Land_d_House_Small_01_V1_F|[21689.84,7583.68,15.01]|252.7|[-9.68,-9.58,9.68,9.58,-4.96,4.96]
OTTOWN|Feres|OBJ|building|Land_u_Addon_01_V1_F|[21659.44,7614.43,14.38]|65.8|[-6.50,-4.51,6.50,4.51,-3.42,3.42]
OTTOWN|Feres|OBJ|building|Land_Slum_House03_F|[21677.71,7594.18,14.92]|329.2|[-4.75,-3.61,4.75,3.61,-2.37,2.37]
OTTOWN|Feres|OBJ|building|Land_i_House_Small_01_V3_F|[21710.93,7607.67,14.95]|69.9|[-5.43,-7.64,5.43,7.64,-5.08,5.08]
OTTOWN|Feres|OBJ|building|Land_u_House_Small_01_V1_F|[21651.41,7645.51,14.19]|238.9|[-5.60,-7.64,5.60,7.64,-4.94,4.94]
OTTOWN|Feres|OBJ|building|Land_Slum_House01_F|[21645.33,7625.57,13.70]|59.8|[-2.93,-3.98,2.93,3.98,-1.90,1.90]
OTTOWN|Feres|OBJ|building|Land_i_Garage_V1_F|[21667.35,7632.75,14.21]|149.4|[-9.00,-3.69,9.00,3.69,-3.37,3.37]
OTTOWN|Feres|OBJ|building|Land_d_House_Small_02_V1_F|[21695.51,7649.82,14.12]|319.4|[-8.52,-7.25,8.52,7.25,-4.98,4.98]
OTTOWN|Feres|OBJ|building|Land_i_Stone_Shed_V2_F|[21705.01,7634.06,14.36]|316.9|[-4.53,-4.96,4.53,4.96,-3.80,3.80]
OTTOWN|Feres|OBJ|wall|stone_8md_f.p3d|[21657.09,7580.73,14.76]|134.1|[-4.14,-0.76,4.14,0.76,-1.28,1.28]
OTTOWN|Feres|OBJ|wall|city_8md_f.p3d|[21686.44,7573.99,15.09]|343.8|[-3.50,-0.98,3.50,0.98,-1.80,1.80]
OTTOWN|Feres|OBJ|wall|stone_8m_f.p3d|[21668.43,7586.56,14.74]|222.4|[-4.26,-0.35,4.26,0.35,-1.30,1.30]
OTTOWN|Feres|OBJ|wall|stone_8m_f.p3d|[21680.23,7575.75,15.05]|222.6|[-4.26,-0.35,4.26,0.35,-1.30,1.30]
OTTOWN|Feres|OBJ|wall|stone_8m_f.p3d|[21674.38,7581.12,14.93]|222.4|[-4.26,-0.35,4.26,0.35,-1.30,1.30]
OTTOWN|Feres|OBJ|wall|stone_8m_f.p3d|[21662.46,7586.36,14.63]|313.3|[-4.26,-0.35,4.26,0.35,-1.30,1.30]
OTTOWN|Feres|OBJ|wall|stone_pillar_f.p3d|[21665.39,7589.49,14.61]|312.5|[-0.45,-0.44,0.45,0.44,-1.79,1.79]
OTTOWN|Feres|OBJ|wall|city_8md_f.p3d|[21693.42,7580.03,15.03]|254.2|[-3.50,-0.98,3.50,0.98,-1.80,1.80]
OTTOWN|Feres|OBJ|wall|stone_8md_f.p3d|[21629.75,7610.67,13.69]|137.7|[-4.14,-0.76,4.14,0.76,-1.28,1.28]
OTTOWN|Feres|OBJ|wall|stone_8m_f.p3d|[21635.45,7615.94,13.52]|316.7|[-4.26,-0.35,4.26,0.35,-1.30,1.30]
OTTOWN|Feres|OBJ|wall|city2_8m_f.p3d|[21641.13,7616.00,13.60]|226.0|[-3.51,-0.25,3.51,0.25,-2.09,2.09]
OTTOWN|Feres|OBJ|wall|city2_8m_f.p3d|[21645.98,7610.95,13.78]|226.0|[-3.51,-0.25,3.51,0.25,-2.09,2.09]
OTTOWN|Feres|OBJ|wall|city2_8md_f.p3d|[21651.99,7604.76,14.05]|226.5|[-2.30,-0.28,2.30,0.28,-2.11,2.11]
OTTOWN|Feres|OBJ|wall|city2_8md_f.p3d|[21657.63,7598.79,14.30]|46.1|[-2.30,-0.28,2.30,0.28,-2.11,2.11]
OTTOWN|Feres|OBJ|wall|city2_4m_f.p3d|[21640.04,7619.64,13.52]|148.6|[-1.76,-0.25,1.76,0.25,-2.09,2.09]
OTTOWN|Feres|OBJ|wall|city_8md_f.p3d|[21668.34,7591.84,14.68]|325.0|[-3.50,-0.98,3.50,0.98,-1.80,1.80]
OTTOWN|Feres|OBJ|wall|city_8md_f.p3d|[21681.43,7613.83,14.88]|68.4|[-3.50,-0.98,3.50,0.98,-1.80,1.80]
OTTOWN|Feres|OBJ|wall|city_8md_f.p3d|[21684.42,7606.40,14.86]|249.0|[-3.50,-0.98,3.50,0.98,-1.80,1.80]
OTTOWN|Feres|OBJ|wall|city_8m_f.p3d|[21688.16,7596.65,14.96]|249.2|[-3.53,-0.25,3.53,0.25,-2.08,2.08]
OTTOWN|Feres|OBJ|wall|city_8m_f.p3d|[21676.51,7597.75,14.89]|327.4|[-3.53,-0.25,3.53,0.25,-2.08,2.08]
OTTOWN|Feres|OBJ|wall|city_8m_f.p3d|[21682.41,7601.48,14.84]|327.4|[-3.53,-0.25,3.53,0.25,-2.08,2.08]
OTTOWN|Feres|OBJ|wall|city2_8m_f.p3d|[21663.15,7592.74,14.52]|47.3|[-3.51,-0.25,3.51,0.25,-2.09,2.09]
OTTOWN|Feres|OBJ|wall|city_4m_f.p3d|[21679.44,7618.59,14.65]|247.2|[-1.79,-0.24,1.79,0.24,-2.08,2.08]
OTTOWN|Feres|OBJ|wall|city_4m_f.p3d|[21686.29,7601.58,14.88]|69.8|[-1.79,-0.24,1.79,0.24,-2.08,2.08]
OTTOWN|Feres|OBJ|wall|stone_8md_f.p3d|[21696.77,7616.44,14.91]|248.8|[-4.14,-0.76,4.14,0.76,-1.28,1.28]
OTTOWN|Feres|OBJ|wall|Land_Stone_Gate_F|[21701.75,7602.74,14.96]|250.2|[-2.96,-1.47,2.96,1.47,-1.71,1.71]
OTTOWN|Feres|OBJ|wall|stone_8m_f.p3d|[21704.04,7596.54,14.98]|70.3|[-4.26,-0.35,4.26,0.35,-1.30,1.30]
OTTOWN|Feres|OBJ|wall|stone_8m_f.p3d|[21699.45,7609.19,14.94]|70.3|[-4.26,-0.35,4.26,0.35,-1.30,1.30]
OTTOWN|Feres|OBJ|wall|city2_8m_f.p3d|[21629.26,7628.25,13.02]|226.0|[-3.51,-0.25,3.51,0.25,-2.09,2.09]
OTTOWN|Feres|OBJ|wall|city2_8m_f.p3d|[21650.36,7625.79,13.92]|149.1|[-3.51,-0.25,3.51,0.25,-2.09,2.09]
OTTOWN|Feres|OBJ|wall|city2_8m_f.p3d|[21644.48,7622.28,13.62]|149.1|[-3.51,-0.25,3.51,0.25,-2.09,2.09]
OTTOWN|Feres|OBJ|wall|city2_8m_f.p3d|[21636.25,7621.07,13.38]|225.2|[-3.51,-0.25,3.51,0.25,-2.09,2.09]
OTTOWN|Feres|OBJ|wall|city2_8md_f.p3d|[21657.11,7630.07,14.16]|147.7|[-2.30,-0.28,2.30,0.28,-2.11,2.11]
OTTOWN|Feres|OBJ|wall|city2_pillard_f.p3d|[21634.03,7623.31,13.25]|227.5|[-0.84,-0.25,0.84,0.25,-2.10,2.10]
OTTOWN|Feres|OBJ|wall|stone_8m_f.p3d|[21687.44,7647.49,14.11]|320.5|[-4.26,-0.35,4.26,0.35,-1.30,1.30]
OTTOWN|Feres|OBJ|wall|city_8m_f.p3d|[21674.19,7629.30,14.23]|242.0|[-3.53,-0.25,3.53,0.25,-2.08,2.08]
OTTOWN|Feres|OBJ|wall|city2_8m_f.p3d|[21668.05,7636.79,14.20]|149.7|[-3.51,-0.25,3.51,0.25,-2.09,2.09]
OTTOWN|Feres|OBJ|wall|city2_8m_f.p3d|[21667.25,7644.60,14.13]|59.6|[-3.51,-0.25,3.51,0.25,-2.09,2.09]
OTTOWN|Feres|OBJ|wall|city2_8md_f.p3d|[21663.10,7633.77,14.21]|147.7|[-2.30,-0.28,2.30,0.28,-2.11,2.11]
OTTOWN|Feres|OBJ|wall|city_4m_f.p3d|[21676.70,7624.69,14.38]|61.5|[-1.79,-0.24,1.79,0.24,-2.08,2.08]
OTTOWN|Feres|OBJ|wall|city2_4m_f.p3d|[21669.88,7640.12,14.19]|59.9|[-1.76,-0.25,1.76,0.25,-2.09,2.09]
OTTOWN|Feres|OBJ|wall|stone_4m_f.p3d|[21683.18,7646.90,14.08]|59.8|[-2.22,-0.36,2.22,0.36,-1.29,1.29]
OTTOWN|Feres|OBJ|wall|stone_pillar_f.p3d|[21684.41,7644.83,14.10]|329.7|[-0.45,-0.44,0.45,0.44,-1.79,1.79]
OTTOWN|Feres|OBJ|wall|stone_8md_f.p3d|[21692.89,7625.33,14.71]|64.5|[-4.14,-0.76,4.14,0.76,-1.28,1.28]
OTTOWN|Feres|OBJ|wall|stone_8md_f.p3d|[21702.49,7639.06,14.29]|136.1|[-4.14,-0.76,4.14,0.76,-1.28,1.28]
OTTOWN|Feres|OBJ|wall|stone_8md_f.p3d|[21694.12,7631.38,14.53]|317.0|[-4.14,-0.76,4.14,0.76,-1.28,1.28]
OTTOWN|Feres|OBJ|wall|stone_8md_f.p3d|[21691.80,7642.33,14.21]|137.6|[-4.14,-0.76,4.14,0.76,-1.28,1.28]
OTTOWN|Feres|OBJ|wall|stone_8m_f.p3d|[21710.35,7634.95,14.47]|48.4|[-4.26,-0.35,4.26,0.35,-1.30,1.30]
OTTOWN|Feres|OBJ|wall|stone_4m_f.p3d|[21706.38,7639.43,14.27]|48.4|[-2.22,-0.36,2.22,0.36,-1.29,1.29]
OTTOWN|Feres|OBJ|wall|stone_pillar_f.p3d|[21704.78,7641.14,14.21]|44.3|[-0.45,-0.44,0.45,0.44,-1.79,1.79]
OTTOWN|Feres|OBJ|wall|stone_pillar_f.p3d|[21691.28,7628.74,14.60]|56.0|[-0.45,-0.44,0.45,0.44,-1.79,1.79]
OTTOWN|Feres|OBJ|wall|stone_8m_f.p3d|[21680.32,7652.07,14.02]|61.5|[-4.26,-0.35,4.26,0.35,-1.30,1.30]
OTTOWN|Feres|OBJ|wall|city2_8md_f.p3d|[21662.81,7651.49,14.09]|59.1|[-2.30,-0.28,2.30,0.28,-2.11,2.11]
OTTOWN|Feres|OBJ|tree|t_oleae1s_f.p3d|[21643.08,7589.34,14.04]|199.0|[-3.91,-4.12,3.91,4.12,-5.03,5.03]
OTTOWN|Feres|OBJ|tree|t_oleae2s_f.p3d|[21664.42,7580.65,14.86]|208.3|[-7.19,-6.88,7.19,6.88,-7.90,7.90]
OTTOWN|Feres|OBJ|tree|t_oleae1s_f.p3d|[21644.24,7599.15,13.92]|231.0|[-3.91,-4.12,3.91,4.12,-5.03,5.03]
OTTOWN|Feres|OBJ|tree|t_oleae1s_f.p3d|[21637.03,7606.20,13.79]|177.0|[-3.91,-4.12,3.91,4.12,-5.03,5.03]
OTTOWN|Feres|OBJ|tree|t_oleae1s_f.p3d|[21634.50,7596.34,13.86]|322.0|[-3.91,-4.12,3.91,4.12,-5.03,5.03]
OTTOWN|Feres|OBJ|tree|t_oleae1s_f.p3d|[21653.80,7590.40,14.22]|164.1|[-3.91,-4.12,3.91,4.12,-5.03,5.03]
OTTOWN|Feres|OBJ|tree|t_fraxinusav2s_f.p3d|[21667.66,7606.78,14.57]|304.0|[-13.54,-13.39,13.54,13.39,-13.22,13.22]
OTTOWN|Feres|OBJ|tree|t_fraxinusav2s_f.p3d|[21638.75,7635.44,13.40]|352.0|[-13.54,-13.39,13.54,13.39,-13.22,13.22]
OTTOWN|Feres|OBJ|tree|t_ficusb2s_f.p3d|[21695.96,7641.43,14.18]|162.0|[-8.66,-8.23,8.66,8.23,-5.99,5.99]
OTTOWN|Feres|OBJ|tree|t_ficusb1s_f.p3d|[21704.62,7623.42,14.80]|138.1|[-5.06,-5.62,5.06,5.62,-4.61,4.61]
OTTOWN|Feres|ROAD|TRACK|10.0|[21698.15,7588.83,15.01]|[21706.94,7561.80,15.08]
OTTOWN|Feres|ROAD|TRACK|10.0|[21692.85,7606.18,14.94]|[21698.15,7588.83,15.01]
OTTOWN|Feres|ROAD|TRACK|10.0|[21680.92,7634.63,14.30]|[21692.85,7606.18,14.94]
OTTOWN|Feres|ROAD|TRACK|10.0|[21667.64,7656.78,13.96]|[21680.92,7634.63,14.30]
OTTOWN|Feres|ROAD|TRACK|10.0|[21654.33,7675.13,13.92]|[21667.64,7656.78,13.96]
OTTOWN|Feres|H|0|[15.09,15.07,15.07,15.13,15.17,15.18,15.15,15.07,15.10,15.17,15.19,15.20,15.19,15.18,15.16,15.15,15.13,15.13,15.15,15.16,15.16,15.14,15.10,15.07,15.05,15.06,15.09,15.12,15.15,15.16,15.16,15.16,15.15,15.09,15.06,15.05,15.05,15.05,15.05,15.05,15.06,15.06,15.06,15.06,15.06]
OTTOWN|Feres|H|1|[14.96,14.94,14.94,14.98,14.99,15.00,14.97,15.00,15.07,15.14,15.16,15.15,15.14,15.13,15.11,15.10,15.08,15.07,15.09,15.08,15.08,15.06,15.03,15.01,14.99,15.00,15.03,15.07,15.10,15.10,15.10,15.10,15.09,15.06,15.05,15.05,15.04,15.05,15.05,15.05,15.05,15.05,15.05,15.05,15.06]
OTTOWN|Feres|H|2|[14.83,14.81,14.78,14.79,14.80,14.81,14.86,14.93,15.00,15.07,15.07,15.06,15.05,15.05,15.04,15.02,15.01,15.01,15.01,15.00,15.00,15.00,14.98,14.96,14.94,14.96,15.00,15.03,15.06,15.06,15.06,15.06,15.06,15.05,15.05,15.04,15.04,15.04,15.05,15.05,15.05,15.05,15.05,15.05,15.05]
OTTOWN|Feres|H|3|[14.66,14.62,14.56,14.57,14.58,14.62,14.68,14.75,14.82,14.84,14.83,14.82,14.83,14.89,14.88,14.86,14.88,14.92,14.92,14.92,14.95,14.96,14.94,14.91,14.94,14.97,15.00,15.03,15.04,15.04,15.04,15.04,15.05,15.04,15.03,15.03,15.03,15.04,15.04,15.04,15.04,15.04,15.04,15.04,15.05]
OTTOWN|Feres|H|4|[14.47,14.39,14.34,14.35,14.39,14.44,14.50,14.57,14.59,14.60,14.60,14.61,14.67,14.73,14.72,14.74,14.79,14.83,14.83,14.86,14.90,14.91,14.89,14.92,14.94,14.97,15.00,15.01,15.03,15.03,15.03,15.03,15.03,15.03,15.03,15.03,15.03,15.03,15.03,15.04,15.04,15.04,15.04,15.04,15.04]
OTTOWN|Feres|H|5|[14.25,14.17,14.12,14.16,14.21,14.26,14.32,14.34,14.35,14.37,14.38,14.45,14.51,14.57,14.59,14.65,14.70,14.75,14.78,14.82,14.86,14.87,14.89,14.92,14.94,14.97,14.98,15.00,15.02,15.02,15.02,15.02,15.02,15.02,15.02,15.02,15.02,15.03,15.03,15.03,15.03,15.03,15.03,15.03,15.04]
OTTOWN|Feres|H|6|[14.13,14.06,14.01,14.07,14.12,14.17,14.18,14.20,14.21,14.22,14.26,14.33,14.39,14.45,14.51,14.56,14.62,14.68,14.72,14.76,14.81,14.85,14.87,14.89,14.93,14.97,14.98,15.00,15.01,15.01,15.02,15.02,15.02,15.02,15.02,15.02,15.02,15.02,15.02,15.03,15.03,15.03,15.03,15.03,15.03]
OTTOWN|Feres|H|7|[14.14,14.06,14.02,14.07,14.12,14.14,14.15,14.17,14.17,14.15,14.19,14.26,14.32,14.37,14.43,14.48,14.55,14.61,14.65,14.70,14.75,14.79,14.81,14.85,14.94,14.97,14.99,15.00,15.01,15.01,15.02,15.01,15.01,15.01,15.01,15.01,15.01,15.02,15.02,15.02,15.02,15.02,15.02,15.02,15.02]
OTTOWN|Feres|H|8|[14.14,14.07,14.03,14.08,14.09,14.10,14.12,14.13,14.11,14.08,14.13,14.18,14.24,14.29,14.35,14.41,14.48,14.55,14.59,14.64,14.69,14.73,14.77,14.86,14.95,14.98,14.99,15.00,15.01,15.01,15.01,15.01,15.01,15.01,15.01,15.01,15.01,15.01,15.01,15.02,15.02,15.02,15.02,15.02,15.02]
OTTOWN|Feres|H|9|[14.15,14.07,14.03,14.05,14.06,14.07,14.08,14.06,14.04,14.01,14.05,14.10,14.16,14.21,14.28,14.35,14.42,14.48,14.53,14.58,14.64,14.69,14.78,14.87,14.96,14.99,14.99,15.00,15.01,15.01,15.01,15.00,15.00,15.00,15.00,15.00,15.00,15.01,15.01,15.01,15.01,15.01,15.01,15.01,15.01]
OTTOWN|Feres|H|10|[14.14,14.07,13.97,13.98,14.00,14.02,14.03,14.01,13.99,13.98,14.02,14.07,14.13,14.17,14.24,14.31,14.38,14.45,14.51,14.56,14.61,14.69,14.78,14.87,14.94,14.97,14.98,14.98,14.99,14.99,14.99,14.98,14.99,14.99,14.99,14.99,15.00,15.00,15.00,15.00,15.00,15.00,15.00,15.01,15.01]
OTTOWN|Feres|H|11|[14.13,14.00,13.89,13.91,13.93,13.97,13.99,13.96,13.96,13.96,14.01,14.06,14.11,14.15,14.22,14.29,14.37,14.44,14.49,14.55,14.61,14.68,14.77,14.85,14.92,14.94,14.95,14.96,14.96,14.96,14.96,14.97,14.99,14.99,14.99,14.99,14.99,14.99,15.00,15.00,15.00,15.00,15.00,15.00,15.00]
OTTOWN|Feres|H|12|[14.06,13.92,13.82,13.84,13.89,13.93,13.94,13.94,13.94,13.95,13.99,14.04,14.09,14.13,14.20,14.28,14.35,14.43,14.48,14.54,14.60,14.68,14.76,14.83,14.90,14.92,14.93,14.93,14.94,14.93,14.95,14.97,14.98,14.98,14.98,14.98,14.99,14.99,14.99,14.99,14.99,14.99,14.99,15.00,15.00]
OTTOWN|Feres|H|13|[13.99,13.85,13.75,13.80,13.84,13.89,13.91,13.92,13.93,13.94,13.97,14.02,14.06,14.11,14.19,14.26,14.34,14.41,14.48,14.54,14.60,14.66,14.73,14.80,14.87,14.89,14.90,14.91,14.91,14.93,14.94,14.96,14.97,14.97,14.98,14.98,14.98,14.98,14.98,14.98,14.98,14.98,14.99,14.99,14.99]
OTTOWN|Feres|H|14|[13.97,13.83,13.75,13.80,13.84,13.88,13.89,13.90,13.91,13.91,13.94,13.99,14.03,14.10,14.17,14.25,14.33,14.40,14.47,14.53,14.59,14.65,14.72,14.79,14.84,14.85,14.86,14.87,14.88,14.89,14.91,14.93,14.97,14.97,14.97,14.97,14.97,14.97,14.97,14.97,14.98,14.98,14.98,14.98,14.98]
OTTOWN|Feres|H|15|[13.96,13.83,13.75,13.80,13.83,13.85,13.87,13.87,13.88,13.88,13.91,13.96,14.02,14.08,14.16,14.24,14.32,14.39,14.45,14.52,14.57,14.64,14.71,14.76,14.80,14.81,14.82,14.83,14.84,14.86,14.88,14.93,14.96,14.96,14.96,14.96,14.96,14.96,14.97,14.97,14.97,14.97,14.97,14.97,14.98]
OTTOWN|Feres|H|16|[13.96,13.83,13.75,13.79,13.81,13.83,13.84,13.84,13.84,13.84,13.88,13.94,14.01,14.07,14.15,14.23,14.31,14.38,14.44,14.50,14.56,14.62,14.67,14.72,14.76,14.77,14.79,14.80,14.81,14.83,14.87,14.92,14.95,14.96,14.96,14.96,14.96,14.96,14.96,14.96,14.97,14.97,14.97,14.97,14.97]
OTTOWN|Feres|H|17|[13.94,13.82,13.73,13.75,13.78,13.80,13.81,13.81,13.81,13.81,13.86,13.93,13.99,14.06,14.14,14.22,14.30,14.37,14.43,14.49,14.55,14.59,14.64,14.68,14.72,14.74,14.75,14.76,14.79,14.84,14.88,14.93,14.95,14.95,14.95,14.95,14.95,14.95,14.96,14.96,14.96,14.96,14.96,14.96,14.97]
OTTOWN|Feres|H|18|[13.86,13.75,13.68,13.70,13.72,13.75,13.76,13.76,13.76,13.78,13.84,13.90,13.97,14.07,14.15,14.23,14.30,14.37,14.43,14.49,14.53,14.56,14.60,14.64,14.67,14.68,14.69,14.72,14.84,14.89,14.94,14.95,14.94,14.94,14.94,14.94,14.94,14.95,14.95,14.95,14.95,14.95,14.95,14.95,14.97]
OTTOWN|Feres|H|19|[13.80,13.70,13.63,13.65,13.67,13.70,13.71,13.71,13.74,13.76,13.81,13.88,13.98,14.07,14.15,14.23,14.30,14.37,14.43,14.47,14.49,14.52,14.57,14.59,14.61,14.62,14.66,14.78,14.90,14.94,14.96,14.95,14.94,14.94,14.94,14.94,14.94,14.94,14.94,14.95,14.95,14.95,14.95,14.95,14.96]
OTTOWN|Feres|H|20|[13.75,13.64,13.57,13.60,13.62,13.65,13.67,13.69,13.71,13.74,13.80,13.89,13.98,14.08,14.15,14.23,14.30,14.37,14.41,14.43,14.46,14.49,14.51,14.53,14.55,14.59,14.71,14.83,14.95,14.97,14.96,14.94,14.93,14.93,14.93,14.93,14.93,14.94,14.94,14.94,14.94,14.94,14.94,14.94,14.95]
OTTOWN|Feres|H|21|[13.67,13.57,13.51,13.54,13.57,13.59,13.63,13.65,13.68,13.70,13.79,13.88,13.97,14.07,14.14,14.22,14.29,14.35,14.37,14.40,14.42,14.44,14.46,14.48,14.50,14.59,14.71,14.83,14.96,14.95,14.94,14.92,14.92,14.92,14.92,14.92,14.93,14.93,14.93,14.94,14.94,14.94,14.94,14.94,14.95]
OTTOWN|Feres|H|22|[13.57,13.49,13.45,13.47,13.50,13.54,13.58,13.60,13.63,13.68,13.76,13.85,13.95,14.05,14.12,14.20,14.26,14.32,14.34,14.37,14.38,14.39,14.41,14.43,14.44,14.53,14.65,14.78,14.93,14.92,14.91,14.91,14.91,14.91,14.91,14.92,14.92,14.92,14.93,14.93,14.93,14.93,14.94,14.94,14.95]
OTTOWN|Feres|H|23|[13.49,13.43,13.38,13.41,13.45,13.49,13.53,13.56,13.60,13.65,13.73,13.83,13.93,14.03,14.10,14.17,14.23,14.29,14.31,14.32,14.33,14.35,14.37,14.37,14.38,14.47,14.60,14.75,14.90,14.89,14.89,14.89,14.90,14.90,14.90,14.91,14.91,14.91,14.92,14.93,14.93,14.93,14.94,14.95,14.95]
OTTOWN|Feres|H|24|[13.43,13.36,13.31,13.36,13.40,13.44,13.48,13.53,13.58,13.62,13.71,13.81,13.91,14.00,14.07,14.14,14.20,14.25,14.27,14.28,14.29,14.30,14.30,14.31,14.32,14.42,14.57,14.72,14.87,14.87,14.87,14.88,14.88,14.89,14.89,14.90,14.90,14.91,14.91,14.92,14.93,14.93,14.94,14.95,14.93]
OTTOWN|Feres|H|25|[13.35,13.29,13.25,13.29,13.33,13.39,13.46,13.51,13.56,13.62,13.71,13.81,13.91,14.00,14.07,14.13,14.20,14.24,14.25,14.26,14.27,14.27,14.28,14.28,14.29,14.40,14.55,14.70,14.81,14.81,14.82,14.82,14.83,14.84,14.84,14.85,14.86,14.86,14.87,14.88,14.89,14.89,14.90,14.92,14.90]
OTTOWN|Feres|H|26|[13.28,13.22,13.18,13.22,13.27,13.37,13.45,13.49,13.55,13.63,13.72,13.82,13.91,14.01,14.08,14.14,14.19,14.23,14.24,14.25,14.25,14.25,14.26,14.26,14.27,14.38,14.53,14.64,14.73,14.74,14.75,14.76,14.77,14.77,14.78,14.79,14.80,14.80,14.81,14.82,14.83,14.84,14.86,14.89,14.87]
OTTOWN|Feres|H|27|[13.21,13.14,13.10,13.16,13.26,13.36,13.43,13.49,13.56,13.63,13.72,13.82,13.92,14.02,14.09,14.13,14.18,14.22,14.23,14.23,14.24,14.24,14.24,14.25,14.25,14.36,14.47,14.57,14.66,14.67,14.68,14.69,14.70,14.71,14.72,14.73,14.74,14.74,14.75,14.76,14.77,14.80,14.83,14.86,14.83]
OTTOWN|Feres|H|28|[13.14,13.07,13.04,13.14,13.24,13.34,13.43,13.50,13.57,13.64,13.73,13.83,13.93,14.03,14.08,14.13,14.17,14.21,14.21,14.22,14.22,14.22,14.22,14.23,14.23,14.30,14.40,14.49,14.59,14.60,14.61,14.62,14.63,14.64,14.66,14.67,14.68,14.69,14.70,14.71,14.73,14.76,14.79,14.82,14.74]
OTTOWN|Feres|H|29|[13.07,13.01,13.01,13.11,13.21,13.32,13.42,13.49,13.56,13.66,13.76,13.86,13.96,14.04,14.09,14.14,14.19,14.21,14.21,14.22,14.22,14.22,14.22,14.22,14.23,14.30,14.39,14.49,14.51,14.52,14.53,14.54,14.57,14.58,14.59,14.60,14.62,14.63,14.64,14.62,14.63,14.66,14.69,14.74,14.66]
OTTOWN|Feres|H|30|[13.01,12.98,12.98,13.08,13.19,13.31,13.41,13.48,13.58,13.69,13.80,13.89,13.98,14.06,14.11,14.15,14.19,14.21,14.21,14.21,14.21,14.22,14.22,14.22,14.22,14.30,14.39,14.41,14.42,14.43,14.45,14.48,14.51,14.52,14.53,14.54,14.55,14.56,14.54,14.51,14.53,14.56,14.61,14.66,14.58]
OTTOWN|Feres|H|31|[12.98,12.95,12.95,13.06,13.18,13.30,13.40,13.50,13.61,13.73,13.83,13.91,13.99,14.08,14.12,14.15,14.19,14.21,14.21,14.21,14.21,14.21,14.22,14.22,14.22,14.29,14.31,14.32,14.34,14.35,14.39,14.42,14.45,14.46,14.47,14.48,14.49,14.47,14.44,14.41,14.42,14.47,14.53,14.58,14.49]
OTTOWN|Feres|H|32|[13.00,12.97,12.98,13.10,13.22,13.35,13.45,13.56,13.67,13.78,13.86,13.94,14.02,14.10,14.13,14.16,14.19,14.21,14.21,14.21,14.21,14.21,14.21,14.21,14.22,14.22,14.23,14.25,14.26,14.29,14.33,14.36,14.39,14.40,14.41,14.42,14.41,14.38,14.35,14.31,14.35,14.40,14.46,14.49,14.36]
OTTOWN|Feres|H|33|[13.20,13.17,13.19,13.31,13.44,13.50,13.58,13.69,13.81,13.85,13.92,14.01,14.08,14.12,14.15,14.18,14.20,14.21,14.21,14.21,14.20,14.20,14.20,14.21,14.18,14.18,14.19,14.20,14.22,14.25,14.29,14.31,14.32,14.33,14.35,14.35,14.34,14.31,14.28,14.27,14.31,14.37,14.40,14.37,14.24]
OTTOWN|Feres|H|34|[13.40,13.39,13.40,13.53,13.59,13.64,13.72,13.83,13.87,13.92,13.99,14.06,14.10,14.14,14.18,14.19,14.20,14.20,14.20,14.20,14.19,14.19,14.20,14.17,14.13,14.13,14.15,14.16,14.17,14.21,14.23,14.25,14.26,14.27,14.28,14.29,14.28,14.24,14.24,14.24,14.28,14.31,14.28,14.25,14.11]
OTTOWN|Feres|H|35|[13.61,13.60,13.62,13.69,13.73,13.78,13.85,13.90,13.94,13.98,14.05,14.09,14.13,14.17,14.19,14.19,14.20,14.20,14.20,14.19,14.19,14.19,14.15,14.12,14.09,14.09,14.11,14.12,14.13,14.16,14.17,14.18,14.20,14.20,14.21,14.22,14.21,14.21,14.20,14.20,14.22,14.19,14.16,14.12,14.05]
OTTOWN|Feres|H|36|[13.78,13.77,13.77,13.82,13.86,13.91,13.93,13.97,14.02,14.05,14.08,14.12,14.16,14.18,14.19,14.19,14.20,14.20,14.19,14.19,14.18,14.14,14.10,14.07,14.05,14.06,14.08,14.09,14.10,14.12,14.13,14.14,14.16,14.17,14.17,14.18,14.18,14.18,14.18,14.17,14.14,14.11,14.08,14.05,14.04]
OTTOWN|Feres|H|37|[13.90,13.89,13.90,13.94,13.99,13.99,14.01,14.06,14.09,14.10,14.13,14.17,14.19,14.19,14.19,14.20,14.20,14.19,14.19,14.18,14.12,14.08,14.05,14.02,14.04,14.05,14.06,14.08,14.09,14.10,14.11,14.13,14.15,14.16,14.17,14.17,14.17,14.16,14.16,14.14,14.11,14.08,14.05,14.04,14.03]
OTTOWN|Feres|H|38|[14.03,14.02,14.02,14.07,14.07,14.07,14.10,14.13,14.14,14.15,14.18,14.20,14.20,14.19,14.20,14.20,14.19,14.19,14.18,14.12,14.06,14.02,14.00,14.01,14.02,14.04,14.05,14.06,14.07,14.08,14.10,14.12,14.14,14.15,14.15,14.15,14.15,14.14,14.12,14.11,14.08,14.05,14.04,14.03,14.01]
OTTOWN|Feres|H|39|[14.15,14.14,14.15,14.15,14.15,14.16,14.17,14.18,14.19,14.19,14.21,14.20,14.20,14.20,14.20,14.19,14.19,14.18,14.12,14.06,14.01,13.97,13.98,14.00,14.01,14.02,14.03,14.04,14.05,14.07,14.09,14.12,14.13,14.13,14.13,14.13,14.13,14.11,14.09,14.07,14.05,14.04,14.03,14.01,14.00]
OTTOWN|Feres|H|40|[14.21,14.20,14.19,14.19,14.19,14.19,14.19,14.20,14.21,14.21,14.21,14.21,14.20,14.20,14.19,14.19,14.18,14.16,14.10,14.04,13.98,13.95,13.97,13.98,13.99,14.01,14.02,14.03,14.04,14.06,14.08,14.10,14.12,14.12,14.12,14.12,14.11,14.09,14.07,14.06,14.05,14.04,14.03,14.00,13.99]
OTTOWN|Feres|H|41|[14.24,14.23,14.21,14.21,14.21,14.20,14.20,14.21,14.21,14.21,14.21,14.21,14.20,14.20,14.19,14.19,14.18,14.15,14.09,14.03,13.97,13.94,13.95,13.97,13.98,13.99,14.00,14.01,14.02,14.04,14.06,14.09,14.11,14.11,14.11,14.11,14.10,14.08,14.07,14.07,14.05,14.04,14.02,13.99,13.97]
OTTOWN|Feres|H|42|[14.27,14.25,14.24,14.24,14.22,14.21,14.21,14.21,14.21,14.21,14.21,14.21,14.20,14.20,14.19,14.18,14.17,14.14,14.08,14.02,13.95,13.92,13.94,13.95,13.96,13.97,13.98,14.00,14.01,14.03,14.05,14.08,14.09,14.09,14.09,14.09,14.08,14.07,14.07,14.07,14.06,14.03,14.00,13.97,13.96]
OTTOWN|Feres|H|43|[14.29,14.27,14.26,14.24,14.23,14.22,14.21,14.21,14.21,14.21,14.21,14.21,14.20,14.20,14.19,14.17,14.16,14.13,14.07,14.00,13.93,13.91,13.92,13.93,13.95,13.96,13.97,13.98,13.99,14.01,14.04,14.06,14.08,14.08,14.08,14.08,14.08,14.08,14.07,14.07,14.05,14.02,13.99,13.96,13.95]
OTTOWN|Feres|H|44|[14.31,14.29,14.26,14.25,14.24,14.22,14.21,14.21,14.21,14.21,14.21,14.21,14.20,14.20,14.18,14.17,14.14,14.04,13.97,13.91,13.87,13.88,13.89,13.90,13.93,13.94,13.95,13.96,13.97,14.00,14.02,14.04,14.05,14.05,14.05,14.06,14.06,14.06,14.06,14.05,14.02,13.99,13.96,13.95,13.94]
OTTOWN|Feres|END
OTTOWN|Selakano|HEAD|i_House_Big_02_V1_F|Land_i_House_Big_02_V2_F|[20706.918,6727.035,42.064]|276.54|false|67|2|3
OTTOWN|Selakano|BOX|[-5.33,-12.09,5.33,12.09,-6.09,6.09]
OTTOWN|Selakano|DOOR|main|[20712.52,6721.71,42.45]|546.5|3.50
OTTOWN|Selakano|DOOR|side|[20701.66,6727.74,42.45]|276.5|1.25
OTTOWN|Selakano|BPOS|[[20712.98,6729.90,42.48],[20710.25,6726.75,42.49],[20712.08,6725.87,45.93],[20701.03,6731.02,45.93],[20702.87,6730.80,42.49],[20704.54,6731.58,45.93],[20702.44,6727.75,45.93],[20704.71,6726.62,45.93],[20705.53,6728.28,42.49]]
OTTOWN|Selakano|OBJ|building|Land_u_Addon_02_V1_F|[20706.02,6717.36,41.68]|6.5|[-4.57,-4.94,4.57,4.94,-3.72,3.72]
OTTOWN|Selakano|OBJ|building|Land_i_Garage_V2_dam_F|[20708.06,6734.36,41.65]|187.3|[-9.00,-4.46,9.00,4.46,-3.41,3.41]
OTTOWN|Selakano|OBJ|building|Land_i_House_Small_01_V2_F|[20736.46,6731.86,41.60]|293.4|[-5.43,-7.64,5.43,7.64,-5.08,5.08]
OTTOWN|Selakano|OBJ|building|Land_Metal_Shed_F|[20733.25,6722.06,41.72]|109.6|[-5.24,-4.51,5.24,4.51,-2.78,2.78]
OTTOWN|Selakano|OBJ|building|Land_u_Addon_01_V1_F|[20696.66,6758.68,39.44]|319.6|[-6.50,-4.51,6.50,4.51,-3.42,3.42]
OTTOWN|Selakano|OBJ|building|Land_TBox_F|[20696.98,6766.63,39.60]|141.4|[-2.29,-1.65,2.29,1.65,-3.73,3.73]
OTTOWN|Selakano|OBJ|building|Land_i_Stone_HouseBig_V2_F|[20706.70,6765.75,40.12]|229.0|[-6.78,-6.16,6.78,6.16,-5.84,5.84]
OTTOWN|Selakano|OBJ|building|Land_i_Stone_Shed_V2_F|[20716.64,6750.67,40.91]|101.8|[-4.53,-4.96,4.53,4.96,-3.80,3.80]
OTTOWN|Selakano|OBJ|wall|city2_8m_f.p3d|[20695.80,6712.99,41.03]|195.2|[-3.51,-0.25,3.51,0.25,-2.09,2.09]
OTTOWN|Selakano|OBJ|wall|city2_8m_f.p3d|[20692.37,6717.22,41.29]|271.5|[-3.51,-0.25,3.51,0.25,-2.09,2.09]
OTTOWN|Selakano|OBJ|wall|city2_8m_f.p3d|[20702.49,6711.16,40.87]|195.2|[-3.51,-0.25,3.51,0.25,-2.09,2.09]
OTTOWN|Selakano|OBJ|wall|city2_8m_f.p3d|[20709.18,6709.37,40.79]|195.2|[-3.51,-0.25,3.51,0.25,-2.09,2.09]
OTTOWN|Selakano|OBJ|wall|stone_4m_f.p3d|[20727.46,6715.34,41.51]|267.6|[-2.22,-0.36,2.22,0.36,-1.29,1.29]
OTTOWN|Selakano|OBJ|wall|stone_4m_f.p3d|[20727.54,6719.30,41.62]|274.7|[-2.22,-0.36,2.22,0.36,-1.29,1.29]
OTTOWN|Selakano|OBJ|wall|stone_pillar_f.p3d|[20727.54,6713.21,41.44]|358.3|[-0.45,-0.44,0.45,0.44,-1.79,1.79]
OTTOWN|Selakano|OBJ|wall|stone_8md_f.p3d|[20739.81,6713.14,40.56]|181.0|[-4.14,-0.76,4.14,0.76,-1.28,1.28]
OTTOWN|Selakano|OBJ|wall|stone_8m_f.p3d|[20747.55,6713.07,39.66]|0.0|[-4.26,-0.35,4.26,0.35,-1.30,1.30]
OTTOWN|Selakano|OBJ|wall|stone_8m_f.p3d|[20731.88,6713.19,41.23]|0.0|[-4.26,-0.35,4.26,0.35,-1.30,1.30]
OTTOWN|Selakano|OBJ|wall|city_8md_f.p3d|[20692.59,6737.95,41.12]|271.0|[-3.50,-0.98,3.50,0.98,-1.80,1.80]
OTTOWN|Selakano|OBJ|wall|stone_8md_f.p3d|[20690.78,6744.57,40.29]|235.6|[-4.14,-0.76,4.14,0.76,-1.28,1.28]
OTTOWN|Selakano|OBJ|wall|stone_8md_f.p3d|[20699.36,6739.52,41.20]|194.9|[-4.14,-0.76,4.14,0.76,-1.28,1.28]
OTTOWN|Selakano|OBJ|wall|city2_8m_f.p3d|[20692.48,6727.58,41.52]|269.6|[-3.51,-0.25,3.51,0.25,-2.09,2.09]
OTTOWN|Selakano|OBJ|wall|city2_4m_f.p3d|[20692.48,6732.76,41.57]|270.1|[-1.76,-0.25,1.76,0.25,-2.09,2.09]
OTTOWN|Selakano|OBJ|wall|stone_pillar_f.p3d|[20692.97,6741.31,40.71]|327.9|[-0.45,-0.44,0.45,0.44,-1.79,1.79]
OTTOWN|Selakano|OBJ|wall|city_pillar_f.p3d|[20692.47,6720.81,40.82]|271.1|[-0.23,-0.24,0.23,0.24,-2.14,2.14]
OTTOWN|Selakano|OBJ|wall|Land_Stone_Gate_F|[20714.73,6744.51,41.22]|104.0|[-2.96,-1.47,2.96,1.47,-1.71,1.71]
OTTOWN|Selakano|OBJ|wall|stone_8m_f.p3d|[20728.80,6725.12,41.78]|105.6|[-4.26,-0.35,4.26,0.35,-1.30,1.30]
OTTOWN|Selakano|OBJ|wall|stone_4m_f.p3d|[20713.39,6739.85,41.42]|105.2|[-2.22,-0.36,2.22,0.36,-1.29,1.29]
OTTOWN|Selakano|OBJ|wall|stone_pillar_f.p3d|[20702.77,6738.61,41.45]|282.0|[-0.45,-0.44,0.45,0.44,-1.79,1.79]
OTTOWN|Selakano|OBJ|wall|stone_pillar_f.p3d|[20712.88,6737.74,41.50]|15.9|[-0.45,-0.44,0.45,0.44,-1.79,1.79]
OTTOWN|Selakano|OBJ|wall|stone_pillar_f.p3d|[20729.88,6728.94,41.88]|290.4|[-0.45,-0.44,0.45,0.44,-1.79,1.79]
OTTOWN|Selakano|OBJ|wall|stone_8m_f.p3d|[20735.96,6742.28,41.27]|296.1|[-4.26,-0.35,4.26,0.35,-1.30,1.30]
OTTOWN|Selakano|OBJ|wall|stone_pillar_f.p3d|[20734.08,6738.66,41.48]|23.0|[-0.45,-0.44,0.45,0.44,-1.79,1.79]
OTTOWN|Selakano|OBJ|wall|stone_pillar_f.p3d|[20741.06,6748.70,40.86]|47.0|[-0.45,-0.44,0.45,0.44,-1.79,1.79]
OTTOWN|Selakano|OBJ|wall|stone_pillar_f.p3d|[20737.74,6745.82,41.08]|133.4|[-0.45,-0.44,0.45,0.44,-1.79,1.79]
OTTOWN|Selakano|OBJ|wall|Land_Stone_Gate_F|[20683.58,6755.81,39.49]|57.9|[-2.96,-1.47,2.96,1.47,-1.71,1.71]
OTTOWN|Selakano|OBJ|wall|stone_8m_f.p3d|[20687.17,6750.10,39.75]|237.0|[-4.26,-0.35,4.26,0.35,-1.30,1.30]
OTTOWN|Selakano|OBJ|wall|stone_8m_f.p3d|[20679.93,6761.48,39.44]|57.6|[-4.26,-0.35,4.26,0.35,-1.30,1.30]
OTTOWN|Selakano|OBJ|wall|stone_8m_f.p3d|[20720.63,6761.86,40.12]|65.2|[-4.26,-0.35,4.26,0.35,-1.30,1.30]
OTTOWN|Selakano|OBJ|wall|stone_8m_f.p3d|[20716.76,6768.85,39.72]|56.2|[-4.26,-0.35,4.26,0.35,-1.30,1.30]
OTTOWN|Selakano|OBJ|wall|stone_4m_f.p3d|[20722.18,6756.31,40.52]|95.0|[-2.22,-0.36,2.22,0.36,-1.29,1.29]
OTTOWN|Selakano|OBJ|wall|stone_pillar_f.p3d|[20722.25,6758.37,40.38]|329.7|[-0.45,-0.44,0.45,0.44,-1.79,1.79]
OTTOWN|Selakano|OBJ|wall|stone_pillar_f.p3d|[20721.96,6754.27,40.65]|10.9|[-0.45,-0.44,0.45,0.44,-1.79,1.79]
OTTOWN|Selakano|OBJ|wall|stone_8m_f.p3d|[20744.14,6751.28,40.37]|320.1|[-4.26,-0.35,4.26,0.35,-1.30,1.30]
OTTOWN|Selakano|OBJ|tree|t_quercusir2s_f.p3d|[20713.27,6687.52,40.42]|208.4|[-11.51,-11.20,11.51,11.20,-11.24,11.24]
OTTOWN|Selakano|OBJ|tree|t_ficusb2s_f.p3d|[20693.67,6711.10,41.00]|225.8|[-8.66,-8.23,8.66,8.23,-5.99,5.99]
OTTOWN|Selakano|OBJ|tree|t_fraxinusav2s_f.p3d|[20711.98,6697.17,39.67]|309.5|[-13.54,-13.39,13.54,13.39,-13.22,13.22]
OTTOWN|Selakano|OBJ|tree|t_quercusir2s_f.p3d|[20736.06,6705.10,39.63]|57.9|[-11.51,-11.20,11.51,11.20,-11.24,11.24]
OTTOWN|Selakano|OBJ|tree|t_pinuss1s_f.p3d|[20667.98,6730.86,40.08]|141.0|[-4.24,-4.62,4.24,4.62,-3.89,3.89]
OTTOWN|Selakano|OBJ|tree|t_fraxinusav2s_f.p3d|[20685.05,6729.92,39.76]|12.7|[-13.54,-13.39,13.54,13.39,-13.22,13.22]
OTTOWN|Selakano|OBJ|tree|t_fraxinusav2s_f.p3d|[20705.28,6742.65,41.24]|178.2|[-13.54,-13.39,13.54,13.39,-13.22,13.22]
OTTOWN|Selakano|OBJ|tree|t_ficusb2s_f.p3d|[20718.49,6761.85,40.09]|90.4|[-8.66,-8.23,8.66,8.23,-5.99,5.99]
OTTOWN|Selakano|ROAD|TRACK|10.0|[20723.43,6707.89,40.86]|[20730.09,6686.82,40.42]
OTTOWN|Selakano|ROAD|TRACK|10.0|[20720.98,6722.93,41.68]|[20723.43,6707.89,40.86]
OTTOWN|Selakano|ROAD|TRACK|10.0|[20727.49,6747.61,40.99]|[20721.21,6731.87,41.68]
OTTOWN|Selakano|ROAD|TRACK|10.0|[20721.21,6731.87,41.68]|[20720.98,6722.93,41.68]
OTTOWN|Selakano|ROAD|TRACK|10.0|[20728.53,6758.30,40.33]|[20727.49,6747.61,40.99]
OTTOWN|Selakano|H|0|[45.52,45.26,45.01,44.75,44.44,44.05,43.67,43.28,42.52,41.65,40.78,39.95,39.99,40.07,40.14,40.30,41.01,41.72,42.43,42.64,42.63,42.61,42.59,42.49,42.36,42.23,42.12,41.73,41.32,40.91,40.73,40.75,40.77,40.80,40.85,40.94,41.02,41.10,41.18,41.29,41.41,41.44,41.47,41.50,41.54]
OTTOWN|Selakano|H|1|[45.42,45.17,44.91,44.66,44.35,43.96,43.58,43.07,42.30,41.44,40.61,39.90,39.94,40.01,40.01,40.08,40.79,41.50,41.77,41.82,41.81,41.79,41.76,41.66,41.53,41.42,41.38,40.99,40.58,40.41,40.50,40.52,40.54,40.58,40.65,40.73,40.82,40.78,40.86,40.97,41.01,40.78,40.81,40.84,40.88]
OTTOWN|Selakano|H|2|[45.32,45.07,44.82,44.57,44.26,43.88,43.37,42.85,42.09,41.26,40.55,39.84,39.88,39.88,39.79,39.87,40.58,40.85,40.95,41.00,40.98,40.96,40.93,40.82,40.72,40.68,40.64,40.25,40.08,40.18,40.26,40.28,40.33,40.38,40.45,40.53,40.50,40.46,40.54,40.57,40.35,40.13,40.15,40.19,40.22]
OTTOWN|Selakano|H|3|[45.22,44.98,44.73,44.48,44.17,43.67,43.15,42.64,41.91,41.20,40.49,39.79,39.75,39.66,39.57,39.65,39.92,40.03,40.13,40.18,40.15,40.12,40.09,40.01,39.97,39.94,39.90,39.75,39.85,39.95,40.03,40.07,40.13,40.18,40.25,40.21,40.18,40.14,40.14,39.91,39.69,39.47,39.49,39.53,39.57]
OTTOWN|Selakano|H|4|[44.93,44.69,44.44,44.20,43.76,43.25,42.73,42.31,41.77,41.06,40.35,39.76,39.66,39.57,39.49,39.45,39.55,39.66,39.76,39.72,39.69,39.66,39.64,39.63,39.59,39.55,39.58,39.67,39.77,39.87,39.96,40.02,40.07,40.12,40.10,40.06,40.03,39.96,39.75,39.53,39.30,39.09,39.12,39.16,39.19]
OTTOWN|Selakano|H|5|[44.46,44.21,43.97,43.59,43.15,42.64,42.21,42.08,41.54,40.83,40.25,39.80,39.69,39.61,39.53,39.50,39.60,39.71,39.65,39.60,39.57,39.55,39.59,39.58,39.54,39.56,39.65,39.75,39.85,39.95,40.05,40.10,40.15,40.13,40.10,40.07,40.00,39.82,39.61,39.39,39.18,38.98,39.01,39.04,38.97]
OTTOWN|Selakano|H|6|[43.98,43.74,43.36,42.98,42.54,42.11,41.98,41.86,41.32,40.73,40.28,39.83,39.73,39.65,39.58,39.55,39.65,39.59,39.53,39.48,39.47,39.50,39.54,39.53,39.55,39.64,39.73,39.83,39.93,40.04,40.13,40.18,40.16,40.14,40.11,40.04,39.86,39.69,39.48,39.27,39.07,38.87,38.89,38.82,38.70]
OTTOWN|Selakano|H|7|[43.51,43.13,42.75,42.37,42.01,41.89,41.76,41.63,41.21,40.76,40.31,39.86,39.77,39.70,39.63,39.60,39.54,39.48,39.41,39.38,39.42,39.45,39.49,39.54,39.63,39.72,39.81,39.91,40.01,40.12,40.21,40.19,40.17,40.14,40.08,39.90,39.73,39.55,39.35,39.15,38.95,38.75,38.67,38.55,38.43]
OTTOWN|Selakano|H|8|[43.02,42.64,42.26,41.88,41.62,41.49,41.36,41.21,40.85,40.40,39.94,39.82,39.75,39.69,39.62,39.59,39.52,39.46,39.40,39.39,39.42,39.46,39.52,39.61,39.70,39.79,40.01,40.12,40.22,40.32,40.31,40.28,40.26,40.22,40.09,39.92,39.74,39.53,39.32,39.12,38.92,38.72,38.60,38.48,38.36]
OTTOWN|Selakano|H|9|[42.56,42.18,41.80,41.43,41.16,41.04,40.89,40.73,40.36,39.91,39.78,39.78,39.72,39.65,39.63,39.60,39.54,39.47,39.42,39.41,39.45,39.51,39.59,39.68,39.77,39.99,40.25,40.36,40.46,40.45,40.43,40.40,40.36,40.28,40.15,39.97,39.76,39.52,39.30,39.10,38.91,38.71,38.59,38.47,38.26]
OTTOWN|Selakano|H|10|[42.10,41.72,41.35,40.97,40.71,40.57,40.40,40.24,39.87,39.75,39.75,39.75,39.68,39.66,39.64,39.61,39.55,39.50,39.45,39.43,39.49,39.58,39.66,39.75,39.97,40.23,40.49,40.60,40.59,40.57,40.55,40.51,40.42,40.33,40.20,40.00,39.75,39.50,39.29,39.09,38.90,38.70,38.58,38.37,38.16]
OTTOWN|Selakano|H|11|[41.65,41.27,40.90,40.53,40.25,40.09,39.92,39.76,39.71,39.71,39.71,39.71,39.69,39.67,39.65,39.64,39.58,39.53,39.48,39.49,39.57,39.66,39.74,39.95,40.21,40.48,40.74,40.73,40.71,40.69,40.65,40.57,40.48,40.39,40.23,39.99,39.74,39.50,39.29,39.09,38.89,38.69,38.48,38.27,38.06]
OTTOWN|Selakano|H|12|[41.35,40.98,40.60,40.34,40.18,40.02,39.85,39.67,39.62,39.62,39.62,39.65,39.64,39.62,39.70,40.01,39.96,39.90,39.90,39.98,40.06,40.15,40.20,40.39,40.65,40.91,40.91,40.89,40.87,40.86,40.84,40.75,40.66,40.63,40.53,40.28,40.04,39.86,39.67,39.48,39.28,39.02,38.80,38.59,38.38]
OTTOWN|Selakano|H|13|[41.05,40.68,40.42,40.27,40.11,39.95,39.77,39.58,39.52,39.52,39.56,39.60,39.58,39.66,40.07,40.38,40.33,40.33,40.39,40.46,40.55,40.60,40.63,40.83,41.09,41.08,41.07,41.06,41.04,41.04,41.02,40.93,40.89,40.92,40.82,40.57,40.40,40.24,40.06,39.86,39.60,39.34,39.12,38.91,38.67]
OTTOWN|Selakano|H|14|[40.76,40.49,40.35,40.20,40.04,39.86,39.67,39.48,39.43,39.46,39.50,39.54,39.62,40.03,40.44,40.76,40.76,40.82,40.88,40.95,41.00,41.04,41.07,41.27,41.26,41.25,41.24,41.22,41.22,41.22,41.20,41.16,41.19,41.21,41.11,40.94,40.78,40.63,40.45,40.18,39.92,39.66,39.44,39.20,38.96]
OTTOWN|Selakano|H|15|[40.56,40.41,40.26,40.12,39.96,39.77,39.58,39.39,39.36,39.40,39.44,39.47,39.87,40.28,40.69,41.09,41.15,41.21,41.28,41.31,41.35,41.38,41.42,41.41,41.40,41.39,41.38,41.38,41.37,41.37,41.38,41.40,41.42,41.45,41.39,41.23,41.08,40.93,40.73,40.47,40.20,39.97,39.74,39.50,39.27]
OTTOWN|Selakano|H|16|[40.44,40.29,40.15,40.03,39.88,39.69,39.50,39.30,39.27,39.31,39.35,39.38,39.78,40.19,40.71,41.24,41.30,41.36,41.39,41.41,41.45,41.48,41.50,41.49,41.48,41.47,41.45,41.45,41.45,41.45,41.46,41.48,41.50,41.51,41.44,41.29,41.14,41.11,40.91,40.65,40.42,40.31,40.08,39.84,39.49]
OTTOWN|Selakano|H|17|[40.32,40.18,40.06,39.95,39.80,39.61,39.41,39.21,39.18,39.22,39.25,39.29,39.68,40.21,40.86,41.39,41.45,41.48,41.49,41.52,41.55,41.56,41.58,41.57,41.56,41.54,41.52,41.52,41.52,41.53,41.54,41.56,41.57,41.57,41.50,41.35,41.32,41.29,41.09,40.87,40.76,40.65,40.41,40.06,39.58]
OTTOWN|Selakano|H|18|[40.21,40.09,39.98,39.87,39.72,39.52,39.32,39.12,39.09,39.12,39.16,39.19,39.70,40.35,41.01,41.53,41.56,41.58,41.59,41.62,41.63,41.64,41.66,41.65,41.63,41.61,41.60,41.60,41.60,41.61,41.62,41.62,41.62,41.62,41.55,41.52,41.50,41.47,41.31,41.20,41.09,40.98,40.63,40.15,39.67]
OTTOWN|Selakano|H|19|[40.15,40.05,39.94,39.83,39.68,39.48,39.28,39.13,39.15,39.19,39.22,39.21,39.84,40.49,41.14,41.59,41.61,41.62,41.64,41.66,41.67,41.68,41.70,41.69,41.67,41.65,41.64,41.65,41.66,41.66,41.66,41.66,41.66,41.66,41.68,41.65,41.62,41.60,41.52,41.41,41.30,41.19,40.72,40.24,39.76]
OTTOWN|Selakano|H|20|[40.15,40.04,39.93,39.83,39.69,39.49,39.33,39.33,39.36,39.39,39.38,39.33,39.96,40.61,41.17,41.59,41.61,41.62,41.64,41.66,41.67,41.69,41.70,41.69,41.68,41.67,41.67,41.68,41.68,41.69,41.69,41.69,41.69,41.74,41.75,41.72,41.70,41.68,41.60,41.49,41.38,41.27,40.80,40.33,39.83]
OTTOWN|Selakano|H|21|[40.14,40.03,39.94,39.84,39.69,39.54,39.54,39.54,39.56,39.56,39.50,39.45,40.08,40.64,41.17,41.59,41.60,41.62,41.65,41.66,41.68,41.69,41.71,41.70,41.69,41.70,41.70,41.71,41.71,41.71,41.71,41.71,41.76,41.81,41.83,41.80,41.79,41.77,41.69,41.58,41.46,41.35,40.89,40.40,39.90]
OTTOWN|Selakano|H|22|[40.14,40.04,39.94,39.84,39.74,39.74,39.74,39.74,39.73,39.68,39.62,39.57,40.11,40.64,41.16,41.58,41.61,41.63,41.65,41.67,41.68,41.70,41.71,41.72,41.72,41.73,41.73,41.73,41.73,41.73,41.73,41.78,41.83,41.89,41.90,41.89,41.87,41.85,41.77,41.66,41.55,41.44,40.96,40.46,39.97]
OTTOWN|Selakano|H|23|[40.19,40.09,39.99,39.92,39.93,39.93,39.93,39.93,39.89,39.84,39.79,39.75,40.25,40.78,41.31,41.61,41.63,41.65,41.67,41.70,41.71,41.73,41.73,41.73,41.74,41.74,41.71,41.71,41.71,41.71,41.72,41.77,41.82,41.87,41.87,41.86,41.84,41.83,41.75,41.64,41.53,41.44,40.96,40.46,39.97]
OTTOWN|Selakano|H|24|[40.25,40.15,40.08,40.09,40.10,40.10,40.10,40.11,40.07,40.02,39.97,39.93,40.44,40.96,41.34,41.64,41.66,41.68,41.71,41.74,41.75,41.75,41.74,41.74,41.74,41.71,41.67,41.67,41.67,41.67,41.68,41.73,41.78,41.80,41.81,41.79,41.78,41.78,41.70,41.58,41.50,41.42,40.94,40.44,39.77]
OTTOWN|Selakano|H|25|[40.32,40.24,40.26,40.27,40.28,40.28,40.28,40.28,40.25,40.20,40.16,40.12,40.62,41.00,41.37,41.67,41.69,41.72,41.75,41.78,41.78,41.76,41.75,41.75,41.72,41.67,41.63,41.63,41.63,41.63,41.64,41.69,41.71,41.74,41.75,41.73,41.73,41.72,41.64,41.55,41.47,41.39,40.92,40.25,39.57]
OTTOWN|Selakano|H|26|[40.40,40.41,40.43,40.44,40.45,40.45,40.45,40.46,40.43,40.38,40.34,40.30,40.65,41.02,41.40,41.69,41.72,41.76,41.79,41.80,41.78,41.77,41.75,41.72,41.68,41.63,41.59,41.59,41.59,41.59,41.59,41.62,41.65,41.67,41.69,41.68,41.67,41.67,41.61,41.53,41.45,41.37,40.72,40.05,39.38]
OTTOWN|Selakano|H|27|[40.33,40.35,40.36,40.33,40.29,40.29,40.29,40.29,40.25,40.21,40.17,40.20,40.56,40.93,41.25,41.38,41.41,41.44,41.54,41.61,41.60,41.58,41.62,41.61,41.57,41.52,41.51,41.51,41.51,41.51,41.51,41.54,41.56,41.58,41.58,41.57,41.57,41.59,41.54,41.46,41.38,41.31,40.67,39.99,39.39]
OTTOWN|Selakano|H|28|[40.27,40.28,40.25,40.17,40.12,40.13,40.12,40.11,40.08,40.04,40.07,40.11,40.47,40.79,40.94,41.07,41.10,41.19,41.35,41.43,41.41,41.45,41.51,41.50,41.46,41.45,41.44,41.44,41.44,41.43,41.43,41.46,41.47,41.47,41.47,41.46,41.48,41.51,41.46,41.38,41.32,41.25,40.61,40.00,39.63]
OTTOWN|Selakano|H|29|[40.20,40.17,40.09,40.00,39.96,39.96,39.95,39.94,39.91,39.94,39.98,40.02,40.32,40.48,40.63,40.76,40.85,41.00,41.16,41.24,41.28,41.34,41.40,41.39,41.38,41.37,41.36,41.36,41.35,41.35,41.35,41.36,41.36,41.36,41.36,41.38,41.41,41.44,41.39,41.32,41.26,41.20,40.62,40.24,39.86]
OTTOWN|Selakano|H|30|[40.09,40.01,39.93,39.84,39.80,39.79,39.79,39.78,39.81,39.85,39.88,39.92,40.07,40.22,40.37,40.50,40.65,40.81,40.97,41.08,41.14,41.20,41.27,41.30,41.30,41.29,41.29,41.28,41.27,41.26,41.26,41.26,41.26,41.26,41.25,41.28,41.31,41.34,41.30,41.23,41.17,41.13,40.78,40.40,40.02]
OTTOWN|Selakano|H|31|[39.94,39.85,39.77,39.71,39.68,39.67,39.66,39.68,39.71,39.75,39.78,39.80,39.95,40.10,40.21,40.28,40.44,40.60,40.75,40.87,40.93,40.99,41.15,41.19,41.18,41.18,41.20,41.20,41.19,41.18,41.17,41.17,41.17,41.12,41.10,41.13,41.16,41.16,41.11,41.05,41.01,41.08,40.73,40.35,39.88]
OTTOWN|Selakano|H|32|[39.78,39.70,39.64,39.58,39.55,39.54,39.56,39.58,39.61,39.64,39.67,39.69,39.84,39.94,39.99,40.07,40.23,40.38,40.54,40.65,40.72,40.87,41.03,41.07,41.07,41.10,41.12,41.11,41.10,41.09,41.07,41.07,41.03,40.97,40.95,40.98,40.98,40.97,40.93,40.89,40.96,41.03,40.67,40.21,39.65]
OTTOWN|Selakano|H|33|[39.63,39.57,39.51,39.46,39.43,39.44,39.46,39.47,39.50,39.53,39.55,39.57,39.67,39.73,39.78,39.86,40.01,40.17,40.33,40.44,40.60,40.76,40.92,40.97,40.99,41.01,41.04,41.03,41.01,41.00,40.98,40.94,40.88,40.82,40.81,40.80,40.80,40.79,40.77,40.84,40.91,40.98,40.53,39.97,39.41]
OTTOWN|Selakano|H|34|[39.53,39.48,39.42,39.37,39.37,39.39,39.41,39.42,39.44,39.47,39.49,39.52,39.57,39.62,39.68,39.72,39.88,40.04,40.20,40.28,40.44,40.60,40.75,40.79,40.81,40.84,40.91,40.90,40.88,40.87,40.86,40.80,40.74,40.68,40.66,40.66,40.65,40.65,40.69,40.76,40.83,40.84,40.30,39.74,39.17]
OTTOWN|Selakano|H|35|[39.48,39.42,39.37,39.36,39.37,39.39,39.40,39.42,39.44,39.46,39.49,39.51,39.56,39.62,39.63,39.67,39.83,39.98,40.00,40.08,40.24,40.39,40.48,40.53,40.55,40.62,40.74,40.73,40.71,40.72,40.73,40.67,40.61,40.58,40.56,40.55,40.54,40.54,40.59,40.66,40.66,40.61,40.06,39.50,38.91]
OTTOWN|Selakano|H|36|[39.42,39.37,39.36,39.36,39.36,39.38,39.40,39.41,39.43,39.46,39.48,39.51,39.56,39.57,39.58,39.61,39.77,39.79,39.80,39.89,40.03,40.12,40.22,40.26,40.33,40.45,40.57,40.56,40.57,40.59,40.59,40.53,40.50,40.47,40.45,40.44,40.44,40.43,40.48,40.49,40.43,40.37,39.83,39.23,38.63]
OTTOWN|Selakano|H|37|[39.37,39.36,39.36,39.35,39.36,39.37,39.39,39.41,39.43,39.45,39.48,39.50,39.52,39.52,39.52,39.56,39.58,39.59,39.61,39.67,39.77,39.86,39.95,40.04,40.16,40.28,40.40,40.42,40.44,40.46,40.46,40.43,40.39,40.36,40.34,40.34,40.33,40.33,40.31,40.25,40.20,40.14,39.56,38.95,38.35]
OTTOWN|Selakano|H|38|[39.36,39.36,39.35,39.35,39.36,39.38,39.39,39.41,39.43,39.46,39.48,39.50,39.50,39.51,39.51,39.51,39.53,39.54,39.56,39.61,39.70,39.79,39.83,39.91,40.03,40.15,40.23,40.25,40.27,40.29,40.35,40.31,40.28,40.26,40.28,40.27,40.27,40.26,40.22,40.16,40.10,39.74,39.14,38.53,37.92]
OTTOWN|Selakano|H|39|[39.36,39.35,39.35,39.35,39.36,39.38,39.40,39.41,39.44,39.46,39.48,39.50,39.50,39.51,39.51,39.51,39.52,39.54,39.55,39.60,39.69,39.73,39.71,39.79,39.91,39.99,40.05,40.07,40.09,40.17,40.23,40.20,40.18,40.21,40.22,40.22,40.21,40.21,40.16,40.11,39.75,39.27,38.67,38.06,37.82]
OTTOWN|Selakano|H|40|[39.35,39.35,39.35,39.36,39.36,39.38,39.40,39.42,39.44,39.46,39.48,39.50,39.50,39.50,39.50,39.51,39.52,39.53,39.54,39.59,39.63,39.61,39.59,39.67,39.74,39.80,39.87,39.89,39.97,40.06,40.12,40.10,40.13,40.16,40.17,40.16,40.16,40.15,40.11,39.75,39.28,38.81,38.20,37.96,37.73]
OTTOWN|Selakano|H|41|[39.35,39.35,39.36,39.36,39.37,39.39,39.41,39.42,39.44,39.46,39.48,39.50,39.50,39.50,39.50,39.50,39.51,39.52,39.53,39.53,39.51,39.49,39.47,39.50,39.57,39.63,39.69,39.77,39.86,39.94,40.01,40.04,40.07,40.10,40.12,40.11,40.10,40.10,39.76,39.29,38.82,38.34,38.10,37.87,37.63]
OTTOWN|Selakano|H|42|[39.36,39.36,39.36,39.37,39.38,39.40,39.41,39.44,39.46,39.48,39.49,39.50,39.50,39.50,39.50,39.50,39.51,39.52,39.53,39.52,39.50,39.48,39.48,39.52,39.58,39.65,39.66,39.75,39.83,39.90,39.92,39.95,39.98,39.99,39.99,39.98,39.98,39.88,39.51,39.04,38.57,38.25,38.02,37.78,37.57]
OTTOWN|Selakano|H|43|[39.36,39.36,39.37,39.37,39.38,39.40,39.43,39.45,39.47,39.49,39.49,39.50,39.50,39.50,39.49,39.49,39.50,39.51,39.52,39.51,39.49,39.49,39.50,39.54,39.60,39.62,39.64,39.72,39.79,39.81,39.83,39.86,39.87,39.87,39.86,39.85,39.76,39.64,39.26,38.79,38.48,38.17,37.93,37.71,37.57]
OTTOWN|Selakano|H|44|[39.37,39.37,39.38,39.38,39.39,39.42,39.44,39.46,39.48,39.49,39.49,39.50,39.50,39.49,39.49,39.49,39.49,39.50,39.50,39.50,39.50,39.51,39.51,39.56,39.58,39.60,39.62,39.68,39.70,39.72,39.74,39.75,39.75,39.74,39.73,39.64,39.51,39.39,39.02,38.70,38.39,38.08,37.86,37.72,37.58]
OTTOWN|Selakano|END
OTTOWN|Pyrgos|HEAD|Offices_01_V1_F|Land_Offices_01_V1_F|[16634.570,12805.675,10.366]|30.40|false|454|5|5
OTTOWN|Pyrgos|BOX|[-17.77,-14.29,17.77,14.29,-12.73,12.73]
OTTOWN|Pyrgos|DOOR|main|[16639.69,12793.74,11.63]|210.4|2.93
OTTOWN|Pyrgos|DOOR|back|[16626.05,12820.41,11.65]|30.4|1.25
OTTOWN|Pyrgos|BPOS|[[16641.50,12793.59,11.62],[16637.93,12795.73,11.62],[16635.81,12796.68,11.63],[16633.73,12798.37,11.65],[16631.67,12799.34,11.63],[16630.15,12800.60,11.63],[16643.26,12809.35,11.62],[16638.93,12811.93,11.62],[16634.64,12814.54,11.63],[16630.27,12816.94,11.63]]
OTTOWN|Pyrgos|BPOS|[[16630.71,12799.83,15.39],[16632.59,12798.73,15.39],[16634.71,12797.85,15.39],[16636.76,12796.29,15.39],[16630.84,12800.05,19.34],[16632.72,12798.95,19.34],[16634.72,12797.85,19.35],[16636.76,12796.29,19.35],[16630.85,12800.05,23.30],[16632.73,12798.95,23.30]]
OTTOWN|Pyrgos|BPOS|[[16634.72,12797.85,23.31],[16636.00,12796.63,23.31],[16639.84,12794.36,23.30],[16641.75,12793.42,23.30],[16643.17,12796.42,23.30],[16644.20,12798.01,23.30],[16644.94,12799.30,23.30],[16633.27,12814.92,28.58],[16629.71,12817.28,28.59],[16624.68,12819.98,28.59]]
OTTOWN|Pyrgos|BPOS|[[16622.22,12816.75,28.60],[16620.30,12813.28,28.60],[16618.01,12809.50,28.60],[16615.35,12804.62,28.61],[16617.93,12802.70,28.60],[16621.00,12801.23,28.60],[16626.69,12797.61,28.59],[16628.84,12800.86,28.59],[16635.21,12797.72,28.58],[16641.60,12793.24,28.57]]
OTTOWN|Pyrgos|BPOS|[[16644.82,12798.57,28.57],[16643.25,12796.24,28.57],[16646.58,12802.19,28.57],[16648.98,12806.01,28.57],[16640.34,12801.13,28.58]]
OTTOWN|Pyrgos|OBJ|building|Land_i_Addon_04_V1_F|[16677.28,12800.85,17.92]|131.8|[-5.02,-3.98,5.02,3.98,-2.94,2.94]
OTTOWN|Pyrgos|OBJ|building|Land_i_Shop_02_V3_F|[16663.63,12837.37,16.40]|302.2|[-8.58,-5.44,8.58,5.44,-6.24,6.24]
OTTOWN|Pyrgos|OBJ|building|Land_u_House_Big_02_V1_F|[16645.90,12846.72,15.36]|210.2|[-5.27,-12.09,5.27,12.09,-5.90,5.90]
OTTOWN|Pyrgos|OBJ|building|Land_u_House_Big_02_V1_F|[16653.67,12840.89,15.68]|30.4|[-5.27,-12.09,5.27,12.09,-5.90,5.90]
OTTOWN|Pyrgos|OBJ|wall|pipe_fence_4m_f.p3d|[16614.82,12765.35,10.95]|267.5|[-2.08,-0.09,2.08,0.09,-0.85,0.85]
OTTOWN|Pyrgos|OBJ|wall|pipe_fence_4m_f.p3d|[16614.33,12769.34,10.90]|259.1|[-2.08,-0.09,2.08,0.09,-0.85,0.85]
OTTOWN|Pyrgos|OBJ|wall|pipe_fence_4m_f.p3d|[16613.15,12773.26,10.87]|247.3|[-2.08,-0.09,2.08,0.09,-0.85,0.85]
OTTOWN|Pyrgos|OBJ|wall|pipe_fence_4m_f.p3d|[16611.31,12776.93,10.87]|239.4|[-2.08,-0.09,2.08,0.09,-0.85,0.85]
OTTOWN|Pyrgos|OBJ|wall|city2_8m_f.p3d|[16636.90,12772.41,11.01]|120.9|[-3.51,-0.25,3.51,0.25,-2.09,2.09]
OTTOWN|Pyrgos|OBJ|wall|city2_8m_f.p3d|[16629.96,12761.12,11.21]|121.3|[-3.51,-0.25,3.51,0.25,-2.09,2.09]
OTTOWN|Pyrgos|OBJ|wall|city2_8m_f.p3d|[16633.46,12766.74,11.40]|121.7|[-3.51,-0.25,3.51,0.25,-2.09,2.09]
OTTOWN|Pyrgos|OBJ|wall|city2_8m_f.p3d|[16640.34,12778.08,11.00]|121.7|[-3.51,-0.25,3.51,0.25,-2.09,2.09]
OTTOWN|Pyrgos|OBJ|wall|pipe_fence_4m_f.p3d|[16626.49,12764.01,10.93]|276.7|[-2.08,-0.09,2.08,0.09,-0.85,0.85]
OTTOWN|Pyrgos|OBJ|wall|pipe_fence_4m_f.p3d|[16623.47,12779.71,10.88]|240.9|[-2.08,-0.09,2.08,0.09,-0.85,0.85]
OTTOWN|Pyrgos|OBJ|wall|pipe_fence_4m_f.p3d|[16626.69,12768.04,10.88]|268.9|[-2.08,-0.09,2.08,0.09,-0.85,0.85]
OTTOWN|Pyrgos|OBJ|wall|pipe_fence_4m_f.p3d|[16626.30,12772.05,10.88]|260.6|[-2.08,-0.09,2.08,0.09,-0.85,0.85]
OTTOWN|Pyrgos|OBJ|wall|pipe_fence_4m_f.p3d|[16625.22,12775.99,10.88]|248.8|[-2.08,-0.09,2.08,0.09,-0.85,0.85]
OTTOWN|Pyrgos|OBJ|wall|pipe_fence_4m_f.p3d|[16605.46,12792.95,10.86]|209.7|[-2.08,-0.09,2.08,0.09,-0.85,0.85]
OTTOWN|Pyrgos|OBJ|wall|pipe_fence_4m_f.p3d|[16601.99,12794.92,10.86]|209.7|[-2.08,-0.09,2.08,0.09,-0.85,0.85]
OTTOWN|Pyrgos|OBJ|wall|pipe_fence_4m_f.p3d|[16598.38,12796.98,10.86]|209.7|[-2.08,-0.09,2.08,0.09,-0.85,0.85]
OTTOWN|Pyrgos|OBJ|wall|pipe_fence_4m_f.p3d|[16594.79,12799.04,10.86]|209.7|[-2.08,-0.09,2.08,0.09,-0.85,0.85]
OTTOWN|Pyrgos|OBJ|wall|pipe_fence_4m_f.p3d|[16598.55,12786.72,10.87]|195.8|[-2.08,-0.09,2.08,0.09,-0.85,0.85]
OTTOWN|Pyrgos|OBJ|wall|pipe_fence_4m_f.p3d|[16608.88,12780.19,10.87]|227.3|[-2.08,-0.09,2.08,0.09,-0.85,0.85]
OTTOWN|Pyrgos|OBJ|wall|pipe_fence_4m_f.p3d|[16605.89,12783.02,10.87]|219.4|[-2.08,-0.09,2.08,0.09,-0.85,0.85]
OTTOWN|Pyrgos|OBJ|wall|pipe_fence_4m_f.p3d|[16602.41,12785.25,10.87]|206.3|[-2.08,-0.09,2.08,0.09,-0.85,0.85]
OTTOWN|Pyrgos|OBJ|wall|pipe_fence_4m_f.p3d|[16594.45,12787.46,10.87]|184.7|[-2.08,-0.09,2.08,0.09,-0.85,0.85]
OTTOWN|Pyrgos|OBJ|wall|pipe_fence_4m_f.p3d|[16612.82,12797.21,10.86]|212.9|[-2.08,-0.09,2.08,0.09,-0.85,0.85]
OTTOWN|Pyrgos|OBJ|wall|pipe_fence_4m_f.p3d|[16609.46,12799.38,10.86]|212.9|[-2.08,-0.09,2.08,0.09,-0.85,0.85]
OTTOWN|Pyrgos|OBJ|wall|pipe_fence_4m_f.p3d|[16606.00,12801.59,10.86]|212.9|[-2.08,-0.09,2.08,0.09,-0.85,0.85]
OTTOWN|Pyrgos|OBJ|wall|pipe_fence_4m_f.p3d|[16593.93,12801.82,10.86]|300.3|[-2.08,-0.09,2.08,0.09,-0.85,0.85]
OTTOWN|Pyrgos|OBJ|wall|pipe_fence_4m_f.p3d|[16596.03,12805.37,10.86]|300.3|[-2.08,-0.09,2.08,0.09,-0.85,0.85]
OTTOWN|Pyrgos|OBJ|wall|pipe_fence_4m_f.p3d|[16598.09,12808.94,10.86]|300.3|[-2.08,-0.09,2.08,0.09,-0.85,0.85]
OTTOWN|Pyrgos|OBJ|wall|pipe_fence_4m_f.p3d|[16605.24,12804.50,10.86]|300.3|[-2.08,-0.09,2.08,0.09,-0.85,0.85]
OTTOWN|Pyrgos|OBJ|wall|pipe_fence_4m_f.p3d|[16613.43,12794.40,10.86]|121.3|[-2.08,-0.09,2.08,0.09,-0.85,0.85]
OTTOWN|Pyrgos|OBJ|wall|pipe_fence_4m_f.p3d|[16608.92,12790.94,10.86]|29.5|[-2.08,-0.09,2.08,0.09,-0.85,0.85]
OTTOWN|Pyrgos|OBJ|wall|city2_8m_f.p3d|[16643.75,12783.77,11.11]|120.9|[-3.51,-0.25,3.51,0.25,-2.09,2.09]
OTTOWN|Pyrgos|OBJ|wall|city2_8m_f.p3d|[16647.30,12789.72,11.31]|120.7|[-3.51,-0.25,3.51,0.25,-2.09,2.09]
OTTOWN|Pyrgos|OBJ|wall|pipe_fence_4m_f.p3d|[16621.07,12783.02,10.88]|227.9|[-2.08,-0.09,2.08,0.09,-0.85,0.85]
OTTOWN|Pyrgos|OBJ|wall|pipe_fence_4m_f.p3d|[16628.58,12787.77,10.88]|30.0|[-2.08,-0.09,2.08,0.09,-0.85,0.85]
OTTOWN|Pyrgos|OBJ|wall|pipe_fence_4m_f.p3d|[16639.66,12781.16,10.88]|211.6|[-2.08,-0.09,2.08,0.09,-0.85,0.85]
OTTOWN|Pyrgos|OBJ|wall|pipe_fence_4m_f.p3d|[16620.59,12786.35,10.88]|301.5|[-2.08,-0.09,2.08,0.09,-0.85,0.85]
OTTOWN|Pyrgos|OBJ|wall|pipe_fence_4m_f.p3d|[16636.18,12783.32,10.88]|211.6|[-2.08,-0.09,2.08,0.09,-0.85,0.85]
OTTOWN|Pyrgos|OBJ|wall|pipe_fence_4m_f.p3d|[16625.07,12789.76,10.88]|209.8|[-2.08,-0.09,2.08,0.09,-0.85,0.85]
OTTOWN|Pyrgos|OBJ|wall|city2_8m_f.p3d|[16658.02,12807.64,11.19]|120.9|[-3.51,-0.25,3.51,0.25,-2.09,2.09]
OTTOWN|Pyrgos|OBJ|wall|city2_8m_f.p3d|[16650.81,12795.72,11.35]|121.3|[-3.51,-0.25,3.51,0.25,-2.09,2.09]
OTTOWN|Pyrgos|OBJ|wall|city2_8m_f.p3d|[16654.44,12801.65,11.05]|121.7|[-3.51,-0.25,3.51,0.25,-2.09,2.09]
OTTOWN|Pyrgos|OBJ|wall|city2_8m_f.p3d|[16617.90,12835.51,11.02]|30.8|[-3.51,-0.25,3.51,0.25,-2.09,2.09]
OTTOWN|Pyrgos|OBJ|wall|concrete_smallwall_8m_f.p3d|[16618.85,12830.53,10.30]|30.7|[-4.00,-0.26,4.00,0.26,-1.15,1.15]
OTTOWN|Pyrgos|OBJ|wall|concrete_smallwall_8m_f.p3d|[16605.27,12838.78,10.32]|211.7|[-4.00,-0.26,4.00,0.26,-1.15,1.15]
OTTOWN|Pyrgos|OBJ|wall|concrete_smallwall_8m_f.p3d|[16612.03,12834.63,10.33]|211.7|[-4.00,-0.26,4.00,0.26,-1.15,1.15]
OTTOWN|Pyrgos|OBJ|wall|city2_8md_f.p3d|[16610.74,12839.78,11.25]|30.7|[-2.30,-0.28,2.30,0.28,-2.11,2.11]
OTTOWN|Pyrgos|OBJ|wall|pipe_fence_4m_f.p3d|[16611.38,12827.48,10.86]|209.7|[-2.08,-0.09,2.08,0.09,-0.85,0.85]
OTTOWN|Pyrgos|OBJ|wall|pipe_fence_4m_f.p3d|[16614.97,12825.42,10.86]|209.7|[-2.08,-0.09,2.08,0.09,-0.85,0.85]
OTTOWN|Pyrgos|OBJ|wall|pipe_fence_4m_f.p3d|[16606.45,12823.22,10.86]|300.3|[-2.08,-0.09,2.08,0.09,-0.85,0.85]
OTTOWN|Pyrgos|OBJ|wall|pipe_fence_4m_f.p3d|[16613.77,12819.07,10.86]|300.3|[-2.08,-0.09,2.08,0.09,-0.85,0.85]
OTTOWN|Pyrgos|OBJ|wall|pipe_fence_4m_f.p3d|[16608.53,12826.81,10.86]|300.3|[-2.08,-0.09,2.08,0.09,-0.85,0.85]
OTTOWN|Pyrgos|OBJ|wall|pipe_fence_4m_f.p3d|[16615.85,12822.64,10.86]|300.3|[-2.08,-0.09,2.08,0.09,-0.85,0.85]
OTTOWN|Pyrgos|OBJ|wall|pipe_fence_4m_f.p3d|[16611.69,12815.50,10.86]|300.3|[-2.08,-0.09,2.08,0.09,-0.85,0.85]
OTTOWN|Pyrgos|OBJ|wall|pipe_fence_4m_f.p3d|[16604.37,12819.65,10.86]|300.3|[-2.08,-0.09,2.08,0.09,-0.85,0.85]
OTTOWN|Pyrgos|OBJ|wall|city_8m_f.p3d|[16644.33,12830.34,12.15]|30.3|[-3.53,-0.25,3.53,0.25,-2.08,2.08]
OTTOWN|Pyrgos|OBJ|wall|city_8m_f.p3d|[16638.34,12833.81,12.24]|30.3|[-3.53,-0.25,3.53,0.25,-2.08,2.08]
OTTOWN|Pyrgos|OBJ|wall|city2_8m_f.p3d|[16647.73,12817.68,11.01]|30.9|[-3.51,-0.25,3.51,0.25,-2.09,2.09]
OTTOWN|Pyrgos|OBJ|wall|city2_8m_f.p3d|[16641.79,12821.24,11.12]|30.8|[-3.51,-0.25,3.51,0.25,-2.09,2.09]
OTTOWN|Pyrgos|OBJ|wall|city2_8m_f.p3d|[16623.86,12831.95,11.33]|30.9|[-3.51,-0.25,3.51,0.25,-2.09,2.09]
OTTOWN|Pyrgos|OBJ|wall|city2_8m_f.p3d|[16629.86,12828.37,11.34]|31.7|[-3.51,-0.25,3.51,0.25,-2.09,2.09]
OTTOWN|Pyrgos|OBJ|wall|city2_8m_f.p3d|[16635.79,12824.76,11.02]|31.3|[-3.51,-0.25,3.51,0.25,-2.09,2.09]
OTTOWN|Pyrgos|OBJ|wall|concrete_smallwall_8m_f.p3d|[16639.27,12818.30,10.29]|211.3|[-4.00,-0.26,4.00,0.26,-1.15,1.15]
OTTOWN|Pyrgos|OBJ|wall|concrete_smallwall_8m_f.p3d|[16625.66,12826.50,10.30]|30.7|[-4.00,-0.26,4.00,0.26,-1.15,1.15]
OTTOWN|Pyrgos|OBJ|wall|concrete_smallwall_8m_f.p3d|[16645.94,12814.27,10.32]|211.3|[-4.00,-0.26,4.00,0.26,-1.15,1.15]
OTTOWN|Pyrgos|OBJ|wall|concrete_smallwall_8m_f.p3d|[16632.46,12822.40,10.26]|211.2|[-4.00,-0.26,4.00,0.26,-1.15,1.15]
OTTOWN|Pyrgos|OBJ|wall|stone_pillar_f.p3d|[16627.33,12839.17,12.26]|211.5|[-0.45,-0.44,0.45,0.44,-1.79,1.79]
OTTOWN|Pyrgos|OBJ|wall|city_8md_f.p3d|[16650.19,12826.67,12.09]|33.3|[-3.50,-0.98,3.50,0.98,-1.80,1.80]
OTTOWN|Pyrgos|OBJ|wall|city_8m_f.p3d|[16662.18,12819.66,12.71]|30.3|[-3.53,-0.25,3.53,0.25,-2.08,2.08]
OTTOWN|Pyrgos|OBJ|wall|city_8m_f.p3d|[16656.20,12823.13,12.06]|30.3|[-3.53,-0.25,3.53,0.25,-2.08,2.08]
OTTOWN|Pyrgos|OBJ|wall|city2_8m_f.p3d|[16653.73,12814.10,11.00]|31.7|[-3.51,-0.25,3.51,0.25,-2.09,2.09]
OTTOWN|Pyrgos|OBJ|wall|concrete_smallwall_8m_f.p3d|[16652.73,12810.17,10.33]|211.3|[-4.00,-0.26,4.00,0.26,-1.15,1.15]
OTTOWN|Pyrgos|OBJ|wall|city_4m_f.p3d|[16666.62,12816.99,13.32]|211.6|[-1.79,-0.24,1.79,0.24,-2.08,2.08]
OTTOWN|Pyrgos|OBJ|wall|city_4m_f.p3d|[16672.21,12815.33,15.90]|136.6|[-1.79,-0.24,1.79,0.24,-2.08,2.08]
OTTOWN|Pyrgos|OBJ|wall|city_4m_f.p3d|[16674.72,12817.71,16.39]|136.6|[-1.79,-0.24,1.79,0.24,-2.08,2.08]
OTTOWN|Pyrgos|OBJ|wall|city_4m_f.p3d|[16669.53,12815.18,14.64]|211.6|[-1.79,-0.24,1.79,0.24,-2.08,2.08]
OTTOWN|Pyrgos|OBJ|wall|city2_4m_f.p3d|[16658.15,12811.43,11.04]|31.6|[-1.76,-0.25,1.76,0.25,-2.09,2.09]
OTTOWN|Pyrgos|OBJ|wall|stone_8m_f.p3d|[16616.62,12845.28,12.38]|210.0|[-4.26,-0.35,4.26,0.35,-1.30,1.30]
OTTOWN|Pyrgos|OBJ|wall|stone_8m_f.p3d|[16629.24,12842.47,13.34]|120.1|[-4.26,-0.35,4.26,0.35,-1.30,1.30]
OTTOWN|Pyrgos|OBJ|wall|stone_8m_f.p3d|[16633.20,12849.32,14.66]|120.1|[-4.26,-0.35,4.26,0.35,-1.30,1.30]
OTTOWN|Pyrgos|OBJ|wall|stone_8m_f.p3d|[16623.52,12841.31,12.23]|210.0|[-4.26,-0.35,4.26,0.35,-1.30,1.30]
OTTOWN|Pyrgos|OBJ|wall|stone_pillar_f.p3d|[16631.67,12846.59,14.55]|298.5|[-0.45,-0.44,0.45,0.44,-1.79,1.79]
OTTOWN|Pyrgos|OBJ|wall|stone_pillar_f.p3d|[16620.26,12843.21,12.23]|298.5|[-0.45,-0.44,0.45,0.44,-1.79,1.79]
OTTOWN|Pyrgos|OBJ|tree|t_ficusb2s_f.p3d|[16610.33,12775.12,11.00]|23.9|[-8.66,-8.23,8.66,8.23,-5.99,5.99]
OTTOWN|Pyrgos|OBJ|tree|t_ficusb1s_f.p3d|[16604.96,12776.56,11.00]|164.3|[-5.06,-5.62,5.06,5.62,-4.61,4.61]
OTTOWN|Pyrgos|OBJ|tree|t_ficusb1s_f.p3d|[16599.37,12777.99,11.00]|231.1|[-5.06,-5.62,5.06,5.62,-4.61,4.61]
OTTOWN|Pyrgos|OBJ|tree|t_ficusb2s_f.p3d|[16632.28,12768.06,11.13]|203.0|[-8.66,-8.23,8.66,8.23,-5.99,5.99]
OTTOWN|Pyrgos|OBJ|tree|t_ficusb2s_f.p3d|[16638.48,12776.84,11.00]|207.9|[-8.66,-8.23,8.66,8.23,-5.99,5.99]
OTTOWN|Pyrgos|OBJ|tree|t_ficusb1s_f.p3d|[16631.61,12776.57,11.00]|140.0|[-5.06,-5.62,5.06,5.62,-4.61,4.61]
OTTOWN|Pyrgos|OBJ|tree|t_ficusb1s_f.p3d|[16628.09,12765.51,11.04]|343.1|[-5.06,-5.62,5.06,5.62,-4.61,4.61]
OTTOWN|Pyrgos|OBJ|tree|t_ficusb1s_f.p3d|[16626.02,12779.00,11.00]|321.0|[-5.06,-5.62,5.06,5.62,-4.61,4.61]
OTTOWN|Pyrgos|OBJ|tree|t_ficusb2s_f.p3d|[16598.55,12785.37,11.00]|87.0|[-8.66,-8.23,8.66,8.23,-5.99,5.99]
OTTOWN|Pyrgos|OBJ|tree|t_ficusb2s_f.p3d|[16600.23,12804.84,11.00]|339.3|[-8.66,-8.23,8.66,8.23,-5.99,5.99]
OTTOWN|Pyrgos|OBJ|tree|t_ficusb1s_f.p3d|[16608.42,12798.07,11.00]|32.6|[-5.06,-5.62,5.06,5.62,-4.61,4.61]
OTTOWN|Pyrgos|OBJ|tree|t_ficusb1s_f.p3d|[16602.46,12796.86,11.00]|32.6|[-5.06,-5.62,5.06,5.62,-4.61,4.61]
OTTOWN|Pyrgos|OBJ|tree|t_ficusb1s_f.p3d|[16596.69,12802.11,11.00]|43.1|[-5.06,-5.62,5.06,5.62,-4.61,4.61]
OTTOWN|Pyrgos|OBJ|tree|t_ficusb1s_f.p3d|[16632.15,12783.83,11.00]|32.6|[-5.06,-5.62,5.06,5.62,-4.61,4.61]
OTTOWN|Pyrgos|OBJ|tree|t_ficusb1s_f.p3d|[16625.59,12782.66,11.00]|212.9|[-5.06,-5.62,5.06,5.62,-4.61,4.61]
OTTOWN|Pyrgos|OBJ|tree|t_phoenixc3s_f.p3d|[16671.70,12795.69,15.95]|343.2|[-10.50,-10.50,10.50,10.50,-10.52,10.52]
OTTOWN|Pyrgos|OBJ|tree|t_ficusb2s_f.p3d|[16607.08,12812.33,11.00]|175.1|[-8.66,-8.23,8.66,8.23,-5.99,5.99]
OTTOWN|Pyrgos|OBJ|tree|t_ficusb2s_f.p3d|[16599.43,12810.97,11.00]|14.2|[-8.66,-8.23,8.66,8.23,-5.99,5.99]
OTTOWN|Pyrgos|OBJ|tree|t_ficusb2s_f.p3d|[16607.83,12822.35,11.00]|46.2|[-8.66,-8.23,8.66,8.23,-5.99,5.99]
OTTOWN|Pyrgos|OBJ|tree|t_ficusb1s_f.p3d|[16612.38,12817.47,11.00]|151.2|[-5.06,-5.62,5.06,5.62,-4.61,4.61]
OTTOWN|Pyrgos|OBJ|tree|t_ficusb1s_f.p3d|[16612.24,12823.09,11.00]|240.2|[-5.06,-5.62,5.06,5.62,-4.61,4.61]
OTTOWN|Pyrgos|OBJ|tree|t_ficusb1s_f.p3d|[16614.72,12834.88,11.00]|138.3|[-5.06,-5.62,5.06,5.62,-4.61,4.61]
OTTOWN|Pyrgos|OBJ|tree|t_ficusb2s_f.p3d|[16640.53,12826.86,11.16]|54.0|[-8.66,-8.23,8.66,8.23,-5.99,5.99]
OTTOWN|Pyrgos|OBJ|tree|t_ficusb1s_f.p3d|[16626.54,12832.29,11.72]|268.9|[-5.06,-5.62,5.06,5.62,-4.61,4.61]
OTTOWN|Pyrgos|OBJ|tree|t_ficusb1s_f.p3d|[16651.52,12816.81,11.08]|164.0|[-5.06,-5.62,5.06,5.62,-4.61,4.61]
OTTOWN|Pyrgos|OBJ|tree|t_phoenixc1s_f.p3d|[16674.46,12811.07,17.28]|39.9|[-4.68,-4.32,4.68,4.32,-3.89,3.89]
OTTOWN|Pyrgos|ROAD|TRACK|10.0|[16619.45,12749.07,11.32]|[16595.87,12761.99,11.02]
OTTOWN|Pyrgos|H|0|[11.00,11.01,11.01,11.02,11.03,11.04,11.05,11.06,11.07,11.09,11.10,11.11,11.13,11.14,11.14,11.14,11.14,11.13,11.10,11.14,11.22,11.36,11.49,11.65,11.81,11.88,11.96,12.30,12.57,12.74,12.92,13.15,13.47,13.85,14.16,14.41,14.65,14.90,15.23,15.60,15.98,16.36,16.45,16.61,16.92]
OTTOWN|Pyrgos|H|1|[11.00,11.01,11.01,11.02,11.03,11.04,11.04,11.05,11.06,11.07,11.08,11.09,11.10,11.11,11.11,11.11,11.10,11.07,11.05,11.08,11.21,11.35,11.49,11.64,11.71,11.78,11.87,12.14,12.31,12.47,12.66,12.98,13.36,13.73,14.04,14.29,14.53,14.78,15.12,15.50,15.89,16.26,16.43,16.73,17.04]
OTTOWN|Pyrgos|H|2|[11.00,11.01,11.01,11.02,11.02,11.03,11.03,11.04,11.04,11.06,11.07,11.07,11.08,11.08,11.08,11.08,11.05,11.03,11.00,11.07,11.21,11.35,11.47,11.53,11.60,11.67,11.72,11.89,12.06,12.23,12.47,12.84,13.22,13.59,13.92,14.17,14.41,14.68,15.07,15.45,15.84,16.18,16.49,16.79,17.10]
OTTOWN|Pyrgos|H|3|[11.00,11.01,11.01,11.01,11.02,11.02,11.03,11.03,11.03,11.04,11.05,11.05,11.05,11.06,11.06,11.05,11.03,11.00,11.00,11.07,11.21,11.33,11.33,11.39,11.46,11.51,11.51,11.68,11.85,12.04,12.28,12.66,13.04,13.47,13.80,14.05,14.31,14.73,15.12,15.51,15.85,16.12,16.42,16.73,17.04]
OTTOWN|Pyrgos|H|4|[11.00,11.01,11.01,11.01,11.01,11.02,11.02,11.02,11.02,11.03,11.03,11.03,11.03,11.03,11.03,11.03,11.00,11.00,11.00,11.07,11.20,11.20,11.20,11.25,11.30,11.30,11.30,11.47,11.66,11.86,12.10,12.48,12.91,13.35,13.68,13.95,14.37,14.78,15.18,15.52,15.78,16.05,16.36,16.67,16.98]
OTTOWN|Pyrgos|H|5|[11.00,11.00,11.00,11.00,11.00,11.00,11.00,11.00,11.01,11.01,11.01,11.01,11.01,11.01,11.01,11.00,11.00,11.00,11.00,11.06,11.06,11.06,11.06,11.09,11.09,11.09,11.09,11.28,11.48,11.67,11.92,12.35,12.79,13.23,13.58,14.00,14.42,14.84,15.19,15.45,15.72,15.99,16.30,16.60,16.91]
OTTOWN|Pyrgos|H|6|[11.00,11.00,11.00,11.00,11.00,11.00,11.00,11.00,11.00,11.00,11.00,11.00,11.00,11.00,11.00,11.00,11.00,11.00,11.00,11.00,11.00,11.00,11.00,11.00,11.00,11.00,11.01,11.20,11.40,11.60,11.85,12.29,12.73,13.15,13.55,13.96,14.38,14.81,15.12,15.38,15.65,15.91,16.22,16.53,16.84]
OTTOWN|Pyrgos|H|7|[11.00,11.00,11.00,11.00,11.00,11.00,11.00,11.00,11.00,11.00,11.00,11.00,11.00,11.00,11.00,11.00,11.00,11.00,11.00,11.00,11.00,11.00,11.00,11.00,11.00,11.00,11.01,11.20,11.40,11.58,11.83,12.26,12.69,13.06,13.45,13.87,14.30,14.74,15.05,15.31,15.57,15.83,16.13,16.44,16.92]
OTTOWN|Pyrgos|H|8|[11.00,11.00,11.00,11.00,11.00,11.00,11.00,11.00,11.00,11.00,11.00,11.00,11.00,11.00,11.00,11.00,11.00,11.00,11.00,11.00,11.00,11.00,11.00,11.00,11.00,11.00,11.01,11.20,11.38,11.55,11.80,12.23,12.59,12.96,13.35,13.78,14.22,14.67,14.97,15.23,15.48,15.74,16.05,16.52,17.02]
OTTOWN|Pyrgos|H|9|[11.00,11.00,11.00,11.00,11.00,11.00,11.00,11.00,11.00,11.00,11.00,11.00,11.00,11.00,11.00,11.00,11.00,11.00,11.00,11.00,11.00,11.00,11.00,11.00,11.00,11.00,11.01,11.18,11.36,11.53,11.77,12.13,12.49,12.86,13.26,13.71,14.15,14.60,14.89,15.15,15.40,15.65,16.13,16.63,17.13]
OTTOWN|Pyrgos|H|10|[11.00,11.00,11.00,11.00,11.00,11.00,11.00,11.00,11.00,11.00,11.00,11.00,11.00,11.00,11.00,11.00,11.00,11.00,11.00,11.00,11.00,11.00,11.00,11.00,11.00,11.00,11.01,11.18,11.35,11.52,11.72,12.08,12.44,12.80,13.20,13.65,14.09,14.47,14.74,15.00,15.25,15.78,16.28,16.78,17.27]
OTTOWN|Pyrgos|H|11|[11.00,11.00,11.00,11.00,11.00,11.00,11.00,11.00,11.00,11.00,11.00,11.00,11.00,11.00,11.00,11.00,11.00,11.00,11.00,11.00,11.00,11.00,11.00,11.00,11.00,11.00,11.01,11.18,11.35,11.48,11.67,12.03,12.39,12.74,13.15,13.59,13.97,14.31,14.58,14.84,15.37,15.95,16.45,16.94,17.37]
OTTOWN|Pyrgos|H|12|[11.00,11.00,11.00,11.00,11.00,11.00,11.00,11.00,11.00,11.00,11.00,11.00,11.00,11.00,11.00,11.00,11.00,11.00,11.00,11.00,11.00,11.00,11.00,11.00,11.00,11.00,11.01,11.17,11.30,11.43,11.62,11.98,12.34,12.69,13.09,13.47,13.81,14.15,14.42,14.96,15.54,16.11,16.60,17.03,17.47]
OTTOWN|Pyrgos|H|13|[11.00,11.00,11.00,11.00,11.00,11.00,11.00,11.00,11.00,11.00,11.00,11.00,11.00,11.00,11.00,11.00,11.00,11.00,11.00,11.00,11.00,11.00,11.00,11.00,11.00,11.00,11.00,11.13,11.26,11.39,11.58,11.93,12.28,12.63,12.95,13.29,13.63,13.98,14.52,15.09,15.67,16.25,16.69,17.12,17.56]
OTTOWN|Pyrgos|H|14|[11.00,11.00,11.00,11.00,11.00,11.00,11.00,11.00,11.00,11.00,11.00,11.00,11.00,11.00,11.00,11.00,11.00,11.00,11.00,11.00,11.00,11.00,11.00,11.00,11.00,11.00,11.00,11.13,11.26,11.38,11.55,11.90,12.25,12.40,12.60,12.94,13.28,13.76,14.32,14.89,15.49,16.24,16.68,17.11,17.59]
OTTOWN|Pyrgos|H|15|[11.00,11.00,11.00,11.00,11.00,11.00,11.00,11.00,11.00,11.00,11.00,11.00,11.00,11.00,11.00,11.00,11.00,11.00,11.00,11.00,11.00,11.00,11.00,11.00,11.00,11.00,11.00,11.13,11.25,11.35,11.52,11.87,12.02,12.05,12.25,12.59,13.07,13.56,14.12,14.72,15.48,16.23,16.67,17.14,17.68]
OTTOWN|Pyrgos|H|16|[11.00,11.00,11.00,11.00,11.00,11.00,11.00,11.00,11.00,11.00,11.00,11.00,11.00,11.00,11.00,11.00,11.00,11.00,11.00,11.00,11.00,11.00,11.00,11.00,11.00,11.00,11.00,11.12,11.22,11.32,11.49,11.64,11.67,11.70,11.90,12.37,12.87,13.36,13.95,14.71,15.47,16.22,16.70,17.23,17.77]
OTTOWN|Pyrgos|H|17|[11.00,11.00,11.00,11.00,11.00,11.00,11.00,11.00,11.00,11.00,11.00,11.00,11.00,11.00,11.00,11.00,11.00,11.00,11.00,11.00,11.00,11.00,11.00,11.00,11.00,11.00,11.00,11.10,11.20,11.30,11.35,11.37,11.40,11.43,11.70,12.20,12.69,13.22,13.97,14.74,15.50,16.28,16.82,17.35,17.89]
OTTOWN|Pyrgos|H|18|[11.00,11.00,11.00,11.00,11.00,11.00,11.00,11.00,11.00,11.00,11.00,11.00,11.00,11.00,11.00,11.00,11.00,11.00,11.00,11.00,11.00,11.00,11.00,11.00,11.00,11.00,11.00,11.10,11.20,11.24,11.25,11.28,11.31,11.31,11.57,12.07,12.60,13.32,14.08,14.84,15.63,16.45,16.99,17.52,17.97]
OTTOWN|Pyrgos|H|19|[11.00,11.00,11.00,11.00,11.00,11.00,11.00,11.00,11.00,11.00,11.00,11.00,11.00,11.00,11.00,11.00,11.00,11.00,11.00,11.00,11.00,11.00,11.00,11.00,11.00,11.00,11.00,11.10,11.14,11.14,11.15,11.18,11.18,11.18,11.45,11.97,12.70,13.43,14.18,14.97,15.80,16.62,17.16,17.60,17.98]
OTTOWN|Pyrgos|H|20|[11.00,11.00,11.00,11.00,11.00,11.00,11.00,11.00,11.00,11.00,11.00,11.00,11.00,11.00,11.00,11.00,11.00,11.00,11.00,11.00,11.00,11.00,11.00,11.00,11.00,11.00,11.00,11.04,11.04,11.04,11.05,11.05,11.05,11.05,11.35,12.07,12.80,13.53,14.31,15.14,15.97,16.79,17.23,17.61,17.99]
OTTOWN|Pyrgos|H|21|[11.00,11.00,11.00,11.00,11.00,11.00,11.00,11.00,11.00,11.00,11.00,11.00,11.00,11.00,11.00,11.00,11.00,11.00,11.00,11.00,11.00,11.00,11.00,11.00,11.00,11.00,11.00,11.00,11.00,11.00,11.00,11.00,11.00,11.00,11.39,12.12,12.85,13.50,14.26,15.09,15.92,16.85,17.23,17.61,17.99]
OTTOWN|Pyrgos|H|22|[11.00,11.00,11.00,11.00,11.00,11.00,11.00,11.00,11.00,11.00,11.00,11.00,11.00,11.00,11.00,11.00,11.00,11.00,11.00,11.00,11.00,11.00,11.00,11.00,11.00,11.00,11.00,11.00,11.00,11.00,11.00,11.00,11.00,11.00,11.39,12.12,12.77,13.30,14.06,14.89,15.84,16.85,17.23,17.61,17.99]
OTTOWN|Pyrgos|H|23|[11.00,11.00,11.00,11.00,11.00,11.00,11.00,11.00,11.00,11.00,11.00,11.00,11.00,11.00,11.00,11.00,11.00,11.00,11.00,11.00,11.00,11.00,11.00,11.00,11.00,11.00,11.00,11.00,11.00,11.00,11.00,11.00,11.00,11.00,11.39,12.04,12.57,13.09,13.86,14.81,15.84,16.84,17.22,17.60,17.99]
OTTOWN|Pyrgos|H|24|[11.00,11.00,11.00,11.00,11.00,11.00,11.00,11.00,11.00,11.00,11.00,11.00,11.00,11.00,11.00,11.00,11.00,11.00,11.00,11.00,11.00,11.00,11.00,11.00,11.00,11.00,11.00,11.00,11.00,11.00,11.00,11.00,11.00,11.00,11.31,11.84,12.37,12.89,13.78,14.80,15.83,16.83,17.22,17.60,17.99]
OTTOWN|Pyrgos|H|25|[11.00,11.00,11.00,11.00,11.00,11.00,11.00,11.00,11.00,11.00,11.00,11.00,11.00,11.00,11.00,11.00,11.00,11.00,11.00,11.00,11.00,11.00,11.00,11.00,11.00,11.00,11.00,11.00,11.00,11.00,11.00,11.00,11.00,11.00,11.28,11.81,12.33,12.94,13.89,14.91,15.94,16.86,17.25,17.63,18.00]
OTTOWN|Pyrgos|H|26|[11.00,11.00,11.00,11.00,11.00,11.00,11.00,11.00,11.00,11.00,11.00,11.00,11.00,11.00,11.00,11.00,11.00,11.00,11.00,11.00,11.00,11.00,11.00,11.00,11.00,11.00,11.00,11.00,11.00,11.00,11.00,11.00,11.00,11.00,11.28,11.81,12.42,13.07,14.02,15.05,15.99,16.90,17.29,17.66,17.94]
OTTOWN|Pyrgos|H|27|[11.00,11.00,11.00,11.00,11.00,11.00,11.00,11.00,11.00,11.00,11.00,11.00,11.00,11.00,11.00,11.00,11.00,11.00,11.00,11.00,11.00,11.00,11.00,11.00,11.00,11.00,11.00,11.00,11.00,11.00,11.00,11.00,11.00,11.00,11.28,11.89,12.55,13.21,14.15,15.10,16.03,16.94,17.31,17.59,17.87]
OTTOWN|Pyrgos|H|28|[11.00,11.00,11.00,11.00,11.00,11.00,11.00,11.00,11.00,11.00,11.00,11.00,11.00,11.00,11.00,11.00,11.00,11.00,11.00,11.00,11.00,11.00,11.00,11.00,11.00,11.00,11.01,11.01,11.01,11.01,11.03,11.03,11.03,11.03,11.41,12.07,12.73,13.38,14.25,15.18,16.11,16.97,17.25,17.53,17.81]
OTTOWN|Pyrgos|H|29|[11.00,11.00,11.00,11.00,11.00,11.00,11.00,11.00,11.00,11.00,11.00,11.00,11.00,11.00,11.00,11.00,11.00,11.00,11.00,11.00,11.00,11.00,11.00,11.00,11.00,11.01,11.09,11.09,11.09,11.18,11.35,11.35,11.35,11.54,12.03,12.69,13.35,13.90,14.75,15.68,16.54,16.95,17.23,17.51,17.75]
OTTOWN|Pyrgos|H|30|[11.00,11.00,11.00,11.00,11.00,11.00,11.00,11.00,11.00,11.00,11.00,11.00,11.00,11.00,11.00,11.00,11.00,11.00,11.00,11.00,11.00,11.00,11.00,11.00,11.01,11.09,11.17,11.17,11.26,11.49,11.66,11.66,11.86,12.16,12.66,13.32,13.87,14.40,15.25,16.11,16.52,16.93,17.21,17.45,17.64]
OTTOWN|Pyrgos|H|31|[11.00,11.00,11.00,11.00,11.00,11.00,11.00,11.00,11.00,11.00,11.00,11.00,11.00,11.00,11.00,11.00,11.00,11.00,11.00,11.00,11.00,11.00,11.00,11.01,11.09,11.17,11.25,11.34,11.57,11.81,11.98,12.17,12.48,12.79,13.29,13.84,14.37,14.90,15.68,16.09,16.50,16.90,17.15,17.34,17.53]
OTTOWN|Pyrgos|H|32|[11.00,11.00,11.00,11.00,11.00,11.00,11.00,11.00,11.00,11.00,11.00,11.00,11.00,11.00,11.00,11.00,11.00,11.00,11.00,11.07,11.07,11.07,11.08,11.15,11.23,11.31,11.45,11.69,11.93,12.16,12.43,12.74,13.05,13.36,13.82,14.35,14.89,15.38,15.73,16.14,16.55,16.94,17.13,17.32,17.51]
OTTOWN|Pyrgos|H|33|[11.00,11.00,11.00,11.00,11.00,11.00,11.00,11.00,11.00,11.00,11.00,11.00,11.00,11.00,11.00,11.00,11.00,11.00,11.17,11.27,11.27,11.28,11.34,11.42,11.50,11.64,11.88,12.12,12.35,12.61,12.89,13.20,13.51,13.90,14.37,14.90,15.39,15.56,15.92,16.33,16.73,17.10,17.29,17.48,17.54]
OTTOWN|Pyrgos|H|34|[11.00,11.00,11.00,11.00,11.00,11.00,11.00,11.00,11.00,11.00,11.00,11.00,11.00,11.00,11.00,11.00,11.00,11.17,11.37,11.47,11.48,11.54,11.61,11.69,11.83,12.07,12.31,12.54,12.80,13.07,13.34,13.65,14.04,14.44,14.91,15.40,15.58,15.75,16.11,16.50,16.89,17.26,17.45,17.51,17.50]
OTTOWN|Pyrgos|H|35|[11.00,11.00,11.00,11.00,11.00,11.00,11.00,11.00,11.00,11.00,11.00,11.00,11.00,11.00,11.00,11.00,11.17,11.37,11.57,11.68,11.74,11.81,11.88,12.01,12.25,12.49,12.73,12.99,13.25,13.52,13.80,14.19,14.59,14.99,15.42,15.59,15.76,15.94,16.28,16.66,17.05,17.42,17.48,17.47,17.45]
OTTOWN|Pyrgos|H|36|[11.00,11.00,11.00,11.00,11.00,11.00,11.00,11.00,11.00,11.00,11.00,11.00,11.00,11.00,11.00,11.08,11.28,11.48,11.70,11.88,11.95,12.01,12.22,12.50,12.74,12.98,13.25,13.52,13.79,14.05,14.26,14.66,15.06,15.42,15.56,15.74,15.91,16.04,16.35,16.73,17.11,17.47,17.46,17.44,17.42]
OTTOWN|Pyrgos|H|37|[11.00,11.00,11.00,11.00,11.00,11.00,11.00,11.00,11.00,11.00,11.00,11.00,11.00,11.00,11.03,11.12,11.32,11.54,11.86,12.04,12.11,12.31,12.75,13.03,13.27,13.54,13.84,14.10,14.37,14.49,14.67,15.07,15.43,15.54,15.68,15.86,15.98,16.03,16.34,16.72,17.10,17.46,17.44,17.43,17.48]
OTTOWN|Pyrgos|H|38|[11.00,11.00,11.00,11.00,11.00,11.00,11.00,11.00,11.00,11.00,11.00,11.00,11.00,11.03,11.07,11.16,11.38,11.70,12.02,12.20,12.40,12.84,13.27,13.55,13.83,14.13,14.42,14.69,14.80,14.90,15.08,15.44,15.55,15.66,15.80,15.93,15.98,16.03,16.34,16.71,17.09,17.44,17.43,17.49,17.55]
OTTOWN|Pyrgos|H|39|[11.00,11.00,11.00,11.00,11.00,11.00,11.00,11.00,11.00,11.00,11.00,11.00,11.03,11.07,11.11,11.22,11.54,11.86,12.18,12.50,12.93,13.37,13.80,14.12,14.41,14.71,15.00,15.12,15.21,15.31,15.45,15.56,15.67,15.78,15.88,15.92,15.97,16.02,16.33,16.70,17.07,17.43,17.49,17.55,17.62]
OTTOWN|Pyrgos|H|40|[11.00,11.00,11.00,11.00,11.00,11.00,11.00,11.10,11.13,11.13,11.13,11.33,11.37,11.41,11.48,11.79,12.11,12.43,12.70,13.03,13.46,13.89,14.16,14.43,14.73,15.02,15.14,15.24,15.33,15.42,15.48,15.59,15.70,15.80,15.87,15.92,15.97,16.08,16.41,16.78,17.16,17.29,17.36,17.42,17.51]
OTTOWN|Pyrgos|H|41|[11.00,11.00,11.00,11.00,11.00,11.00,11.10,11.26,11.29,11.29,11.50,11.73,11.77,11.84,12.14,12.44,12.76,13.04,13.23,13.55,13.99,14.25,14.42,14.69,14.98,15.11,15.20,15.29,15.38,15.43,15.50,15.61,15.71,15.80,15.87,15.91,16.03,16.19,16.51,16.89,17.02,17.12,17.19,17.27,17.47]
OTTOWN|Pyrgos|H|42|[11.00,11.00,11.00,11.00,11.00,11.10,11.26,11.42,11.45,11.66,11.89,12.12,12.19,12.49,12.79,13.10,13.37,13.56,13.76,14.08,14.35,14.51,14.68,14.95,15.07,15.16,15.26,15.35,15.40,15.45,15.52,15.62,15.71,15.79,15.86,15.98,16.13,16.29,16.62,16.75,16.86,16.96,17.04,17.24,17.44]
OTTOWN|Pyrgos|H|43|[11.00,11.00,11.00,11.00,11.10,11.26,11.42,11.58,11.82,12.06,12.29,12.54,12.84,13.14,13.43,13.68,13.88,14.07,14.27,14.43,14.60,14.76,14.93,15.02,15.12,15.22,15.31,15.36,15.41,15.46,15.53,15.61,15.70,15.79,15.91,16.07,16.22,16.38,16.50,16.60,16.70,16.81,17.01,17.21,17.41]
OTTOWN|Pyrgos|H|44|[11.00,11.00,11.00,11.08,11.23,11.39,11.55,11.99,12.28,12.51,12.76,13.08,13.38,13.68,13.89,14.00,14.20,14.39,14.48,14.58,14.75,14.91,14.92,15.00,15.09,15.19,15.33,15.38,15.43,15.48,15.53,15.62,15.71,15.75,15.84,15.99,16.15,16.38,16.51,16.61,16.70,16.78,16.98,17.18,17.39]
OTTOWN|Pyrgos|END
OTTOWN|Kavala|HEAD|Hospital_main_F|Land_Hospital_main_F|[3760.451,12990.057,18.802]|359.15|false|1110|5|5
OTTOWN|Kavala|BOX|[-15.85,-22.40,15.85,22.40,-11.38,11.38]
OTTOWN|Kavala|REACH|72
OTTOWN|Kavala|DOOR|side|[3772.35,13010.04,19.21]|539.1|1.25
OTTOWN|Kavala|DOOR|main|[3763.10,13006.53,19.21]|629.1|1.00
OTTOWN|Kavala|DOOR|side|[3763.23,12998.22,19.21]|629.1|1.00
OTTOWN|Kavala|DOOR|side|[3756.99,12982.10,19.22]|539.1|1.00
OTTOWN|Kavala|DOOR|side|[3749.46,12968.89,19.22]|539.1|1.20
OTTOWN|Kavala|BPOS|[[3756.06,13005.86,19.24],[3756.18,12997.50,19.24],[3756.37,12990.34,19.24],[3757.77,12975.54,19.24],[3767.15,12994.77,19.23],[3773.60,12984.12,19.23],[3773.81,12989.55,34.63],[3755.27,12983.07,34.64],[3758.12,12970.12,34.64],[3755.27,12983.07,34.64]]
OTTOWN|Kavala|BPOS|[[3762.83,13004.61,34.64]]
OTTOWN|Kavala|OBJ|part|Land_Hospital_side1_F|[3764.66,13022.73,18.80]|359.1|[-12.75,-11.76,12.75,11.76,-11.09,11.09]
OTTOWN|Kavala|OBJ|part|Land_Hospital_side2_F|[3732.57,12979.61,18.80]|359.1|[-16.91,-12.53,16.91,12.53,-11.69,11.69]
OTTOWN|Kavala|OBJ|building|Land_i_Shop_01_V3_F|[3703.28,12980.43,18.78]|268.3|[-4.75,-10.13,4.75,10.13,-6.46,6.46]
OTTOWN|Kavala|OBJ|building|Land_u_Shop_02_V1_F|[3702.22,12989.80,18.71]|0.1|[-8.56,-5.44,8.56,5.44,-6.24,6.24]
OTTOWN|Kavala|OBJ|building|tank_rust_f.p3d|[3786.10,12989.24,18.93]|357.8|[-3.05,-1.27,3.05,1.27,-1.43,1.43]
OTTOWN|Kavala|OBJ|building|Land_i_House_Small_01_V3_F|[3704.12,13017.05,17.95]|294.8|[-5.43,-7.64,5.43,7.64,-5.08,5.08]
OTTOWN|Kavala|OBJ|building|cargo20_orange_f.p3d|[3785.81,13014.79,19.06]|359.6|[-4.68,-1.24,4.68,1.24,-1.32,1.32]
OTTOWN|Kavala|OBJ|building|cargo20_yellow_f.p3d|[3785.80,13012.03,19.03]|359.6|[-4.68,-1.24,4.68,1.24,-1.32,1.32]
OTTOWN|Kavala|OBJ|building|tank_rust_f.p3d|[3786.00,12995.69,18.91]|358.3|[-3.05,-1.27,3.05,1.27,-1.43,1.43]
OTTOWN|Kavala|OBJ|building|Land_i_House_Big_01_V2_F|[3710.90,13034.58,17.64]|201.3|[-7.89,-8.48,7.89,8.48,-6.61,6.61]
OTTOWN|Kavala|OBJ|building|treebin_f.p3d|[3757.78,13032.24,18.81]|133.9|[-1.24,-1.26,1.24,1.26,-0.43,0.43]
OTTOWN|Kavala|OBJ|building|tank_rust_f.p3d|[3787.46,13021.92,19.23]|269.7|[-3.05,-1.27,3.05,1.27,-1.43,1.43]
OTTOWN|Kavala|OBJ|wall|concrete_smallwall_8m_f.p3d|[3707.39,12943.48,18.26]|90.0|[-4.00,-0.26,4.00,0.26,-1.15,1.15]
OTTOWN|Kavala|OBJ|wall|wall_tin_4_2.p3d|[3803.59,12934.21,18.27]|89.1|[-2.02,-0.16,2.02,0.16,-1.48,1.48]
OTTOWN|Kavala|OBJ|wall|wall_tin_4_2.p3d|[3803.76,12938.17,18.16]|95.6|[-2.02,-0.16,2.02,0.16,-1.48,1.48]
OTTOWN|Kavala|OBJ|wall|city_8m_f.p3d|[3703.43,12963.86,18.52]|145.6|[-3.53,-0.25,3.53,0.25,-2.08,2.08]
OTTOWN|Kavala|OBJ|wall|city_8m_f.p3d|[3705.82,12972.90,18.71]|269.3|[-3.53,-0.25,3.53,0.25,-2.08,2.08]
OTTOWN|Kavala|OBJ|wall|city_4m_f.p3d|[3699.21,12960.95,18.56]|326.1|[-1.79,-0.24,1.79,0.24,-2.08,2.08]
OTTOWN|Kavala|OBJ|wall|net_fence_4m_f.p3d|[3777.58,12969.92,18.67]|1.0|[-2.02,-0.10,2.02,0.10,-1.28,1.28]
OTTOWN|Kavala|OBJ|wall|canal_wall_10m_f.p3d|[3792.52,12978.37,25.98]|89.1|[-5.05,-2.05,5.05,2.05,-2.74,2.74]
OTTOWN|Kavala|OBJ|wall|net_fence_4m_f.p3d|[3787.60,12969.80,18.62]|180.9|[-2.02,-0.10,2.02,0.10,-1.28,1.28]
OTTOWN|Kavala|OBJ|wall|city2_8m_f.p3d|[3694.39,13016.10,17.32]|204.0|[-3.51,-0.25,3.51,0.25,-2.09,2.09]
OTTOWN|Kavala|OBJ|wall|city2_4m_f.p3d|[3696.65,12996.58,18.27]|279.7|[-1.76,-0.25,1.76,0.25,-2.09,2.09]
OTTOWN|Kavala|OBJ|wall|city2_4m_f.p3d|[3695.63,12999.08,18.30]|204.3|[-1.76,-0.25,1.76,0.25,-2.09,2.09]
OTTOWN|Kavala|OBJ|wall|concrete_smallwall_8m_f.p3d|[3736.94,13016.92,17.68]|269.6|[-4.00,-0.26,4.00,0.26,-1.15,1.15]
OTTOWN|Kavala|OBJ|wall|concrete_smallwall_8m_f.p3d|[3743.08,13016.92,17.87]|269.2|[-4.00,-0.26,4.00,0.26,-1.15,1.15]
OTTOWN|Kavala|OBJ|wall|concrete_smallwall_8m_f.p3d|[3743.16,13008.99,18.04]|269.3|[-4.00,-0.26,4.00,0.26,-1.15,1.15]
OTTOWN|Kavala|OBJ|wall|concrete_smallwall_8m_f.p3d|[3736.98,13008.94,17.85]|269.9|[-4.00,-0.26,4.00,0.26,-1.15,1.15]
OTTOWN|Kavala|OBJ|wall|concrete_smallwall_4m_f.p3d|[3743.23,13003.02,18.16]|89.6|[-2.01,-0.26,2.01,0.26,-1.16,1.16]
OTTOWN|Kavala|OBJ|wall|concrete_smallwall_4m_f.p3d|[3741.47,13000.94,18.14]|359.4|[-2.01,-0.26,2.01,0.26,-1.16,1.16]
OTTOWN|Kavala|OBJ|wall|concrete_smallwall_4m_f.p3d|[3738.85,13000.91,18.10]|359.5|[-2.01,-0.26,2.01,0.26,-1.16,1.16]
OTTOWN|Kavala|OBJ|wall|concrete_smallwall_4m_f.p3d|[3737.05,13003.03,18.03]|89.0|[-2.01,-0.26,2.01,0.26,-1.16,1.16]
OTTOWN|Kavala|OBJ|wall|canal_wall_10m_f.p3d|[3792.03,13013.84,25.97]|89.1|[-5.05,-2.05,5.05,2.05,-2.74,2.74]
OTTOWN|Kavala|OBJ|wall|canal_wall_10m_f.p3d|[3792.27,12996.10,26.00]|89.1|[-5.05,-2.05,5.05,2.05,-2.74,2.74]
OTTOWN|Kavala|OBJ|wall|city2_8m_f.p3d|[3711.41,13022.95,18.16]|288.8|[-3.51,-0.25,3.51,0.25,-2.09,2.09]
OTTOWN|Kavala|OBJ|wall|concrete_smallwall_8m_f.p3d|[3742.99,13024.88,17.69]|269.5|[-4.00,-0.26,4.00,0.26,-1.15,1.15]
OTTOWN|Kavala|OBJ|wall|concrete_smallwall_8m_f.p3d|[3746.39,13046.81,17.27]|198.6|[-4.00,-0.26,4.00,0.26,-1.15,1.15]
OTTOWN|Kavala|OBJ|wall|concrete_smallwall_8m_f.p3d|[3736.91,13024.84,17.53]|270.2|[-4.00,-0.26,4.00,0.26,-1.15,1.15]
OTTOWN|Kavala|OBJ|wall|concrete_smallwall_4m_f.p3d|[3738.72,13029.07,17.50]|359.8|[-2.01,-0.26,2.01,0.26,-1.16,1.16]
OTTOWN|Kavala|OBJ|wall|concrete_smallwall_4m_f.p3d|[3741.24,13029.09,17.54]|359.8|[-2.01,-0.26,2.01,0.26,-1.16,1.16]
OTTOWN|Kavala|OBJ|wall|canal_wall_10m_f.p3d|[3769.59,13045.11,21.93]|16.0|[-5.05,-2.05,5.05,2.05,-2.74,2.74]
OTTOWN|Kavala|OBJ|wall|canal_wall_10m_f.p3d|[3752.91,13049.89,18.85]|16.0|[-5.05,-2.05,5.05,2.05,-2.74,2.74]
OTTOWN|Kavala|OBJ|wall|concrete_smallwall_8m_f.p3d|[3761.48,13041.85,17.99]|197.8|[-4.00,-0.26,4.00,0.26,-1.15,1.15]
OTTOWN|Kavala|OBJ|wall|concrete_smallwall_8m_f.p3d|[3776.65,13036.95,18.31]|197.8|[-4.00,-0.26,4.00,0.26,-1.15,1.15]
OTTOWN|Kavala|OBJ|wall|concrete_smallwall_8m_f.p3d|[3769.09,13039.43,18.16]|197.8|[-4.00,-0.26,4.00,0.26,-1.15,1.15]
OTTOWN|Kavala|OBJ|wall|concrete_smallwall_8m_f.p3d|[3753.92,13044.33,17.73]|197.8|[-4.00,-0.26,4.00,0.26,-1.15,1.15]
OTTOWN|Kavala|OBJ|wall|canal_wall_10m_f.p3d|[3791.76,13031.58,25.95]|89.1|[-5.05,-2.05,5.05,2.05,-2.74,2.74]
OTTOWN|Kavala|OBJ|wall|canal_wall_10m_f.p3d|[3786.25,13040.28,25.08]|16.0|[-5.05,-2.05,5.05,2.05,-2.74,2.74]
OTTOWN|Kavala|OBJ|wall|concrete_smallwall_8m_f.p3d|[3784.24,13034.54,18.63]|197.8|[-4.00,-0.26,4.00,0.26,-1.15,1.15]
OTTOWN|Kavala|OBJ|wall|concrete_smallwall_4m_f.p3d|[3743.43,13050.13,16.83]|288.5|[-2.01,-0.26,2.01,0.26,-1.16,1.16]
OTTOWN|Kavala|OBJ|tree|t_ficusb1s_f.p3d|[3768.20,12920.80,26.50]|69.1|[-5.06,-5.62,5.06,5.62,-4.61,4.61]
OTTOWN|Kavala|OBJ|tree|t_ficusb1s_f.p3d|[3778.99,12923.64,27.32]|342.9|[-5.06,-5.62,5.06,5.62,-4.61,4.61]
OTTOWN|Kavala|OBJ|tree|t_ficusb1s_f.p3d|[3771.71,12922.38,26.31]|148.0|[-5.06,-5.62,5.06,5.62,-4.61,4.61]
OTTOWN|Kavala|OBJ|tree|t_ficusb1s_f.p3d|[3781.34,12925.43,26.64]|317.0|[-5.06,-5.62,5.06,5.62,-4.61,4.61]
OTTOWN|Kavala|OBJ|tree|t_ficusb2s_f.p3d|[3741.24,12934.52,23.65]|231.0|[-8.66,-8.23,8.66,8.23,-5.99,5.99]
OTTOWN|Kavala|OBJ|tree|t_ficusb2s_f.p3d|[3746.15,12939.04,22.70]|164.1|[-8.66,-8.23,8.66,8.23,-5.99,5.99]
OTTOWN|Kavala|OBJ|tree|t_ficusb1s_f.p3d|[3761.98,12938.64,23.65]|321.0|[-5.06,-5.62,5.06,5.62,-4.61,4.61]
OTTOWN|Kavala|OBJ|tree|t_ficusb1s_f.p3d|[3772.80,12944.01,19.84]|199.0|[-5.06,-5.62,5.06,5.62,-4.61,4.61]
OTTOWN|Kavala|OBJ|tree|t_ficusb1s_f.p3d|[3791.98,12944.82,18.26]|287.0|[-5.06,-5.62,5.06,5.62,-4.61,4.61]
OTTOWN|Kavala|OBJ|tree|t_ficusb1s_f.p3d|[3785.86,12937.94,21.46]|98.0|[-5.06,-5.62,5.06,5.62,-4.61,4.61]
OTTOWN|Kavala|OBJ|tree|t_ficusb1s_f.p3d|[3796.44,12934.85,20.03]|338.9|[-5.06,-5.62,5.06,5.62,-4.61,4.61]
OTTOWN|Kavala|OBJ|tree|t_ficusb1s_f.p3d|[3785.33,12933.37,23.12]|175.8|[-5.06,-5.62,5.06,5.62,-4.61,4.61]
OTTOWN|Kavala|OBJ|tree|t_ficusb1s_f.p3d|[3785.85,12945.64,18.27]|37.9|[-5.06,-5.62,5.06,5.62,-4.61,4.61]
OTTOWN|Kavala|OBJ|tree|t_ficusb1s_f.p3d|[3784.97,12941.21,19.72]|233.9|[-5.06,-5.62,5.06,5.62,-4.61,4.61]
OTTOWN|Kavala|OBJ|tree|t_ficusb1s_f.p3d|[3800.46,12934.83,18.99]|39.9|[-5.06,-5.62,5.06,5.62,-4.61,4.61]
OTTOWN|Kavala|OBJ|tree|t_phoenixc3s_f.p3d|[3702.02,12968.14,18.70]|251.0|[-10.50,-10.50,10.50,10.50,-10.52,10.52]
OTTOWN|Kavala|OBJ|tree|t_ficusb1s_f.p3d|[3702.03,12972.24,18.74]|164.3|[-5.06,-5.62,5.06,5.62,-4.61,4.61]
OTTOWN|Kavala|OBJ|tree|t_populusn3s_f.p3d|[3796.05,12966.44,19.08]|29.0|[-6.35,-6.83,6.35,6.83,-16.41,16.41]
OTTOWN|Kavala|OBJ|tree|t_ficusb1s_f.p3d|[3801.63,12987.11,23.37]|29.1|[-5.06,-5.62,5.06,5.62,-4.61,4.61]
OTTOWN|Kavala|OBJ|tree|t_ficusb1s_f.p3d|[3797.14,12967.21,20.38]|243.0|[-5.06,-5.62,5.06,5.62,-4.61,4.61]
OTTOWN|Kavala|OBJ|tree|t_ficusb1s_f.p3d|[3804.44,12977.20,24.67]|83.0|[-5.06,-5.62,5.06,5.62,-4.61,4.61]
OTTOWN|Kavala|OBJ|tree|t_ficusb1s_f.p3d|[3696.93,12996.81,18.37]|280.4|[-5.06,-5.62,5.06,5.62,-4.61,4.61]
OTTOWN|Kavala|OBJ|tree|t_ficusb1s_f.p3d|[3806.52,13001.17,25.26]|235.9|[-5.06,-5.62,5.06,5.62,-4.61,4.61]
OTTOWN|Kavala|OBJ|tree|t_ficusb1s_f.p3d|[3825.64,12996.73,29.03]|13.3|[-5.06,-5.62,5.06,5.62,-4.61,4.61]
OTTOWN|Kavala|OBJ|tree|t_ficusb1s_f.p3d|[3813.83,13000.41,25.90]|79.0|[-5.06,-5.62,5.06,5.62,-4.61,4.61]
OTTOWN|Kavala|OBJ|tree|t_phoenixc3s_f.p3d|[3709.08,13022.67,17.59]|322.2|[-10.50,-10.50,10.50,10.50,-10.52,10.52]
OTTOWN|Kavala|OBJ|tree|t_populusn3s_f.p3d|[3757.72,13032.14,18.75]|145.0|[-6.35,-6.83,6.35,6.83,-16.41,16.41]
OTTOWN|Kavala|OBJ|tree|t_ficusb1s_f.p3d|[3799.86,13041.87,28.95]|317.0|[-5.06,-5.62,5.06,5.62,-4.61,4.61]
OTTOWN|Kavala|OBJ|tree|t_ficusb1s_f.p3d|[3804.82,13030.62,29.30]|342.9|[-5.06,-5.62,5.06,5.62,-4.61,4.61]
OTTOWN|Kavala|OBJ|tree|t_ficusb1s_f.p3d|[3748.83,13057.27,17.27]|338.9|[-5.06,-5.62,5.06,5.62,-4.61,4.61]
OTTOWN|Kavala|OBJ|tree|t_ficusb1s_f.p3d|[3761.47,13052.13,19.22]|287.0|[-5.06,-5.62,5.06,5.62,-4.61,4.61]
OTTOWN|Kavala|OBJ|tree|t_ficusb1s_f.p3d|[3753.86,13054.61,17.75]|39.9|[-5.06,-5.62,5.06,5.62,-4.61,4.61]
OTTOWN|Kavala|OBJ|rock|sharprock_wallh.p3d|[3799.87,12991.76,12.66]|184.1|[-13.14,-35.45,13.14,35.45,-14.74,14.74]
OTTOWN|Kavala|OBJ|rock|sharprock_apart.p3d|[3813.93,13006.58,23.61]|50.0|[-6.21,-6.84,6.21,6.84,-4.57,4.57]
OTTOWN|Kavala|OBJ|rock|sharprock_wallh.p3d|[3799.52,13024.00,14.79]|186.2|[-13.14,-35.45,13.14,35.45,-14.74,14.74]
OTTOWN|Kavala|ROAD|TRACK|10.0|[3693.60,12946.22,18.08]|[3713.46,12959.64,18.90]
OTTOWN|Kavala|ROAD|TRACK|10.0|[3713.46,12959.64,18.90]|[3729.80,12960.06,18.90]
OTTOWN|Kavala|ROAD|TRACK|10.0|[3775.40,12960.35,18.83]|[3780.37,12958.92,18.64]
OTTOWN|Kavala|ROAD|TRACK|10.0|[3796.43,12951.11,18.20]|[3819.91,12938.77,17.86]
OTTOWN|Kavala|ROAD|TRACK|10.0|[3780.37,12958.92,18.64]|[3796.43,12951.11,18.20]
OTTOWN|Kavala|ROAD|TRACK|10.0|[3715.73,12987.62,18.92]|[3715.73,12971.29,18.88]
OTTOWN|Kavala|ROAD|TRACK|10.0|[3715.80,12967.22,18.89]|[3716.02,12957.22,18.91]
OTTOWN|Kavala|ROAD|TRACK|10.0|[3715.73,12971.29,18.88]|[3715.80,12967.22,18.89]
OTTOWN|Kavala|ROAD|TRACK|10.0|[3729.80,12960.06,18.90]|[3748.30,12960.22,18.95]
OTTOWN|Kavala|ROAD|TRACK|10.0|[3748.30,12960.22,18.95]|[3762.90,12960.20,18.88]
OTTOWN|Kavala|ROAD|TRACK|10.0|[3762.90,12960.20,18.88]|[3775.40,12960.35,18.83]
OTTOWN|Kavala|ROAD|ROAD|10.0|[3692.97,13009.51,17.15]|[3681.87,13013.50,16.06]
OTTOWN|Kavala|ROAD|TRACK|10.0|[3719.04,13020.03,17.93]|[3714.78,13004.40,18.30]
OTTOWN|Kavala|ROAD|ROAD|10.0|[3705.18,13003.73,18.27]|[3692.97,13009.51,17.15]
OTTOWN|Kavala|ROAD|TRACK|10.0|[3714.78,13004.40,18.30]|[3715.73,12987.62,18.92]
OTTOWN|Kavala|ROAD|ROAD|10.0|[3714.95,12999.07,18.53]|[3705.18,13003.73,18.27]
OTTOWN|Kavala|ROAD|TRACK|10.0|[3729.27,13040.24,17.61]|[3719.04,13020.03,17.93]
OTTOWN|Kavala|ROAD|TRACK|10.0|[3737.45,13059.73,16.56]|[3729.27,13040.24,17.61]
OTTOWN|Kavala|ROAD|TRACK|10.0|[3746.11,13081.53,15.29]|[3737.45,13059.73,16.56]
OTTOWN|Kavala|H|0|[17.39,17.57,17.93,18.28,18.65,19.16,19.82,20.44,20.93,21.33,21.71,21.92,21.97,22.63,23.32,24.00,24.59,24.84,25.10,25.80,26.18,26.20,26.25,26.36,26.38,26.37,26.37,26.38,26.39,26.39,26.38,26.36,26.34,26.32,26.30,26.29,26.29,26.28,26.21,26.47,26.84,27.10,27.24,27.51,27.79,28.05,28.11,27.47,26.83,26.53,26.02,25.28,24.53,23.74,22.32,20.66,19.05,17.47,17.45,17.46,17.48,17.49,17.50,17.50,17.51,17.53,17.55,17.57,17.59,17.61,17.64,17.66,17.68]
OTTOWN|Kavala|H|1|[17.30,17.47,17.83,18.19,18.56,19.07,19.69,20.17,20.66,21.06,21.27,21.32,21.36,22.03,22.72,23.41,24.00,24.25,24.95,25.65,26.03,26.08,26.19,26.31,26.33,26.33,26.34,26.36,26.36,26.35,26.33,26.32,26.30,26.28,26.26,26.25,26.24,26.17,26.10,26.36,26.61,26.76,26.90,27.17,27.43,27.69,27.74,27.10,26.80,26.51,26.00,25.25,24.45,23.66,22.24,20.63,19.05,17.47,17.45,17.46,17.47,17.49,17.49,17.50,17.51,17.53,17.55,17.57,17.59,17.61,17.64,17.65,17.67]
OTTOWN|Kavala|H|2|[17.20,17.37,17.74,18.10,18.47,18.93,19.42,19.90,20.39,20.63,20.67,20.72,20.76,21.43,22.12,22.81,23.40,24.10,24.80,25.50,25.91,26.02,26.14,26.25,26.29,26.30,26.31,26.33,26.32,26.30,26.29,26.27,26.26,26.24,26.22,26.19,26.13,26.06,25.99,26.13,26.27,26.41,26.55,26.81,27.07,27.32,27.38,27.08,26.78,26.48,25.96,25.17,24.38,23.58,22.20,20.63,19.05,17.47,17.44,17.46,17.47,17.48,17.49,17.50,17.51,17.53,17.55,17.57,17.59,17.61,17.63,17.65,17.67]
OTTOWN|Kavala|H|3|[17.20,17.42,17.78,18.15,18.45,18.74,19.23,19.71,20.08,20.18,20.22,20.27,20.31,20.98,21.67,22.36,22.75,23.45,24.15,24.84,25.24,25.36,25.47,25.77,25.91,25.92,25.93,26.18,26.17,26.16,26.14,26.17,26.15,26.14,26.11,26.07,26.00,25.93,25.80,25.85,25.99,26.13,26.09,26.34,26.59,26.85,26.98,26.68,26.38,26.11,25.63,24.84,24.04,23.21,21.83,20.25,18.67,17.68,17.68,17.69,17.70,17.52,17.53,17.54,17.55,17.56,17.58,17.60,17.61,17.62,17.64,17.66,17.67]
OTTOWN|Kavala|H|4|[17.29,17.50,17.87,18.17,18.29,18.58,19.06,19.43,19.68,19.78,19.82,19.86,19.90,20.57,21.26,21.56,21.95,22.65,23.34,24.00,24.40,24.51,24.81,25.29,25.43,25.44,25.68,26.00,25.99,25.98,26.02,26.05,26.03,26.01,25.98,25.94,25.87,25.74,25.54,25.59,25.73,25.69,25.58,25.83,26.08,26.34,26.47,26.17,25.90,25.70,25.22,24.43,23.60,22.73,21.34,19.76,18.78,17.99,17.98,17.99,17.75,17.57,17.58,17.59,17.58,17.59,17.61,17.62,17.62,17.64,17.66,17.66,17.67]
OTTOWN|Kavala|H|5|[17.37,17.59,17.89,18.01,18.12,18.41,18.78,19.03,19.27,19.37,19.41,19.45,19.49,20.16,20.46,20.76,21.15,21.84,22.50,23.16,23.56,23.86,24.33,24.81,24.95,25.19,25.51,25.82,25.82,25.86,25.90,25.93,25.91,25.88,25.85,25.81,25.67,25.48,25.28,25.33,25.29,25.18,25.07,25.32,25.58,25.83,25.96,25.69,25.49,25.30,24.82,23.98,23.11,22.24,20.86,19.87,19.08,18.29,18.28,18.04,17.80,17.62,17.63,17.62,17.62,17.63,17.64,17.64,17.64,17.65,17.66,17.66,17.66]
OTTOWN|Kavala|H|6|[17.46,17.62,17.73,17.85,17.96,18.14,18.39,18.64,18.88,18.98,19.01,19.05,19.09,19.38,19.69,19.99,20.36,21.02,21.68,22.34,22.90,23.37,23.85,24.32,24.69,25.00,25.32,25.64,25.69,25.73,25.77,25.80,25.77,25.74,25.71,25.60,25.41,25.21,25.02,24.89,24.78,24.68,24.57,24.81,25.07,25.32,25.46,25.27,25.07,24.88,24.36,23.49,22.62,21.74,20.94,20.15,19.36,18.57,18.33,18.09,17.85,17.67,17.67,17.66,17.65,17.65,17.65,17.65,17.65,17.65,17.66,17.66,17.66]
OTTOWN|Kavala|H|7|[17.49,17.70,17.82,17.93,18.04,18.22,18.47,18.72,18.91,18.98,19.02,19.05,19.11,19.41,19.71,19.96,20.18,20.84,21.49,21.97,22.34,22.82,23.29,23.80,24.18,24.49,24.81,25.07,25.12,25.16,25.22,25.30,25.27,25.24,25.23,25.14,24.95,24.75,24.62,24.51,24.40,24.29,24.12,24.36,24.61,24.79,24.71,24.51,24.32,24.08,23.51,22.64,21.77,21.22,20.53,19.74,18.95,18.50,18.25,18.02,17.82,17.75,17.74,17.73,17.72,17.70,17.70,17.70,17.69,17.69,17.69,17.69,17.70]
OTTOWN|Kavala|H|8|[17.57,17.78,17.90,18.01,18.13,18.31,18.55,18.74,18.91,18.98,19.02,19.08,19.13,19.43,19.68,19.77,19.99,20.65,21.12,21.41,21.79,22.26,22.77,23.29,23.67,23.98,24.25,24.51,24.55,24.61,24.72,24.80,24.77,24.76,24.77,24.68,24.48,24.35,24.23,24.12,24.02,23.84,23.66,23.90,24.08,24.03,23.95,23.75,23.51,23.23,22.66,21.79,21.25,20.81,20.12,19.33,18.88,18.42,18.18,17.98,17.89,17.82,17.81,17.80,17.77,17.75,17.75,17.74,17.72,17.72,17.72,17.73,17.73]
OTTOWN|Kavala|H|9|[17.65,17.87,17.98,18.10,18.21,18.39,18.58,18.74,18.91,18.99,19.04,19.10,19.15,19.40,19.49,19.58,19.80,20.28,20.56,20.85,21.23,21.74,22.26,22.78,23.16,23.42,23.68,23.94,24.01,24.12,24.23,24.30,24.29,24.30,24.30,24.21,24.08,23.96,23.85,23.74,23.56,23.38,23.20,23.37,23.32,23.27,23.19,22.95,22.67,22.38,21.82,21.27,20.84,20.40,19.70,19.25,18.80,18.35,18.15,18.06,17.97,17.89,17.88,17.85,17.82,17.80,17.79,17.78,17.76,17.76,17.76,17.76,17.76]
OTTOWN|Kavala|H|10|[17.73,17.91,18.02,18.14,18.25,18.41,18.58,18.75,18.92,18.99,19.04,19.10,19.16,19.26,19.35,19.44,19.58,19.87,20.16,20.44,20.79,21.31,21.83,22.35,22.59,22.86,23.12,23.38,23.49,23.60,23.71,23.80,23.81,23.81,23.82,23.77,23.65,23.54,23.42,23.23,23.05,22.87,22.66,22.61,22.56,22.51,22.29,22.01,21.72,21.44,21.15,20.71,20.28,19.84,19.52,19.07,18.62,18.27,18.18,18.09,18.00,17.94,17.91,17.88,17.86,17.84,17.83,17.81,17.80,17.81,17.82,17.82,17.86]
OTTOWN|Kavala|H|11|[17.72,17.85,17.97,18.08,18.25,18.43,18.59,18.76,18.87,18.94,18.99,19.06,19.14,19.24,19.33,19.42,19.56,19.85,20.14,20.27,20.57,21.09,21.61,21.80,22.04,22.30,22.56,22.81,22.92,23.03,23.16,23.28,23.28,23.29,23.29,23.23,23.12,23.00,22.77,22.58,22.40,22.19,21.89,21.83,21.79,21.53,21.10,20.81,20.53,20.44,20.21,19.77,19.34,19.35,19.03,18.58,18.23,18.20,18.11,18.02,17.96,17.94,17.91,17.88,17.89,17.88,17.87,17.85,17.91,17.93,17.93,17.97,18.10]
OTTOWN|Kavala|H|12|[17.66,17.79,17.91,18.08,18.26,18.44,18.61,18.71,18.82,18.89,18.95,19.04,19.13,19.22,19.31,19.41,19.54,19.83,19.97,20.05,20.34,20.87,21.05,21.24,21.48,21.74,21.99,22.25,22.36,22.49,22.63,22.75,22.75,22.75,22.75,22.69,22.58,22.35,22.13,21.93,21.72,21.42,21.12,21.06,20.80,20.33,19.90,19.62,19.53,19.50,19.27,18.84,18.85,18.86,18.54,18.20,18.16,18.12,18.03,17.98,17.96,17.94,17.91,17.91,17.93,17.92,17.91,17.96,18.02,18.04,18.07,18.21,18.35]
OTTOWN|Kavala|H|13|[17.60,17.73,17.90,18.09,18.28,18.45,18.56,18.66,18.77,18.84,18.93,19.02,19.11,19.20,19.29,19.39,19.52,19.66,19.74,19.83,20.12,20.31,20.49,20.68,20.92,21.17,21.43,21.68,21.81,21.96,22.11,22.22,22.22,22.22,22.21,22.16,21.93,21.70,21.48,21.25,20.95,20.65,20.34,20.08,19.61,19.14,18.71,18.62,18.59,18.56,18.34,18.35,18.36,18.38,18.16,18.12,18.08,18.05,17.99,17.98,17.96,17.94,17.94,17.95,17.97,17.96,18.02,18.08,18.13,18.18,18.32,18.46,18.60]
OTTOWN|Kavala|H|14|[17.69,17.76,17.95,18.13,18.32,18.43,18.54,18.64,18.73,18.80,18.89,18.98,19.07,19.16,19.25,19.35,19.39,19.48,19.56,19.65,19.74,19.92,20.11,20.25,20.44,20.69,20.95,21.09,21.23,21.38,21.53,21.56,21.56,21.56,21.56,21.45,21.22,21.00,20.82,20.59,20.28,19.98,19.81,19.35,18.88,18.41,18.27,18.24,18.21,18.18,18.09,18.10,18.12,18.13,18.11,18.08,18.04,18.02,18.00,17.99,17.97,18.03,18.04,18.05,18.06,18.19,18.25,18.30,18.33,18.41,18.55,18.69,18.76]
OTTOWN|Kavala|H|15|[17.81,17.83,18.02,18.21,18.33,18.44,18.54,18.63,18.66,18.74,18.82,18.92,19.01,19.11,19.20,19.23,19.25,19.33,19.42,19.42,19.50,19.69,19.83,19.85,20.03,20.29,20.43,20.46,20.61,20.75,20.79,20.80,20.80,20.79,20.79,20.69,20.46,20.28,20.24,20.01,19.71,19.54,19.51,19.05,18.58,18.43,18.38,18.35,18.32,18.14,18.06,18.07,18.09,18.12,18.10,18.06,18.04,18.04,18.02,18.01,18.08,18.16,18.18,18.19,18.39,18.52,18.57,18.60,18.54,18.63,18.77,18.84,18.85]
OTTOWN|Kavala|H|16|[17.88,17.90,18.09,18.21,18.33,18.44,18.53,18.56,18.60,18.67,18.76,18.86,18.96,19.05,19.08,19.08,19.11,19.19,19.19,19.18,19.27,19.41,19.43,19.44,19.63,19.77,19.80,19.83,19.98,20.02,20.03,20.03,20.03,20.03,20.03,19.92,19.75,19.71,19.67,19.44,19.27,19.24,19.20,18.74,18.59,18.54,18.50,18.47,18.29,18.11,18.03,18.04,18.07,18.10,18.08,18.06,18.06,18.06,18.04,18.12,18.22,18.30,18.31,18.51,18.71,18.85,18.87,18.81,18.76,18.84,18.91,18.92,18.94]
OTTOWN|Kavala|H|17|[17.95,17.98,18.10,18.22,18.34,18.43,18.47,18.50,18.53,18.61,18.71,18.80,18.90,18.93,18.93,18.94,18.96,18.96,18.96,18.95,19.00,19.01,19.02,19.04,19.11,19.14,19.18,19.21,19.25,19.26,19.26,19.27,19.27,19.27,19.27,19.21,19.17,19.13,19.10,19.00,18.97,18.93,18.90,18.76,18.71,18.66,18.62,18.44,18.26,18.08,18.00,18.03,18.06,18.09,18.08,18.08,18.08,18.08,18.15,18.25,18.36,18.44,18.64,18.84,19.04,19.14,19.09,19.03,18.97,18.99,19.00,19.01,19.02]
OTTOWN|Kavala|H|18|[17.88,18.03,18.15,18.27,18.38,18.45,18.48,18.51,18.54,18.62,18.72,18.81,18.89,18.90,18.90,18.91,18.91,18.91,18.91,18.90,18.91,18.92,18.93,18.94,18.96,18.99,19.02,19.04,19.05,19.05,19.06,19.06,19.06,19.06,19.06,19.03,19.00,18.96,18.94,18.92,18.88,18.85,18.85,18.80,18.75,18.70,18.62,18.45,18.27,18.10,18.05,18.08,18.10,18.21,18.26,18.26,18.25,18.61,18.72,18.83,18.93,19.41,19.61,19.81,19.87,19.64,19.58,19.52,19.24,19.11,19.12,19.13,19.17]
OTTOWN|Kavala|H|19|[17.94,18.09,18.21,18.32,18.42,18.48,18.52,18.55,18.57,18.65,18.74,18.82,18.89,18.90,18.91,18.91,18.91,18.91,18.91,18.90,18.91,18.92,18.92,18.92,18.94,18.98,18.99,19.00,19.01,19.01,19.01,19.01,19.01,19.01,18.99,18.97,18.93,18.91,18.92,18.89,18.86,18.86,18.87,18.82,18.77,18.72,18.64,18.46,18.30,18.17,18.11,18.14,18.25,18.43,18.48,18.47,18.83,19.30,19.41,19.52,20.08,20.56,20.76,20.82,20.44,20.21,20.15,19.87,19.37,19.24,19.25,19.29,19.33]
OTTOWN|Kavala|H|20|[18.01,18.15,18.27,18.36,18.45,18.52,18.55,18.57,18.60,18.67,18.75,18.82,18.90,18.90,18.91,18.91,18.92,18.91,18.91,18.90,18.91,18.91,18.91,18.91,18.93,18.94,18.95,18.96,18.97,18.97,18.97,18.97,18.96,18.95,18.93,18.90,18.89,18.89,18.89,18.87,18.87,18.88,18.89,18.84,18.79,18.74,18.66,18.50,18.36,18.23,18.18,18.29,18.47,18.65,18.70,19.05,19.52,19.99,20.11,20.67,21.24,21.72,21.77,21.39,21.01,20.79,20.50,20.00,19.50,19.37,19.41,19.45,19.50]
OTTOWN|Kavala|H|21|[18.07,18.21,18.30,18.40,18.49,18.55,18.58,18.60,18.62,18.68,18.76,18.83,18.90,18.91,18.91,18.92,18.92,18.91,18.91,18.90,18.90,18.90,18.89,18.89,18.90,18.90,18.91,18.92,18.92,18.92,18.92,18.92,18.90,18.88,18.87,18.86,18.86,18.87,18.87,18.88,18.89,18.90,18.91,18.86,18.81,18.76,18.69,18.56,18.43,18.30,18.32,18.50,18.68,18.86,19.25,19.72,20.20,20.67,21.24,21.81,22.37,22.73,22.35,21.97,21.59,21.16,20.66,20.15,19.65,19.54,19.58,19.63,19.67]
OTTOWN|Kavala|H|22|[18.06,18.19,18.29,18.38,18.48,18.54,18.57,18.59,18.67,18.75,18.82,18.89,18.90,18.90,18.91,18.91,18.91,18.91,18.90,18.90,18.89,18.89,18.89,18.88,18.89,18.90,18.91,18.91,18.91,18.91,18.91,18.90,18.89,18.87,18.86,18.86,18.86,18.87,18.87,18.87,18.88,18.89,18.91,18.87,18.82,18.76,18.67,18.54,18.40,18.33,18.41,18.59,18.77,18.89,19.26,19.73,20.20,21.17,21.74,22.30,22.94,23.50,23.12,22.75,22.42,22.03,21.53,21.03,20.30,20.12,20.16,20.21,19.60]
OTTOWN|Kavala|H|23|[18.04,18.17,18.27,18.37,18.47,18.54,18.56,18.64,18.73,18.81,18.88,18.89,18.89,18.90,18.90,18.91,18.91,18.90,18.90,18.89,18.88,18.88,18.88,18.88,18.88,18.89,18.89,18.89,18.89,18.89,18.89,18.89,18.87,18.86,18.86,18.86,18.86,18.86,18.86,18.87,18.88,18.90,18.92,18.87,18.81,18.73,18.64,18.51,18.44,18.43,18.51,18.69,18.80,18.89,19.26,19.73,20.70,21.67,22.24,22.87,23.71,24.28,23.90,23.57,23.29,22.91,22.40,21.68,20.88,20.70,20.74,20.13,19.53]
OTTOWN|Kavala|H|24|[18.02,18.15,18.25,18.36,18.46,18.53,18.61,18.70,18.80,18.88,18.88,18.89,18.89,18.90,18.90,18.90,18.90,18.90,18.89,18.88,18.87,18.87,18.87,18.87,18.88,18.88,18.88,18.88,18.88,18.88,18.88,18.88,18.87,18.86,18.86,18.86,18.86,18.86,18.85,18.86,18.88,18.90,18.93,18.87,18.79,18.71,18.62,18.55,18.53,18.52,18.60,18.71,18.80,18.89,19.26,20.23,21.20,22.17,22.81,23.65,24.49,25.05,24.73,24.45,24.17,23.78,23.06,22.26,21.46,21.27,20.67,20.06,19.46]
OTTOWN|Kavala|H|25|[18.03,18.15,18.25,18.36,18.46,18.56,18.65,18.75,18.85,18.87,18.88,18.88,18.89,18.89,18.89,18.90,18.90,18.89,18.88,18.87,18.87,18.87,18.87,18.87,18.87,18.87,18.87,18.87,18.87,18.87,18.87,18.87,18.87,18.86,18.86,18.86,18.86,18.85,18.85,18.87,18.89,18.91,18.93,18.85,18.77,18.69,18.63,18.62,18.61,18.59,18.63,18.72,18.81,18.90,19.63,20.60,21.56,22.63,23.48,24.32,25.16,25.76,25.48,25.20,24.92,24.49,23.69,22.89,22.10,21.54,20.94,20.33,19.61]
OTTOWN|Kavala|H|26|[18.07,18.17,18.27,18.38,18.47,18.57,18.67,18.76,18.85,18.87,18.88,18.88,18.88,18.89,18.89,18.89,18.89,18.88,18.87,18.87,18.87,18.87,18.87,18.87,18.87,18.87,18.87,18.87,18.87,18.87,18.87,18.87,18.87,18.86,18.86,18.86,18.86,18.85,18.85,18.87,18.89,18.91,18.92,18.85,18.77,18.70,18.66,18.64,18.63,18.62,18.65,18.74,18.83,18.93,19.65,20.62,21.68,23.02,23.87,24.71,25.58,26.21,25.93,25.65,25.61,25.26,24.46,23.66,23.25,22.70,22.10,21.37,20.30]
OTTOWN|Kavala|H|27|[18.09,18.19,18.29,18.39,18.48,18.58,18.68,18.76,18.85,18.87,18.88,18.88,18.88,18.88,18.88,18.88,18.88,18.87,18.87,18.87,18.87,18.87,18.87,18.87,18.87,18.87,18.87,18.87,18.87,18.87,18.87,18.87,18.87,18.86,18.86,18.86,18.86,18.85,18.85,18.87,18.89,18.90,18.92,18.84,18.77,18.72,18.68,18.67,18.65,18.64,18.67,18.76,18.86,18.95,19.68,20.74,22.07,23.40,24.26,25.13,26.03,26.66,26.38,26.35,26.39,26.03,25.23,24.82,24.41,23.86,23.13,22.07,21.00]
OTTOWN|Kavala|H|28|[18.11,18.20,18.30,18.40,18.49,18.59,18.68,18.76,18.85,18.87,18.87,18.87,18.87,18.87,18.87,18.87,18.87,18.87,18.87,18.87,18.87,18.87,18.87,18.87,18.87,18.87,18.87,18.87,18.87,18.87,18.87,18.87,18.87,18.86,18.86,18.86,18.86,18.85,18.85,18.86,18.88,18.90,18.91,18.85,18.80,18.75,18.71,18.69,18.67,18.66,18.69,18.79,18.88,18.97,19.79,21.13,22.46,23.79,24.68,25.58,26.48,27.11,27.08,27.12,27.16,26.80,26.39,25.98,25.57,24.90,23.83,22.76,21.69]
OTTOWN|Kavala|H|29|[18.05,18.18,18.28,18.37,18.47,18.63,18.71,18.80,18.87,18.88,18.88,18.88,18.87,18.87,18.87,18.87,18.87,18.87,18.87,18.87,18.87,18.87,18.87,18.87,18.87,18.87,18.87,18.87,18.87,18.87,18.87,18.87,18.87,18.86,18.86,18.86,18.85,18.85,18.85,18.86,18.88,18.89,18.90,18.85,18.80,18.75,18.74,18.72,18.71,18.69,18.74,18.83,18.92,19.01,19.99,21.32,22.66,24.09,25.00,25.90,26.80,27.50,27.54,27.58,27.62,27.69,27.28,26.87,26.48,25.61,24.54,23.47,22.83]
OTTOWN|Kavala|H|30|[17.97,18.12,18.21,18.31,18.53,18.69,18.78,18.85,18.89,18.90,18.90,18.89,18.88,18.88,18.88,18.88,18.88,18.88,18.88,18.88,18.87,18.87,18.87,18.87,18.87,18.87,18.87,18.87,18.87,18.87,18.87,18.87,18.86,18.86,18.86,18.85,18.85,18.85,18.85,18.86,18.88,18.89,18.89,18.84,18.79,18.78,18.79,18.77,18.75,18.75,18.80,18.89,18.98,19.03,20.02,21.35,22.78,24.30,25.22,26.12,27.00,27.70,27.74,27.78,28.29,28.36,27.94,27.55,27.21,26.35,25.28,24.64,24.42]
OTTOWN|Kavala|H|31|[17.91,18.06,18.15,18.38,18.60,18.76,18.83,18.87,18.91,18.92,18.91,18.90,18.89,18.89,18.89,18.89,18.88,18.88,18.88,18.88,18.88,18.88,18.87,18.86,18.86,18.86,18.86,18.86,18.86,18.86,18.86,18.86,18.86,18.86,18.85,18.85,18.85,18.85,18.85,18.86,18.87,18.87,18.87,18.82,18.82,18.83,18.83,18.82,18.82,18.82,18.86,18.94,19.00,19.06,20.04,21.47,22.99,24.51,25.43,26.32,27.20,27.89,27.93,28.44,28.95,29.02,28.62,28.29,27.95,27.08,26.44,26.22,26.01]
OTTOWN|Kavala|H|32|[17.85,18.00,18.22,18.44,18.67,18.81,18.85,18.89,18.93,18.93,18.92,18.91,18.90,18.90,18.89,18.89,18.89,18.89,18.88,18.88,18.88,18.87,18.87,18.86,18.86,18.86,18.86,18.86,18.86,18.86,18.86,18.86,18.86,18.85,18.85,18.85,18.85,18.85,18.85,18.85,18.85,18.85,18.85,18.85,18.86,18.87,18.88,18.88,18.88,18.88,18.91,18.97,19.03,19.09,20.17,21.69,23.21,24.73,25.63,26.51,27.39,28.09,28.59,29.10,29.61,29.70,29.36,29.02,28.68,28.24,28.03,27.81,27.59]
OTTOWN|Kavala|H|33|[17.79,17.94,18.16,18.39,18.63,18.80,18.83,18.87,18.93,18.94,18.93,18.92,18.91,18.91,18.90,18.90,18.89,18.89,18.89,18.88,18.88,18.87,18.87,18.86,18.86,18.86,18.86,18.86,18.86,18.86,18.86,18.86,18.85,18.85,18.85,18.85,18.85,18.85,18.85,18.85,18.85,18.85,18.85,18.86,18.87,18.88,18.88,18.88,18.88,18.89,18.93,18.99,19.05,19.11,20.23,21.75,23.27,24.60,25.49,26.38,27.26,27.89,28.40,28.90,29.44,29.62,29.28,28.94,28.91,28.82,28.61,28.39,28.16]
OTTOWN|Kavala|H|34|[17.70,17.85,18.07,18.31,18.60,18.77,18.81,18.86,18.93,18.95,18.94,18.93,18.92,18.92,18.91,18.91,18.90,18.90,18.89,18.88,18.88,18.87,18.87,18.86,18.86,18.86,18.85,18.85,18.85,18.85,18.85,18.85,18.85,18.85,18.85,18.85,18.85,18.85,18.85,18.85,18.85,18.85,18.85,18.86,18.87,18.87,18.87,18.87,18.88,18.90,18.95,19.01,19.07,19.14,20.26,21.78,23.11,24.38,25.27,26.15,26.82,27.45,27.96,28.50,29.13,29.30,28.97,28.93,29.20,29.12,28.90,28.68,28.44]
OTTOWN|Kavala|H|35|[17.60,17.76,18.00,18.29,18.57,18.74,18.80,18.87,18.94,18.95,18.95,18.94,18.93,18.93,18.92,18.91,18.90,18.90,18.89,18.88,18.88,18.87,18.86,18.85,18.85,18.85,18.85,18.85,18.85,18.85,18.85,18.85,18.85,18.85,18.85,18.85,18.85,18.85,18.85,18.85,18.85,18.85,18.85,18.86,18.86,18.86,18.86,18.87,18.89,18.92,18.96,19.03,19.10,19.17,20.29,21.62,22.88,24.15,25.04,25.71,26.38,27.01,27.55,28.19,28.82,28.99,28.96,29.23,29.50,29.42,29.19,28.96,28.72]
OTTOWN|Kavala|H|36|[17.52,17.68,17.97,18.26,18.55,18.73,18.80,18.87,18.95,18.96,18.95,18.95,18.94,18.93,18.92,18.91,18.91,18.90,18.89,18.88,18.87,18.87,18.86,18.85,18.85,18.84,18.84,18.84,18.84,18.85,18.85,18.85,18.85,18.85,18.85,18.85,18.85,18.85,18.85,18.85,18.85,18.85,18.85,18.85,18.85,18.85,18.86,18.88,18.91,18.94,18.98,19.05,19.12,19.19,20.13,21.39,22.66,23.93,24.62,25.29,25.96,26.61,27.24,27.88,28.51,28.96,29.23,29.50,29.77,29.68,29.45,29.22,28.99]
OTTOWN|Kavala|H|37|[17.48,17.65,17.94,18.23,18.47,18.61,18.68,18.75,18.84,18.87,18.86,18.85,18.84,18.84,18.83,18.82,18.82,18.81,18.80,18.81,18.82,18.81,18.80,18.82,18.83,18.83,18.82,18.84,18.84,18.84,18.85,18.85,18.85,18.85,18.85,18.85,18.85,18.85,18.85,18.85,18.85,18.85,18.85,18.85,18.85,18.85,18.86,18.88,18.91,18.93,18.97,19.04,19.11,19.17,20.10,21.37,22.64,24.19,24.88,25.55,26.12,26.45,27.09,27.72,28.14,28.38,28.65,28.92,29.42,29.41,29.18,28.94,28.61]
OTTOWN|Kavala|H|38|[17.45,17.62,17.91,18.15,18.35,18.49,18.56,18.65,18.75,18.77,18.76,18.76,18.75,18.74,18.74,18.74,18.74,18.73,18.73,18.75,18.76,18.75,18.77,18.80,18.81,18.81,18.82,18.83,18.84,18.84,18.84,18.84,18.84,18.85,18.85,18.85,18.85,18.85,18.85,18.85,18.85,18.85,18.85,18.85,18.85,18.85,18.86,18.88,18.91,18.92,18.97,19.04,19.09,19.14,20.07,21.34,22.90,24.46,25.15,25.71,25.96,26.29,26.93,27.35,27.56,27.80,28.07,28.57,29.15,29.13,28.90,28.57,28.23]
OTTOWN|Kavala|H|39|[17.41,17.59,17.83,18.03,18.23,18.37,18.46,18.56,18.65,18.67,18.67,18.66,18.66,18.65,18.65,18.65,18.65,18.66,18.67,18.69,18.70,18.72,18.75,18.78,18.79,18.80,18.82,18.83,18.83,18.84,18.84,18.84,18.84,18.85,18.85,18.85,18.85,18.85,18.85,18.85,18.85,18.85,18.85,18.85,18.85,18.85,18.86,18.88,18.90,18.92,18.96,19.01,19.06,19.12,20.05,21.61,23.16,24.72,25.31,25.55,25.80,26.14,26.56,26.77,26.99,27.23,27.72,28.30,28.87,28.86,28.52,28.19,27.85]
OTTOWN|Kavala|H|40|[17.37,17.52,17.72,17.92,18.12,18.26,18.36,18.45,18.55,18.58,18.57,18.57,18.57,18.57,18.57,18.57,18.57,18.59,18.61,18.63,18.65,18.68,18.72,18.75,18.77,18.78,18.80,18.82,18.82,18.83,18.83,18.84,18.84,18.85,18.85,18.85,18.85,18.85,18.85,18.85,18.85,18.85,18.85,18.85,18.85,18.85,18.85,18.87,18.89,18.91,18.95,19.00,19.05,19.10,20.24,21.80,23.35,24.88,25.16,25.41,25.66,25.87,26.08,26.29,26.51,26.90,27.47,28.05,28.62,28.50,28.16,27.83,27.46]
OTTOWN|Kavala|H|41|[17.29,17.42,17.62,17.82,18.00,18.14,18.23,18.33,18.45,18.47,18.47,18.47,18.48,18.48,18.48,18.48,18.49,18.51,18.53,18.55,18.57,18.60,18.64,18.68,18.70,18.72,18.74,18.79,18.80,18.80,18.81,18.84,18.84,18.84,18.85,18.85,18.85,18.85,18.85,18.85,18.85,18.85,18.85,18.85,18.85,18.85,18.86,18.88,18.89,18.92,18.96,19.01,19.06,19.10,20.24,21.80,23.33,24.77,25.05,25.29,25.49,25.65,25.86,26.07,26.31,26.71,27.29,27.86,28.30,28.18,27.84,27.48,27.03]
OTTOWN|Kavala|H|42|[17.18,17.31,17.51,17.70,17.88,18.02,18.11,18.23,18.34,18.37,18.37,18.39,18.40,18.40,18.40,18.40,18.41,18.42,18.45,18.47,18.49,18.52,18.57,18.62,18.64,18.66,18.71,18.76,18.77,18.78,18.81,18.83,18.84,18.84,18.85,18.85,18.85,18.85,18.85,18.85,18.85,18.85,18.85,18.85,18.85,18.85,18.86,18.88,18.90,18.93,18.97,19.02,19.06,19.10,20.24,21.77,23.21,24.65,24.93,25.12,25.27,25.42,25.64,25.88,26.12,26.53,27.10,27.54,27.98,27.86,27.49,27.04,26.60]
OTTOWN|Kavala|H|43|[17.08,17.21,17.40,17.58,17.75,17.89,18.01,18.12,18.24,18.27,18.29,18.30,18.32,18.32,18.32,18.32,18.32,18.34,18.37,18.39,18.41,18.46,18.50,18.55,18.58,18.63,18.68,18.73,18.75,18.78,18.81,18.83,18.84,18.84,18.85,18.85,18.85,18.85,18.85,18.85,18.85,18.85,18.85,18.85,18.85,18.86,18.86,18.89,18.91,18.94,18.98,19.02,19.06,19.10,20.21,21.65,23.10,24.54,24.76,24.90,25.04,25.20,25.44,25.69,25.94,26.34,26.78,27.22,27.66,27.51,27.06,26.61,26.16]
OTTOWN|Kavala|H|44|[16.96,17.12,17.29,17.47,17.65,17.78,17.89,18.01,18.14,18.20,18.22,18.23,18.25,18.25,18.25,18.25,18.26,18.28,18.30,18.32,18.36,18.40,18.45,18.49,18.54,18.59,18.64,18.69,18.72,18.75,18.78,18.82,18.83,18.83,18.84,18.85,18.85,18.85,18.85,18.85,18.85,18.85,18.85,18.85,18.86,18.86,18.89,18.92,18.95,18.97,18.99,19.03,19.07,19.12,20.19,21.64,23.08,24.48,24.65,24.79,24.93,25.17,25.42,25.67,25.92,26.42,26.86,27.30,27.62,27.29,26.84,26.39,26.00]
OTTOWN|Kavala|H|45|[16.86,17.03,17.21,17.39,17.53,17.66,17.77,17.90,18.08,18.14,18.15,18.17,18.20,18.20,18.20,18.20,18.21,18.23,18.25,18.28,18.32,18.36,18.40,18.44,18.48,18.53,18.59,18.65,18.68,18.70,18.76,18.81,18.81,18.82,18.84,18.85,18.85,18.85,18.85,18.85,18.85,18.85,18.85,18.85,18.86,18.90,18.95,18.97,19.00,18.99,19.00,19.04,19.10,19.19,20.27,21.71,23.11,24.45,24.63,24.77,25.02,25.30,25.55,25.79,26.35,26.85,27.29,27.62,27.60,27.26,26.82,26.42,26.08]
OTTOWN|Kavala|H|46|[16.77,16.94,17.12,17.26,17.41,17.53,17.66,17.84,18.02,18.08,18.10,18.12,18.14,18.15,18.15,18.15,18.16,18.18,18.21,18.24,18.27,18.32,18.35,18.38,18.43,18.48,18.54,18.60,18.63,18.68,18.74,18.79,18.80,18.82,18.84,18.85,18.85,18.85,18.85,18.85,18.85,18.85,18.85,18.85,18.90,18.95,19.00,19.03,19.02,19.01,19.02,19.07,19.17,19.27,20.34,21.73,23.08,24.43,24.60,24.86,25.14,25.42,25.67,26.23,26.79,27.29,27.61,27.59,27.57,27.24,26.84,26.50,26.16]
OTTOWN|Kavala|H|47|[16.68,16.86,17.00,17.14,17.28,17.43,17.60,17.78,17.96,18.02,18.04,18.07,18.09,18.10,18.10,18.11,18.12,18.14,18.17,18.20,18.23,18.26,18.29,18.32,18.37,18.43,18.49,18.55,18.60,18.66,18.73,18.77,18.80,18.82,18.84,18.85,18.85,18.85,18.85,18.85,18.85,18.85,18.85,18.89,18.95,19.00,19.05,19.04,19.03,19.02,19.05,19.15,19.24,19.34,20.36,21.71,23.06,24.41,24.69,24.98,25.27,25.55,26.11,26.66,27.22,27.61,27.58,27.56,27.54,27.26,26.92,26.58,26.24]
OTTOWN|Kavala|H|48|[16.58,16.76,16.90,17.04,17.17,17.32,17.49,17.67,17.85,17.93,17.95,17.97,18.05,18.06,18.07,18.07,18.06,18.09,18.12,18.15,18.18,18.21,18.24,18.27,18.33,18.38,18.44,18.50,18.56,18.63,18.69,18.74,18.76,18.78,18.81,18.85,18.85,18.85,18.85,18.85,18.85,18.85,18.85,18.90,18.96,19.02,19.08,19.07,19.05,19.05,19.11,19.20,19.30,19.39,20.40,21.75,23.10,24.86,25.19,25.47,25.76,26.21,26.77,27.33,27.81,27.93,27.91,27.89,27.75,27.43,27.09,26.75,26.40]
OTTOWN|Kavala|H|49|[16.48,16.66,16.80,16.94,17.05,17.19,17.37,17.55,17.75,17.82,17.85,17.93,18.03,18.03,18.04,18.02,18.01,18.04,18.07,18.10,18.13,18.16,18.19,18.23,18.28,18.34,18.40,18.46,18.52,18.58,18.64,18.69,18.72,18.75,18.81,18.85,18.85,18.85,18.85,18.85,18.85,18.85,18.85,18.90,18.96,19.04,19.10,19.09,19.09,19.10,19.16,19.25,19.35,19.45,20.45,21.80,23.56,25.46,25.78,26.07,26.49,26.94,27.49,27.98,28.24,28.36,28.34,28.20,27.93,27.61,27.27,26.93,26.59]
OTTOWN|Kavala|H|50|[16.39,16.57,16.70,16.81,16.92,17.07,17.25,17.45,17.65,17.72,17.80,17.90,18.00,18.00,17.98,17.97,17.96,17.99,18.02,18.05,18.08,18.11,18.15,18.18,18.23,18.29,18.35,18.41,18.47,18.54,18.60,18.65,18.68,18.75,18.81,18.84,18.84,18.85,18.85,18.85,18.85,18.85,18.85,18.90,18.98,19.06,19.12,19.12,19.14,19.15,19.21,19.30,19.40,19.50,20.51,22.27,24.16,26.05,26.38,26.80,27.21,27.66,28.14,28.40,28.67,28.79,28.65,28.39,28.12,27.80,27.46,27.11,26.77]
OTTOWN|Kavala|H|51|[16.29,16.46,16.57,16.68,16.79,16.95,17.14,17.34,17.54,17.67,17.77,17.86,17.96,17.95,17.93,17.91,17.91,17.94,17.97,18.00,18.03,18.07,18.10,18.13,18.18,18.24,18.31,18.37,18.43,18.49,18.55,18.61,18.68,18.74,18.81,18.84,18.84,18.85,18.85,18.85,18.85,18.85,18.85,18.93,19.01,19.09,19.15,19.17,19.18,19.20,19.26,19.36,19.45,19.55,20.95,22.85,24.74,26.64,27.10,27.51,27.93,28.32,28.58,28.84,29.10,29.11,28.85,28.58,28.32,28.00,27.65,27.31,26.97]
OTTOWN|Kavala|H|52|[16.01,16.17,16.28,16.40,16.52,16.69,16.89,17.09,17.35,17.50,17.59,17.69,17.90,17.89,17.87,17.86,17.87,17.90,17.93,17.96,17.99,18.02,18.05,18.09,18.15,18.21,18.27,18.32,18.39,18.45,18.51,18.60,18.66,18.72,18.79,18.82,18.82,18.82,18.84,18.85,18.85,18.85,18.85,18.93,19.01,19.08,19.13,19.14,19.16,19.20,19.28,19.38,19.48,19.59,21.00,22.89,24.79,27.07,27.53,27.95,28.40,28.91,29.17,29.43,29.68,29.67,29.41,29.15,28.90,28.59,28.25,27.90,27.56]
OTTOWN|Kavala|H|53|[15.73,15.89,16.00,16.13,16.27,16.43,16.63,16.89,17.18,17.33,17.42,17.64,17.85,17.83,17.82,17.82,17.83,17.86,17.89,17.91,17.94,17.97,18.01,18.06,18.12,18.18,18.23,18.28,18.34,18.41,18.50,18.58,18.64,18.70,18.76,18.80,18.80,18.82,18.84,18.85,18.85,18.85,18.85,18.93,19.00,19.06,19.10,19.12,19.16,19.22,19.30,19.40,19.51,19.63,21.04,22.94,25.22,27.50,27.96,28.42,29.00,29.51,29.77,30.01,30.24,30.24,29.97,29.73,29.50,29.18,28.84,28.49,28.15]
OTTOWN|Kavala|H|54|[15.44,15.60,15.73,15.87,16.01,16.18,16.44,16.72,17.01,17.16,17.37,17.58,17.79,17.78,17.78,17.78,17.79,17.81,17.84,17.86,17.89,17.93,17.98,18.03,18.09,18.14,18.19,18.24,18.31,18.39,18.48,18.56,18.62,18.68,18.74,18.78,18.80,18.82,18.84,18.85,18.85,18.85,18.85,18.92,18.98,19.03,19.08,19.12,19.18,19.24,19.32,19.44,19.56,19.68,21.08,23.37,25.65,27.93,28.44,29.01,29.59,30.10,30.35,30.57,30.80,30.80,30.56,30.32,30.09,29.77,29.43,29.09,28.74]
OTTOWN|Kavala|H|55|[15.20,15.37,15.51,15.66,15.80,16.03,16.31,16.59,16.87,17.08,17.29,17.50,17.73,17.73,17.73,17.73,17.75,17.77,17.80,17.82,17.85,17.90,17.95,18.00,18.05,18.10,18.15,18.20,18.29,18.37,18.46,18.54,18.60,18.67,18.73,18.77,18.79,18.82,18.84,18.85,18.85,18.85,18.85,18.90,18.96,19.02,19.07,19.13,19.19,19.25,19.36,19.48,19.60,19.72,21.41,23.69,25.97,28.30,28.92,29.50,30.08,30.57,30.79,31.02,31.25,31.34,31.10,30.87,30.63,30.38,30.03,29.69,29.37]
OTTOWN|Kavala|H|56|[15.07,15.27,15.41,15.55,15.75,15.99,16.28,16.56,16.74,16.95,17.16,17.39,17.67,17.67,17.67,17.69,17.72,17.74,17.77,17.78,17.82,17.86,17.91,17.96,18.01,18.06,18.12,18.17,18.26,18.34,18.44,18.54,18.60,18.66,18.72,18.76,18.79,18.81,18.84,18.85,18.85,18.85,18.85,18.90,18.96,19.00,19.04,19.10,19.17,19.27,19.39,19.51,19.63,19.76,21.45,23.73,26.06,28.50,29.13,29.71,30.26,30.72,30.95,31.18,31.62,31.77,31.53,31.30,31.27,31.02,30.67,30.35,30.11]
OTTOWN|Kavala|H|57|[14.97,15.16,15.31,15.50,15.72,15.96,16.24,16.43,16.61,16.82,17.04,17.33,17.61,17.62,17.63,17.66,17.69,17.71,17.73,17.75,17.78,17.83,17.88,17.93,17.98,18.03,18.09,18.15,18.23,18.33,18.44,18.54,18.60,18.66,18.71,18.75,18.78,18.81,18.84,18.85,18.85,18.85,18.85,18.90,18.95,18.98,19.02,19.08,19.19,19.31,19.43,19.55,19.68,19.80,21.49,23.82,26.26,28.71,29.33,29.89,30.42,30.88,31.11,31.54,32.05,32.20,31.96,31.94,31.91,31.65,31.33,31.09,30.84]
OTTOWN|Kavala|H|58|[14.86,15.06,15.26,15.47,15.68,15.93,16.11,16.30,16.48,16.70,16.99,17.27,17.55,17.57,17.60,17.63,17.66,17.68,17.69,17.71,17.74,17.79,17.84,17.89,17.95,18.00,18.06,18.12,18.22,18.33,18.44,18.54,18.59,18.65,18.70,18.75,18.78,18.81,18.84,18.85,18.85,18.85,18.85,18.89,18.92,18.96,19.00,19.10,19.23,19.35,19.47,19.59,19.72,19.85,21.58,24.02,26.47,28.91,29.51,30.04,30.57,31.04,31.47,31.97,32.47,32.63,32.60,32.57,32.55,32.31,32.07,31.82,31.58]
OTTOWN|Kavala|H|59|[14.72,14.98,15.19,15.40,15.62,15.86,16.04,16.23,16.41,16.66,16.94,17.23,17.48,17.51,17.54,17.57,17.62,17.63,17.65,17.66,17.69,17.75,17.80,17.84,17.90,17.96,18.02,18.06,18.17,18.28,18.39,18.51,18.57,18.63,18.68,18.71,18.74,18.77,18.81,18.82,18.82,18.82,18.84,18.87,18.90,18.94,18.99,19.12,19.24,19.36,19.62,19.74,19.87,20.49,22.83,25.27,27.72,29.10,29.62,30.16,30.69,31.17,31.68,32.18,32.68,32.75,32.73,32.70,32.74,32.62,32.38,32.13,31.83]
OTTOWN|Kavala|H|60|[14.61,14.88,15.09,15.31,15.60,15.85,16.03,16.21,16.38,16.63,16.92,17.17,17.39,17.43,17.46,17.51,17.57,17.58,17.60,17.61,17.64,17.69,17.74,17.78,17.83,17.89,17.94,17.97,18.08,18.19,18.34,18.48,18.54,18.59,18.61,18.64,18.67,18.71,18.76,18.77,18.77,18.79,18.82,18.85,18.88,18.93,18.99,19.11,19.24,19.61,19.86,19.99,20.61,22.67,25.01,27.46,28.84,29.17,29.69,30.22,30.70,31.18,31.68,32.18,32.35,32.43,32.40,32.44,32.66,32.54,32.30,32.00,31.65]
OTTOWN|Kavala|H|61|[14.51,14.79,15.00,15.30,15.59,15.83,16.01,16.19,16.36,16.61,16.86,17.08,17.31,17.34,17.40,17.46,17.52,17.53,17.54,17.55,17.58,17.63,17.67,17.72,17.77,17.82,17.85,17.89,17.99,18.14,18.31,18.44,18.50,18.52,18.54,18.57,18.61,18.65,18.70,18.72,18.73,18.77,18.80,18.83,18.88,18.92,18.98,19.11,19.48,19.85,20.11,20.73,22.79,24.86,27.20,28.58,28.91,29.24,29.76,30.24,30.71,31.18,31.68,31.85,32.02,32.10,32.13,32.36,32.58,32.47,32.17,31.82,31.47]
OTTOWN|Kavala|H|62|[14.42,14.69,14.99,15.28,15.58,15.82,15.99,16.16,16.33,16.55,16.78,17.00,17.22,17.28,17.35,17.41,17.46,17.48,17.49,17.50,17.52,17.57,17.61,17.65,17.69,17.73,17.76,17.80,17.95,18.11,18.27,18.41,18.43,18.45,18.47,18.50,18.55,18.60,18.65,18.68,18.71,18.75,18.78,18.83,18.87,18.92,18.98,19.35,19.73,20.10,20.85,22.91,24.98,27.04,28.31,28.65,28.98,29.31,29.78,30.25,30.71,31.18,31.35,31.52,31.69,31.83,32.06,32.28,32.51,32.34,31.99,31.64,31.29]
OTTOWN|Kavala|H|63|[14.28,14.60,14.89,15.19,15.49,15.75,15.92,16.09,16.26,16.47,16.69,16.92,17.09,17.15,17.22,17.28,17.38,17.39,17.41,17.42,17.46,17.51,17.55,17.59,17.62,17.66,17.69,17.70,17.86,18.02,18.18,18.30,18.32,18.34,18.39,18.48,18.53,18.57,18.67,18.73,18.77,18.80,19.56,19.63,19.67,19.72,20.46,20.83,21.21,21.54,22.63,24.69,26.76,28.11,28.53,28.86,29.19,29.41,29.86,30.33,30.79,30.80,30.97,31.14,31.27,31.37,31.59,31.82,32.06,31.87,31.52,31.17,30.70]
OTTOWN|Kavala|H|64|[14.17,14.48,14.77,15.08,15.41,15.67,15.84,16.01,16.18,16.39,16.61,16.78,16.93,17.00,17.06,17.19,17.30,17.31,17.32,17.36,17.41,17.45,17.49,17.52,17.55,17.59,17.59,17.59,17.75,17.91,18.06,18.17,18.19,18.24,18.37,18.46,18.51,18.60,18.74,18.80,18.84,19.60,20.59,20.66,20.71,21.55,22.29,22.66,22.99,23.20,24.30,26.36,27.71,28.36,28.78,29.11,29.33,29.51,29.97,30.43,30.39,30.40,30.57,30.70,30.69,30.79,31.02,31.26,31.51,31.33,30.98,30.51,29.99]
OTTOWN|Kavala|H|65|[14.05,14.36,14.67,15.00,15.33,15.59,15.76,15.93,16.09,16.30,16.47,16.62,16.78,16.84,16.97,17.10,17.21,17.23,17.27,17.31,17.35,17.38,17.42,17.45,17.48,17.49,17.49,17.48,17.64,17.79,17.93,18.05,18.10,18.22,18.35,18.44,18.53,18.67,18.81,18.88,19.63,20.63,21.62,21.70,22.54,23.38,24.12,24.45,24.66,24.87,25.96,27.31,27.96,28.61,29.03,29.25,29.43,29.61,30.07,30.03,29.99,30.00,30.13,30.12,30.11,30.22,30.46,30.71,30.97,30.78,30.31,29.80,29.28]
OTTOWN|Kavala|H|66|[13.93,14.25,14.58,14.92,15.25,15.50,15.67,15.84,16.01,16.16,16.32,16.47,16.62,16.75,16.88,17.02,17.13,17.17,17.21,17.25,17.28,17.31,17.34,17.38,17.38,17.38,17.38,17.37,17.52,17.66,17.80,17.94,18.07,18.20,18.33,18.48,18.62,18.76,18.90,19.67,20.67,21.66,22.65,23.49,24.34,25.18,25.88,26.09,26.30,26.51,26.93,27.58,28.23,28.88,29.17,29.35,29.54,29.72,29.68,29.65,29.61,29.57,29.56,29.55,29.54,29.67,29.92,30.18,30.44,30.12,29.61,29.09,28.58]
OTTOWN|Kavala|H|67|[13.73,14.01,14.35,14.68,14.99,15.22,15.39,15.56,15.79,15.98,16.13,16.28,16.50,16.63,16.76,16.89,16.99,17.03,17.07,17.09,17.11,17.14,17.17,17.19,17.20,17.19,17.19,17.21,17.35,17.49,17.63,17.75,17.88,18.01,18.49,18.99,19.13,19.27,19.80,20.70,21.70,22.69,23.39,24.23,25.07,25.94,26.70,26.91,27.12,27.39,27.86,28.51,29.16,29.29,29.41,29.60,29.78,29.68,29.64,29.60,29.49,29.23,29.22,29.21,29.31,29.53,29.79,30.04,30.07,29.69,29.17,28.66,28.11]
OTTOWN|Kavala|H|68|[13.50,13.78,14.11,14.42,14.71,14.94,15.10,15.34,15.60,15.79,15.94,16.16,16.38,16.51,16.64,16.76,16.86,16.90,16.92,16.92,16.94,16.97,16.99,17.01,17.01,17.01,17.02,17.04,17.18,17.32,17.44,17.56,17.69,18.17,19.00,19.50,19.64,20.17,20.83,21.74,22.73,23.43,24.13,24.97,25.83,26.76,27.52,27.73,28.00,28.32,28.79,29.44,29.57,29.53,29.66,29.84,29.74,29.64,29.60,29.48,29.15,28.89,28.88,28.98,29.17,29.39,29.65,29.68,29.63,29.25,28.73,28.19,27.65]
OTTOWN|Kavala|H|69|[13.26,13.54,13.85,14.14,14.42,14.65,14.89,15.15,15.41,15.60,15.82,16.03,16.25,16.38,16.51,16.63,16.73,16.75,16.75,16.75,16.77,16.79,16.80,16.82,16.82,16.84,16.85,16.87,17.01,17.13,17.25,17.37,17.85,18.68,19.51,20.02,20.55,21.21,21.86,22.77,23.47,24.17,24.87,25.73,26.66,27.58,28.34,28.61,28.93,29.24,29.72,29.85,29.81,29.78,29.90,29.80,29.69,29.59,29.48,29.15,28.81,28.55,28.65,28.84,29.03,29.25,29.28,29.24,29.20,28.81,28.27,27.72,27.18]
OTTOWN|Kavala|H|70|[13.03,13.28,13.56,13.85,14.14,14.40,14.66,14.92,15.19,15.41,15.63,15.85,16.11,16.24,16.36,16.49,16.61,16.61,16.61,16.61,16.61,16.62,16.64,16.65,16.66,16.68,16.69,16.71,16.83,16.95,17.07,17.33,18.16,18.99,19.82,20.42,21.08,21.74,22.40,23.18,23.88,24.58,25.45,26.39,27.31,28.24,28.94,29.26,29.57,29.89,30.10,30.06,30.03,29.99,29.81,29.71,29.61,29.48,29.15,28.82,28.49,28.33,28.52,28.71,28.90,29.04,28.99,28.95,28.91,28.44,27.90,27.35,26.85]
OTTOWN|Kavala|H|71|[12.77,12.98,13.26,13.55,13.81,14.07,14.33,14.59,14.83,15.05,15.27,15.54,15.94,16.07,16.19,16.36,16.54,16.54,16.54,16.51,16.49,16.51,16.53,16.51,16.52,16.54,16.55,16.57,16.69,16.81,16.88,17.10,17.93,18.77,19.20,19.67,20.33,20.99,21.96,22.73,23.43,24.31,25.68,26.61,27.54,28.31,28.86,29.17,29.49,29.98,30.24,30.21,30.17,29.79,29.61,29.51,29.39,29.19,28.86,28.53,28.29,28.23,28.43,28.62,28.95,29.13,29.09,29.05,28.78,28.32,27.77,27.27,26.88]
OTTOWN|Kavala|H|72|[12.46,12.67,12.96,13.22,13.48,13.73,14.00,14.23,14.47,14.69,14.96,15.36,15.77,15.89,16.07,16.29,16.47,16.47,16.44,16.40,16.38,16.40,16.38,16.37,16.38,16.40,16.41,16.43,16.55,16.62,16.66,16.88,17.71,18.14,18.45,18.92,19.58,20.55,21.52,22.29,23.16,24.53,25.90,26.84,27.61,28.22,28.77,29.09,29.58,30.12,30.38,30.35,29.97,29.59,29.42,29.29,29.09,28.90,28.57,28.33,28.20,28.14,28.33,28.67,29.05,29.23,29.18,28.92,28.66,28.20,27.69,27.30,26.91]
OTTOWN|Kavala|END
OTTOWN|Poliakko|HEAD|i_House_Big_02_V1_F|Land_i_House_Big_02_V3_F|[10958.076,13427.154,29.476]|295.25|false|77|2|3
OTTOWN|Poliakko|BOX|[-5.33,-12.09,5.33,12.09,-6.09,6.09]
OTTOWN|Poliakko|DOOR|main|[10961.67,13420.32,29.85]|565.2|3.50
OTTOWN|Poliakko|DOOR|side|[10953.32,13429.51,29.87]|295.2|1.25
OTTOWN|Poliakko|BPOS|[[10964.74,13427.93,29.89],[10961.13,13425.81,29.89],[10962.59,13424.40,33.33],[10953.78,13432.81,33.35],[10955.45,13432.01,29.90],[10957.28,13432.22,33.34],[10954.07,13429.27,33.34],[10955.85,13427.46,33.34],[10957.16,13428.78,29.90]]
OTTOWN|Poliakko|OBJ|building|Land_u_House_Big_01_V1_F|[10940.75,13389.65,29.85]|28.8|[-7.89,-8.48,7.89,8.48,-6.61,6.61]
OTTOWN|Poliakko|OBJ|building|Land_u_Addon_01_V1_F|[10934.25,13400.50,29.43]|29.0|[-6.50,-4.51,6.50,4.51,-3.42,3.42]
OTTOWN|Poliakko|OBJ|building|Land_i_Shop_01_V3_F|[10977.87,13409.61,27.46]|117.0|[-4.75,-10.13,4.75,10.13,-6.46,6.46]
OTTOWN|Poliakko|OBJ|building|Land_u_Shop_02_V1_F|[10975.02,13400.64,27.38]|207.8|[-8.56,-5.44,8.56,5.44,-6.24,6.24]
OTTOWN|Poliakko|OBJ|building|Land_i_Shop_01_V1_F|[10934.18,13420.12,31.21]|295.5|[-4.75,-10.13,4.75,10.13,-6.46,6.46]
OTTOWN|Poliakko|OBJ|building|Land_u_Shop_02_V1_F|[10935.12,13430.05,30.93]|205.2|[-8.56,-5.44,8.56,5.44,-6.24,6.24]
OTTOWN|Poliakko|OBJ|building|Land_i_Addon_03_V1_F|[10939.85,13437.84,30.49]|204.7|[-5.02,-4.11,5.02,4.11,-3.05,3.05]
OTTOWN|Poliakko|OBJ|building|Land_u_Addon_02_V1_F|[10953.87,13418.26,29.45]|24.8|[-4.57,-4.94,4.57,4.94,-3.72,3.72]
OTTOWN|Poliakko|OBJ|building|water_source_f.p3d|[10962.08,13412.75,28.43]|295.8|[-1.31,-0.87,1.31,0.87,-1.53,1.53]
OTTOWN|Poliakko|OBJ|building|water_source_f.p3d|[10961.06,13413.24,28.44]|115.8|[-1.31,-0.87,1.31,0.87,-1.53,1.53]
OTTOWN|Poliakko|OBJ|building|Land_i_Addon_04_V1_F|[10983.48,13415.76,27.24]|207.0|[-5.02,-3.98,5.02,3.98,-2.94,2.94]
OTTOWN|Poliakko|OBJ|building|Land_d_House_Big_01_V1_F|[10948.68,13461.60,30.27]|109.7|[-10.81,-12.75,10.81,12.75,-6.95,6.95]
OTTOWN|Poliakko|OBJ|building|Land_u_House_Small_01_V1_F|[10989.64,13453.59,27.97]|78.3|[-5.60,-7.64,5.60,7.64,-4.94,4.94]
OTTOWN|Poliakko|OBJ|wall|stone_8m_f.p3d|[10920.08,13407.41,31.56]|118.3|[-4.26,-0.35,4.26,0.35,-1.30,1.30]
OTTOWN|Poliakko|OBJ|wall|stone_pillar_f.p3d|[10947.10,13408.11,29.09]|30.0|[-0.45,-0.44,0.45,0.44,-1.79,1.79]
OTTOWN|Poliakko|OBJ|wall|stone_8m_f.p3d|[10950.90,13405.92,28.79]|30.9|[-4.26,-0.35,4.26,0.35,-1.30,1.30]
OTTOWN|Poliakko|OBJ|wall|stone_8m_f.p3d|[10966.75,13389.16,27.59]|31.1|[-4.26,-0.35,4.26,0.35,-1.30,1.30]
OTTOWN|Poliakko|OBJ|wall|stone_8m_f.p3d|[10958.21,13401.53,28.26]|29.2|[-4.26,-0.35,4.26,0.35,-1.30,1.30]
OTTOWN|Poliakko|OBJ|wall|stone_8m_f.p3d|[10962.16,13395.24,27.96]|81.0|[-4.26,-0.35,4.26,0.35,-1.30,1.30]
OTTOWN|Poliakko|OBJ|wall|stone_4m_f.p3d|[10971.84,13386.08,27.22]|30.9|[-2.22,-0.36,2.22,0.36,-1.29,1.29]
OTTOWN|Poliakko|OBJ|wall|stone_pillar_f.p3d|[10978.67,13393.75,27.07]|28.3|[-0.45,-0.44,0.45,0.44,-1.79,1.79]
OTTOWN|Poliakko|OBJ|wall|stone_pillar_f.p3d|[10954.49,13403.68,28.51]|33.8|[-0.45,-0.44,0.45,0.44,-1.79,1.79]
OTTOWN|Poliakko|OBJ|wall|stone_pillar_f.p3d|[10961.55,13399.49,28.05]|353.1|[-0.45,-0.44,0.45,0.44,-1.79,1.79]
OTTOWN|Poliakko|OBJ|wall|stone_pillar_f.p3d|[10962.99,13391.36,27.86]|30.2|[-0.45,-0.44,0.45,0.44,-1.79,1.79]
OTTOWN|Poliakko|OBJ|wall|stone_4m_f.p3d|[10980.71,13392.73,26.91]|207.8|[-2.22,-0.36,2.22,0.36,-1.29,1.29]
OTTOWN|Poliakko|OBJ|wall|stone_8m_f.p3d|[10938.77,13413.16,30.04]|30.3|[-4.26,-0.35,4.26,0.35,-1.30,1.30]
OTTOWN|Poliakko|OBJ|wall|stone_8m_f.p3d|[10924.10,13415.11,31.38]|117.6|[-4.26,-0.35,4.26,0.35,-1.30,1.30]
OTTOWN|Poliakko|OBJ|wall|stone_pillar_f.p3d|[10926.17,13418.98,31.31]|29.0|[-0.45,-0.44,0.45,0.44,-1.79,1.79]
OTTOWN|Poliakko|OBJ|wall|stone_pillar_f.p3d|[10935.09,13415.31,30.51]|302.4|[-0.45,-0.44,0.45,0.44,-1.79,1.79]
OTTOWN|Poliakko|OBJ|wall|stone_pillar_f.p3d|[10942.09,13411.20,29.63]|30.0|[-0.45,-0.44,0.45,0.44,-1.79,1.79]
OTTOWN|Poliakko|OBJ|wall|stone_pillar_f.p3d|[10922.09,13411.27,31.44]|117.4|[-0.45,-0.44,0.45,0.44,-1.79,1.79]
OTTOWN|Poliakko|OBJ|wall|city_8m_f.p3d|[10995.71,13432.37,26.47]|27.1|[-3.53,-0.25,3.53,0.25,-2.08,2.08]
OTTOWN|Poliakko|OBJ|wall|city_8m_f.p3d|[10983.37,13438.51,27.64]|24.2|[-3.53,-0.25,3.53,0.25,-2.08,2.08]
OTTOWN|Poliakko|OBJ|wall|city_8m_f.p3d|[10989.65,13435.50,27.05]|26.9|[-3.53,-0.25,3.53,0.25,-2.08,2.08]
OTTOWN|Poliakko|OBJ|wall|city_8m_f.p3d|[11001.86,13429.21,26.16]|26.9|[-3.53,-0.25,3.53,0.25,-2.08,2.08]
OTTOWN|Poliakko|OBJ|wall|concrete_smallwall_8m_f.p3d|[10985.67,13419.54,26.88]|26.7|[-4.00,-0.26,4.00,0.26,-1.15,1.15]
OTTOWN|Poliakko|OBJ|wall|concrete_smallwall_4m_f.p3d|[10987.53,13412.62,26.90]|206.7|[-2.01,-0.26,2.01,0.26,-1.16,1.16]
OTTOWN|Poliakko|OBJ|wall|concrete_smallwall_4m_f.p3d|[10990.28,13415.80,26.84]|107.4|[-2.01,-0.26,2.01,0.26,-1.16,1.16]
OTTOWN|Poliakko|OBJ|wall|concrete_smallwall_4m_f.p3d|[10982.71,13419.25,26.84]|296.8|[-2.01,-0.26,2.01,0.26,-1.16,1.16]
OTTOWN|Poliakko|OBJ|wall|concrete_smallwall_4m_f.p3d|[10989.25,13413.18,26.85]|117.3|[-2.01,-0.26,2.01,0.26,-1.16,1.16]
OTTOWN|Poliakko|OBJ|wall|concrete_smallwall_4m_f.p3d|[10989.26,13417.72,26.84]|27.3|[-2.01,-0.26,2.01,0.26,-1.16,1.16]
OTTOWN|Poliakko|OBJ|wall|stone_8m_f.p3d|[10917.90,13447.16,30.86]|113.9|[-4.26,-0.35,4.26,0.35,-1.30,1.30]
OTTOWN|Poliakko|OBJ|wall|stone_pillar_f.p3d|[10916.44,13443.80,30.93]|200.8|[-0.45,-0.44,0.45,0.44,-1.79,1.79]
OTTOWN|Poliakko|OBJ|wall|city_8md_f.p3d|[10977.20,13441.34,28.10]|24.7|[-3.50,-0.98,3.50,0.98,-1.80,1.80]
OTTOWN|Poliakko|OBJ|wall|city_8m_f.p3d|[10963.02,13451.74,28.93]|110.2|[-3.53,-0.25,3.53,0.25,-2.08,2.08]
OTTOWN|Poliakko|OBJ|wall|city_8m_f.p3d|[10970.87,13444.17,28.46]|24.2|[-3.53,-0.25,3.53,0.25,-2.08,2.08]
OTTOWN|Poliakko|OBJ|wall|city_8m_f.p3d|[10974.20,13466.89,28.33]|177.6|[-3.53,-0.25,3.53,0.25,-2.08,2.08]
OTTOWN|Poliakko|OBJ|wall|city_8m_f.p3d|[10964.65,13446.99,28.82]|24.1|[-3.53,-0.25,3.53,0.25,-2.08,2.08]
OTTOWN|Poliakko|OBJ|wall|city_8m_f.p3d|[10960.56,13468.48,28.79]|191.0|[-3.53,-0.25,3.53,0.25,-2.08,2.08]
OTTOWN|Poliakko|OBJ|wall|city_8m_f.p3d|[10967.37,13467.29,28.59]|186.8|[-3.53,-0.25,3.53,0.25,-2.08,2.08]
OTTOWN|Poliakko|OBJ|wall|city_4m_f.p3d|[10956.50,13467.83,29.31]|290.6|[-1.79,-0.24,1.79,0.24,-2.08,2.08]
OTTOWN|Poliakko|OBJ|wall|city_pillar_f.p3d|[10955.85,13465.93,29.32]|20.5|[-0.23,-0.24,0.23,0.24,-2.14,2.14]
OTTOWN|Poliakko|OBJ|wall|stone_pillar_f.p3d|[10996.00,13450.31,27.34]|347.2|[-0.45,-0.44,0.45,0.44,-1.79,1.79]
OTTOWN|Poliakko|OBJ|tree|t_fraxinusav2s_f.p3d|[10955.53,13397.18,28.37]|72.4|[-13.54,-13.39,13.54,13.39,-13.22,13.22]
OTTOWN|Poliakko|OBJ|tree|t_ficusb2s_f.p3d|[10924.04,13412.36,31.42]|47.1|[-8.66,-8.23,8.66,8.23,-5.99,5.99]
OTTOWN|Poliakko|OBJ|tree|t_quercusir2s_f.p3d|[11001.20,13434.81,26.24]|33.1|[-11.51,-11.20,11.51,11.20,-11.24,11.24]
OTTOWN|Poliakko|OBJ|tree|t_ficusb2s_f.p3d|[10977.19,13463.85,28.30]|348.3|[-8.66,-8.23,8.66,8.23,-5.99,5.99]
OTTOWN|Poliakko|OBJ|tree|t_quercusir2s_f.p3d|[10993.49,13442.61,27.02]|76.0|[-11.51,-11.20,11.51,11.20,-11.24,11.24]
OTTOWN|Poliakko|OBJ|tree|t_ficusb2s_f.p3d|[10983.76,13442.50,27.64]|17.7|[-8.66,-8.23,8.66,8.23,-5.99,5.99]
OTTOWN|Poliakko|ROAD|ROAD|10.0|[10904.69,13399.84,31.82]|[10913.27,13416.68,31.47]
OTTOWN|Poliakko|ROAD|ROAD|10.0|[10913.27,13416.68,31.47]|[10923.15,13437.20,31.00]
OTTOWN|Poliakko|ROAD|TRACK|10.0|[10971.03,13435.19,28.20]|[10953.88,13442.88,29.54]
OTTOWN|Poliakko|ROAD|TRACK|10.0|[10992.65,13425.15,26.60]|[10971.03,13435.19,28.20]
OTTOWN|Poliakko|ROAD|TRACK|10.0|[11012.89,13415.34,25.93]|[10992.65,13425.15,26.60]
OTTOWN|Poliakko|ROAD|ROAD|10.0|[10923.15,13437.20,31.00]|[10932.67,13457.55,30.53]
OTTOWN|Poliakko|ROAD|ROAD|10.0|[10932.67,13457.55,30.53]|[10940.18,13473.88,30.10]
OTTOWN|Poliakko|ROAD|TRACK|10.0|[10953.88,13442.88,29.54]|[10938.00,13450.01,30.56]
OTTOWN|Poliakko|ROAD|TRACK|10.0|[10938.00,13450.01,30.56]|[10929.01,13454.04,30.63]
OTTOWN|Poliakko|ROAD|ROAD|10.0|[10944.78,13480.85,29.94]|[10962.35,13476.93,29.15]
OTTOWN|Poliakko|ROAD|ROAD|10.0|[10962.35,13476.93,29.15]|[10978.69,13475.55,28.42]
OTTOWN|Poliakko|H|0|[31.23,31.09,30.96,30.84,30.72,30.60,30.46,30.32,30.21,30.09,29.97,29.86,29.74,29.59,29.39,29.25,29.13,28.98,28.81,28.69,28.57,28.45,28.31,28.09,27.87,27.74,27.59,27.44,27.29,27.16,27.02,26.87,26.74,26.62,26.49,26.37,26.23,26.10,25.99,25.88,25.75,25.65,25.58,25.50,25.40]
OTTOWN|Poliakko|H|1|[31.29,31.16,31.04,30.92,30.80,30.66,30.52,30.38,30.26,30.15,30.03,29.91,29.76,29.56,29.36,29.22,29.07,28.90,28.74,28.61,28.50,28.38,28.24,28.03,27.89,27.75,27.60,27.46,27.33,27.20,27.05,26.92,26.80,26.68,26.56,26.42,26.28,26.15,26.04,25.91,25.78,25.68,25.60,25.50,25.41]
OTTOWN|Poliakko|H|2|[31.36,31.24,31.12,31.00,30.86,30.72,30.57,30.44,30.32,30.20,30.08,29.94,29.73,29.53,29.33,29.16,28.99,28.82,28.66,28.54,28.43,28.31,28.18,28.04,27.90,27.76,27.62,27.49,27.36,27.23,27.10,26.98,26.86,26.74,26.61,26.47,26.33,26.20,26.07,25.94,25.81,25.70,25.60,25.51,25.41]
OTTOWN|Poliakko|H|3|[31.42,31.30,31.18,31.08,30.94,30.79,30.63,30.40,30.28,30.17,30.03,29.84,29.63,29.43,29.26,29.10,28.93,28.77,28.64,28.53,28.41,28.30,28.18,28.04,27.90,27.77,27.65,27.52,27.39,27.29,27.17,27.05,26.94,26.82,26.68,26.54,26.40,26.26,26.13,26.00,25.88,25.78,25.68,25.59,25.53]
OTTOWN|Poliakko|H|4|[31.47,31.35,31.25,31.16,31.02,30.86,30.58,30.34,30.23,30.09,29.91,29.72,29.52,29.35,29.21,29.05,28.88,28.76,28.64,28.53,28.41,28.30,28.18,28.04,27.91,27.79,27.67,27.54,27.44,27.36,27.25,27.13,27.01,26.89,26.75,26.61,26.48,26.34,26.21,26.09,25.98,25.88,25.78,25.72,25.69]
OTTOWN|Poliakko|H|5|[31.52,31.42,31.33,31.24,31.08,30.80,30.52,30.29,30.15,29.97,29.80,29.61,29.44,29.30,29.15,28.99,28.87,28.75,28.64,28.52,28.41,28.29,28.17,28.04,27.93,27.81,27.69,27.59,27.51,27.43,27.32,27.20,27.08,26.97,26.83,26.69,26.55,26.41,26.29,26.18,26.08,25.98,25.92,25.88,25.84]
OTTOWN|Poliakko|H|6|[31.59,31.50,31.41,31.32,31.04,30.76,30.48,30.22,30.04,29.87,29.69,29.53,29.38,29.24,29.10,28.99,28.87,28.76,28.64,28.52,28.41,28.29,28.18,28.06,27.95,27.83,27.74,27.66,27.58,27.50,27.39,27.27,27.16,27.04,26.90,26.76,26.62,26.49,26.39,26.28,26.17,26.11,26.07,26.03,26.00]
OTTOWN|Poliakko|H|7|[31.61,31.52,31.44,31.41,31.13,30.85,30.53,30.21,30.03,29.86,29.65,29.46,29.32,29.18,29.17,29.08,28.96,28.84,28.65,28.54,28.42,28.31,28.21,28.09,27.98,27.88,27.80,27.72,27.64,27.55,27.43,27.32,27.20,27.06,26.92,26.78,26.65,26.53,26.43,26.32,26.25,26.20,26.17,26.13,26.08]
OTTOWN|Poliakko|H|8|[31.64,31.56,31.54,31.51,31.23,30.91,30.52,30.20,30.02,29.81,29.58,29.40,29.26,29.25,29.26,29.17,29.04,28.86,28.67,28.55,28.44,28.34,28.23,28.12,28.02,27.94,27.85,27.77,27.68,27.59,27.48,27.36,27.22,27.08,26.95,26.81,26.69,26.57,26.47,26.39,26.34,26.30,26.26,26.21,26.16]
OTTOWN|Poliakko|H|9|[31.67,31.65,31.63,31.60,31.29,30.90,30.51,30.19,29.98,29.75,29.52,29.34,29.33,29.34,29.35,29.25,29.06,28.87,28.68,28.57,28.47,28.37,28.26,28.16,28.08,27.99,27.91,27.82,27.72,27.63,27.52,27.38,27.24,27.11,26.98,26.85,26.73,26.61,26.54,26.49,26.44,26.40,26.35,26.30,26.25]
OTTOWN|Poliakko|H|10|[31.72,31.70,31.68,31.65,31.27,30.88,30.49,30.25,30.03,29.80,29.57,29.41,29.42,29.43,29.43,29.27,29.08,28.89,28.72,28.61,28.51,28.40,28.31,28.22,28.13,28.05,27.95,27.86,27.77,27.67,27.54,27.40,27.27,27.14,27.02,26.90,26.77,26.68,26.63,26.58,26.53,26.45,26.40,26.35,26.30]
OTTOWN|Poliakko|H|11|[31.68,31.66,31.65,31.62,31.23,30.84,30.65,30.53,30.30,30.07,29.70,29.52,29.54,29.54,29.46,29.29,29.10,28.93,28.78,28.68,28.57,28.47,28.37,28.28,28.20,28.09,28.00,27.90,27.81,27.69,27.56,27.43,27.30,27.19,27.07,26.95,26.84,26.76,26.71,26.66,26.54,26.46,26.41,26.36,26.28]
OTTOWN|Poliakko|H|12|[31.64,31.62,31.61,31.58,31.19,31.00,30.93,30.81,30.58,30.21,29.81,29.64,29.64,29.56,29.48,29.31,29.14,28.99,28.84,28.74,28.64,28.53,28.43,28.34,28.24,28.14,28.04,27.94,27.83,27.71,27.58,27.46,27.35,27.24,27.12,27.02,26.92,26.84,26.79,26.68,26.55,26.47,26.41,26.34,26.26]
OTTOWN|Poliakko|H|13|[31.60,31.59,31.57,31.54,31.35,31.28,31.20,31.09,30.71,30.32,29.92,29.74,29.66,29.58,29.50,29.35,29.20,29.05,28.91,28.80,28.70,28.59,28.49,28.39,28.28,28.18,28.08,27.96,27.85,27.74,27.61,27.51,27.40,27.29,27.19,27.10,27.00,26.92,26.81,26.68,26.56,26.47,26.39,26.32,26.24]
OTTOWN|Poliakko|H|14|[31.57,31.55,31.53,31.52,31.44,31.37,31.30,31.17,30.77,30.38,30.01,29.90,29.82,29.74,29.62,29.47,29.32,29.17,29.00,28.89,28.79,28.68,28.55,28.44,28.34,28.23,28.10,27.99,27.87,27.75,27.64,27.54,27.43,27.33,27.24,27.15,27.05,26.93,26.81,26.68,26.55,26.45,26.37,26.30,26.22]
OTTOWN|Poliakko|H|15|[31.53,31.51,31.50,31.48,31.41,31.33,31.31,31.18,30.79,30.42,30.28,30.18,30.10,29.98,29.78,29.63,29.48,29.30,29.11,29.00,28.90,28.75,28.61,28.50,28.39,28.26,28.13,28.02,27.90,27.77,27.66,27.55,27.45,27.36,27.27,27.18,27.05,26.93,26.80,26.67,26.53,26.42,26.35,26.27,26.21]
OTTOWN|Poliakko|H|16|[31.49,31.48,31.46,31.44,31.37,31.34,31.32,31.20,30.83,30.69,30.56,30.45,30.33,30.14,29.94,29.79,29.61,29.41,29.22,29.11,28.96,28.81,28.67,28.56,28.42,28.28,28.16,28.04,27.91,27.78,27.67,27.57,27.48,27.39,27.30,27.18,27.05,26.92,26.79,26.65,26.50,26.40,26.33,26.26,26.19]
OTTOWN|Poliakko|H|17|[31.45,31.44,31.42,31.40,31.38,31.36,31.34,31.24,31.10,30.97,30.83,30.68,30.49,30.30,30.10,29.92,29.72,29.52,29.33,29.18,29.02,28.87,28.73,28.59,28.45,28.31,28.18,28.05,27.92,27.79,27.69,27.60,27.51,27.42,27.30,27.17,27.04,26.91,26.77,26.62,26.48,26.38,26.31,26.24,26.17]
OTTOWN|Poliakko|H|18|[31.42,31.40,31.38,31.37,31.35,31.33,31.31,31.26,31.12,30.98,30.89,30.78,30.59,30.39,30.20,30.01,29.81,29.61,29.40,29.25,29.09,28.94,28.77,28.63,28.49,28.35,28.20,28.08,27.95,27.81,27.71,27.62,27.53,27.44,27.31,27.18,27.05,26.88,26.73,26.59,26.47,26.40,26.33,26.26,26.17]
OTTOWN|Poliakko|H|19|[31.38,31.36,31.35,31.33,31.31,31.29,31.28,31.22,31.08,30.99,30.97,30.86,30.67,30.48,30.30,30.10,29.90,29.69,29.48,29.32,29.16,28.98,28.82,28.68,28.53,28.37,28.23,28.10,27.97,27.83,27.73,27.64,27.55,27.45,27.33,27.19,27.01,26.84,26.70,26.58,26.50,26.43,26.36,26.27,26.17]
OTTOWN|Poliakko|H|20|[31.34,31.33,31.31,31.29,31.28,31.26,31.24,31.18,31.09,31.07,31.06,30.95,30.76,30.57,30.39,30.19,29.98,29.76,29.55,29.39,29.21,29.03,28.87,28.72,28.56,28.40,28.26,28.12,27.99,27.85,27.75,27.66,27.57,27.47,27.34,27.15,26.97,26.80,26.68,26.61,26.53,26.46,26.37,26.27,26.17]
OTTOWN|Poliakko|H|21|[31.30,31.29,31.27,31.26,31.24,31.22,31.20,31.18,31.17,31.15,31.13,31.03,30.84,30.65,30.47,30.27,30.05,29.84,29.62,29.44,29.26,29.08,28.91,28.75,28.59,28.43,28.28,28.14,28.01,27.87,27.77,27.68,27.58,27.49,27.31,27.12,26.94,26.79,26.72,26.64,26.57,26.47,26.37,26.27,26.17]
OTTOWN|Poliakko|H|22|[31.27,31.25,31.24,31.22,31.20,31.18,31.16,31.15,31.13,31.11,31.10,30.99,30.80,30.62,30.57,30.39,30.18,29.96,29.68,29.51,29.33,29.14,28.94,28.78,28.62,28.46,28.31,28.18,28.04,27.91,27.81,27.72,27.63,27.54,27.36,27.17,27.00,26.86,26.79,26.71,26.59,26.47,26.37,26.26,26.16]
OTTOWN|Poliakko|H|23|[31.23,31.21,31.20,31.18,31.16,31.14,31.13,31.11,31.09,31.08,31.06,30.95,30.77,30.72,30.70,30.52,30.30,30.02,29.75,29.57,29.38,29.17,28.98,28.82,28.66,28.50,28.35,28.21,28.08,27.96,27.86,27.76,27.68,27.59,27.41,27.23,27.07,26.93,26.85,26.73,26.58,26.46,26.36,26.25,26.14]
OTTOWN|Poliakko|H|24|[31.19,31.18,31.16,31.14,31.13,31.11,31.09,31.07,31.05,31.04,31.02,30.91,30.87,30.84,30.82,30.64,30.36,30.09,29.82,29.63,29.42,29.21,29.01,28.85,28.69,28.53,28.38,28.25,28.13,28.00,27.90,27.81,27.73,27.64,27.46,27.30,27.13,26.99,26.87,26.72,26.57,26.45,26.34,26.24,26.13]
OTTOWN|Poliakko|H|25|[31.16,31.14,31.12,31.11,31.09,31.07,31.05,31.03,31.02,31.00,30.99,30.96,30.94,30.92,30.88,30.64,30.36,30.09,29.86,29.65,29.44,29.23,29.04,28.88,28.72,28.56,28.43,28.30,28.17,28.05,27.96,27.87,27.79,27.70,27.53,27.37,27.20,27.05,26.90,26.75,26.60,26.46,26.36,26.25,26.15]
OTTOWN|Poliakko|H|26|[31.12,31.10,31.08,31.07,31.05,31.03,31.01,31.00,30.98,30.96,30.95,30.93,30.90,30.87,30.74,30.50,30.22,30.00,29.87,29.66,29.45,29.25,29.07,28.91,28.75,28.61,28.48,28.35,28.23,28.12,28.04,27.95,27.86,27.77,27.60,27.44,27.29,27.14,27.00,26.85,26.67,26.53,26.42,26.32,26.23]
OTTOWN|Poliakko|H|27|[31.08,31.06,31.04,31.03,31.01,30.99,30.97,30.96,30.94,30.93,30.91,30.89,30.85,30.73,30.60,30.36,30.14,30.01,29.88,29.67,29.47,29.28,29.10,28.94,28.80,28.67,28.54,28.41,28.31,28.20,28.11,28.02,27.93,27.84,27.67,27.52,27.38,27.24,27.09,26.92,26.74,26.60,26.49,26.41,26.32]
OTTOWN|Poliakko|H|28|[31.04,31.02,31.00,30.99,30.97,30.95,30.94,30.92,30.91,30.89,30.87,30.84,30.72,30.59,30.47,30.28,30.15,30.02,29.89,29.69,29.50,29.31,29.13,28.99,28.86,28.72,28.59,28.49,28.38,28.28,28.19,28.09,28.00,27.90,27.76,27.62,27.48,27.34,27.16,26.98,26.80,26.67,26.58,26.50,26.41]
OTTOWN|Poliakko|H|29|[31.00,30.99,30.97,30.95,30.93,30.92,30.90,30.88,30.87,30.85,30.84,30.76,30.63,30.51,30.39,30.27,30.14,30.02,29.89,29.70,29.51,29.32,29.16,29.02,28.88,28.75,28.64,28.54,28.44,28.33,28.24,28.15,28.05,27.96,27.82,27.68,27.54,27.42,27.24,27.06,26.89,26.79,26.70,26.62,26.53]
OTTOWN|Poliakko|H|30|[30.97,30.95,30.93,30.91,30.89,30.88,30.86,30.85,30.83,30.81,30.80,30.72,30.59,30.48,30.38,30.26,30.13,30.01,29.89,29.70,29.51,29.33,29.17,29.03,28.90,28.79,28.68,28.57,28.47,28.37,28.28,28.19,28.09,28.00,27.86,27.72,27.62,27.50,27.32,27.15,27.03,26.94,26.85,26.76,26.67]
OTTOWN|Poliakko|H|31|[30.93,30.91,30.89,30.87,30.86,30.84,30.83,30.81,30.79,30.77,30.76,30.68,30.56,30.47,30.37,30.25,30.13,30.01,29.89,29.70,29.52,29.34,29.18,29.05,28.93,28.82,28.71,28.61,28.51,28.41,28.32,28.23,28.13,28.04,27.90,27.80,27.70,27.58,27.41,27.30,27.18,27.08,26.99,26.90,26.81]
OTTOWN|Poliakko|H|32|[30.89,30.87,30.85,30.84,30.82,30.80,30.79,30.77,30.75,30.73,30.72,30.65,30.55,30.46,30.36,30.25,30.13,30.01,29.89,29.71,29.53,29.36,29.19,29.08,28.97,28.86,28.75,28.65,28.55,28.45,28.36,28.27,28.17,28.08,27.98,27.88,27.78,27.67,27.56,27.44,27.33,27.23,27.14,27.05,26.95]
OTTOWN|Poliakko|H|33|[30.85,30.84,30.82,30.80,30.78,30.77,30.75,30.73,30.72,30.70,30.68,30.62,30.52,30.43,30.38,30.28,30.17,30.05,29.98,29.80,29.63,29.43,29.19,29.08,28.96,28.86,28.77,28.67,28.57,28.48,28.39,28.29,28.20,28.11,28.01,27.91,27.82,27.73,27.61,27.50,27.39,27.30,27.21,27.12,27.03]
OTTOWN|Poliakko|H|34|[30.82,30.80,30.78,30.76,30.75,30.73,30.71,30.70,30.68,30.66,30.64,30.58,30.48,30.44,30.42,30.33,30.21,30.15,30.09,29.91,29.72,29.42,29.18,29.07,28.96,28.88,28.79,28.69,28.59,28.50,28.41,28.32,28.22,28.13,28.03,27.94,27.85,27.76,27.65,27.54,27.45,27.36,27.27,27.18,27.10]
OTTOWN|Poliakko|H|35|[30.78,30.76,30.74,30.72,30.71,30.69,30.68,30.66,30.64,30.62,30.60,30.54,30.50,30.48,30.46,30.37,30.31,30.26,30.20,30.01,29.71,29.41,29.17,29.07,28.98,28.89,28.80,28.71,28.62,28.53,28.43,28.34,28.25,28.15,28.06,27.97,27.89,27.79,27.69,27.60,27.51,27.42,27.33,27.25,27.17]
OTTOWN|Poliakko|H|36|[30.74,30.72,30.71,30.69,30.67,30.65,30.64,30.62,30.60,30.58,30.57,30.55,30.53,30.52,30.50,30.45,30.40,30.35,30.29,29.99,29.69,29.39,29.17,29.08,28.99,28.91,28.82,28.73,28.64,28.55,28.46,28.36,28.27,28.18,28.09,28.01,27.92,27.84,27.74,27.65,27.56,27.48,27.40,27.32,27.24]
OTTOWN|Poliakko|H|37|[30.71,30.69,30.67,30.65,30.63,30.62,30.60,30.58,30.57,30.55,30.52,30.49,30.48,30.46,30.42,30.37,30.32,30.27,30.17,29.87,29.57,29.32,29.16,29.08,28.99,28.91,28.82,28.73,28.64,28.56,28.47,28.37,28.28,28.20,28.12,28.03,27.94,27.85,27.76,27.67,27.63,27.58,27.50,27.42,27.37]
OTTOWN|Poliakko|H|38|[30.67,30.65,30.63,30.61,30.60,30.58,30.56,30.55,30.53,30.50,30.47,30.44,30.42,30.39,30.34,30.29,30.24,30.15,30.05,29.76,29.50,29.32,29.16,29.07,28.99,28.91,28.83,28.74,28.65,28.57,28.48,28.39,28.31,28.23,28.14,28.05,27.96,27.87,27.78,27.73,27.72,27.67,27.59,27.54,27.50]
OTTOWN|Poliakko|H|39|[30.63,30.61,30.59,30.57,30.56,30.54,30.53,30.51,30.48,30.45,30.41,30.39,30.35,30.31,30.26,30.21,30.12,30.03,29.94,29.68,29.50,29.31,29.16,29.08,29.00,28.92,28.83,28.75,28.66,28.58,28.49,28.41,28.33,28.25,28.16,28.07,27.98,27.88,27.84,27.83,27.81,27.76,27.71,27.67,27.62]
OTTOWN|Poliakko|H|40|[30.66,30.64,30.62,30.56,30.54,30.53,30.51,30.47,30.44,30.41,30.37,30.33,30.28,30.24,30.20,30.12,30.03,29.94,29.85,29.67,29.48,29.30,29.17,29.09,29.01,28.93,28.84,28.76,28.68,28.60,28.52,28.44,28.36,28.28,28.18,28.09,28.00,27.93,27.92,27.90,27.89,27.84,27.79,27.75,27.70]
OTTOWN|Poliakko|H|41|[30.81,30.79,30.73,30.59,30.57,30.56,30.51,30.46,30.42,30.39,30.34,30.30,30.26,30.21,30.16,30.08,29.99,29.90,29.81,29.63,29.45,29.30,29.19,29.11,29.03,28.95,28.86,28.78,28.70,28.62,28.54,28.46,28.38,28.30,28.21,28.12,28.03,27.97,27.95,27.94,27.87,27.81,27.77,27.72,27.69]
OTTOWN|Poliakko|H|42|[30.97,30.90,30.76,30.62,30.60,30.56,30.50,30.44,30.41,30.36,30.31,30.27,30.22,30.17,30.12,30.04,29.95,29.87,29.78,29.59,29.45,29.33,29.22,29.14,29.05,28.97,28.89,28.80,28.73,28.65,28.57,28.49,28.41,28.33,28.24,28.15,28.07,28.00,27.99,27.92,27.85,27.79,27.75,27.71,27.67]
OTTOWN|Poliakko|H|43|[31.07,30.93,30.79,30.65,30.60,30.54,30.48,30.43,30.38,30.33,30.28,30.24,30.18,30.13,30.08,30.00,29.91,29.83,29.74,29.59,29.47,29.35,29.25,29.16,29.08,28.99,28.91,28.83,28.75,28.68,28.60,28.52,28.44,28.36,28.27,28.19,28.10,28.04,27.97,27.90,27.82,27.77,27.73,27.69,27.65]
OTTOWN|Poliakko|H|44|[31.08,30.93,30.79,30.68,30.62,30.56,30.50,30.43,30.38,30.33,30.28,30.22,30.17,30.11,30.06,29.98,29.89,29.81,29.72,29.60,29.48,29.36,29.27,29.18,29.10,29.01,28.93,28.85,28.78,28.69,28.61,28.53,28.45,28.36,28.28,28.20,28.11,28.02,27.95,27.88,27.80,27.75,27.71,27.68,27.64]
OTTOWN|Poliakko|END
OTTOWN|Oreokastro|HEAD|i_Stone_HouseBig_V1_F|Land_i_Stone_HouseBig_V1_F|[4594.654,21447.148,301.376]|355.79|false|27|1|2
OTTOWN|Oreokastro|BOX|[-6.78,-6.16,6.78,6.16,-5.84,5.84]
OTTOWN|Oreokastro|DOOR|main|[4597.79,21445.38,301.82]|535.8|1.00
OTTOWN|Oreokastro|BPOS|[[4594.04,21449.40,301.89],[4593.69,21452.11,301.87],[4598.36,21452.20,304.66],[4596.96,21446.54,304.71],[4593.52,21450.24,304.71],[4598.31,21449.09,301.87]]
OTTOWN|Oreokastro|OBJ|building|Land_i_Stone_Shed_V2_F|[4581.67,21411.21,300.01]|314.1|[-4.53,-4.96,4.53,4.96,-3.80,3.80]
OTTOWN|Oreokastro|OBJ|building|Land_TBox_F|[4627.91,21418.28,295.34]|26.6|[-2.29,-1.65,2.29,1.65,-3.73,3.73]
OTTOWN|Oreokastro|OBJ|building|Land_u_House_Big_01_V1_F|[4563.63,21447.64,302.28]|165.8|[-7.89,-8.48,7.89,8.48,-6.61,6.61]
OTTOWN|Oreokastro|OBJ|building|Land_u_House_Small_02_V1_F|[4568.04,21432.60,301.12]|254.2|[-8.20,-4.64,8.20,4.64,-4.71,4.71]
OTTOWN|Oreokastro|OBJ|building|Land_u_House_Big_02_V1_F|[4631.26,21423.36,295.22]|298.8|[-5.27,-12.09,5.27,12.09,-5.90,5.90]
OTTOWN|Oreokastro|OBJ|building|Land_i_Addon_04_V1_F|[4623.12,21427.98,294.25]|118.5|[-5.02,-3.98,5.02,3.98,-2.94,2.94]
OTTOWN|Oreokastro|OBJ|building|grave_v3_f.p3d|[4563.03,21474.93,303.41]|109.0|[-1.17,-1.93,1.17,1.93,-1.62,1.62]
OTTOWN|Oreokastro|OBJ|building|grave_v1_f.p3d|[4562.39,21472.89,303.33]|109.5|[-1.15,-1.89,1.15,1.89,-0.73,0.73]
OTTOWN|Oreokastro|OBJ|building|grave_v1_f.p3d|[4564.44,21478.22,303.32]|108.6|[-1.15,-1.89,1.15,1.89,-0.73,0.73]
OTTOWN|Oreokastro|OBJ|building|Land_d_House_Small_02_V1_F|[4595.21,21461.51,300.71]|87.6|[-8.52,-7.25,8.52,7.25,-4.98,4.98]
OTTOWN|Oreokastro|OBJ|building|Land_i_Stone_Shed_V1_F|[4627.65,21467.85,286.71]|91.9|[-4.53,-4.96,4.53,4.96,-3.80,3.80]
OTTOWN|Oreokastro|OBJ|wall|stone_8m_f.p3d|[4587.34,21417.62,299.28]|29.1|[-4.26,-0.35,4.26,0.35,-1.30,1.30]
OTTOWN|Oreokastro|OBJ|wall|stone_4m_f.p3d|[4582.50,21418.22,299.58]|135.1|[-2.22,-0.36,2.22,0.36,-1.29,1.29]
OTTOWN|Oreokastro|OBJ|wall|stone_pillar_f.p3d|[4581.14,21416.92,299.66]|46.6|[-0.45,-0.44,0.45,0.44,-1.79,1.79]
OTTOWN|Oreokastro|OBJ|wall|stone_pillar_f.p3d|[4583.95,21419.57,299.48]|46.6|[-0.45,-0.44,0.45,0.44,-1.79,1.79]
OTTOWN|Oreokastro|OBJ|wall|stone_8md_f.p3d|[4594.06,21413.90,298.78]|28.9|[-4.14,-0.76,4.14,0.76,-1.28,1.28]
OTTOWN|Oreokastro|OBJ|wall|stone_8m_f.p3d|[4599.00,21406.72,298.45]|118.8|[-4.26,-0.35,4.26,0.35,-1.30,1.30]
OTTOWN|Oreokastro|OBJ|wall|stone_4m_f.p3d|[4599.07,21411.15,298.25]|29.8|[-2.22,-0.36,2.22,0.36,-1.29,1.29]
OTTOWN|Oreokastro|OBJ|wall|stone_pillar_f.p3d|[4600.82,21410.14,298.01]|122.4|[-0.45,-0.44,0.45,0.44,-1.79,1.79]
OTTOWN|Oreokastro|OBJ|wall|stone_pillar_f.p3d|[4597.18,21403.42,298.88]|213.8|[-0.45,-0.44,0.45,0.44,-1.79,1.79]
OTTOWN|Oreokastro|OBJ|wall|city2_8m_f.p3d|[4555.34,21436.67,301.49]|336.2|[-3.51,-0.25,3.51,0.25,-2.09,2.09]
OTTOWN|Oreokastro|OBJ|wall|city2_8m_f.p3d|[4566.02,21422.82,300.63]|138.3|[-3.51,-0.25,3.51,0.25,-2.09,2.09]
OTTOWN|Oreokastro|OBJ|wall|city2_4m_f.p3d|[4560.04,21438.58,301.54]|341.4|[-1.76,-0.25,1.76,0.25,-2.09,2.09]
OTTOWN|Oreokastro|OBJ|wall|city2_4m_f.p3d|[4567.44,21426.54,300.62]|57.6|[-1.76,-0.25,1.76,0.25,-2.09,2.09]
OTTOWN|Oreokastro|OBJ|wall|city_pillar_f.p3d|[4561.69,21439.13,301.04]|346.3|[-0.23,-0.24,0.23,0.24,-2.14,2.14]
OTTOWN|Oreokastro|OBJ|wall|Land_Stone_Gate_F|[4550.15,21451.32,302.85]|343.2|[-2.96,-1.47,2.96,1.47,-1.71,1.71]
OTTOWN|Oreokastro|OBJ|wall|stone_4m_f.p3d|[4554.74,21452.72,302.73]|344.8|[-2.22,-0.36,2.22,0.36,-1.29,1.29]
OTTOWN|Oreokastro|OBJ|wall|stone_pillar_f.p3d|[4556.16,21468.38,303.18]|161.0|[-0.45,-0.44,0.45,0.44,-1.79,1.79]
OTTOWN|Oreokastro|OBJ|wall|stone_pillar_f.p3d|[4556.64,21453.22,302.65]|257.3|[-0.45,-0.44,0.45,0.44,-1.79,1.79]
OTTOWN|Oreokastro|OBJ|wall|stone_8m_f.p3d|[4560.17,21469.69,303.04]|161.0|[-4.26,-0.35,4.26,0.35,-1.30,1.30]
OTTOWN|Oreokastro|OBJ|wall|stone_8m_f.p3d|[4565.34,21474.64,303.01]|291.0|[-4.26,-0.35,4.26,0.35,-1.30,1.30]
OTTOWN|Oreokastro|OBJ|wall|stone_8m_f.p3d|[4568.23,21482.11,303.12]|291.0|[-4.26,-0.35,4.26,0.35,-1.30,1.30]
OTTOWN|Oreokastro|OBJ|wall|wired_fence_8m_f.p3d|[4579.35,21486.71,301.38]|294.7|[-4.10,-0.08,4.10,0.08,-0.89,0.89]
OTTOWN|Oreokastro|OBJ|wall|wired_fence_4m_f.p3d|[4576.24,21480.67,301.75]|295.2|[-2.03,-0.12,2.03,0.12,-0.89,0.89]
OTTOWN|Oreokastro|OBJ|tree|t_ficusb1s_f.p3d|[4589.24,21414.40,299.30]|162.7|[-5.06,-5.62,5.06,5.62,-4.61,4.61]
OTTOWN|Oreokastro|OBJ|tree|t_ficusb2s_f.p3d|[4596.09,21408.06,298.79]|19.2|[-8.66,-8.23,8.66,8.23,-5.99,5.99]
OTTOWN|Oreokastro|OBJ|tree|t_oleae2s_f.p3d|[4555.02,21438.37,301.79]|96.0|[-7.19,-6.88,7.19,6.88,-7.90,7.90]
OTTOWN|Oreokastro|OBJ|tree|t_ficusb2s_f.p3d|[4564.65,21425.82,300.87]|108.8|[-8.66,-8.23,8.66,8.23,-5.99,5.99]
OTTOWN|Oreokastro|OBJ|tree|t_pinuss1s_f.p3d|[4599.62,21433.86,298.69]|67.6|[-4.24,-4.62,4.24,4.62,-3.89,3.89]
OTTOWN|Oreokastro|OBJ|tree|t_pinuss1s_f.p3d|[4598.39,21435.44,298.93]|241.0|[-4.24,-4.62,4.24,4.62,-3.89,3.89]
OTTOWN|Oreokastro|OBJ|tree|t_pinuss2s_f.p3d|[4638.50,21440.62,286.17]|88.0|[-9.30,-7.36,9.30,7.36,-8.48,8.48]
OTTOWN|Oreokastro|OBJ|tree|t_pinuss1s_f.p3d|[4637.65,21443.00,284.64]|335.0|[-4.24,-4.62,4.24,4.62,-3.89,3.89]
OTTOWN|Oreokastro|OBJ|tree|t_pinuss1s_f.p3d|[4627.92,21442.26,287.72]|93.0|[-4.24,-4.62,4.24,4.62,-3.89,3.89]
OTTOWN|Oreokastro|OBJ|tree|t_ficusb1s_f.p3d|[4589.13,21466.56,301.61]|88.0|[-5.06,-5.62,5.06,5.62,-4.61,4.61]
OTTOWN|Oreokastro|OBJ|tree|t_ficusb1s_f.p3d|[4608.11,21478.16,296.73]|248.9|[-5.06,-5.62,5.06,5.62,-4.61,4.61]
OTTOWN|Oreokastro|OBJ|tree|t_pinuss1s_f.p3d|[4607.96,21460.81,294.46]|307.6|[-4.24,-4.62,4.24,4.62,-3.89,3.89]
OTTOWN|Oreokastro|OBJ|tree|t_ficusb1s_f.p3d|[4598.42,21480.59,300.45]|144.0|[-5.06,-5.62,5.06,5.62,-4.61,4.61]
OTTOWN|Oreokastro|OBJ|tree|t_ficusb1s_f.p3d|[4597.50,21483.05,300.32]|254.0|[-5.06,-5.62,5.06,5.62,-4.61,4.61]
OTTOWN|Oreokastro|OBJ|tree|t_pinuss1s_f.p3d|[4621.13,21481.34,291.39]|242.0|[-4.24,-4.62,4.24,4.62,-3.89,3.89]
OTTOWN|Oreokastro|OBJ|rock|sharprock_wallh.p3d|[4600.87,21457.10,290.96]|4.9|[-13.14,-35.45,13.14,35.45,-14.74,14.74]
OTTOWN|Oreokastro|OBJ|rock|sharprock_wallh.p3d|[4612.47,21481.21,287.41]|198.0|[-13.14,-35.45,13.14,35.45,-14.74,14.74]
OTTOWN|Oreokastro|H|0|[300.30,300.29,300.27,300.27,300.26,300.25,300.23,300.20,300.17,300.13,300.08,300.01,299.94,299.91,299.82,299.71,299.61,299.59,299.59,299.58,299.57,299.45,299.21,298.97,298.85,298.65,298.35,298.05,297.60,297.24,296.90,296.55,296.12,295.92,295.73,295.52,295.30,295.12,294.94,294.72,294.52,294.36,294.21,294.12,293.97]
OTTOWN|Oreokastro|H|1|[300.40,300.39,300.38,300.38,300.38,300.36,300.33,300.30,300.28,300.22,300.16,300.09,300.02,299.92,299.82,299.71,299.61,299.60,299.60,299.59,299.51,299.27,299.03,298.79,298.51,298.21,297.92,297.62,297.28,296.94,296.60,296.28,296.08,295.88,295.69,295.50,295.32,295.14,294.96,294.79,294.64,294.48,294.32,294.16,294.01]
OTTOWN|Oreokastro|H|2|[300.50,300.49,300.48,300.48,300.45,300.40,300.37,300.34,300.31,300.26,300.19,300.13,300.06,299.96,299.86,299.74,299.60,299.60,299.59,299.57,299.45,299.21,298.97,298.73,298.45,298.15,297.85,297.52,297.18,296.84,296.52,296.32,296.13,295.93,295.73,295.55,295.37,295.19,295.02,294.86,294.70,294.55,294.36,294.20,294.04]
OTTOWN|Oreokastro|H|3|[300.60,300.58,300.58,300.55,300.49,300.44,300.41,300.38,300.35,300.29,300.23,300.16,300.10,300.00,299.89,299.74,299.60,299.59,299.57,299.52,299.40,299.16,298.92,298.67,298.39,298.09,297.76,297.42,297.08,296.76,296.57,296.37,296.17,295.98,295.78,295.60,295.42,295.25,295.09,294.93,294.77,294.58,294.39,294.23,294.07]
OTTOWN|Oreokastro|H|4|[300.70,300.68,300.66,300.59,300.53,300.48,300.44,300.41,300.38,300.33,300.26,300.20,300.14,300.03,299.88,299.73,299.59,299.57,299.52,299.46,299.35,299.10,298.85,298.61,298.33,298.00,297.66,297.32,297.01,296.81,296.61,296.41,296.22,296.03,295.83,295.65,295.48,295.32,295.15,294.99,294.81,294.62,294.43,294.26,294.06]
OTTOWN|Oreokastro|H|5|[300.77,300.75,300.69,300.62,300.56,300.51,300.48,300.44,300.41,300.36,300.29,300.23,300.16,300.01,299.86,299.71,299.59,299.53,299.48,299.43,299.27,299.02,298.77,298.52,298.24,297.91,297.57,297.26,297.06,296.86,296.67,296.47,296.28,296.09,295.90,295.69,295.53,295.37,295.21,295.02,294.83,294.64,294.44,294.23,294.03]
OTTOWN|Oreokastro|H|6|[300.79,300.77,300.70,300.64,300.58,300.53,300.50,300.47,300.43,300.37,300.31,300.24,300.12,299.97,299.82,299.69,299.59,299.53,299.48,299.34,299.13,298.88,298.64,298.45,298.17,297.84,297.52,297.33,297.14,296.94,296.75,296.57,296.37,296.18,295.95,295.72,295.56,295.39,295.20,295.01,294.82,294.62,294.39,294.18,293.98]
OTTOWN|Oreokastro|H|7|[300.81,300.78,300.72,300.66,300.60,300.56,300.52,300.48,300.44,300.39,300.32,300.20,300.08,299.93,299.80,299.69,299.59,299.53,299.39,299.21,299.00,298.75,298.56,298.38,298.10,297.79,297.60,297.41,297.21,297.02,296.84,296.66,296.46,296.23,295.97,295.74,295.58,295.39,295.19,295.00,294.81,294.57,294.34,294.13,293.90]
OTTOWN|Oreokastro|H|8|[300.82,300.80,300.74,300.68,300.63,300.58,300.54,300.50,300.46,300.40,300.28,300.16,300.04,299.91,299.80,299.69,299.59,299.45,299.26,299.07,298.87,298.68,298.49,298.31,298.06,297.87,297.67,297.48,297.29,297.11,296.93,296.75,296.51,296.25,295.99,295.77,295.57,295.38,295.19,294.99,294.76,294.52,294.29,294.06,293.80]
OTTOWN|Oreokastro|H|9|[300.85,300.83,300.78,300.72,300.67,300.65,300.61,300.57,300.53,300.44,300.32,300.20,300.10,300.00,299.89,299.78,299.60,299.41,299.23,299.04,298.88,298.69,298.51,298.33,298.15,297.96,297.77,297.56,297.37,297.19,297.01,296.57,296.31,296.05,295.79,295.51,295.32,295.12,294.97,294.88,294.65,294.42,294.03,293.71,293.45]
OTTOWN|Oreokastro|H|10|[300.89,300.88,300.83,300.77,300.77,300.77,300.73,300.69,300.63,300.54,300.42,300.32,300.26,300.16,300.05,299.86,299.64,299.46,299.27,299.12,298.96,298.78,298.60,298.44,298.27,298.07,297.86,297.63,297.44,297.26,296.79,296.20,295.94,295.68,295.36,295.07,294.87,294.73,294.83,294.74,294.51,294.12,293.51,293.18,292.92]
OTTOWN|Oreokastro|H|11|[300.94,300.93,300.87,300.88,300.89,300.88,300.84,300.78,300.73,300.63,300.54,300.48,300.42,300.31,300.13,299.91,299.69,299.50,299.35,299.21,299.05,298.87,298.71,298.55,298.38,298.17,297.93,297.70,297.51,297.04,296.42,295.83,295.57,295.25,294.91,294.63,294.48,294.58,294.69,294.60,294.21,293.59,292.98,292.65,292.18]
OTTOWN|Oreokastro|H|12|[300.98,300.98,300.98,300.99,301.00,300.99,300.94,300.88,300.83,300.76,300.70,300.63,300.57,300.40,300.17,299.95,299.73,299.58,299.44,299.29,299.14,298.98,298.82,298.67,298.47,298.24,298.00,297.77,297.29,296.67,296.06,295.46,295.14,294.80,294.47,294.23,294.33,294.44,294.54,294.30,293.68,293.06,292.45,291.91,291.32]
OTTOWN|Oreokastro|H|13|[301.10,301.11,301.12,301.14,301.14,301.08,301.02,300.96,300.91,300.86,300.79,300.73,300.66,300.46,300.23,300.01,299.84,299.69,299.55,299.41,299.27,299.12,298.96,298.80,298.60,298.36,298.13,297.66,297.05,296.43,295.81,295.20,294.86,294.53,294.19,293.97,294.08,294.18,294.06,293.51,292.89,292.28,291.78,291.21,290.62]
OTTOWN|Oreokastro|H|14|[301.25,301.26,301.27,301.27,301.21,301.15,301.10,301.04,301.00,300.94,300.88,300.80,300.72,300.52,300.29,300.12,299.95,299.81,299.67,299.55,299.41,299.25,299.10,298.94,298.74,298.50,298.04,297.45,296.83,296.22,295.57,294.96,294.62,294.28,293.91,293.69,293.80,293.67,293.21,292.66,292.05,291.55,291.12,290.55,289.96]
OTTOWN|Oreokastro|H|15|[301.40,301.41,301.41,301.35,301.29,301.23,301.18,301.13,301.08,301.03,300.95,300.86,300.78,300.58,300.40,300.24,300.07,299.93,299.81,299.68,299.55,299.39,299.24,299.08,298.88,298.41,297.82,297.23,296.62,295.98,295.34,294.72,294.38,294.00,293.63,293.41,293.29,292.83,292.37,291.82,291.32,290.89,290.46,289.89,289.09]
OTTOWN|Oreokastro|H|16|[301.55,301.55,301.49,301.43,301.37,301.31,301.26,301.21,301.16,301.10,301.01,300.93,300.84,300.69,300.52,300.35,300.20,300.07,299.95,299.83,299.70,299.54,299.38,299.23,298.81,298.22,297.63,297.04,296.39,295.75,295.11,294.45,294.08,293.70,293.33,292.92,292.46,291.99,291.53,291.07,290.64,290.20,289.77,289.00,288.17]
OTTOWN|Oreokastro|H|17|[301.70,301.66,301.60,301.53,301.44,301.32,301.28,301.23,301.23,301.20,301.11,301.03,300.97,300.82,300.65,300.50,300.42,300.30,300.18,300.07,299.97,299.81,299.65,299.40,298.93,298.34,297.75,296.99,296.33,295.69,294.97,293.90,293.52,293.15,292.72,292.22,291.76,291.30,290.67,290.11,289.68,289.25,288.65,287.86,287.03]
OTTOWN|Oreokastro|H|18|[301.81,301.76,301.70,301.60,301.46,301.34,301.30,301.30,301.33,301.30,301.21,301.15,301.10,300.95,300.79,300.72,300.65,300.52,300.42,300.34,300.24,300.08,299.83,299.52,299.05,298.46,297.70,296.93,296.27,295.55,294.42,293.35,292.97,292.54,292.03,291.53,291.07,290.44,289.71,289.15,288.72,288.12,287.51,286.72,285.93]
OTTOWN|Oreokastro|H|19|[301.91,301.86,301.77,301.62,301.48,301.36,301.37,301.40,301.43,301.39,301.34,301.28,301.22,301.09,301.02,300.95,300.87,300.76,300.69,300.61,300.51,300.25,299.95,299.64,299.17,298.41,297.64,296.87,296.13,295.00,293.87,292.79,292.36,291.85,291.33,290.84,290.20,289.48,288.75,288.20,287.60,286.98,286.37,285.62,285.04]
OTTOWN|Oreokastro|H|20|[302.05,302.00,301.86,301.71,301.56,301.50,301.53,301.56,301.59,301.53,301.47,301.41,301.35,301.27,301.20,301.12,301.06,300.98,300.91,300.83,300.69,300.38,300.07,299.77,299.15,298.38,297.61,296.83,295.77,294.64,293.51,292.29,291.78,291.26,290.75,290.12,289.39,288.67,287.94,287.26,286.64,286.03,285.40,284.81,284.24]
OTTOWN|Oreokastro|H|21|[302.28,302.23,302.09,301.94,301.83,301.79,301.82,301.85,301.76,301.68,301.62,301.55,301.43,301.35,301.28,301.22,301.18,301.10,301.02,300.97,300.84,300.53,300.22,299.81,299.18,298.41,297.63,296.87,295.80,294.67,293.38,291.93,291.41,290.90,290.29,289.60,288.88,288.15,287.37,286.68,286.07,285.44,284.78,284.19,283.61]
OTTOWN|Oreokastro|H|22|[302.51,302.46,302.32,302.21,302.13,302.08,302.11,302.02,301.90,301.82,301.76,301.64,301.51,301.43,301.37,301.33,301.29,301.21,301.16,301.12,300.99,300.68,300.26,299.83,299.21,298.43,297.67,296.91,295.84,294.55,293.02,291.56,291.05,290.44,289.77,289.09,288.37,287.58,286.79,286.11,285.48,284.82,284.15,283.56,283.01]
OTTOWN|Oreokastro|H|23|[302.74,302.69,302.59,302.50,302.42,302.38,302.28,302.17,302.05,301.96,301.84,301.72,301.60,301.53,301.49,301.45,301.41,301.35,301.31,301.27,301.14,300.72,300.29,299.86,299.23,298.47,297.71,296.95,295.72,294.18,292.65,291.20,290.58,289.92,289.26,288.58,287.80,287.01,286.22,285.52,284.85,284.19,283.52,282.95,282.43]
OTTOWN|Oreokastro|H|24|[302.84,302.80,302.72,302.64,302.55,302.47,302.36,302.24,302.13,302.01,301.89,301.77,301.66,301.61,301.57,301.53,301.49,301.45,301.41,301.36,301.20,300.77,300.34,299.87,299.12,298.36,297.59,296.91,295.55,294.02,292.48,290.85,290.19,289.53,288.87,288.12,287.33,286.54,285.81,285.26,284.59,283.92,283.30,282.77,282.25]
OTTOWN|Oreokastro|H|25|[302.85,302.82,302.74,302.65,302.58,302.49,302.38,302.27,302.15,302.03,301.91,301.80,301.71,301.66,301.62,301.58,301.55,301.51,301.46,301.44,301.28,300.85,300.37,299.64,298.89,298.13,297.45,296.89,295.53,293.99,292.27,290.55,289.88,289.22,288.49,287.73,286.94,286.21,285.81,285.26,284.59,283.97,283.41,282.88,282.35]
OTTOWN|Oreokastro|H|26|[302.87,302.83,302.75,302.68,302.60,302.52,302.40,302.29,302.17,302.05,301.94,301.85,301.76,301.71,301.67,301.64,301.61,301.57,301.54,301.51,301.35,300.88,300.15,299.42,298.67,297.99,297.43,296.87,295.51,293.79,291.97,290.24,289.58,288.84,288.10,287.34,286.61,286.21,285.81,285.26,284.64,284.07,283.51,282.98,282.15]
OTTOWN|Oreokastro|H|27|[302.88,302.85,302.78,302.70,302.63,302.54,302.42,302.31,302.19,302.09,301.99,301.90,301.81,301.76,301.73,301.70,301.67,301.64,301.61,301.58,301.38,300.65,299.92,299.19,298.52,297.96,297.41,296.85,295.30,293.48,291.66,289.93,289.20,288.45,287.71,287.01,286.61,286.21,285.82,285.31,284.74,284.18,283.62,282.77,281.77]
OTTOWN|Oreokastro|H|28|[302.94,302.87,302.80,302.72,302.65,302.55,302.44,302.32,302.21,302.11,302.02,301.92,301.84,301.79,301.76,301.73,301.70,301.67,301.64,301.61,301.35,300.62,299.89,299.35,298.91,298.35,297.79,297.10,295.46,293.64,291.83,290.17,289.42,288.68,287.90,287.12,286.72,286.32,285.89,285.35,284.79,284.23,283.86,282.98,281.98]
OTTOWN|Oreokastro|H|29|[302.97,302.90,302.82,302.75,302.66,302.57,302.45,302.34,302.23,302.13,302.04,301.95,301.86,301.82,301.79,301.75,301.72,301.69,301.66,301.63,301.37,300.64,300.09,299.82,299.38,298.82,298.13,297.36,295.73,293.91,292.17,290.52,289.78,289.00,288.03,287.25,286.85,286.41,285.92,285.38,284.82,284.45,284.19,283.31,282.31]
OTTOWN|Oreokastro|H|30|[303.00,302.92,302.85,302.76,302.68,302.58,302.47,302.36,302.25,302.15,302.06,301.97,301.88,301.84,301.81,301.77,301.74,301.71,301.68,301.65,301.39,300.84,300.56,300.29,299.85,299.16,298.39,297.63,295.99,294.26,292.53,290.88,290.10,289.13,288.16,287.38,286.94,286.45,285.95,285.42,285.05,284.78,284.52,283.64,282.58]
OTTOWN|Oreokastro|H|31|[303.03,302.96,302.88,302.79,302.70,302.61,302.50,302.39,302.28,302.17,302.09,302.00,301.91,301.86,301.83,301.79,301.75,301.72,301.69,301.66,301.55,301.27,301.00,300.72,300.17,299.40,298.64,297.87,296.32,294.59,292.87,291.25,290.28,289.31,288.34,287.47,286.97,286.48,285.98,285.64,285.38,285.11,284.85,283.94,282.87]
OTTOWN|Oreokastro|H|32|[303.22,303.19,303.10,303.02,302.93,302.84,302.73,302.62,302.41,302.25,302.16,302.07,301.91,301.85,301.82,301.77,301.68,301.65,301.61,301.59,301.49,301.22,300.94,300.70,300.17,299.40,298.63,297.93,296.39,294.66,293.03,291.95,290.98,290.01,288.76,287.49,286.99,286.50,286.20,285.96,285.70,285.44,285.36,284.47,283.40]
OTTOWN|Oreokastro|H|33|[303.45,303.41,303.33,303.24,303.16,303.07,302.96,302.75,302.49,302.32,302.24,302.07,301.90,301.84,301.80,301.70,301.60,301.57,301.55,301.53,301.43,301.16,300.92,300.70,300.16,299.40,298.70,298.00,296.46,294.83,293.73,292.65,291.68,290.43,288.78,287.51,287.01,286.71,286.52,286.29,286.02,285.95,285.89,285.00,283.94]
OTTOWN|Oreokastro|H|34|[303.68,303.64,303.56,303.47,303.39,303.30,303.09,302.83,302.56,302.40,302.24,302.07,301.89,301.83,301.73,301.62,301.53,301.50,301.49,301.48,301.38,301.14,300.92,300.70,300.16,299.46,298.77,298.07,296.62,295.53,294.43,293.35,292.11,290.45,288.80,287.53,287.23,287.04,286.84,286.61,286.53,286.48,286.42,285.54,284.59]
OTTOWN|Oreokastro|H|35|[303.86,303.84,303.76,303.67,303.59,303.46,303.19,302.93,302.67,302.46,302.29,302.12,301.92,301.77,301.67,301.57,301.45,301.43,301.42,301.41,301.31,301.09,300.87,300.65,300.20,299.51,298.81,298.17,297.19,296.10,295.01,293.91,292.26,290.60,288.95,287.94,287.75,287.56,287.37,287.20,287.14,287.09,286.95,286.06,285.11]
OTTOWN|Oreokastro|H|36|[303.98,303.98,303.89,303.81,303.75,303.62,303.36,303.09,302.84,302.63,302.46,302.26,301.89,301.74,301.64,301.51,301.35,301.34,301.33,301.28,301.16,300.94,300.72,300.64,300.21,299.51,298.86,298.46,297.49,296.40,295.36,294.34,292.68,291.03,289.71,288.88,288.69,288.50,288.16,287.97,287.92,287.78,287.18,286.29,285.33]
OTTOWN|Oreokastro|H|37|[304.12,304.12,304.03,303.97,303.91,303.79,303.52,303.27,303.01,302.80,302.60,302.24,301.87,301.72,301.59,301.42,301.26,301.24,301.19,301.13,301.01,300.79,300.71,300.64,300.21,299.56,299.16,298.76,297.79,296.75,295.78,294.76,293.11,291.79,290.65,289.82,289.63,289.29,288.93,288.75,288.61,288.01,287.41,286.52,285.73]
OTTOWN|Oreokastro|H|38|[304.26,304.25,304.19,304.13,304.08,303.95,303.70,303.44,303.18,302.95,302.58,302.21,301.84,301.67,301.49,301.32,301.16,301.11,301.04,300.98,300.86,300.78,300.71,300.65,300.26,299.86,299.46,299.06,298.14,297.17,296.21,295.19,293.87,292.73,291.59,290.76,290.42,290.06,289.70,289.44,288.84,288.24,287.64,286.92,286.39]
OTTOWN|Oreokastro|H|39|[304.32,304.32,304.26,304.20,304.15,304.06,303.80,303.54,303.30,303.02,302.65,302.28,301.90,301.69,301.52,301.35,301.08,301.01,300.95,300.88,300.79,300.72,300.66,300.59,300.34,299.94,299.54,299.23,298.40,297.43,296.47,295.69,294.55,293.41,292.27,291.47,291.11,290.75,290.33,289.65,289.05,288.45,287.90,287.38,286.85]
OTTOWN|Oreokastro|H|40|[304.32,304.32,304.26,304.20,304.20,304.11,303.85,303.61,303.44,303.15,302.78,302.41,302.02,301.81,301.63,301.35,301.02,300.96,300.89,300.79,300.69,300.63,300.56,300.51,300.25,299.85,299.54,299.37,298.54,297.57,296.83,296.18,295.04,293.90,292.89,292.10,291.74,291.32,290.54,289.86,289.26,288.71,288.22,287.70,287.17]
OTTOWN|Oreokastro|H|41|[304.32,304.32,304.26,304.25,304.25,304.16,303.92,303.75,303.57,303.29,302.91,302.52,302.13,301.92,301.64,301.29,300.96,300.90,300.79,300.69,300.59,300.53,300.48,300.42,300.17,299.86,299.68,299.50,298.67,297.94,297.32,296.67,295.53,294.52,293.52,292.73,292.31,291.53,290.75,290.07,289.51,289.03,288.54,288.02,287.31]
OTTOWN|Oreokastro|H|42|[304.32,304.32,304.31,304.31,304.30,304.23,304.06,303.88,303.71,303.42,303.03,302.64,302.25,301.92,301.58,301.23,300.91,300.80,300.70,300.59,300.50,300.44,300.39,300.34,300.17,299.99,299.82,299.64,299.04,298.42,297.81,297.16,296.15,295.15,294.15,293.30,292.52,291.74,290.95,290.32,289.83,289.35,288.86,288.16,287.35]
OTTOWN|Oreokastro|H|43|[304.32,304.32,304.32,304.31,304.31,304.25,304.08,303.91,303.73,303.44,303.05,302.66,302.27,301.92,301.58,301.23,300.87,300.77,300.66,300.54,300.40,300.35,300.29,300.23,300.10,299.92,299.74,299.62,299.10,298.49,297.87,297.54,296.54,295.54,294.59,293.88,293.09,292.31,291.52,290.90,290.41,289.92,289.04,288.19,287.38]
OTTOWN|Oreokastro|H|44|[304.32,304.32,304.32,304.31,304.31,304.25,304.08,303.91,303.73,303.44,303.05,302.66,302.28,301.93,301.59,301.21,300.85,300.75,300.63,300.44,300.30,300.24,300.18,300.11,299.98,299.80,299.68,299.59,299.07,298.46,298.18,297.88,296.88,295.93,295.25,294.53,293.75,292.96,292.15,291.53,291.04,290.16,289.07,288.21,287.41]
OTTOWN|Oreokastro|END
OTTOWN|Agia Triada|HEAD|i_Stone_HouseBig_V1_F|Land_i_Stone_HouseBig_V1_F|[16531.814,20299.816,6.939]|1.02|false|16|1|2
OTTOWN|Agia Triada|BOX|[-6.78,-6.16,6.78,6.16,-5.84,5.84]
OTTOWN|Agia Triada|DOOR|main|[16534.78,20297.76,7.38]|181.0|1.00
OTTOWN|Agia Triada|BPOS|[[16531.41,20302.12,7.45],[16531.30,20304.85,7.43],[16535.96,20304.51,10.22],[16534.05,20299.00,10.27],[16530.96,20302.99,10.28],[16535.64,20301.42,7.44]]
OTTOWN|Agia Triada|OBJ|wall|stone_8md_f.p3d|[16528.56,20266.00,6.61]|244.9|[-4.14,-0.76,4.14,0.76,-1.28,1.28]
OTTOWN|Agia Triada|OBJ|wall|stone_4m_f.p3d|[16526.02,20271.40,6.48]|244.8|[-2.22,-0.36,2.22,0.36,-1.29,1.29]
OTTOWN|Agia Triada|OBJ|wall|stone_4m_f.p3d|[16524.44,20274.82,6.48]|245.1|[-2.22,-0.36,2.22,0.36,-1.29,1.29]
OTTOWN|Agia Triada|OBJ|wall|stone_8md_f.p3d|[16540.84,20258.15,6.19]|344.6|[-4.14,-0.76,4.14,0.76,-1.28,1.28]
OTTOWN|Agia Triada|OBJ|wall|stone_8m_f.p3d|[16543.23,20275.47,5.63]|255.6|[-4.26,-0.35,4.26,0.35,-1.30,1.30]
OTTOWN|Agia Triada|OBJ|wall|stone_8m_f.p3d|[16545.17,20267.92,5.59]|255.6|[-4.26,-0.35,4.26,0.35,-1.30,1.30]
OTTOWN|Agia Triada|OBJ|wall|stone_8m_f.p3d|[16531.78,20259.13,6.71]|245.0|[-4.26,-0.35,4.26,0.35,-1.30,1.30]
OTTOWN|Agia Triada|OBJ|wall|stone_4m_f.p3d|[16535.39,20256.41,6.60]|337.9|[-2.22,-0.36,2.22,0.36,-1.29,1.29]
OTTOWN|Agia Triada|OBJ|wall|stone_pillar_f.p3d|[16533.39,20255.54,6.74]|334.8|[-0.45,-0.44,0.45,0.44,-1.79,1.79]
OTTOWN|Agia Triada|OBJ|wall|stone_pillar_f.p3d|[16546.33,20263.83,5.61]|348.0|[-0.45,-0.44,0.45,0.44,-1.79,1.79]
OTTOWN|Agia Triada|OBJ|wall|stone_8md_f.p3d|[16520.34,20283.65,6.78]|66.7|[-4.14,-0.76,4.14,0.76,-1.28,1.28]
OTTOWN|Agia Triada|OBJ|wall|Land_Stone_Gate_F|[16519.17,20305.08,7.46]|148.5|[-2.96,-1.47,2.96,1.47,-1.71,1.71]
OTTOWN|Agia Triada|OBJ|wall|stone_8m_f.p3d|[16524.89,20308.54,7.07]|149.9|[-4.26,-0.35,4.26,0.35,-1.30,1.30]
OTTOWN|Agia Triada|OBJ|wall|stone_8m_f.p3d|[16517.41,20290.72,7.18]|248.9|[-4.26,-0.35,4.26,0.35,-1.30,1.30]
OTTOWN|Agia Triada|OBJ|wall|stone_8m_f.p3d|[16514.65,20297.89,7.46]|248.9|[-4.26,-0.35,4.26,0.35,-1.30,1.30]
OTTOWN|Agia Triada|OBJ|wall|stone_4m_f.p3d|[16515.18,20302.66,7.54]|328.8|[-2.22,-0.36,2.22,0.36,-1.29,1.29]
OTTOWN|Agia Triada|OBJ|wall|stone_pillar_f.p3d|[16513.22,20301.45,7.56]|326.4|[-0.45,-0.44,0.45,0.44,-1.79,1.79]
OTTOWN|Agia Triada|OBJ|wall|stone_8m_f.p3d|[16541.21,20283.05,5.87]|254.7|[-4.26,-0.35,4.26,0.35,-1.30,1.30]
OTTOWN|Agia Triada|OBJ|wall|stone_pillar_f.p3d|[16540.20,20286.93,6.03]|344.1|[-0.45,-0.44,0.45,0.44,-1.79,1.79]
OTTOWN|Agia Triada|OBJ|wall|stone_8md_f.p3d|[16538.93,20316.52,6.11]|330.4|[-4.14,-0.76,4.14,0.76,-1.28,1.28]
OTTOWN|Agia Triada|OBJ|wall|stone_8md_f.p3d|[16556.21,20314.69,4.55]|89.4|[-4.14,-0.76,4.14,0.76,-1.28,1.28]
OTTOWN|Agia Triada|OBJ|wall|stone_8m_f.p3d|[16552.66,20324.32,4.98]|150.3|[-4.26,-0.35,4.26,0.35,-1.30,1.30]
OTTOWN|Agia Triada|OBJ|wall|stone_8m_f.p3d|[16531.51,20312.37,6.65]|150.6|[-4.26,-0.35,4.26,0.35,-1.30,1.30]
OTTOWN|Agia Triada|OBJ|wall|stone_8m_f.p3d|[16556.21,20322.14,4.66]|90.3|[-4.26,-0.35,4.26,0.35,-1.30,1.30]
OTTOWN|Agia Triada|OBJ|wall|stone_pillar_f.p3d|[16543.50,20317.08,5.77]|220.0|[-0.45,-0.44,0.45,0.44,-1.79,1.79]
OTTOWN|Agia Triada|OBJ|wall|stone_pillar_f.p3d|[16556.14,20326.31,4.66]|328.4|[-0.45,-0.44,0.45,0.44,-1.79,1.79]
OTTOWN|Agia Triada|OBJ|wall|stone_pillar_f.p3d|[16535.19,20314.38,6.45]|330.7|[-0.45,-0.44,0.45,0.44,-1.79,1.79]
OTTOWN|Agia Triada|OBJ|wall|stone_pillar_f.p3d|[16549.16,20322.27,5.31]|334.1|[-0.45,-0.44,0.45,0.44,-1.79,1.79]
OTTOWN|Agia Triada|OBJ|tree|t_ficusb2s_f.p3d|[16557.47,20273.16,4.36]|291.0|[-8.66,-8.23,8.66,8.23,-5.99,5.99]
OTTOWN|Agia Triada|OBJ|tree|t_ficusb2s_f.p3d|[16523.84,20296.33,7.11]|264.9|[-8.66,-8.23,8.66,8.23,-5.99,5.99]
OTTOWN|Agia Triada|OBJ|tree|t_ficusb2s_f.p3d|[16555.04,20284.72,4.87]|162.0|[-8.66,-8.23,8.66,8.23,-5.99,5.99]
OTTOWN|Agia Triada|ROAD|TRACK|10.0|[16470.36,20284.14,9.78]|[16497.78,20298.74,8.18]
OTTOWN|Agia Triada|ROAD|TRACK|10.0|[16497.78,20298.74,8.18]|[16524.77,20313.98,6.97]
OTTOWN|Agia Triada|ROAD|TRACK|10.0|[16524.77,20313.98,6.97]|[16552.11,20330.13,4.95]
OTTOWN|Agia Triada|ROAD|TRACK|10.0|[16552.11,20330.13,4.95]|[16567.81,20339.64,3.92]
OTTOWN|Agia Triada|H|0|[9.23,9.12,9.02,8.92,8.80,8.68,8.56,8.45,8.34,8.22,8.11,8.01,7.90,7.79,7.68,7.57,7.46,7.36,7.24,7.14,7.04,6.94,6.82,6.70,6.59,6.48,6.34,6.21,6.07,5.93,5.78,5.61,5.45,5.25,5.09,4.93,4.77,4.54,4.28,4.01,3.76,3.57,3.40,3.22,3.10]
OTTOWN|Agia Triada|H|1|[9.18,9.08,8.97,8.85,8.73,8.61,8.49,8.37,8.26,8.14,8.03,7.92,7.81,7.70,7.59,7.49,7.38,7.27,7.17,7.07,6.97,6.87,6.76,6.65,6.53,6.42,6.29,6.15,6.02,5.86,5.70,5.53,5.37,5.20,5.04,4.88,4.73,4.48,4.22,3.96,3.70,3.53,3.35,3.17,3.05]
OTTOWN|Agia Triada|H|2|[9.16,9.05,8.93,8.81,8.69,8.57,8.42,8.30,8.18,8.07,7.95,7.84,7.73,7.61,7.50,7.39,7.28,7.18,7.08,6.98,6.88,6.80,6.69,6.58,6.48,6.39,6.26,6.12,5.96,5.79,5.63,5.46,5.26,5.09,4.93,4.78,4.69,4.44,4.18,3.90,3.63,3.46,3.28,3.13,3.03]
OTTOWN|Agia Triada|H|3|[9.14,9.01,8.89,8.76,8.64,8.49,8.34,8.22,8.11,7.98,7.86,7.76,7.64,7.52,7.41,7.30,7.19,7.09,6.99,6.89,6.81,6.73,6.62,6.52,6.45,6.36,6.22,6.07,5.89,5.72,5.56,5.36,5.15,4.98,4.83,4.74,4.65,4.40,4.13,3.84,3.56,3.39,3.24,3.11,3.01]
OTTOWN|Agia Triada|H|4|[9.10,8.97,8.84,8.72,8.57,8.42,8.27,8.15,8.02,7.90,7.78,7.67,7.55,7.43,7.31,7.21,7.10,7.00,6.90,6.82,6.74,6.67,6.57,6.49,6.41,6.33,6.17,6.00,5.82,5.65,5.46,5.25,5.04,4.88,4.78,4.69,4.60,4.35,4.06,3.77,3.49,3.34,3.22,3.09,2.98]
OTTOWN|Agia Triada|H|5|[9.08,8.95,8.82,8.66,8.51,8.36,8.20,8.07,7.95,7.83,7.70,7.58,7.46,7.34,7.22,7.11,7.01,6.90,6.81,6.73,6.66,6.60,6.52,6.45,6.37,6.28,6.10,5.93,5.76,5.57,5.37,5.16,4.96,4.85,4.76,4.67,4.57,4.29,4.00,3.71,3.45,3.32,3.19,3.06,2.86]
OTTOWN|Agia Triada|H|6|[9.11,8.98,8.80,8.64,8.49,8.33,8.14,8.02,7.89,7.75,7.61,7.49,7.37,7.23,7.11,7.01,6.90,6.79,6.70,6.62,6.56,6.53,6.46,6.38,6.30,6.21,6.04,5.87,5.70,5.52,5.31,5.11,4.97,4.86,4.77,4.66,4.52,4.25,3.96,3.67,3.42,3.29,3.17,3.00,2.79]
OTTOWN|Agia Triada|H|7|[9.13,8.95,8.78,8.62,8.46,8.27,8.09,7.96,7.82,7.67,7.52,7.40,7.27,7.13,7.01,6.90,6.79,6.67,6.58,6.52,6.49,6.46,6.39,6.31,6.24,6.15,5.98,5.81,5.64,5.46,5.26,5.12,4.98,4.87,4.76,4.62,4.48,4.20,3.92,3.65,3.40,3.27,3.10,2.92,2.71]
OTTOWN|Agia Triada|H|8|[9.11,8.93,8.76,8.59,8.40,8.21,8.03,7.88,7.73,7.58,7.43,7.30,7.16,7.03,6.90,6.79,6.67,6.56,6.48,6.45,6.42,6.40,6.32,6.25,6.17,6.08,5.92,5.75,5.59,5.41,5.27,5.13,4.99,4.86,4.72,4.58,4.44,4.17,3.90,3.62,3.37,3.20,3.03,2.85,2.63]
OTTOWN|Agia Triada|H|9|[9.07,8.89,8.72,8.54,8.36,8.17,7.99,7.84,7.68,7.53,7.34,7.21,7.07,6.93,6.79,6.68,6.56,6.49,6.47,6.45,6.42,6.39,6.32,6.25,6.17,6.06,5.90,5.73,5.57,5.42,5.27,5.13,5.00,4.87,4.73,4.59,4.40,4.13,3.86,3.58,3.33,3.16,2.98,2.81,2.53]
OTTOWN|Agia Triada|H|10|[9.02,8.85,8.69,8.51,8.32,8.14,7.97,7.81,7.66,7.46,7.26,7.13,6.99,6.83,6.69,6.57,6.50,6.51,6.50,6.47,6.44,6.42,6.35,6.28,6.18,6.06,5.90,5.73,5.57,5.42,5.28,5.15,5.04,4.91,4.77,4.59,4.36,4.09,3.82,3.56,3.31,3.13,2.95,2.76,2.49]
OTTOWN|Agia Triada|H|11|[8.97,8.81,8.65,8.48,8.29,8.12,7.94,7.79,7.59,7.38,7.18,7.04,6.88,6.72,6.58,6.51,6.52,6.53,6.52,6.49,6.47,6.45,6.38,6.28,6.18,6.06,5.90,5.74,5.58,5.43,5.30,5.19,5.08,4.95,4.77,4.55,4.32,4.05,3.79,3.53,3.28,3.10,2.91,2.71,2.44]
OTTOWN|Agia Triada|H|12|[8.94,8.78,8.62,8.45,8.27,8.09,7.92,7.72,7.51,7.30,7.09,6.93,6.77,6.61,6.51,6.53,6.54,6.55,6.54,6.52,6.50,6.48,6.39,6.28,6.18,6.06,5.90,5.74,5.58,5.44,5.34,5.23,5.12,4.95,4.73,4.51,4.28,4.03,3.76,3.50,3.25,3.06,2.86,2.67,2.39]
OTTOWN|Agia Triada|H|13|[8.92,8.76,8.60,8.43,8.26,8.08,7.92,7.71,7.50,7.29,7.15,6.99,6.83,6.69,6.66,6.67,6.68,6.67,6.64,6.62,6.60,6.53,6.43,6.33,6.23,6.10,5.94,5.78,5.62,5.49,5.38,5.27,5.12,4.91,4.69,4.47,4.24,3.99,3.73,3.46,3.22,3.02,2.83,2.62,2.31]
OTTOWN|Agia Triada|H|14|[8.89,8.74,8.59,8.42,8.25,8.08,7.92,7.71,7.50,7.36,7.22,7.06,6.92,6.85,6.81,6.82,6.81,6.77,6.74,6.72,6.66,6.59,6.49,6.38,6.27,6.15,5.99,5.83,5.67,5.53,5.43,5.27,5.08,4.87,4.65,4.43,4.20,3.95,3.69,3.43,3.18,2.99,2.78,2.54,2.24]
OTTOWN|Agia Triada|H|15|[8.88,8.73,8.58,8.41,8.25,8.08,7.92,7.71,7.57,7.43,7.29,7.15,7.08,7.00,6.97,6.95,6.91,6.87,6.84,6.78,6.71,6.64,6.54,6.43,6.31,6.19,6.03,5.87,5.72,5.58,5.42,5.24,5.05,4.84,4.61,4.39,4.16,3.91,3.65,3.39,3.15,2.94,2.70,2.47,2.16]
OTTOWN|Agia Triada|H|16|[8.87,8.72,8.57,8.41,8.25,8.08,7.92,7.77,7.63,7.49,7.37,7.29,7.22,7.14,7.09,7.05,7.01,6.97,6.91,6.84,6.77,6.70,6.58,6.47,6.35,6.23,6.07,5.91,5.75,5.58,5.39,5.20,5.01,4.80,4.58,4.35,4.13,3.87,3.62,3.36,3.11,2.87,2.63,2.40,2.11]
OTTOWN|Agia Triada|H|17|[8.87,8.72,8.58,8.42,8.26,8.09,7.93,7.79,7.65,7.52,7.44,7.36,7.29,7.22,7.17,7.13,7.09,7.05,7.00,6.93,6.85,6.73,6.61,6.50,6.38,6.23,6.08,5.92,5.75,5.57,5.38,5.19,5.00,4.79,4.56,4.34,4.11,3.86,3.60,3.34,3.08,2.84,2.60,2.34,2.03]
OTTOWN|Agia Triada|H|18|[8.87,8.73,8.59,8.43,8.26,8.11,7.95,7.81,7.68,7.59,7.50,7.43,7.36,7.31,7.26,7.22,7.18,7.14,7.08,7.01,6.89,6.76,6.65,6.52,6.38,6.24,6.09,5.92,5.75,5.57,5.38,5.18,4.99,4.77,4.55,4.32,4.09,3.84,3.58,3.31,3.05,2.81,2.55,2.26,1.95]
OTTOWN|Agia Triada|H|19|[8.88,8.73,8.59,8.44,8.28,8.12,7.97,7.84,7.75,7.66,7.57,7.50,7.45,7.39,7.34,7.31,7.27,7.23,7.17,7.04,6.92,6.79,6.67,6.53,6.39,6.25,6.08,5.91,5.74,5.56,5.36,5.17,4.97,4.76,4.53,4.30,4.07,3.82,3.55,3.28,3.02,2.76,2.47,2.18,1.88]
OTTOWN|Agia Triada|H|20|[8.91,8.77,8.63,8.46,8.30,8.14,7.98,7.88,7.79,7.70,7.61,7.56,7.50,7.45,7.41,7.37,7.34,7.30,7.21,7.08,6.96,6.83,6.69,6.55,6.41,6.26,6.09,5.92,5.74,5.55,5.36,5.16,4.97,4.75,4.52,4.29,4.06,3.80,3.53,3.26,2.99,2.70,2.42,2.13,1.78]
OTTOWN|Agia Triada|H|21|[8.99,8.85,8.66,8.49,8.33,8.17,8.00,7.90,7.81,7.71,7.62,7.57,7.51,7.48,7.45,7.41,7.38,7.35,7.26,7.13,7.00,6.87,6.73,6.60,6.45,6.29,6.11,5.94,5.75,5.56,5.36,5.17,4.96,4.74,4.51,4.28,4.06,3.80,3.53,3.26,2.98,2.69,2.41,2.05,1.69]
OTTOWN|Agia Triada|H|22|[9.06,8.88,8.69,8.52,8.36,8.19,8.01,7.92,7.82,7.72,7.63,7.57,7.54,7.52,7.49,7.45,7.42,7.40,7.30,7.18,7.05,6.91,6.78,6.63,6.47,6.31,6.14,5.95,5.76,5.56,5.37,5.16,4.96,4.74,4.51,4.28,4.06,3.80,3.52,3.24,2.96,2.68,2.32,1.95,1.59]
OTTOWN|Agia Triada|H|23|[9.10,8.91,8.72,8.55,8.38,8.20,8.03,7.93,7.83,7.73,7.64,7.61,7.58,7.56,7.53,7.50,7.47,7.44,7.35,7.22,7.09,6.96,6.81,6.65,6.49,6.33,6.15,5.95,5.76,5.57,5.36,5.16,4.95,4.73,4.51,4.28,4.06,3.79,3.51,3.23,2.95,2.59,2.22,1.85,1.49]
OTTOWN|Agia Triada|H|24|[9.27,9.08,8.85,8.62,8.45,8.28,8.09,7.98,7.88,7.78,7.65,7.63,7.60,7.58,7.53,7.50,7.47,7.42,7.30,7.17,7.04,6.93,6.78,6.62,6.47,6.37,6.17,5.98,5.80,5.65,5.44,5.23,4.99,4.73,4.51,4.28,4.05,3.78,3.50,3.22,2.94,2.57,2.20,1.83,1.50]
OTTOWN|Agia Triada|H|25|[9.51,9.27,8.95,8.72,8.55,8.36,8.16,8.05,7.95,7.80,7.66,7.64,7.61,7.54,7.49,7.47,7.42,7.33,7.21,7.08,6.97,6.88,6.73,6.57,6.49,6.41,6.21,6.03,5.92,5.77,5.56,5.31,4.98,4.72,4.50,4.27,4.04,3.77,3.49,3.23,2.96,2.59,2.22,1.90,1.56]
OTTOWN|Agia Triada|H|26|[9.70,9.38,9.05,8.83,8.64,8.43,8.23,8.12,7.97,7.81,7.67,7.64,7.58,7.51,7.46,7.41,7.32,7.23,7.12,7.01,6.92,6.83,6.68,6.59,6.53,6.45,6.26,6.15,6.04,5.89,5.64,5.31,4.98,4.72,4.49,4.26,4.03,3.76,3.50,3.25,2.98,2.61,2.29,1.96,1.63]
OTTOWN|Agia Triada|H|27|[9.80,9.48,9.15,8.91,8.71,8.50,8.30,8.14,7.98,7.82,7.67,7.61,7.54,7.48,7.41,7.32,7.23,7.14,7.05,6.95,6.86,6.77,6.70,6.63,6.57,6.49,6.38,6.27,6.16,5.97,5.63,5.30,4.97,4.71,4.48,4.25,4.02,3.77,3.52,3.27,3.00,2.68,2.35,2.03,1.69]
OTTOWN|Agia Triada|H|28|[10.18,9.86,9.53,9.28,9.08,8.88,8.55,8.37,8.20,8.03,7.72,7.65,7.59,7.51,7.40,7.31,7.22,7.12,7.03,6.94,6.84,6.75,6.68,6.61,6.54,6.40,6.29,6.18,6.06,5.86,5.53,5.20,4.97,4.77,4.54,4.31,4.07,3.82,3.57,3.32,3.03,2.71,2.38,2.08,1.78]
OTTOWN|Agia Triada|H|29|[10.59,10.26,9.93,9.68,9.48,9.15,8.79,8.61,8.44,8.08,7.77,7.71,7.63,7.51,7.40,7.31,7.21,7.11,7.01,6.92,6.82,6.72,6.65,6.58,6.43,6.29,6.18,6.06,5.95,5.74,5.41,5.19,5.04,4.84,4.61,4.37,4.13,3.88,3.63,3.34,3.05,2.73,2.43,2.18,1.89]
OTTOWN|Agia Triada|H|30|[10.99,10.66,10.33,10.08,9.75,9.39,9.04,8.84,8.49,8.13,7.83,7.74,7.63,7.51,7.40,7.30,7.20,7.09,6.99,6.89,6.79,6.69,6.62,6.47,6.32,6.18,6.06,5.95,5.83,5.62,5.40,5.25,5.11,4.91,4.67,4.43,4.19,3.93,3.65,3.37,3.08,2.78,2.53,2.29,1.99]
OTTOWN|Agia Triada|H|31|[11.37,11.04,10.70,10.37,10.02,9.66,9.30,8.95,8.60,8.24,7.93,7.81,7.69,7.57,7.42,7.31,7.21,7.10,6.97,6.87,6.77,6.67,6.52,6.37,6.22,6.08,5.96,5.85,5.73,5.60,5.45,5.31,5.17,4.96,4.71,4.47,4.23,3.96,3.68,3.39,3.12,2.87,2.63,2.38,2.13]
OTTOWN|Agia Triada|H|32|[11.63,11.30,11.05,10.74,10.38,10.03,9.72,9.36,9.01,8.66,8.34,8.22,8.11,7.84,7.58,7.47,7.36,7.13,6.97,6.87,6.77,6.65,6.50,6.35,6.21,6.07,5.95,5.84,5.71,5.58,5.44,5.29,5.14,4.92,4.68,4.44,4.26,3.99,3.71,3.42,3.15,2.90,2.65,2.47,2.27]
OTTOWN|Agia Triada|H|33|[11.89,11.65,11.42,11.11,10.75,10.44,10.13,9.77,9.42,9.07,8.75,8.64,8.37,8.00,7.73,7.62,7.39,7.12,6.97,6.87,6.75,6.63,6.48,6.34,6.20,6.06,5.95,5.82,5.70,5.56,5.42,5.26,5.10,4.89,4.65,4.47,4.30,4.02,3.74,3.45,3.17,2.93,2.75,2.61,2.41]
OTTOWN|Agia Triada|H|34|[12.24,12.01,11.79,11.48,11.17,10.85,10.54,10.19,9.83,9.48,9.17,8.90,8.53,8.15,7.89,7.65,7.39,7.12,6.96,6.85,6.73,6.61,6.47,6.33,6.19,6.06,5.93,5.80,5.68,5.54,5.39,5.23,5.07,4.86,4.68,4.51,4.33,4.05,3.77,3.48,3.20,3.02,2.88,2.75,2.54]
OTTOWN|Agia Triada|H|35|[12.55,12.33,12.10,11.81,11.50,11.18,10.88,10.54,10.19,9.84,9.52,9.14,8.76,8.39,8.08,7.82,7.55,7.29,7.10,6.99,6.87,6.67,6.50,6.36,6.23,6.04,5.91,5.79,5.66,5.51,5.35,5.19,5.04,4.87,4.69,4.51,4.35,4.08,3.79,3.51,3.32,3.19,3.05,2.91,2.71]
OTTOWN|Agia Triada|H|36|[12.79,12.57,12.32,12.02,11.71,11.41,11.16,10.81,10.46,10.16,9.87,9.49,9.12,8.79,8.50,8.23,7.97,7.66,7.48,7.36,7.15,6.76,6.60,6.46,6.26,6.02,5.89,5.76,5.61,5.46,5.30,5.14,5.01,4.84,4.67,4.50,4.37,4.10,3.81,3.63,3.52,3.39,3.25,3.07,2.85]
OTTOWN|Agia Triada|H|37|[13.03,12.78,12.53,12.24,11.94,11.68,11.43,11.09,10.78,10.51,10.23,9.85,9.52,9.21,8.91,8.65,8.34,8.03,7.85,7.64,7.25,6.86,6.70,6.49,6.23,6.00,5.87,5.72,5.57,5.41,5.25,5.12,4.98,4.82,4.65,4.52,4.39,4.12,3.93,3.83,3.73,3.59,3.40,3.21,2.99]
OTTOWN|Agia Triada|H|38|[13.24,12.99,12.74,12.47,12.21,11.96,11.70,11.40,11.14,10.87,10.58,10.25,9.94,9.62,9.33,9.02,8.71,8.40,8.13,7.74,7.35,6.95,6.73,6.47,6.21,5.98,5.83,5.67,5.52,5.36,5.23,5.09,4.96,4.81,4.67,4.54,4.41,4.24,4.14,4.04,3.93,3.74,3.55,3.35,3.13]
OTTOWN|Agia Triada|H|39|[13.37,13.12,12.89,12.65,12.39,12.14,11.91,11.65,11.38,11.11,10.84,10.53,10.21,9.90,9.63,9.32,9.01,8.71,8.36,7.97,7.57,7.23,6.97,6.71,6.46,6.18,6.03,5.87,5.70,5.38,5.25,5.11,4.95,4.79,4.65,4.52,4.40,4.30,4.19,4.09,3.99,3.79,3.59,3.40,3.21]
OTTOWN|Agia Triada|H|40|[13.46,13.22,13.02,12.78,12.52,12.30,12.09,11.83,11.56,11.30,11.04,10.73,10.42,10.17,9.90,9.59,9.29,9.01,8.65,8.26,7.92,7.61,7.35,7.09,6.80,6.51,6.36,6.19,5.74,5.43,5.29,5.13,4.91,4.75,4.61,4.49,4.38,4.28,4.18,4.09,3.99,3.79,3.59,3.40,3.21]
OTTOWN|Agia Triada|H|41|[13.56,13.35,13.15,12.91,12.68,12.48,12.27,12.01,11.75,11.50,11.24,10.93,10.69,10.44,10.17,9.87,9.59,9.30,8.95,8.61,8.30,7.99,7.73,7.43,7.13,6.84,6.67,6.23,5.79,5.47,5.31,5.09,4.87,4.71,4.58,4.47,4.36,4.26,4.17,4.09,3.99,3.79,3.60,3.40,3.22]
OTTOWN|Agia Triada|H|42|[13.69,13.48,13.28,13.07,12.86,12.66,12.45,12.20,11.95,11.70,11.45,11.20,10.96,10.71,10.45,10.16,9.88,9.60,9.29,8.99,8.68,8.37,8.07,7.76,7.46,7.16,6.71,6.27,5.83,5.48,5.27,5.05,4.83,4.68,4.57,4.45,4.34,4.25,4.17,4.09,3.99,3.79,3.60,3.41,3.24]
OTTOWN|Agia Triada|H|43|[13.73,13.52,13.35,13.17,12.96,12.76,12.59,12.34,12.09,11.84,11.63,11.38,11.14,10.90,10.65,10.37,10.08,9.83,9.54,9.23,8.93,8.65,8.35,8.04,7.73,7.42,6.97,6.53,6.13,5.84,5.63,5.41,4.99,4.72,4.61,4.50,4.29,4.19,4.11,4.03,3.96,3.76,3.57,3.39,3.26]
OTTOWN|Agia Triada|H|44|[13.76,13.59,13.45,13.26,13.06,12.89,12.72,12.48,12.23,12.02,11.80,11.55,11.31,11.09,10.84,10.56,10.30,10.06,9.78,9.47,9.19,8.92,8.62,8.31,8.02,7.70,7.26,6.85,6.53,6.24,6.03,5.61,5.04,4.77,4.66,4.45,4.21,4.12,4.04,3.99,3.92,3.72,3.55,3.41,3.28]
OTTOWN|Agia Triada|END
OTTOWN|Orino|HEAD|i_Stone_HouseBig_V1_F|Land_i_Stone_HouseBig_V3_F|[10479.605,17298.215,87.955]|302.90|false|33|1|2
OTTOWN|Orino|BOX|[-6.78,-6.16,6.78,6.16,-5.84,5.84]
OTTOWN|Orino|DOOR|main|[10482.92,17299.65,88.40]|482.9|1.00
OTTOWN|Orino|BPOS|[[10477.43,17299.09,88.47],[10475.06,17300.44,88.45],[10477.81,17304.21,91.24],[10481.48,17299.68,91.29],[10476.46,17299.17,91.29],[10480.27,17302.31,88.45]]
OTTOWN|Orino|OBJ|building|Land_i_Stone_Shed_V1_F|[10497.53,17260.14,86.29]|40.1|[-4.53,-4.96,4.53,4.96,-3.80,3.80]
OTTOWN|Orino|OBJ|building|Land_i_Stone_Shed_V3_F|[10503.38,17291.00,88.09]|222.4|[-4.53,-4.96,4.53,4.96,-3.80,3.80]
OTTOWN|Orino|OBJ|building|Land_i_House_Small_02_V1_F|[10486.08,17313.71,89.02]|290.9|[-8.20,-4.64,8.20,4.64,-4.71,4.71]
OTTOWN|Orino|OBJ|wall|stone_pillar_f.p3d|[10439.20,17278.94,83.63]|315.2|[-0.45,-0.44,0.45,0.44,-1.79,1.79]
OTTOWN|Orino|OBJ|wall|stone_8m_f.p3d|[10450.26,17267.42,84.33]|224.9|[-4.26,-0.35,4.26,0.35,-1.30,1.30]
OTTOWN|Orino|OBJ|wall|wired_fence_8m_f.p3d|[10456.38,17267.68,85.48]|315.5|[-4.10,-0.08,4.10,0.08,-0.89,0.89]
OTTOWN|Orino|OBJ|wall|wired_fence_8m_f.p3d|[10462.00,17273.60,86.09]|311.9|[-4.10,-0.08,4.10,0.08,-0.89,0.89]
OTTOWN|Orino|OBJ|wall|wired_fence_8m_f.p3d|[10467.40,17279.71,86.61]|310.4|[-4.10,-0.08,4.10,0.08,-0.89,0.89]
OTTOWN|Orino|OBJ|wall|stone_4m_f.p3d|[10446.19,17271.55,83.49]|47.0|[-2.22,-0.36,2.22,0.36,-1.29,1.29]
OTTOWN|Orino|OBJ|wall|stone_pillar_f.p3d|[10468.38,17263.23,85.96]|222.8|[-0.45,-0.44,0.45,0.44,-1.79,1.79]
OTTOWN|Orino|OBJ|wall|stone_pillar_f.p3d|[10453.32,17264.47,85.09]|227.2|[-0.45,-0.44,0.45,0.44,-1.79,1.79]
OTTOWN|Orino|OBJ|wall|stone_pillar_f.p3d|[10445.07,17272.83,83.36]|317.0|[-0.45,-0.44,0.45,0.44,-1.79,1.79]
OTTOWN|Orino|OBJ|wall|Land_Stone_Gate_F|[10483.25,17257.07,85.61]|309.6|[-2.96,-1.47,2.96,1.47,-1.71,1.71]
OTTOWN|Orino|OBJ|wall|stone_8m_f.p3d|[10487.20,17268.49,86.08]|221.8|[-4.26,-0.35,4.26,0.35,-1.30,1.30]
OTTOWN|Orino|OBJ|wall|stone_8m_f.p3d|[10489.65,17271.26,86.50]|221.8|[-4.26,-0.35,4.26,0.35,-1.30,1.30]
OTTOWN|Orino|OBJ|wall|stone_8m_f.p3d|[10476.21,17272.45,86.31]|130.1|[-4.26,-0.35,4.26,0.35,-1.30,1.30]
OTTOWN|Orino|OBJ|wall|stone_8m_f.p3d|[10470.92,17266.20,85.88]|130.1|[-4.26,-0.35,4.26,0.35,-1.30,1.30]
OTTOWN|Orino|OBJ|wall|stone_8m_f.p3d|[10487.58,17262.37,85.54]|128.5|[-4.26,-0.35,4.26,0.35,-1.30,1.30]
OTTOWN|Orino|OBJ|wall|stone_8m_f.p3d|[10482.28,17272.84,86.42]|221.5|[-4.26,-0.35,4.26,0.35,-1.30,1.30]
OTTOWN|Orino|OBJ|wall|stone_8m_f.p3d|[10484.51,17275.84,86.75]|221.8|[-4.26,-0.35,4.26,0.35,-1.30,1.30]
OTTOWN|Orino|OBJ|wall|stone_pillar_f.p3d|[10481.26,17278.77,87.03]|219.6|[-0.45,-0.44,0.45,0.44,-1.79,1.79]
OTTOWN|Orino|OBJ|wall|stone_pillar_f.p3d|[10486.96,17273.50,87.00]|221.5|[-0.45,-0.44,0.45,0.44,-1.79,1.79]
OTTOWN|Orino|OBJ|wall|stone_pillar_f.p3d|[10484.36,17271.03,86.65]|220.9|[-0.45,-0.44,0.45,0.44,-1.79,1.79]
OTTOWN|Orino|OBJ|wall|stone_pillar_f.p3d|[10492.61,17268.61,86.52]|221.5|[-0.45,-0.44,0.45,0.44,-1.79,1.79]
OTTOWN|Orino|OBJ|wall|stone_pillar_f.p3d|[10490.28,17265.73,86.01]|221.5|[-0.45,-0.44,0.45,0.44,-1.79,1.79]
OTTOWN|Orino|OBJ|wall|stone_pillar_f.p3d|[10478.95,17275.80,86.83]|220.9|[-0.45,-0.44,0.45,0.44,-1.79,1.79]
OTTOWN|Orino|OBJ|wall|stone_pillar_f.p3d|[10473.41,17269.20,86.32]|220.9|[-0.45,-0.44,0.45,0.44,-1.79,1.79]
OTTOWN|Orino|OBJ|wall|stone_8m_f.p3d|[10457.48,17309.17,87.53]|72.3|[-4.26,-0.35,4.26,0.35,-1.30,1.30]
OTTOWN|Orino|OBJ|wall|stone_8m_f.p3d|[10465.55,17295.96,87.26]|43.9|[-4.26,-0.35,4.26,0.35,-1.30,1.30]
OTTOWN|Orino|OBJ|wall|stone_4m_f.p3d|[10461.60,17300.25,87.37]|54.4|[-2.22,-0.36,2.22,0.36,-1.29,1.29]
OTTOWN|Orino|OBJ|wall|stone_4m_f.p3d|[10459.54,17303.69,87.42]|63.4|[-2.22,-0.36,2.22,0.36,-1.29,1.29]
OTTOWN|Orino|OBJ|wall|stone_8m_f.p3d|[10477.33,17291.88,87.20]|125.4|[-4.26,-0.35,4.26,0.35,-1.30,1.30]
OTTOWN|Orino|OBJ|wall|stone_8m_f.p3d|[10488.70,17289.57,87.47]|121.3|[-4.26,-0.35,4.26,0.35,-1.30,1.30]
OTTOWN|Orino|OBJ|wall|stone_8m_f.p3d|[10483.88,17282.28,86.99]|126.2|[-4.26,-0.35,4.26,0.35,-1.30,1.30]
OTTOWN|Orino|OBJ|wall|stone_8m_f.p3d|[10471.71,17290.98,87.23]|34.0|[-4.26,-0.35,4.26,0.35,-1.30,1.30]
OTTOWN|Orino|OBJ|wall|stone_4m_f.p3d|[10484.97,17303.73,88.09]|303.0|[-2.22,-0.36,2.22,0.36,-1.29,1.29]
OTTOWN|Orino|OBJ|wall|stone_4m_f.p3d|[10486.95,17307.11,88.34]|297.4|[-2.22,-0.36,2.22,0.36,-1.29,1.29]
OTTOWN|Orino|OBJ|wall|wired_fence_4m_f.p3d|[10473.53,17286.82,87.10]|308.8|[-2.03,-0.12,2.03,0.12,-0.89,0.89]
OTTOWN|Orino|OBJ|wall|stone_pillar_f.p3d|[10490.83,17293.20,87.96]|213.3|[-0.45,-0.44,0.45,0.44,-1.79,1.79]
OTTOWN|Orino|OBJ|wall|stone_pillar_f.p3d|[10486.41,17285.78,87.49]|216.1|[-0.45,-0.44,0.45,0.44,-1.79,1.79]
OTTOWN|Orino|OBJ|wall|stone_pillar_f.p3d|[10484.08,17302.26,88.15]|29.6|[-0.45,-0.44,0.45,0.44,-1.79,1.79]
OTTOWN|Orino|OBJ|wall|stone_pillar_f.p3d|[10487.68,17308.48,88.62]|23.4|[-0.45,-0.44,0.45,0.44,-1.79,1.79]
OTTOWN|Orino|OBJ|wall|stone_pillar_f.p3d|[10479.46,17294.90,87.67]|33.9|[-0.45,-0.44,0.45,0.44,-1.79,1.79]
OTTOWN|Orino|OBJ|wall|stone_pillar_f.p3d|[10475.12,17288.70,87.25]|305.3|[-0.45,-0.44,0.45,0.44,-1.79,1.79]
OTTOWN|Orino|OBJ|wall|stone_8m_f.p3d|[10460.38,17316.21,88.15]|357.3|[-4.26,-0.35,4.26,0.35,-1.30,1.30]
OTTOWN|Orino|OBJ|wall|stone_8m_f.p3d|[10468.20,17316.43,88.29]|358.7|[-4.26,-0.35,4.26,0.35,-1.30,1.30]
OTTOWN|Orino|OBJ|wall|stone_pillar_f.p3d|[10456.35,17313.09,87.67]|356.1|[-0.45,-0.44,0.45,0.44,-1.79,1.79]
OTTOWN|Orino|OBJ|wall|stone_pillar_f.p3d|[10456.26,17315.96,88.06]|357.0|[-0.45,-0.44,0.45,0.44,-1.79,1.79]
OTTOWN|Orino|OBJ|wall|stone_8md_f.p3d|[10475.48,17318.77,88.68]|325.9|[-4.14,-0.76,4.14,0.76,-1.28,1.28]
OTTOWN|Orino|OBJ|wall|stone_pillar_f.p3d|[10472.30,17316.63,88.37]|337.2|[-0.45,-0.44,0.45,0.44,-1.79,1.79]
OTTOWN|Orino|OBJ|tree|t_ficusb2s_f.p3d|[10488.42,17279.53,87.17]|111.9|[-8.66,-8.23,8.66,8.23,-5.99,5.99]
OTTOWN|Orino|OBJ|tree|t_ficusb1s_f.p3d|[10491.48,17277.59,87.36]|184.0|[-5.06,-5.62,5.06,5.62,-4.61,4.61]
OTTOWN|Orino|OBJ|tree|t_oleae1s_f.p3d|[10477.73,17265.49,86.20]|126.1|[-3.91,-4.12,3.91,4.12,-5.03,5.03]
OTTOWN|Orino|OBJ|tree|t_oleae1s_f.p3d|[10477.59,17258.68,85.67]|308.0|[-3.91,-4.12,3.91,4.12,-5.03,5.03]
OTTOWN|Orino|OBJ|tree|t_oleae1s_f.p3d|[10483.77,17265.84,85.87]|260.0|[-3.91,-4.12,3.91,4.12,-5.03,5.03]
OTTOWN|Orino|OBJ|tree|t_oleae1s_f.p3d|[10480.82,17268.86,86.21]|307.9|[-3.91,-4.12,3.91,4.12,-5.03,5.03]
OTTOWN|Orino|OBJ|tree|t_oleae1s_f.p3d|[10474.29,17262.26,85.94]|175.0|[-3.91,-4.12,3.91,4.12,-5.03,5.03]
OTTOWN|Orino|OBJ|tree|t_oleae1s_f.p3d|[10480.82,17261.84,85.97]|259.0|[-3.91,-4.12,3.91,4.12,-5.03,5.03]
OTTOWN|Orino|OBJ|tree|t_ficusb1s_f.p3d|[10503.04,17278.06,87.44]|355.1|[-5.06,-5.62,5.06,5.62,-4.61,4.61]
OTTOWN|Orino|OBJ|tree|t_ficusb1s_f.p3d|[10447.73,17289.09,85.28]|331.9|[-5.06,-5.62,5.06,5.62,-4.61,4.61]
OTTOWN|Orino|OBJ|tree|t_ficusb2s_f.p3d|[10497.33,17280.90,87.69]|209.9|[-8.66,-8.23,8.66,8.23,-5.99,5.99]
OTTOWN|Orino|OBJ|tree|t_ficusb2s_f.p3d|[10519.29,17285.57,88.29]|249.0|[-8.66,-8.23,8.66,8.23,-5.99,5.99]
OTTOWN|Orino|OBJ|tree|t_ficusb1s_f.p3d|[10500.93,17302.39,88.54]|0.9|[-5.06,-5.62,5.06,5.62,-4.61,4.61]
OTTOWN|Orino|OBJ|tree|t_pinuss1s_f.p3d|[10519.46,17302.03,89.00]|41.1|[-4.24,-4.62,4.24,4.62,-3.89,3.89]
OTTOWN|Orino|OBJ|tree|t_ficusb1s_f.p3d|[10457.96,17323.56,88.69]|58.0|[-5.06,-5.62,5.06,5.62,-4.61,4.61]
OTTOWN|Orino|OBJ|tree|t_ficusb1s_f.p3d|[10465.35,17320.45,88.67]|159.9|[-5.06,-5.62,5.06,5.62,-4.61,4.61]
OTTOWN|Orino|OBJ|tree|t_ficusb1s_f.p3d|[10479.45,17324.10,88.87]|272.0|[-5.06,-5.62,5.06,5.62,-4.61,4.61]
OTTOWN|Orino|H|0|[84.25,84.22,84.19,84.25,84.34,84.55,84.75,84.82,84.91,85.02,85.13,85.20,85.28,85.36,85.44,85.51,85.59,85.67,85.75,85.80,85.74,85.69,85.69,85.70,85.71,85.66,85.47,85.40,85.40,85.34,85.24,85.47,85.72,85.71,85.66,85.67,85.69,85.97,86.11,86.07,86.11,86.35,86.49,86.59,86.68]
OTTOWN|Orino|H|1|[84.17,84.13,84.10,84.18,84.38,84.59,84.79,84.88,84.99,85.10,85.20,85.28,85.36,85.44,85.51,85.59,85.67,85.75,85.80,85.74,85.68,85.63,85.64,85.64,85.65,85.60,85.53,85.52,85.52,85.46,85.68,85.94,86.19,86.20,86.21,86.22,86.24,86.39,86.35,86.31,86.35,86.50,86.60,86.70,86.78]
OTTOWN|Orino|H|2|[84.13,84.10,84.08,84.26,84.46,84.67,84.76,84.87,84.99,85.10,85.26,85.34,85.42,85.50,85.59,85.67,85.75,85.82,85.79,85.73,85.67,85.65,85.66,85.67,85.68,85.63,85.62,85.61,85.60,85.77,86.02,86.27,86.47,86.45,86.46,86.47,86.54,86.50,86.46,86.42,86.52,86.62,86.72,86.82,86.88]
OTTOWN|Orino|H|3|[84.19,84.17,84.23,84.41,84.62,84.70,84.61,84.73,84.84,85.07,85.29,85.37,85.45,85.57,85.67,85.75,85.82,85.90,85.86,85.81,85.79,85.82,85.83,85.84,85.75,85.65,85.64,85.63,85.70,85.87,86.12,86.32,86.20,86.19,86.20,86.27,86.42,86.38,86.34,86.48,86.68,86.78,86.88,86.93,86.99]
OTTOWN|Orino|H|4|[84.26,84.32,84.39,84.56,84.64,84.55,84.46,84.58,84.81,85.10,85.32,85.40,85.52,85.65,85.75,85.82,85.90,85.97,85.94,85.92,85.96,85.99,86.00,85.91,85.77,85.67,85.67,85.73,85.80,85.98,86.17,86.05,85.93,85.92,85.99,86.15,86.30,86.26,86.40,86.64,86.84,86.94,86.99,87.04,87.10]
OTTOWN|Orino|H|5|[84.41,84.47,84.54,84.59,84.50,84.40,84.31,84.54,84.84,85.13,85.35,85.47,85.60,85.72,85.82,85.90,85.97,86.05,86.05,86.09,86.13,86.16,86.07,85.94,85.80,85.70,85.76,85.84,85.91,86.02,85.90,85.78,85.67,85.71,85.87,86.03,86.18,86.33,86.56,86.80,87.00,87.05,87.10,87.15,87.20]
OTTOWN|Orino|H|6|[84.31,84.38,84.42,84.35,84.25,84.16,84.11,84.40,84.69,84.98,85.39,85.52,85.64,85.78,85.90,85.97,86.05,86.12,86.17,86.20,86.24,86.29,86.15,86.01,85.87,85.93,86.00,86.07,86.14,86.10,85.98,85.87,85.78,85.89,86.05,86.21,86.32,86.56,86.80,87.04,87.11,87.16,87.21,87.26,87.30]
OTTOWN|Orino|H|7|[84.05,84.10,84.12,84.05,83.95,83.89,83.85,84.14,84.44,84.98,85.42,85.55,85.68,85.85,85.97,86.05,86.12,86.20,86.24,86.28,86.34,86.40,86.26,86.13,86.18,86.25,86.32,86.39,86.44,86.40,86.29,86.20,86.15,86.26,86.42,86.53,86.61,86.84,87.08,87.16,87.22,87.27,87.32,87.36,87.41]
OTTOWN|Orino|H|8|[83.78,83.80,83.82,83.75,83.68,83.63,83.60,83.89,84.44,85.01,85.45,85.58,85.75,85.93,86.05,86.12,86.20,86.28,86.32,86.38,86.45,86.51,86.38,86.43,86.50,86.57,86.64,86.69,86.75,86.71,86.62,86.57,86.52,86.63,86.74,86.81,86.89,87.13,87.21,87.27,87.33,87.38,87.43,87.47,87.52]
OTTOWN|Orino|H|9|[83.48,83.50,83.52,83.48,83.42,83.37,83.34,83.89,84.46,85.04,85.48,85.66,85.83,86.00,86.12,86.20,86.28,86.35,86.42,86.49,86.57,86.63,86.68,86.75,86.82,86.88,86.94,87.00,87.05,87.04,86.99,86.94,86.89,86.95,87.02,87.09,87.17,87.25,87.32,87.38,87.44,87.49,87.54,87.58,87.61]
OTTOWN|Orino|H|10|[83.52,83.54,83.52,83.47,83.42,83.37,83.55,84.12,84.70,85.25,85.62,85.79,85.97,86.11,86.21,86.29,86.36,86.44,86.51,86.58,86.65,86.72,86.79,86.86,86.93,86.99,87.05,87.11,87.16,87.17,87.11,87.06,87.08,87.14,87.22,87.29,87.30,87.37,87.43,87.49,87.54,87.59,87.64,87.68,87.70]
OTTOWN|Orino|H|11|[83.62,83.60,83.56,83.51,83.46,83.62,83.82,84.39,84.95,85.40,85.76,85.94,86.09,86.20,86.30,86.37,86.45,86.52,86.59,86.66,86.73,86.80,86.87,86.94,87.01,87.07,87.13,87.19,87.25,87.25,87.20,87.21,87.26,87.32,87.40,87.41,87.42,87.48,87.54,87.59,87.64,87.69,87.73,87.78,87.80]
OTTOWN|Orino|H|12|[83.68,83.64,83.60,83.55,83.71,83.89,84.09,84.64,85.09,85.55,85.91,86.06,86.18,86.29,86.38,86.46,86.53,86.60,86.67,86.74,86.81,86.88,86.95,87.02,87.08,87.15,87.21,87.27,87.34,87.34,87.35,87.39,87.44,87.51,87.52,87.52,87.53,87.59,87.64,87.69,87.74,87.78,87.83,87.88,87.90]
OTTOWN|Orino|H|13|[83.73,83.69,83.65,83.81,83.99,84.17,84.35,84.80,85.25,85.70,86.04,86.15,86.27,86.38,86.47,86.54,86.61,86.68,86.75,86.82,86.89,86.96,87.03,87.10,87.16,87.23,87.29,87.36,87.42,87.47,87.52,87.57,87.61,87.62,87.63,87.63,87.65,87.69,87.74,87.79,87.83,87.88,87.93,87.98,87.99]
OTTOWN|Orino|H|14|[83.87,83.83,83.97,84.15,84.32,84.48,84.55,85.00,85.45,85.86,86.15,86.26,86.38,86.47,86.55,86.62,86.70,86.76,86.83,86.90,86.97,87.05,87.12,87.18,87.25,87.31,87.38,87.44,87.51,87.56,87.61,87.65,87.70,87.71,87.71,87.73,87.77,87.82,87.87,87.90,87.93,87.98,88.02,88.07,88.08]
OTTOWN|Orino|H|15|[84.00,84.14,84.31,84.48,84.64,84.68,84.75,85.20,85.61,85.97,86.26,86.37,86.47,86.55,86.63,86.71,86.78,86.84,86.91,86.98,87.06,87.14,87.21,87.27,87.34,87.40,87.46,87.53,87.60,87.65,87.70,87.74,87.78,87.79,87.81,87.85,87.90,87.95,87.98,88.00,88.02,88.07,88.12,88.17,88.18]
OTTOWN|Orino|H|16|[84.32,84.48,84.64,84.80,84.84,84.88,84.95,85.36,85.72,86.08,86.36,86.46,86.55,86.64,86.72,86.79,86.86,86.93,87.00,87.07,87.15,87.23,87.29,87.36,87.42,87.48,87.55,87.62,87.68,87.74,87.78,87.82,87.87,87.89,87.93,87.98,88.03,88.06,88.08,88.09,88.11,88.16,88.22,88.27,88.28]
OTTOWN|Orino|H|17|[84.74,84.90,85.05,85.10,85.14,85.19,85.25,85.61,85.97,86.33,86.50,86.58,86.67,86.76,86.80,86.87,86.94,87.01,87.09,87.16,87.24,87.31,87.38,87.44,87.51,87.57,87.64,87.71,87.77,87.82,87.87,87.91,87.95,88.00,88.05,88.09,88.14,88.15,88.17,88.18,88.21,88.26,88.31,88.36,88.37]
OTTOWN|Orino|H|18|[85.31,85.46,85.54,85.59,85.63,85.68,85.74,86.10,86.46,86.62,86.69,86.78,86.87,86.87,86.90,86.97,87.04,87.11,87.19,87.26,87.34,87.40,87.47,87.53,87.60,87.67,87.73,87.80,87.86,87.91,87.95,87.99,88.03,88.08,88.13,88.17,88.22,88.23,88.24,88.26,88.30,88.35,88.40,88.46,88.47]
OTTOWN|Orino|H|19|[85.87,85.95,86.03,86.08,86.12,86.17,86.23,86.59,86.75,86.82,86.89,86.97,86.97,86.96,86.99,87.06,87.14,87.21,87.28,87.36,87.42,87.49,87.55,87.62,87.69,87.76,87.83,87.88,87.94,87.99,88.03,88.07,88.11,88.16,88.20,88.25,88.29,88.31,88.33,88.36,88.39,88.44,88.50,88.56,88.56]
OTTOWN|Orino|H|20|[86.36,86.44,86.52,86.57,86.62,86.66,86.73,86.89,86.95,87.01,87.08,87.08,87.07,87.06,87.09,87.16,87.24,87.31,87.38,87.45,87.51,87.58,87.65,87.72,87.79,87.85,87.91,87.97,88.02,88.07,88.11,88.15,88.19,88.24,88.28,88.33,88.37,88.39,88.42,88.45,88.48,88.54,88.60,88.66,88.66]
OTTOWN|Orino|H|21|[86.47,86.55,86.70,86.79,86.83,86.88,86.94,87.00,87.06,87.12,87.16,87.15,87.14,87.14,87.20,87.27,87.34,87.35,87.39,87.46,87.53,87.63,87.70,87.77,87.84,87.94,88.00,88.06,88.11,88.16,88.20,88.24,88.28,88.33,88.37,88.42,88.46,88.49,88.52,88.54,88.58,88.64,88.70,88.76,88.75]
OTTOWN|Orino|H|22|[86.35,86.50,86.74,86.83,86.87,86.93,87.00,87.06,87.12,87.19,87.23,87.21,87.21,87.26,87.31,87.39,87.40,87.32,87.36,87.42,87.53,87.66,87.73,87.80,87.93,88.04,88.09,88.15,88.21,88.25,88.29,88.33,88.38,88.43,88.47,88.52,88.56,88.59,88.62,88.64,88.68,88.74,88.80,88.86,88.86]
OTTOWN|Orino|H|23|[86.29,86.53,86.78,86.86,86.92,86.99,87.06,87.12,87.19,87.25,87.29,87.28,87.33,87.37,87.43,87.44,87.36,87.28,87.32,87.43,87.56,87.68,87.75,87.88,88.02,88.13,88.19,88.24,88.30,88.35,88.39,88.43,88.48,88.52,88.57,88.62,88.67,88.69,88.72,88.75,88.78,88.84,88.91,88.97,88.96]
OTTOWN|Orino|H|24|[86.33,86.57,86.82,86.92,86.99,87.06,87.12,87.19,87.25,87.31,87.36,87.40,87.44,87.48,87.48,87.40,87.33,87.25,87.33,87.46,87.58,87.71,87.84,87.98,88.11,88.22,88.28,88.34,88.39,88.44,88.49,88.53,88.58,88.62,88.67,88.72,88.77,88.79,88.82,88.85,88.88,88.95,89.01,89.08,89.06]
OTTOWN|Orino|H|25|[86.53,86.77,86.87,86.93,87.00,87.06,87.13,87.19,87.26,87.31,87.35,87.39,87.43,87.45,87.40,87.32,87.25,87.23,87.33,87.46,87.59,87.66,87.80,87.94,88.10,88.33,88.39,88.44,88.49,88.54,88.59,88.63,88.68,88.73,88.77,88.82,88.87,88.89,88.92,88.94,88.96,89.02,89.09,89.17,89.17]
OTTOWN|Orino|H|26|[86.76,86.85,86.87,86.93,87.00,87.06,87.13,87.19,87.25,87.28,87.32,87.36,87.38,87.36,87.31,87.24,87.22,87.22,87.33,87.46,87.53,87.60,87.74,87.90,88.21,88.44,88.50,88.55,88.59,88.64,88.68,88.73,88.78,88.83,88.87,88.92,88.96,88.99,89.01,89.01,89.03,89.09,89.17,89.27,89.27]
OTTOWN|Orino|H|27|[86.83,86.85,86.87,86.93,87.00,87.06,87.13,87.19,87.22,87.25,87.29,87.31,87.29,87.28,87.23,87.20,87.21,87.22,87.33,87.40,87.47,87.54,87.71,88.01,88.32,88.55,88.60,88.65,88.69,88.74,88.78,88.83,88.88,88.93,88.97,89.02,89.06,89.09,89.08,89.08,89.10,89.18,89.28,89.38,89.38]
OTTOWN|Orino|H|28|[86.86,86.88,86.89,86.95,87.02,87.09,87.16,87.19,87.22,87.26,87.27,87.26,87.24,87.23,87.23,87.24,87.25,87.25,87.31,87.38,87.45,87.53,87.84,88.15,88.45,88.66,88.70,88.75,88.79,88.84,88.89,88.93,88.98,89.03,89.07,89.12,89.16,89.16,89.15,89.15,89.18,89.28,89.38,89.48,89.47]
OTTOWN|Orino|H|29|[87.09,87.11,87.15,87.21,87.28,87.35,87.41,87.44,87.48,87.52,87.55,87.53,87.52,87.53,87.55,87.56,87.57,87.57,87.63,87.70,87.77,87.86,88.17,88.48,88.70,88.78,88.83,88.87,88.91,88.95,89.00,89.05,89.08,89.12,89.17,89.21,89.24,89.24,89.23,89.23,89.26,89.36,89.46,89.59,89.58]
OTTOWN|Orino|H|30|[87.33,87.36,87.40,87.47,87.53,87.60,87.67,87.70,87.74,87.79,87.82,87.81,87.83,87.86,87.88,87.89,87.89,87.89,87.95,88.02,88.10,88.19,88.50,88.72,88.82,88.91,88.95,88.99,89.02,89.06,89.11,89.14,89.18,89.22,89.26,89.29,89.32,89.32,89.31,89.31,89.34,89.44,89.56,89.70,89.70]
OTTOWN|Orino|H|31|[87.58,87.62,87.66,87.72,87.79,87.85,87.92,87.96,88.01,88.07,88.10,88.12,88.15,88.19,88.21,88.21,88.21,88.21,88.27,88.35,88.43,88.52,88.75,88.85,88.95,89.03,89.07,89.10,89.13,89.17,89.21,89.24,89.27,89.31,89.34,89.37,89.40,89.40,89.39,89.39,89.42,89.54,89.68,89.82,89.81]
OTTOWN|Orino|H|32|[87.75,87.78,87.84,87.92,87.98,88.05,88.13,88.19,88.24,88.29,88.34,88.37,88.41,88.44,88.46,88.46,88.46,88.47,88.55,88.63,88.71,88.77,88.88,88.98,89.08,89.01,89.04,89.07,89.10,89.28,89.31,89.34,89.38,89.41,89.44,89.47,89.49,89.49,89.48,89.48,89.53,89.66,89.80,89.94,90.00]
OTTOWN|Orino|H|33|[87.74,87.80,87.93,88.01,88.08,88.17,88.27,88.33,88.38,88.43,88.48,88.51,88.54,88.58,88.59,88.60,88.60,88.65,88.72,88.80,88.86,88.91,89.01,89.11,88.94,88.72,88.75,88.79,89.18,89.39,89.43,89.46,89.50,89.53,89.56,89.59,89.60,89.60,89.59,89.60,89.66,89.79,89.93,90.04,90.11]
OTTOWN|Orino|H|34|[87.76,87.89,88.03,88.11,88.20,88.31,88.42,88.47,88.52,88.57,88.61,88.65,88.68,88.71,88.73,88.73,88.78,88.82,88.89,88.96,89.00,89.05,89.15,88.97,88.65,88.44,88.47,88.87,89.30,89.51,89.54,89.58,89.63,89.66,89.68,89.70,89.71,89.70,89.71,89.73,89.78,89.92,90.04,90.15,90.22]
OTTOWN|Orino|H|35|[87.85,87.99,88.13,88.22,88.34,88.45,88.56,88.61,88.66,88.70,88.75,88.78,88.81,88.84,88.87,88.91,88.95,88.99,89.05,89.09,89.14,89.18,89.00,88.68,88.36,88.15,88.55,88.98,89.41,89.62,89.67,89.71,89.75,89.78,89.79,89.80,89.82,89.83,89.84,89.86,89.91,90.03,90.14,90.26,90.31]
OTTOWN|Orino|H|36|[88.02,88.16,88.29,88.40,88.51,88.63,88.70,88.75,88.80,88.84,88.88,88.91,88.94,88.97,89.01,89.05,89.09,89.13,89.17,89.21,89.26,89.28,88.96,88.64,88.32,88.55,88.98,89.41,89.78,89.80,89.84,89.88,89.89,89.90,89.91,89.93,89.94,89.95,89.97,89.99,90.03,90.15,90.26,90.39,90.44]
OTTOWN|Orino|H|37|[88.24,88.37,88.49,88.60,88.71,88.79,88.84,88.89,88.94,88.97,89.00,89.03,89.06,89.09,89.13,89.17,89.21,89.24,89.28,89.32,89.36,89.38,89.06,88.74,88.91,89.19,89.62,89.98,89.98,90.00,90.04,90.05,90.02,90.03,90.04,90.05,90.07,90.08,90.10,90.11,90.16,90.28,90.40,90.57,90.63]
OTTOWN|Orino|H|38|[88.45,88.57,88.69,88.80,88.88,88.93,88.99,89.04,89.07,89.10,89.13,89.16,89.18,89.21,89.25,89.28,89.32,89.35,89.39,89.43,89.47,89.49,89.17,89.34,89.55,89.83,90.19,90.18,90.18,90.20,90.21,90.18,90.15,90.15,90.17,90.18,90.19,90.21,90.23,90.24,90.29,90.41,90.59,90.76,90.81]
OTTOWN|Orino|H|39|[88.65,88.77,88.89,88.96,89.02,89.08,89.13,89.16,89.19,89.22,89.25,89.28,89.30,89.33,89.36,89.39,89.43,89.46,89.50,89.54,89.58,89.60,89.76,89.98,90.19,90.40,90.39,90.38,90.38,90.37,90.34,90.31,90.28,90.28,90.30,90.31,90.32,90.34,90.35,90.37,90.43,90.60,90.77,90.95,91.03]
OTTOWN|Orino|H|40|[88.84,88.96,89.05,89.11,89.17,89.23,89.28,89.30,89.33,89.36,89.38,89.41,89.44,89.46,89.49,89.52,89.55,89.57,89.61,89.65,89.69,89.73,89.94,90.15,90.37,90.52,90.51,90.50,90.50,90.48,90.45,90.42,90.40,90.41,90.42,90.44,90.43,90.45,90.46,90.48,90.52,90.69,90.87,91.06,91.17]
OTTOWN|Orino|H|41|[89.03,89.12,89.20,89.26,89.32,89.37,89.42,89.45,89.48,89.50,89.52,89.55,89.57,89.59,89.61,89.64,89.66,89.68,89.72,89.76,89.79,89.83,90.04,90.26,90.48,90.63,90.62,90.61,90.60,90.58,90.55,90.54,90.53,90.54,90.55,90.55,90.54,90.55,90.57,90.56,90.60,90.77,90.96,91.18,91.29]
OTTOWN|Orino|H|42|[89.20,89.27,89.35,89.41,89.46,89.51,89.56,89.59,89.61,89.63,89.66,89.68,89.70,89.71,89.74,89.76,89.77,89.79,89.82,89.86,89.89,89.93,90.15,90.36,90.58,90.73,90.72,90.72,90.71,90.69,90.67,90.67,90.66,90.67,90.66,90.65,90.65,90.66,90.65,90.64,90.68,90.87,91.08,91.30,91.41]
OTTOWN|Orino|H|43|[89.35,89.42,89.50,89.55,89.60,89.65,89.71,89.73,89.75,89.77,89.79,89.81,89.82,89.84,89.85,89.87,89.89,89.90,89.93,89.96,89.99,90.03,90.25,90.47,90.69,90.84,90.83,90.83,90.82,90.81,90.80,90.79,90.78,90.77,90.77,90.76,90.75,90.74,90.72,90.71,90.77,90.98,91.20,91.41,91.52]
OTTOWN|Orino|H|44|[89.49,89.57,89.55,89.59,89.64,89.71,89.84,89.87,89.89,89.91,89.93,89.94,89.96,89.97,89.99,90.01,90.02,90.03,90.05,90.08,90.11,90.15,90.37,90.59,90.82,90.98,90.97,90.97,90.94,90.92,90.91,90.90,90.87,90.86,90.85,90.84,90.81,90.80,90.79,90.77,90.81,91.02,91.24,91.49,91.62]
OTTOWN|Orino|END
OTTOWN|Ekali|HEAD|i_Stone_HouseBig_V1_F|Land_i_Stone_HouseBig_V1_F|[17060.156,9992.344,21.336]|70.00|true|20|1|2
OTTOWN|Ekali|BOX|[-6.78,-6.16,6.78,6.16,-5.84,5.84]
OTTOWN|Ekali|DOOR|main|[17059.30,9988.84,21.78]|250.0|1.00
OTTOWN|Ekali|BPOS|[[17062.16,9993.55,21.85],[17064.67,9994.62,21.83],[17066.02,9990.16,24.62],[17060.19,9989.96,24.67],[17062.82,9994.28,24.67],[17063.02,9989.35,21.84]]
OTTOWN|Ekali|OBJ|wall|wired_fence_8m_f.p3d|[17095.23,10019.03,22.47]|46.2|[-4.10,-0.08,4.10,0.08,-0.89,0.89]
OTTOWN|Ekali|OBJ|wall|wired_fence_8m_f.p3d|[17089.42,10024.99,21.70]|44.6|[-4.10,-0.08,4.10,0.08,-0.89,0.89]
OTTOWN|Ekali|OBJ|wall|wired_fence_4m_f.p3d|[17085.05,10029.44,21.04]|47.9|[-2.03,-0.12,2.03,0.12,-0.89,0.89]
OTTOWN|Ekali|H|0|[21.64,21.79,21.99,22.19,22.38,22.57,22.74,22.92,23.11,23.27,23.44,23.60,23.77,23.95,24.13,24.33,24.54,24.78,25.00,25.20,25.42,25.65,25.87,26.08,26.26,26.44,26.65,26.87,27.04,27.21,27.35,27.51,27.68,27.85,27.98,28.13,28.28,28.46,28.68,28.84,28.98,29.14,29.30,29.44,29.57]
OTTOWN|Ekali|H|1|[21.50,21.65,21.85,22.04,22.24,22.42,22.60,22.78,22.97,23.14,23.30,23.47,23.63,23.82,24.01,24.20,24.41,24.64,24.84,25.04,25.25,25.47,25.68,25.88,26.06,26.28,26.50,26.72,26.90,27.03,27.17,27.32,27.49,27.62,27.75,27.90,28.08,28.29,28.51,28.67,28.82,28.99,29.15,29.28,29.41]
OTTOWN|Ekali|H|2|[21.36,21.51,21.70,21.89,22.09,22.28,22.47,22.65,22.84,23.01,23.17,23.33,23.50,23.69,23.88,24.08,24.28,24.48,24.67,24.87,25.07,25.28,25.48,25.68,25.90,26.13,26.35,26.58,26.71,26.85,26.99,27.13,27.26,27.39,27.52,27.70,27.91,28.12,28.34,28.51,28.67,28.83,28.99,29.13,29.26]
OTTOWN|Ekali|H|3|[21.27,21.40,21.60,21.79,21.98,22.15,22.34,22.53,22.71,22.88,23.04,23.20,23.37,23.56,23.76,23.95,24.13,24.33,24.53,24.71,24.90,25.11,25.31,25.48,25.69,25.92,26.15,26.35,26.49,26.63,26.76,26.86,26.99,27.12,27.18,27.29,27.51,27.72,27.97,28.14,28.31,28.47,28.77,28.90,29.04]
OTTOWN|Ekali|H|4|[21.17,21.30,21.50,21.68,21.85,22.03,22.22,22.40,22.58,22.75,22.91,23.08,23.24,23.44,23.63,23.81,23.99,24.19,24.38,24.55,24.74,24.94,25.11,25.27,25.48,25.71,25.92,26.13,26.26,26.39,26.48,26.59,26.72,26.78,26.76,26.87,27.09,27.33,27.58,27.76,27.92,28.24,28.54,28.68,28.81]
OTTOWN|Ekali|H|5|[21.07,21.21,21.39,21.56,21.73,21.91,22.09,22.27,22.45,22.62,22.79,22.95,23.12,23.31,23.49,23.67,23.85,24.04,24.21,24.38,24.57,24.74,24.90,25.06,25.27,25.48,25.69,25.90,26.03,26.12,26.21,26.32,26.37,26.36,26.34,26.45,26.70,26.95,27.20,27.38,27.70,28.02,28.32,28.45,28.59]
OTTOWN|Ekali|H|6|[20.97,21.11,21.28,21.45,21.62,21.79,21.97,22.15,22.33,22.49,22.66,22.82,22.99,23.17,23.35,23.52,23.70,23.87,24.05,24.22,24.39,24.54,24.70,24.86,25.06,25.27,25.48,25.66,25.76,25.85,25.94,25.99,25.98,25.96,25.94,26.08,26.34,26.59,26.84,27.14,27.46,27.78,28.08,28.21,28.35]
OTTOWN|Ekali|H|7|[20.91,21.05,21.22,21.39,21.54,21.70,21.89,22.07,22.20,22.36,22.53,22.69,22.84,23.01,23.19,23.37,23.55,23.72,23.89,24.08,24.25,24.40,24.56,24.70,24.90,25.11,25.29,25.40,25.49,25.58,25.67,25.71,25.69,25.67,25.68,25.83,26.09,26.34,26.55,26.85,27.16,27.48,27.78,27.91,28.05]
OTTOWN|Ekali|H|8|[20.85,21.00,21.17,21.32,21.46,21.62,21.80,21.93,22.07,22.23,22.39,22.53,22.68,22.86,23.04,23.22,23.39,23.56,23.75,23.93,24.10,24.26,24.40,24.54,24.74,24.92,25.03,25.13,25.23,25.31,25.38,25.42,25.40,25.41,25.43,25.58,25.84,26.04,26.25,26.55,26.87,27.18,27.48,27.61,27.78]
OTTOWN|Ekali|H|9|[20.80,20.95,21.09,21.23,21.37,21.53,21.67,21.80,21.93,22.09,22.24,22.38,22.53,22.71,22.89,23.06,23.24,23.42,23.61,23.79,23.96,24.10,24.24,24.38,24.55,24.66,24.76,24.87,24.95,25.02,25.09,25.13,25.14,25.16,25.18,25.33,25.54,25.75,25.96,26.25,26.56,26.88,27.17,27.34,27.53]
OTTOWN|Ekali|H|10|[20.74,20.87,21.01,21.15,21.29,21.42,21.55,21.68,21.81,21.95,22.10,22.24,22.38,22.55,22.73,22.91,23.08,23.27,23.45,23.64,23.79,23.93,24.07,24.19,24.29,24.40,24.51,24.58,24.65,24.72,24.79,24.84,24.86,24.88,24.90,25.04,25.25,25.46,25.68,25.98,26.29,26.60,26.87,27.07,27.26]
OTTOWN|Ekali|H|11|[20.66,20.79,20.93,21.07,21.19,21.32,21.45,21.58,21.69,21.83,21.98,22.11,22.22,22.40,22.58,22.74,22.91,23.10,23.28,23.46,23.61,23.75,23.87,23.94,24.04,24.15,24.22,24.26,24.33,24.40,24.47,24.52,24.54,24.56,24.61,24.75,24.96,25.18,25.44,25.74,26.05,26.32,26.56,26.75,26.95]
OTTOWN|Ekali|H|12|[20.58,20.71,20.85,20.97,21.10,21.22,21.35,21.46,21.57,21.71,21.84,21.95,22.07,22.25,22.41,22.57,22.74,22.92,23.10,23.27,23.42,23.55,23.62,23.69,23.79,23.86,23.90,23.93,24.00,24.07,24.15,24.20,24.22,24.27,24.33,24.47,24.69,24.94,25.20,25.50,25.77,26.01,26.24,26.44,26.65]
OTTOWN|Ekali|H|13|[20.50,20.63,20.75,20.88,21.00,21.12,21.23,21.34,21.45,21.57,21.69,21.80,21.91,22.08,22.24,22.40,22.57,22.74,22.91,23.09,23.22,23.30,23.37,23.44,23.50,23.54,23.57,23.61,23.68,23.75,23.83,23.88,23.93,23.99,24.04,24.20,24.45,24.70,24.96,25.22,25.46,25.69,25.93,26.14,26.35]
OTTOWN|Ekali|H|14|[20.44,20.56,20.68,20.81,20.92,21.03,21.14,21.25,21.35,21.46,21.57,21.68,21.80,21.96,22.12,22.28,22.41,22.59,22.76,22.93,23.03,23.10,23.17,23.25,23.29,23.32,23.36,23.36,23.43,23.50,23.57,23.64,23.69,23.74,23.79,23.96,24.21,24.46,24.67,24.90,25.14,25.37,25.62,25.83,26.05]
OTTOWN|Ekali|H|15|[20.38,20.50,20.62,20.74,20.84,20.95,21.05,21.16,21.26,21.37,21.48,21.59,21.71,21.87,22.03,22.14,22.28,22.45,22.61,22.76,22.86,22.93,23.00,23.08,23.12,23.16,23.15,23.14,23.21,23.28,23.35,23.41,23.46,23.51,23.55,23.72,23.97,24.18,24.35,24.58,24.81,25.06,25.31,25.53,25.74]
OTTOWN|Ekali|H|16|[20.33,20.44,20.56,20.66,20.76,20.86,20.97,21.06,21.16,21.27,21.39,21.50,21.62,21.78,21.89,22.00,22.14,22.30,22.44,22.58,22.69,22.76,22.84,22.91,22.96,22.95,22.93,22.92,22.99,23.06,23.12,23.18,23.23,23.27,23.31,23.48,23.69,23.86,24.03,24.25,24.50,24.76,25.01,25.22,25.52]
OTTOWN|Ekali|H|17|[20.27,20.38,20.48,20.58,20.67,20.77,20.87,20.97,21.07,21.18,21.30,21.41,21.53,21.64,21.75,21.87,21.99,22.13,22.27,22.41,22.52,22.59,22.67,22.75,22.75,22.73,22.71,22.70,22.77,22.83,22.89,22.95,22.99,23.03,23.07,23.19,23.36,23.54,23.71,23.94,24.20,24.45,24.70,25.00,25.31]
OTTOWN|Ekali|H|18|[20.22,20.31,20.41,20.51,20.61,20.70,20.80,20.90,20.99,21.10,21.21,21.33,21.42,21.53,21.64,21.74,21.84,21.98,22.12,22.25,22.35,22.42,22.50,22.57,22.56,22.54,22.52,22.51,22.57,22.64,22.70,22.76,22.80,22.84,22.91,23.04,23.21,23.38,23.53,23.76,24.01,24.27,24.53,24.84,25.14]
OTTOWN|Ekali|H|19|[20.16,20.25,20.35,20.44,20.54,20.63,20.73,20.82,20.91,21.02,21.13,21.22,21.30,21.42,21.52,21.60,21.69,21.84,21.97,22.08,22.18,22.25,22.32,22.38,22.37,22.35,22.33,22.32,22.38,22.45,22.52,22.58,22.62,22.68,22.77,22.91,23.08,23.22,23.35,23.59,23.84,24.10,24.37,24.67,24.98]
OTTOWN|Ekali|H|20|[20.09,20.19,20.28,20.37,20.47,20.56,20.65,20.74,20.82,20.93,21.02,21.10,21.19,21.29,21.37,21.45,21.55,21.68,21.79,21.91,22.01,22.07,22.13,22.19,22.18,22.16,22.14,22.12,22.19,22.26,22.33,22.40,22.46,22.55,22.64,22.77,22.91,23.05,23.18,23.41,23.67,23.94,24.20,24.51,24.84]
OTTOWN|Ekali|H|21|[20.03,20.12,20.21,20.31,20.40,20.48,20.57,20.65,20.74,20.82,20.91,20.99,21.07,21.15,21.23,21.30,21.40,21.52,21.63,21.75,21.83,21.89,21.95,22.01,22.00,21.98,21.96,21.96,22.03,22.10,22.17,22.25,22.34,22.43,22.52,22.63,22.77,22.90,23.03,23.29,23.55,23.81,24.06,24.39,24.71]
OTTOWN|Ekali|H|22|[19.96,20.05,20.15,20.24,20.31,20.39,20.48,20.56,20.63,20.71,20.79,20.87,20.92,21.00,21.08,21.17,21.28,21.40,21.52,21.63,21.71,21.77,21.83,21.88,21.88,21.85,21.85,21.90,21.98,22.05,22.13,22.22,22.31,22.40,22.49,22.61,22.74,22.88,23.09,23.35,23.61,23.85,24.04,24.37,24.69]
OTTOWN|Ekali|H|23|[19.90,19.99,20.08,20.15,20.22,20.30,20.39,20.45,20.51,20.59,20.67,20.72,20.78,20.85,20.95,21.05,21.16,21.28,21.39,21.51,21.59,21.65,21.70,21.76,21.75,21.75,21.80,21.85,21.92,22.01,22.10,22.20,22.28,22.38,22.47,22.59,22.72,22.93,23.15,23.40,23.65,23.83,24.02,24.34,24.64]
OTTOWN|Ekali|H|24|[19.83,19.92,19.99,20.06,20.13,20.21,20.27,20.33,20.40,20.47,20.52,20.58,20.63,20.72,20.83,20.94,21.05,21.16,21.27,21.38,21.46,21.52,21.58,21.63,21.64,21.69,21.74,21.80,21.88,21.98,22.07,22.17,22.26,22.35,22.44,22.56,22.78,22.99,23.21,23.44,23.62,23.81,24.00,24.29,24.56]
OTTOWN|Ekali|H|25|[19.76,19.84,19.91,19.98,20.05,20.10,20.17,20.23,20.28,20.34,20.39,20.44,20.50,20.60,20.71,20.82,20.92,21.03,21.15,21.26,21.34,21.39,21.45,21.51,21.56,21.61,21.66,21.73,21.83,21.93,22.02,22.11,22.21,22.30,22.39,22.56,22.78,22.99,23.21,23.40,23.58,23.76,23.96,24.22,24.49]
OTTOWN|Ekali|H|26|[19.68,19.76,19.82,19.89,19.95,20.01,20.07,20.12,20.17,20.22,20.28,20.33,20.37,20.48,20.59,20.69,20.79,20.91,21.02,21.13,21.20,21.26,21.32,21.39,21.44,21.49,21.56,21.66,21.75,21.85,21.94,22.02,22.12,22.21,22.31,22.48,22.69,22.91,23.15,23.34,23.52,23.71,23.91,24.18,24.44]
OTTOWN|Ekali|H|27|[19.60,19.67,19.74,19.80,19.85,19.91,19.96,20.01,20.06,20.11,20.16,20.20,20.25,20.36,20.46,20.56,20.67,20.78,20.89,20.99,21.07,21.13,21.20,21.27,21.32,21.39,21.49,21.58,21.68,21.76,21.84,21.93,22.02,22.13,22.23,22.39,22.61,22.85,23.08,23.27,23.46,23.66,23.86,24.13,24.33]
OTTOWN|Ekali|H|28|[19.52,19.59,19.64,19.70,19.75,19.80,19.85,19.90,19.95,20.00,20.04,20.08,20.13,20.23,20.33,20.43,20.54,20.65,20.75,20.86,20.94,21.01,21.08,21.15,21.22,21.32,21.41,21.50,21.59,21.67,21.75,21.84,21.94,22.04,22.14,22.32,22.55,22.78,23.01,23.21,23.41,23.61,23.82,24.02,24.20]
OTTOWN|Ekali|H|29|[19.44,19.48,19.54,19.59,19.63,19.66,19.71,19.76,19.81,19.86,19.90,19.95,20.01,20.11,20.21,20.31,20.41,20.51,20.62,20.73,20.82,20.89,20.95,21.02,21.11,21.21,21.30,21.40,21.48,21.57,21.65,21.76,21.86,21.96,22.06,22.23,22.46,22.70,22.92,23.12,23.32,23.52,23.69,23.87,24.05]
OTTOWN|Ekali|H|30|[19.32,19.37,19.42,19.47,19.48,19.51,19.56,19.61,19.67,19.72,19.76,19.82,19.89,19.99,20.09,20.18,20.28,20.38,20.49,20.60,20.69,20.76,20.83,20.90,20.99,21.08,21.18,21.29,21.37,21.45,21.57,21.68,21.78,21.88,21.97,22.14,22.37,22.59,22.81,23.01,23.21,23.37,23.53,23.71,23.89]
OTTOWN|Ekali|H|31|[19.21,19.26,19.30,19.31,19.32,19.35,19.41,19.47,19.53,19.58,19.64,19.71,19.77,19.88,19.96,20.05,20.15,20.25,20.37,20.48,20.57,20.63,20.70,20.77,20.86,20.97,21.07,21.18,21.26,21.37,21.49,21.60,21.70,21.79,21.87,22.04,22.27,22.48,22.70,22.90,23.07,23.21,23.37,23.55,23.66]
OTTOWN|Ekali|H|32|[19.10,19.14,19.15,19.16,19.17,19.21,19.27,19.33,19.39,19.45,19.52,19.59,19.66,19.75,19.83,19.92,20.02,20.13,20.24,20.35,20.44,20.51,20.58,20.65,20.75,20.85,20.96,21.07,21.18,21.29,21.41,21.52,21.60,21.69,21.78,21.94,22.16,22.38,22.59,22.76,22.91,23.05,23.21,23.32,23.43]
OTTOWN|Ekali|H|33|[18.99,19.00,19.01,19.02,19.00,19.02,19.08,19.14,19.23,19.30,19.36,19.43,19.52,19.61,19.70,19.79,19.89,20.00,20.11,20.23,20.33,20.40,20.47,20.56,20.66,20.77,20.88,20.98,21.10,21.21,21.33,21.45,21.54,21.63,21.73,21.90,22.12,22.33,22.49,22.64,22.79,22.94,23.03,23.15,23.26]
OTTOWN|Ekali|H|34|[18.85,18.86,18.87,18.85,18.81,18.83,18.89,18.97,19.07,19.14,19.20,19.30,19.39,19.47,19.56,19.66,19.76,19.87,19.99,20.12,20.21,20.28,20.38,20.47,20.58,20.69,20.79,20.90,21.01,21.14,21.27,21.40,21.48,21.58,21.70,21.87,22.08,22.24,22.38,22.53,22.68,22.77,22.87,22.98,23.08]
OTTOWN|Ekali|H|35|[18.71,18.72,18.70,18.66,18.62,18.63,18.72,18.81,18.91,18.98,19.07,19.16,19.25,19.34,19.44,19.53,19.63,19.75,19.88,20.01,20.10,20.19,20.29,20.39,20.50,20.60,20.71,20.82,20.94,21.08,21.22,21.34,21.44,21.55,21.66,21.83,21.99,22.13,22.27,22.42,22.51,22.60,22.70,22.80,22.87]
OTTOWN|Ekali|H|36|[18.56,18.57,18.53,18.49,18.45,18.48,18.57,18.67,18.76,18.85,18.94,19.03,19.12,19.22,19.31,19.41,19.51,19.64,19.77,19.90,20.01,20.11,20.21,20.30,20.41,20.52,20.62,20.73,20.87,21.01,21.15,21.27,21.39,21.50,21.61,21.74,21.88,22.01,22.15,22.25,22.35,22.44,22.54,22.60,22.67]
OTTOWN|Ekali|H|37|[18.41,18.51,18.47,18.43,18.37,18.40,18.49,18.59,18.67,18.76,18.85,18.94,19.03,19.12,19.22,19.31,19.41,19.53,19.66,19.79,19.90,20.00,20.10,20.20,20.31,20.41,20.51,20.60,20.74,20.88,21.02,21.15,21.26,21.37,21.48,21.60,21.74,21.88,22.01,22.11,22.21,22.31,22.42,22.49,22.55]
OTTOWN|Ekali|H|38|[18.34,18.45,18.40,18.35,18.29,18.32,18.41,18.50,18.58,18.67,18.76,18.84,18.93,19.03,19.12,19.20,19.30,19.43,19.55,19.68,19.79,19.89,19.99,20.10,20.20,20.30,20.39,20.48,20.62,20.75,20.89,21.02,21.13,21.24,21.35,21.47,21.61,21.74,21.88,21.98,22.08,22.19,22.31,22.37,22.46]
OTTOWN|Ekali|H|39|[18.28,18.38,18.33,18.27,18.21,18.24,18.32,18.41,18.49,18.58,18.66,18.75,18.83,18.92,19.01,19.09,19.19,19.32,19.44,19.57,19.68,19.78,19.89,19.99,20.09,20.18,20.26,20.35,20.49,20.63,20.76,20.89,21.00,21.11,21.21,21.34,21.47,21.60,21.74,21.84,21.96,22.08,22.19,22.28,22.38]
OTTOWN|Ekali|H|40|[18.24,18.26,18.20,18.14,18.08,18.16,18.24,18.32,18.40,18.48,18.57,18.66,18.74,18.82,18.91,18.99,19.09,19.21,19.34,19.46,19.58,19.68,19.79,19.89,19.97,20.06,20.14,20.21,20.35,20.48,20.62,20.74,20.85,20.95,21.06,21.20,21.33,21.46,21.59,21.70,21.82,21.94,22.06,22.17,22.27]
OTTOWN|Ekali|H|41|[18.08,18.05,17.99,17.94,18.01,18.09,18.17,18.25,18.32,18.40,18.48,18.56,18.64,18.72,18.81,18.88,18.98,19.10,19.23,19.37,19.48,19.59,19.69,19.77,19.85,19.94,20.00,20.05,20.18,20.32,20.45,20.56,20.67,20.78,20.92,21.05,21.19,21.31,21.41,21.53,21.64,21.77,21.90,22.01,22.11]
OTTOWN|Ekali|H|42|[17.88,17.85,17.79,17.87,17.94,18.02,18.10,18.17,18.23,18.31,18.39,18.46,18.54,18.62,18.70,18.78,18.87,18.99,19.13,19.27,19.39,19.49,19.57,19.65,19.74,19.80,19.84,19.88,20.02,20.14,20.27,20.39,20.50,20.63,20.77,20.91,21.03,21.13,21.24,21.35,21.48,21.61,21.75,21.85,21.98]
OTTOWN|Ekali|H|43|[17.68,17.65,17.72,17.80,17.87,17.95,18.01,18.08,18.15,18.22,18.29,18.37,18.44,18.52,18.59,18.67,18.76,18.90,19.03,19.17,19.29,19.37,19.45,19.53,19.60,19.63,19.67,19.71,19.84,19.97,20.09,20.21,20.35,20.49,20.63,20.76,20.86,20.96,21.06,21.18,21.32,21.46,21.59,21.71,21.84]
OTTOWN|Ekali|H|44|[17.60,17.62,17.69,17.77,17.82,17.85,17.92,17.98,18.09,18.17,18.24,18.31,18.36,18.44,18.51,18.59,18.69,18.82,18.96,19.10,19.20,19.29,19.37,19.45,19.50,19.54,19.57,19.63,19.76,19.88,20.01,20.11,20.25,20.39,20.52,20.63,20.73,20.83,20.94,21.08,21.21,21.35,21.47,21.60,21.73]
OTTOWN|Ekali|END
OTTOWN|Rodopoli|HEAD|i_House_Big_01_V1_F|Land_i_House_Big_01_V1_F|[18723.176,16600.572,33.800]|234.79|false|147|3|4
OTTOWN|Rodopoli|BOX|[-7.89,-8.48,7.89,8.48,-6.61,6.61]
OTTOWN|Rodopoli|DOOR|main|[18731.08,16602.12,34.36]|414.8|2.25
OTTOWN|Rodopoli|DOOR|side|[18715.76,16601.34,34.38]|324.8|1.00
OTTOWN|Rodopoli|BPOS|[[18718.05,16597.84,34.37],[18725.94,16604.20,37.87],[18724.04,16600.27,34.43],[18721.40,16599.64,37.77],[18716.23,16600.06,37.81],[18724.22,16598.00,37.80],[18720.82,16594.49,37.80],[18728.06,16604.20,37.87],[18728.07,16599.83,37.79]]
OTTOWN|Rodopoli|OBJ|building|Land_i_House_Big_02_V2_F|[18748.22,16587.07,32.14]|235.7|[-5.33,-12.09,5.33,12.09,-6.09,6.09]
OTTOWN|Rodopoli|OBJ|building|Land_i_Garage_V2_F|[18723.29,16567.17,32.79]|325.2|[-9.00,-3.69,9.00,3.69,-3.37,3.37]
OTTOWN|Rodopoli|OBJ|building|tank_rust_f.p3d|[18734.95,16579.03,31.72]|236.9|[-3.05,-1.27,3.05,1.27,-1.43,1.43]
OTTOWN|Rodopoli|OBJ|building|Land_i_House_Big_02_V3_F|[18753.72,16578.96,32.26]|235.7|[-5.33,-12.09,5.33,12.09,-6.09,6.09]
OTTOWN|Rodopoli|OBJ|building|Land_i_Addon_02_V1_F|[18713.45,16593.49,34.31]|325.2|[-4.54,-4.94,4.54,4.94,-3.71,3.71]
OTTOWN|Rodopoli|OBJ|building|treebin_f.p3d|[18713.55,16608.59,34.30]|0.0|[-1.24,-1.26,1.24,1.26,-0.43,0.43]
OTTOWN|Rodopoli|OBJ|building|treebin_f.p3d|[18703.38,16601.50,34.61]|0.0|[-1.24,-1.26,1.24,1.26,-0.43,0.43]
OTTOWN|Rodopoli|OBJ|building|Land_u_House_Small_02_V1_F|[18735.13,16610.40,33.32]|144.7|[-8.20,-4.64,8.20,4.64,-4.71,4.71]
OTTOWN|Rodopoli|OBJ|building|Land_i_Addon_02_V1_F|[18741.96,16606.49,32.94]|233.5|[-4.54,-4.94,4.54,4.94,-3.71,3.71]
OTTOWN|Rodopoli|OBJ|building|treebin_f.p3d|[18724.12,16616.27,33.54]|0.0|[-1.24,-1.26,1.24,1.26,-0.43,0.43]
OTTOWN|Rodopoli|OBJ|building|Land_u_House_Small_02_V1_F|[18758.15,16614.43,32.52]|237.6|[-8.20,-4.64,8.20,4.64,-4.71,4.71]
OTTOWN|Rodopoli|OBJ|building|Land_u_Shop_01_V1_F|[18711.46,16632.80,34.55]|327.2|[-4.75,-10.13,4.75,10.13,-6.58,6.58]
OTTOWN|Rodopoli|OBJ|building|Land_u_Shop_02_V1_F|[18718.61,16638.90,33.93]|57.4|[-8.56,-5.44,8.56,5.44,-6.24,6.24]
OTTOWN|Rodopoli|OBJ|building|Land_i_House_Small_01_V1_F|[18700.48,16627.78,34.82]|326.9|[-5.43,-7.64,5.43,7.64,-5.08,5.08]
OTTOWN|Rodopoli|OBJ|building|Land_i_Garage_V1_dam_F|[18692.59,16624.00,35.17]|236.6|[-9.00,-4.46,9.00,4.46,-3.41,3.41]
OTTOWN|Rodopoli|OBJ|building|Land_u_House_Big_02_V1_F|[18726.73,16644.66,33.52]|327.2|[-5.27,-12.09,5.27,12.09,-5.90,5.90]
OTTOWN|Rodopoli|OBJ|building|Land_i_House_Big_01_V1_F|[18753.65,16630.20,32.53]|57.0|[-7.89,-8.48,7.89,8.48,-6.61,6.61]
OTTOWN|Rodopoli|OBJ|wall|city2_8m_f.p3d|[18737.86,16558.93,31.88]|146.4|[-3.51,-0.25,3.51,0.25,-2.09,2.09]
OTTOWN|Rodopoli|OBJ|wall|city2_8m_f.p3d|[18689.38,16576.64,35.17]|52.7|[-3.51,-0.25,3.51,0.25,-2.09,2.09]
OTTOWN|Rodopoli|OBJ|wall|city2_8m_f.p3d|[18685.25,16582.03,35.25]|52.7|[-3.51,-0.25,3.51,0.25,-2.09,2.09]
OTTOWN|Rodopoli|OBJ|wall|city2_8m_f.p3d|[18716.19,16570.26,33.64]|144.2|[-3.51,-0.25,3.51,0.25,-2.09,2.09]
OTTOWN|Rodopoli|OBJ|wall|city2_8m_f.p3d|[18704.03,16580.67,34.71]|233.6|[-3.51,-0.25,3.51,0.25,-2.09,2.09]
OTTOWN|Rodopoli|OBJ|wall|city2_8m_f.p3d|[18699.97,16586.14,34.91]|233.6|[-3.51,-0.25,3.51,0.25,-2.09,2.09]
OTTOWN|Rodopoli|OBJ|wall|city2_8m_f.p3d|[18711.48,16570.86,33.85]|233.4|[-3.51,-0.25,3.51,0.25,-2.09,2.09]
OTTOWN|Rodopoli|OBJ|wall|city2_4m_f.p3d|[18717.04,16568.70,33.02]|232.4|[-1.76,-0.25,1.76,0.25,-2.09,2.09]
OTTOWN|Rodopoli|OBJ|wall|city_pillar_f.p3d|[18709.39,16573.66,33.77]|323.3|[-0.23,-0.24,0.23,0.24,-2.14,2.14]
OTTOWN|Rodopoli|OBJ|wall|city2_8m_f.p3d|[18738.52,16586.05,32.49]|144.9|[-3.51,-0.25,3.51,0.25,-2.09,2.09]
OTTOWN|Rodopoli|OBJ|wall|city2_8m_f.p3d|[18732.93,16582.17,32.54]|144.9|[-3.51,-0.25,3.51,0.25,-2.09,2.09]
OTTOWN|Rodopoli|OBJ|wall|city2_8m_f.p3d|[18727.36,16578.18,32.89]|144.6|[-3.51,-0.25,3.51,0.25,-2.09,2.09]
OTTOWN|Rodopoli|OBJ|wall|city2_8m_f.p3d|[18721.80,16574.26,33.18]|144.9|[-3.51,-0.25,3.51,0.25,-2.09,2.09]
OTTOWN|Rodopoli|OBJ|wall|city2_8m_f.p3d|[18724.21,16560.05,32.59]|235.1|[-3.51,-0.25,3.51,0.25,-2.09,2.09]
OTTOWN|Rodopoli|OBJ|wall|city2_8m_f.p3d|[18749.45,16566.58,31.76]|146.4|[-3.51,-0.25,3.51,0.25,-2.09,2.09]
OTTOWN|Rodopoli|OBJ|wall|city2_8m_f.p3d|[18743.68,16562.79,31.72]|146.4|[-3.51,-0.25,3.51,0.25,-2.09,2.09]
OTTOWN|Rodopoli|OBJ|wall|city2_8m_f.p3d|[18755.22,16570.44,31.71]|146.4|[-3.51,-0.25,3.51,0.25,-2.09,2.09]
OTTOWN|Rodopoli|OBJ|wall|stone_8m_f.p3d|[18685.01,16608.61,35.24]|318.6|[-4.26,-0.35,4.26,0.35,-1.30,1.30]
OTTOWN|Rodopoli|OBJ|wall|stone_8m_f.p3d|[18679.03,16603.34,35.42]|318.6|[-4.26,-0.35,4.26,0.35,-1.30,1.30]
OTTOWN|Rodopoli|OBJ|wall|stone_8m_f.p3d|[18691.30,16613.52,35.01]|325.1|[-4.26,-0.35,4.26,0.35,-1.30,1.30]
OTTOWN|Rodopoli|OBJ|wall|city2_8m_f.p3d|[18700.57,16590.89,34.87]|323.0|[-3.51,-0.25,3.51,0.25,-2.09,2.09]
OTTOWN|Rodopoli|OBJ|wall|concrete_smallwall_8m_f.p3d|[18695.27,16599.60,34.34]|324.4|[-4.00,-0.26,4.00,0.26,-1.15,1.15]
OTTOWN|Rodopoli|OBJ|wall|concrete_smallwall_8m_f.p3d|[18701.72,16604.23,34.33]|324.4|[-4.00,-0.26,4.00,0.26,-1.15,1.15]
OTTOWN|Rodopoli|OBJ|wall|concrete_smallwall_8m_f.p3d|[18714.62,16613.53,33.98]|325.0|[-4.00,-0.26,4.00,0.26,-1.15,1.15]
OTTOWN|Rodopoli|OBJ|wall|concrete_smallwall_8m_f.p3d|[18708.17,16608.89,34.17]|323.8|[-4.00,-0.26,4.00,0.26,-1.15,1.15]
OTTOWN|Rodopoli|OBJ|wall|stone_pillar_f.p3d|[18694.34,16615.60,34.92]|148.5|[-0.45,-0.44,0.45,0.44,-1.79,1.79]
OTTOWN|Rodopoli|OBJ|wall|city_pillar_f.p3d|[18703.37,16592.98,34.44]|323.3|[-0.23,-0.24,0.23,0.24,-2.14,2.14]
OTTOWN|Rodopoli|OBJ|wall|city_pillar_f.p3d|[18712.96,16612.35,34.35]|322.4|[-0.23,-0.24,0.23,0.24,-2.14,2.14]
OTTOWN|Rodopoli|OBJ|wall|city_pillar_f.p3d|[18719.62,16616.94,33.92]|326.4|[-0.23,-0.24,0.23,0.24,-2.14,2.14]
OTTOWN|Rodopoli|OBJ|wall|city_pillar_f.p3d|[18700.10,16603.05,34.66]|322.0|[-0.23,-0.24,0.23,0.24,-2.14,2.14]
OTTOWN|Rodopoli|OBJ|wall|city_pillar_f.p3d|[18692.20,16597.38,34.74]|322.4|[-0.23,-0.24,0.23,0.24,-2.14,2.14]
OTTOWN|Rodopoli|OBJ|wall|city_pillar_f.p3d|[18706.55,16607.73,34.52]|322.4|[-0.23,-0.24,0.23,0.24,-2.14,2.14]
OTTOWN|Rodopoli|OBJ|wall|city2_8m_f.p3d|[18747.00,16596.50,32.83]|57.2|[-3.51,-0.25,3.51,0.25,-2.09,2.09]
OTTOWN|Rodopoli|OBJ|wall|concrete_smallwall_8m_f.p3d|[18721.17,16618.02,33.65]|325.6|[-4.00,-0.26,4.00,0.26,-1.15,1.15]
OTTOWN|Rodopoli|OBJ|wall|city2_8m_f.p3d|[18701.79,16638.61,36.01]|222.3|[-3.51,-0.25,3.51,0.25,-2.09,2.09]
OTTOWN|Rodopoli|OBJ|wall|concrete_smallwall_8m_f.p3d|[18727.63,16622.54,33.13]|324.7|[-4.00,-0.26,4.00,0.26,-1.15,1.15]
OTTOWN|Rodopoli|OBJ|wall|city_pillar_f.p3d|[18730.74,16624.70,33.17]|325.3|[-0.23,-0.24,0.23,0.24,-2.14,2.14]
OTTOWN|Rodopoli|OBJ|wall|city_pillar_f.p3d|[18726.06,16621.42,33.57]|325.3|[-0.23,-0.24,0.23,0.24,-2.14,2.14]
OTTOWN|Rodopoli|OBJ|tree|t_ficusb1s_f.p3d|[18687.04,16575.44,34.38]|354.9|[-5.06,-5.62,5.06,5.62,-4.61,4.61]
OTTOWN|Rodopoli|OBJ|tree|t_oleae2s_f.p3d|[18719.02,16586.29,33.39]|75.0|[-7.19,-6.88,7.19,6.88,-7.90,7.90]
OTTOWN|Rodopoli|OBJ|tree|t_oleae2s_f.p3d|[18714.31,16582.63,33.51]|98.0|[-7.19,-6.88,7.19,6.88,-7.90,7.90]
OTTOWN|Rodopoli|OBJ|tree|t_ficusb2s_f.p3d|[18732.04,16566.11,31.73]|30.1|[-8.66,-8.23,8.66,8.23,-5.99,5.99]
OTTOWN|Rodopoli|OBJ|tree|t_ficusb2s_f.p3d|[18727.21,16560.65,32.18]|184.4|[-8.66,-8.23,8.66,8.23,-5.99,5.99]
OTTOWN|Rodopoli|OBJ|tree|t_populusn3s_f.p3d|[18718.68,16613.11,34.07]|46.0|[-6.35,-6.83,6.35,6.83,-16.41,16.41]
OTTOWN|Rodopoli|OBJ|tree|t_populusn3s_f.p3d|[18698.54,16597.78,34.70]|69.0|[-6.35,-6.83,6.35,6.83,-16.41,16.41]
OTTOWN|Rodopoli|OBJ|tree|t_populusn3s_f.p3d|[18708.13,16605.11,34.42]|170.0|[-6.35,-6.83,6.35,6.83,-16.41,16.41]
OTTOWN|Rodopoli|OBJ|tree|t_populusn3s_f.p3d|[18729.07,16620.91,33.32]|321.0|[-6.35,-6.83,6.35,6.83,-16.41,16.41]
OTTOWN|Rodopoli|ROAD|TRACK|10.0|[18710.15,16562.12,33.01]|[18690.00,16589.62,34.69]
OTTOWN|Rodopoli|ROAD|TRACK|10.0|[18761.30,16591.36,31.83]|[18766.49,16583.29,31.43]
OTTOWN|Rodopoli|ROAD|TRACK|10.0|[18685.46,16598.73,34.89]|[18671.25,16583.35,35.14]
OTTOWN|Rodopoli|ROAD|TRACK|10.0|[18690.00,16589.62,34.69]|[18684.38,16597.17,34.88]
OTTOWN|Rodopoli|ROAD|TRACK|10.0|[18670.59,16593.03,35.41]|[18678.50,16587.69,34.98]
OTTOWN|Rodopoli|ROAD|TRACK|10.0|[18706.97,16616.06,34.57]|[18685.46,16598.73,34.89]
OTTOWN|Rodopoli|ROAD|TRACK|10.0|[18715.16,16622.22,34.28]|[18706.97,16616.06,34.57]
OTTOWN|Rodopoli|ROAD|TRACK|10.0|[18716.01,16621.99,34.20]|[18708.00,16617.10,34.56]
OTTOWN|Rodopoli|ROAD|TRACK|10.0|[18739.12,16625.74,32.78]|[18750.26,16608.47,32.63]
OTTOWN|Rodopoli|ROAD|TRACK|10.0|[18750.26,16608.47,32.63]|[18761.30,16591.36,31.83]
OTTOWN|Rodopoli|ROAD|TRACK|10.0|[18739.38,16636.36,32.87]|[18716.01,16621.99,34.20]
OTTOWN|Rodopoli|ROAD|TRACK|10.0|[18733.61,16634.29,33.17]|[18739.12,16625.74,32.78]
OTTOWN|Rodopoli|H|0|[33.84,33.83,33.81,33.78,33.67,33.51,33.42,33.39,33.24,33.08,33.03,32.99,32.93,32.87,32.81,32.77,32.74,32.72,32.72,32.66,32.58,32.42,32.20,32.03,31.86,31.77,31.68,31.55,31.41,31.31,31.21,31.12,31.04,30.96,30.90,30.84,30.76,30.68,30.59,30.51,30.43,30.33,30.15,29.99,30.00]
OTTOWN|Rodopoli|H|1|[34.21,34.20,34.18,34.07,33.91,33.75,33.67,33.52,33.36,33.20,33.14,33.08,33.02,32.96,32.92,32.89,32.86,32.84,32.79,32.70,32.62,32.46,32.28,32.11,31.94,31.84,31.70,31.57,31.44,31.34,31.25,31.16,31.07,31.01,30.94,30.88,30.81,30.72,30.64,30.55,30.46,30.28,30.10,29.93,29.96]
OTTOWN|Rodopoli|H|2|[34.49,34.48,34.36,34.21,34.05,33.89,33.79,33.63,33.47,33.32,33.25,33.19,33.13,33.06,33.04,33.01,32.98,32.92,32.83,32.75,32.66,32.53,32.36,32.19,32.02,31.87,31.74,31.60,31.46,31.37,31.28,31.19,31.11,31.05,30.99,30.93,30.86,30.78,30.69,30.61,30.45,30.27,30.08,29.95,29.99]
OTTOWN|Rodopoli|H|3|[34.56,34.43,34.25,34.09,33.93,33.95,33.88,33.72,33.56,33.46,33.40,33.34,33.27,33.19,33.16,33.14,33.06,32.97,32.88,32.80,32.72,32.59,32.42,32.25,32.07,31.93,31.80,31.65,31.49,31.40,31.30,31.23,31.16,31.10,31.04,31.01,30.95,30.87,30.78,30.71,30.55,30.37,30.22,30.13,30.17]
OTTOWN|Rodopoli|H|4|[34.52,34.32,34.13,33.98,33.99,34.04,33.96,33.81,33.71,33.61,33.54,33.47,33.39,33.31,33.29,33.22,33.12,33.02,32.94,32.86,32.79,32.66,32.48,32.31,32.13,31.99,31.84,31.67,31.51,31.42,31.35,31.28,31.22,31.15,31.13,31.10,31.04,30.96,30.89,30.81,30.65,30.50,30.40,30.31,30.36]
OTTOWN|Rodopoli|H|5|[34.40,34.20,34.02,34.04,34.08,34.12,34.05,33.96,33.86,33.76,33.68,33.60,33.52,33.44,33.37,33.27,33.17,33.08,33.00,32.93,32.85,32.72,32.54,32.37,32.19,32.04,31.87,31.70,31.54,31.46,31.40,31.33,31.27,31.24,31.21,31.19,31.13,31.06,30.99,30.91,30.78,30.68,30.58,30.50,30.49]
OTTOWN|Rodopoli|H|6|[34.38,34.18,34.09,34.13,34.18,34.21,34.15,34.05,33.95,33.89,33.81,33.73,33.65,33.58,33.48,33.38,33.28,33.16,33.09,33.01,32.92,32.75,32.57,32.40,32.23,32.06,31.89,31.73,31.58,31.51,31.45,31.38,31.34,31.31,31.29,31.27,31.22,31.15,31.08,31.02,30.93,30.84,30.74,30.66,30.62]
OTTOWN|Rodopoli|H|7|[34.43,34.28,34.19,34.24,34.27,34.27,34.20,34.11,34.04,34.02,33.95,33.87,33.80,33.75,33.65,33.55,33.40,33.26,33.19,33.10,32.93,32.75,32.58,32.41,32.25,32.09,31.92,31.77,31.63,31.56,31.49,31.44,31.40,31.38,31.36,31.35,31.30,31.23,31.18,31.15,31.06,30.96,30.88,30.81,30.77]
OTTOWN|Rodopoli|H|8|[34.53,34.38,34.30,34.33,34.33,34.32,34.26,34.19,34.17,34.16,34.09,34.02,33.97,33.91,33.81,33.66,33.50,33.37,33.28,33.11,32.93,32.76,32.59,32.43,32.28,32.11,31.96,31.81,31.68,31.61,31.56,31.51,31.47,31.45,31.44,31.43,31.39,31.33,31.30,31.27,31.19,31.10,31.03,30.96,30.92]
OTTOWN|Rodopoli|H|9|[34.64,34.49,34.40,34.39,34.38,34.37,34.34,34.33,34.31,34.29,34.24,34.19,34.13,34.08,33.92,33.76,33.60,33.46,33.29,33.11,32.94,32.77,32.61,32.46,32.30,32.15,32.01,31.86,31.72,31.67,31.63,31.58,31.54,31.53,31.52,31.52,31.49,31.46,31.43,31.40,31.33,31.25,31.18,31.10,31.05]
OTTOWN|Rodopoli|H|10|[34.66,34.52,34.49,34.49,34.48,34.45,34.42,34.41,34.39,34.35,34.29,34.24,34.19,34.12,33.96,33.80,33.64,33.47,33.29,33.12,32.96,32.81,32.65,32.49,32.35,32.20,32.06,31.92,31.76,31.71,31.66,31.62,31.60,31.59,31.58,31.58,31.57,31.54,31.51,31.48,31.42,31.34,31.27,31.19,31.13]
OTTOWN|Rodopoli|H|11|[34.68,34.63,34.60,34.59,34.57,34.52,34.49,34.47,34.43,34.37,34.32,34.26,34.20,34.13,33.97,33.81,33.65,33.48,33.30,33.14,33.00,32.85,32.69,32.54,32.40,32.26,32.12,31.95,31.79,31.74,31.70,31.67,31.65,31.64,31.64,31.65,31.64,31.61,31.58,31.56,31.49,31.42,31.33,31.25,31.19]
OTTOWN|Rodopoli|H|12|[34.79,34.74,34.71,34.69,34.64,34.59,34.56,34.51,34.46,34.40,34.34,34.28,34.22,34.15,33.99,33.82,33.65,33.48,33.32,33.18,33.04,32.89,32.74,32.60,32.46,32.32,32.15,31.98,31.82,31.78,31.75,31.72,31.70,31.70,31.71,31.73,31.71,31.69,31.66,31.63,31.57,31.48,31.40,31.32,31.26]
OTTOWN|Rodopoli|H|13|[34.89,34.85,34.80,34.75,34.70,34.65,34.60,34.54,34.48,34.42,34.36,34.30,34.24,34.17,34.00,33.83,33.66,33.50,33.36,33.22,33.08,32.94,32.80,32.66,32.52,32.35,32.18,32.02,31.86,31.83,31.80,31.77,31.76,31.77,31.78,31.80,31.79,31.76,31.73,31.71,31.63,31.55,31.47,31.39,31.36]
OTTOWN|Rodopoli|H|14|[34.96,34.89,34.80,34.75,34.70,34.66,34.60,34.55,34.49,34.47,34.41,34.35,34.28,34.17,34.00,33.83,33.69,33.57,33.43,33.29,33.17,33.04,32.90,32.76,32.61,32.44,32.27,32.11,31.96,31.93,31.90,31.86,31.83,31.84,31.85,31.85,31.83,31.81,31.78,31.74,31.67,31.58,31.51,31.49,31.46]
OTTOWN|Rodopoli|H|15|[35.00,34.89,34.80,34.75,34.71,34.66,34.61,34.55,34.53,34.52,34.46,34.39,34.29,34.18,34.01,33.86,33.76,33.64,33.50,33.38,33.27,33.14,33.00,32.85,32.69,32.53,32.36,32.20,32.05,32.02,31.98,31.93,31.90,31.91,31.91,31.90,31.88,31.86,31.82,31.78,31.70,31.63,31.61,31.60,31.56]
OTTOWN|Rodopoli|H|16|[35.00,34.89,34.80,34.76,34.71,34.67,34.62,34.60,34.58,34.57,34.51,34.40,34.29,34.18,34.04,33.93,33.82,33.70,33.58,33.48,33.37,33.24,33.09,32.94,32.78,32.62,32.46,32.30,32.15,32.11,32.05,32.00,31.97,31.97,31.96,31.95,31.93,31.89,31.85,31.81,31.74,31.73,31.72,31.70,31.68]
OTTOWN|Rodopoli|H|17|[35.01,34.90,34.80,34.76,34.72,34.68,34.66,34.64,34.63,34.61,34.52,34.41,34.31,34.22,34.11,34.01,33.90,33.79,33.69,33.58,33.47,33.32,33.17,33.01,32.86,32.70,32.54,32.39,32.25,32.19,32.14,32.08,32.04,32.03,32.03,32.02,31.98,31.94,31.90,31.86,31.83,31.82,31.81,31.79,31.78]
OTTOWN|Rodopoli|H|18|[35.05,34.92,34.80,34.76,34.71,34.70,34.68,34.67,34.65,34.64,34.55,34.44,34.36,34.32,34.21,34.11,34.00,33.89,33.78,33.68,33.53,33.38,33.22,33.07,32.93,32.77,32.61,32.47,32.38,32.32,32.26,32.20,32.16,32.15,32.15,32.11,32.06,32.02,31.98,31.91,31.89,31.88,31.86,31.84,31.83]
OTTOWN|Rodopoli|H|19|[35.06,34.91,34.79,34.75,34.74,34.73,34.71,34.70,34.68,34.67,34.58,34.50,34.46,34.42,34.32,34.21,34.10,33.99,33.88,33.74,33.58,33.43,33.28,33.14,33.00,32.84,32.70,32.60,32.50,32.45,32.39,32.33,32.28,32.27,32.23,32.19,32.15,32.10,32.04,31.97,31.95,31.93,31.91,31.89,31.88]
OTTOWN|Rodopoli|H|20|[35.06,34.90,34.79,34.77,34.76,34.75,34.74,34.73,34.71,34.70,34.63,34.60,34.56,34.52,34.42,34.31,34.20,34.09,33.94,33.79,33.64,33.49,33.34,33.20,33.06,32.93,32.83,32.72,32.63,32.57,32.51,32.45,32.40,32.36,32.32,32.27,32.22,32.16,32.09,32.02,32.00,31.98,31.96,31.95,31.93]
OTTOWN|Rodopoli|H|21|[35.12,34.97,34.87,34.85,34.84,34.82,34.76,34.75,34.74,34.72,34.68,34.65,34.61,34.57,34.46,34.35,34.24,34.14,33.99,33.84,33.69,33.57,33.43,33.28,33.15,33.05,32.95,32.84,32.71,32.65,32.58,32.52,32.52,32.47,32.43,32.38,32.31,32.24,32.17,32.10,32.07,32.05,32.03,32.00,31.99]
OTTOWN|Rodopoli|H|22|[35.24,35.09,34.99,34.98,34.96,34.84,34.78,34.77,34.75,34.72,34.68,34.65,34.61,34.57,34.46,34.35,34.28,34.18,34.03,33.89,33.79,33.66,33.52,33.39,33.27,33.16,33.06,32.91,32.75,32.69,32.63,32.65,32.66,32.61,32.56,32.49,32.41,32.35,32.27,32.18,32.15,32.13,32.10,32.07,32.05]
OTTOWN|Rodopoli|H|23|[35.36,35.22,35.12,35.10,34.98,34.86,34.81,34.78,34.75,34.72,34.68,34.64,34.61,34.56,34.45,34.38,34.32,34.23,34.08,33.98,33.88,33.75,33.62,33.50,33.38,33.28,33.13,32.96,32.79,32.73,32.75,32.79,32.80,32.75,32.67,32.59,32.52,32.44,32.35,32.26,32.23,32.20,32.17,32.14,32.12]
OTTOWN|Rodopoli|H|24|[35.49,35.35,35.24,35.12,35.00,34.88,34.82,34.78,34.75,34.72,34.68,34.64,34.60,34.56,34.49,34.43,34.36,34.28,34.17,34.07,33.97,33.85,33.73,33.61,33.49,33.35,33.17,33.00,32.84,32.86,32.89,32.93,32.93,32.85,32.78,32.70,32.62,32.52,32.43,32.34,32.30,32.27,32.23,32.20,32.18]
OTTOWN|Rodopoli|H|25|[35.62,35.47,35.29,35.17,35.06,34.93,34.86,34.82,34.79,34.72,34.68,34.64,34.60,34.56,34.50,34.44,34.37,34.31,34.21,34.11,34.00,33.88,33.76,33.64,33.49,33.32,33.14,32.97,32.85,32.89,32.92,32.95,32.89,32.81,32.74,32.68,32.62,32.53,32.43,32.39,32.36,32.33,32.30,32.26,32.23]
OTTOWN|Rodopoli|H|26|[35.74,35.53,35.35,35.24,35.11,34.98,34.90,34.87,34.80,34.72,34.68,34.64,34.60,34.56,34.50,34.44,34.39,34.32,34.22,34.11,33.99,33.87,33.75,33.60,33.44,33.27,33.10,32.96,32.85,32.88,32.91,32.87,32.81,32.73,32.68,32.66,32.60,32.51,32.47,32.45,32.42,32.39,32.35,32.31,32.29]
OTTOWN|Rodopoli|H|27|[35.80,35.60,35.42,35.29,35.16,35.02,34.95,34.88,34.80,34.72,34.68,34.64,34.60,34.56,34.50,34.45,34.41,34.34,34.23,34.11,33.99,33.86,33.72,33.56,33.39,33.22,33.09,32.96,32.85,32.87,32.83,32.79,32.73,32.68,32.66,32.64,32.58,32.54,32.53,32.51,32.48,32.45,32.41,32.37,32.34]
OTTOWN|Rodopoli|H|28|[35.87,35.66,35.48,35.34,35.21,35.07,34.96,34.88,34.80,34.72,34.68,34.64,34.61,34.57,34.52,34.47,34.42,34.35,34.23,34.10,33.98,33.83,33.67,33.51,33.35,33.21,33.09,32.96,32.84,32.79,32.75,32.71,32.67,32.66,32.64,32.63,32.61,32.60,32.59,32.57,32.54,32.50,32.46,32.42,32.42]
OTTOWN|Rodopoli|H|29|[35.88,35.73,35.63,35.50,35.36,35.16,35.02,34.94,34.86,34.77,34.72,34.69,34.65,34.59,34.55,34.50,34.46,34.40,34.27,34.15,33.98,33.81,33.64,33.48,33.37,33.25,33.12,32.99,32.84,32.80,32.76,32.70,32.64,32.63,32.61,32.61,32.60,32.59,32.57,32.57,32.54,32.50,32.46,32.45,32.45]
OTTOWN|Rodopoli|H|30|[35.95,35.88,35.78,35.65,35.45,35.22,35.07,34.99,34.90,34.81,34.77,34.73,34.67,34.62,34.57,34.53,34.50,34.44,34.32,34.15,33.96,33.78,33.62,33.51,33.41,33.29,33.16,33.00,32.85,32.81,32.75,32.67,32.61,32.60,32.59,32.60,32.59,32.58,32.57,32.57,32.54,32.50,32.49,32.48,32.48]
OTTOWN|Rodopoli|H|31|[36.10,36.03,35.94,35.74,35.50,35.27,35.12,35.04,34.94,34.85,34.81,34.75,34.70,34.65,34.61,34.58,34.55,34.49,34.32,34.12,33.93,33.75,33.65,33.55,33.45,33.32,33.17,33.01,32.86,32.80,32.72,32.64,32.59,32.58,32.58,32.59,32.58,32.58,32.57,32.57,32.54,32.53,32.52,32.52,32.51]
OTTOWN|Rodopoli|H|32|[36.21,36.14,36.02,35.78,35.55,35.31,35.14,35.05,34.96,34.88,34.82,34.77,34.72,34.66,34.63,34.60,34.58,34.49,34.29,34.10,33.90,33.77,33.67,33.58,33.47,33.32,33.16,33.00,32.88,32.80,32.72,32.64,32.57,32.58,32.58,32.58,32.58,32.58,32.57,32.56,32.54,32.53,32.53,32.55,32.55]
OTTOWN|Rodopoli|H|33|[36.23,36.16,36.04,35.80,35.57,35.27,35.09,35.00,34.92,34.87,34.82,34.77,34.71,34.65,34.62,34.59,34.56,34.47,34.28,34.08,33.91,33.78,33.68,33.58,33.43,33.28,33.12,33.00,32.94,32.86,32.78,32.67,32.58,32.58,32.58,32.59,32.59,32.58,32.57,32.49,32.47,32.46,32.50,32.59,32.59]
OTTOWN|Rodopoli|H|34|[36.25,36.18,36.06,35.82,35.53,35.23,35.05,34.96,34.92,34.87,34.82,34.76,34.70,34.64,34.61,34.57,34.54,34.45,34.26,34.08,33.91,33.78,33.68,33.54,33.39,33.24,33.12,33.06,33.00,32.92,32.81,32.67,32.58,32.59,32.59,32.59,32.59,32.58,32.50,32.42,32.40,32.43,32.53,32.63,32.63]
OTTOWN|Rodopoli|H|35|[36.28,36.21,36.08,35.79,35.48,35.18,35.00,34.96,34.91,34.87,34.81,34.75,34.68,34.62,34.59,34.56,34.52,34.43,34.26,34.09,33.92,33.78,33.64,33.50,33.35,33.23,33.18,33.12,33.06,32.95,32.81,32.68,32.59,32.59,32.59,32.60,32.59,32.51,32.43,32.35,32.37,32.47,32.57,32.66,32.67]
OTTOWN|Rodopoli|H|36|[36.37,36.30,36.11,35.80,35.50,35.20,35.05,35.00,34.96,34.89,34.83,34.76,34.70,34.64,34.61,34.57,34.54,34.40,34.23,34.06,33.90,33.77,33.63,33.48,33.35,33.29,33.24,33.18,33.08,32.95,32.81,32.68,32.62,32.62,32.62,32.63,32.59,32.51,32.43,32.36,32.43,32.53,32.63,32.71,32.72]
OTTOWN|Rodopoli|H|37|[36.52,36.39,36.19,35.88,35.58,35.28,35.13,35.08,35.02,34.93,34.86,34.80,34.74,34.69,34.65,34.62,34.49,34.35,34.18,34.01,33.91,33.78,33.63,33.51,33.41,33.34,33.29,33.19,33.08,32.94,32.80,32.72,32.67,32.67,32.68,32.70,32.66,32.58,32.51,32.44,32.51,32.61,32.69,32.76,32.77]
OTTOWN|Rodopoli|H|38|[36.61,36.46,36.26,35.96,35.66,35.36,35.21,35.15,35.06,34.97,34.90,34.84,34.79,34.73,34.70,34.57,34.44,34.29,34.13,34.02,33.91,33.79,33.66,33.56,33.46,33.40,33.30,33.19,33.07,32.93,32.85,32.77,32.72,32.72,32.75,32.77,32.74,32.66,32.59,32.52,32.59,32.67,32.74,32.80,32.82]
OTTOWN|Rodopoli|H|39|[36.69,36.54,36.34,36.04,35.74,35.45,35.28,35.19,35.10,35.01,34.94,34.89,34.83,34.78,34.65,34.52,34.38,34.24,34.14,34.03,33.92,33.81,33.71,33.61,33.51,33.41,33.30,33.18,33.06,32.98,32.90,32.82,32.77,32.80,32.82,32.84,32.81,32.74,32.67,32.60,32.66,32.72,32.79,32.85,32.84]
OTTOWN|Rodopoli|H|40|[36.93,36.79,36.62,36.32,36.03,35.69,35.48,35.39,35.30,35.10,35.01,34.95,34.90,34.78,34.65,34.51,34.37,34.24,34.13,34.02,33.90,33.79,33.69,33.59,33.51,33.40,33.28,33.16,33.05,32.98,32.90,32.83,32.82,32.85,32.87,32.89,32.85,32.78,32.71,32.68,32.73,32.80,32.86,32.90,32.89]
OTTOWN|Rodopoli|H|41|[37.23,37.13,36.96,36.66,36.33,35.94,35.72,35.63,35.44,35.17,35.08,35.03,34.91,34.79,34.66,34.52,34.37,34.23,34.12,34.00,33.86,33.75,33.65,33.56,33.49,33.38,33.26,33.15,33.04,32.96,32.89,32.87,32.87,32.89,32.91,32.92,32.88,32.81,32.78,32.76,32.81,32.88,32.92,32.96,32.95]
OTTOWN|Rodopoli|H|42|[37.56,37.46,37.30,36.96,36.57,36.18,35.97,35.77,35.51,35.24,35.15,35.04,34.92,34.80,34.66,34.51,34.36,34.22,34.10,33.96,33.82,33.70,33.62,33.54,33.47,33.36,33.25,33.13,33.03,32.96,32.94,32.92,32.91,32.93,32.94,32.95,32.91,32.87,32.86,32.84,32.90,32.94,32.98,33.02,33.00]
OTTOWN|Rodopoli|H|43|[37.89,37.79,37.60,37.21,36.82,36.43,36.11,35.85,35.58,35.32,35.18,35.06,34.94,34.81,34.65,34.50,34.35,34.21,34.06,33.92,33.78,33.68,33.60,33.53,33.45,33.34,33.23,33.12,33.02,33.00,32.98,32.96,32.95,32.96,32.97,32.98,32.97,32.96,32.94,32.92,32.96,33.00,33.04,33.07,33.01]
OTTOWN|Rodopoli|H|44|[38.05,37.96,37.80,37.41,37.02,36.64,36.33,36.06,35.80,35.51,35.36,35.24,35.10,34.80,34.65,34.49,34.39,34.31,34.17,34.03,33.83,33.69,33.62,33.54,33.38,33.26,33.15,33.05,33.05,33.03,33.01,32.99,32.97,32.98,32.99,32.99,32.98,32.97,32.95,33.00,33.04,33.08,33.11,33.11,33.06]
OTTOWN|Rodopoli|END
OTTOWN|Athanos|HEAD|i_Stone_HouseBig_V1_F|Land_i_Stone_HouseBig_V3_F|[3524.965,10275.319,26.379]|164.31|false|21|1|2
OTTOWN|Athanos|BOX|[-6.78,-6.16,6.78,6.16,-5.84,5.84]
OTTOWN|Athanos|DOOR|main|[3521.53,10276.43,26.82]|344.3|1.00
OTTOWN|Athanos|BPOS|[[3526.02,10273.23,26.89],[3526.90,10270.65,26.87],[3522.34,10269.64,29.67],[3522.59,10275.46,29.71],[3526.69,10272.52,29.71],[3521.76,10272.69,26.88]]
OTTOWN|Athanos|OBJ|building|Land_i_Stone_Shed_V2_F|[3525.46,10264.64,26.62]|74.8|[-4.53,-4.96,4.53,4.96,-3.80,3.80]
OTTOWN|Athanos|OBJ|building|Land_Slum_House01_F|[3543.11,10289.09,24.72]|327.5|[-2.93,-3.98,2.93,3.98,-1.90,1.90]
OTTOWN|Athanos|OBJ|wall|stone_8m_f.p3d|[3554.64,10248.74,21.64]|320.4|[-4.26,-0.35,4.26,0.35,-1.30,1.30]
OTTOWN|Athanos|OBJ|wall|stone_4m_f.p3d|[3552.40,10244.10,22.14]|69.2|[-2.22,-0.36,2.22,0.36,-1.29,1.29]
OTTOWN|Athanos|OBJ|wall|stone_pillar_f.p3d|[3557.80,10251.32,20.89]|320.0|[-0.45,-0.44,0.45,0.44,-1.79,1.79]
OTTOWN|Athanos|OBJ|wall|stone_pillar_f.p3d|[3566.69,10258.84,19.22]|320.0|[-0.45,-0.44,0.45,0.44,-1.79,1.79]
OTTOWN|Athanos|OBJ|wall|stone_pillar_f.p3d|[3551.62,10246.08,22.37]|335.2|[-0.45,-0.44,0.45,0.44,-1.79,1.79]
OTTOWN|Athanos|OBJ|tree|t_ficusb2s_f.p3d|[3533.11,10246.28,27.24]|122.9|[-8.66,-8.23,8.66,8.23,-5.99,5.99]
OTTOWN|Athanos|OBJ|tree|t_ficusb1s_f.p3d|[3534.40,10238.58,27.12]|84.0|[-5.06,-5.62,5.06,5.62,-4.61,4.61]
OTTOWN|Athanos|OBJ|tree|t_ficusb1s_f.p3d|[3532.89,10252.47,26.68]|312.9|[-5.06,-5.62,5.06,5.62,-4.61,4.61]
OTTOWN|Athanos|OBJ|tree|t_ficusb2s_f.p3d|[3545.26,10235.55,23.51]|26.9|[-8.66,-8.23,8.66,8.23,-5.99,5.99]
OTTOWN|Athanos|OBJ|tree|t_ficusb1s_f.p3d|[3550.93,10247.24,22.65]|122.0|[-5.06,-5.62,5.06,5.62,-4.61,4.61]
OTTOWN|Athanos|OBJ|tree|t_ficusb1s_f.p3d|[3541.60,10252.07,24.32]|242.0|[-5.06,-5.62,5.06,5.62,-4.61,4.61]
OTTOWN|Athanos|OBJ|tree|t_ficusb1s_f.p3d|[3542.56,10240.63,24.37]|184.0|[-5.06,-5.62,5.06,5.62,-4.61,4.61]
OTTOWN|Athanos|OBJ|tree|t_ficusb2s_f.p3d|[3569.86,10275.00,20.75]|135.0|[-8.66,-8.23,8.66,8.23,-5.99,5.99]
OTTOWN|Athanos|OBJ|tree|t_ficusb2s_f.p3d|[3551.37,10287.50,24.18]|255.6|[-8.66,-8.23,8.66,8.23,-5.99,5.99]
OTTOWN|Athanos|OBJ|tree|t_ficusb1s_f.p3d|[3540.44,10264.06,25.28]|209.1|[-5.06,-5.62,5.06,5.62,-4.61,4.61]
OTTOWN|Athanos|OBJ|tree|t_ficusb1s_f.p3d|[3557.33,10278.90,23.17]|218.9|[-5.06,-5.62,5.06,5.62,-4.61,4.61]
OTTOWN|Athanos|OBJ|tree|t_ficusb1s_f.p3d|[3567.79,10269.19,19.93]|214.2|[-5.06,-5.62,5.06,5.62,-4.61,4.61]
OTTOWN|Athanos|ROAD|TRACK|10.0|[3518.59,10247.62,26.98]|[3524.41,10233.87,26.82]
OTTOWN|Athanos|ROAD|TRACK|10.0|[3510.74,10276.77,26.57]|[3518.59,10247.62,26.98]
OTTOWN|Athanos|ROAD|TRACK|10.0|[3516.01,10289.15,26.22]|[3511.62,10284.09,26.43]
OTTOWN|Athanos|ROAD|TRACK|10.0|[3511.62,10284.09,26.43]|[3510.74,10276.77,26.57]
OTTOWN|Athanos|ROAD|TRACK|10.0|[3531.63,10296.80,25.24]|[3516.01,10289.15,26.22]
OTTOWN|Athanos|ROAD|TRACK|10.0|[3554.46,10311.26,24.28]|[3531.63,10296.80,25.24]
OTTOWN|Athanos|ROAD|TRACK|10.0|[3562.80,10314.14,23.57]|[3554.46,10311.26,24.28]
OTTOWN|Athanos|H|0|[33.77,33.19,32.60,32.03,31.44,30.85,30.25,29.62,29.24,28.87,28.49,28.17,27.97,27.76,27.56,27.40,27.27,27.14,27.01,26.92,26.83,26.73,26.70,26.73,26.76,26.79,26.76,26.42,26.07,25.70,25.09,24.34,23.59,22.91,22.46,22.06,21.65,21.18,20.82,20.47,20.12,19.67,19.28,18.88,18.50]
OTTOWN|Athanos|H|1|[33.69,33.10,32.53,31.99,31.40,30.80,30.17,29.53,29.15,28.78,28.42,28.09,27.89,27.69,27.51,27.35,27.22,27.10,27.00,26.90,26.81,26.78,26.78,26.81,26.84,26.91,26.89,26.55,26.18,25.69,25.08,24.33,23.65,23.08,22.63,22.23,21.75,21.24,20.88,20.53,20.06,19.60,19.21,18.83,18.53]
OTTOWN|Athanos|H|2|[33.61,33.04,32.49,31.94,31.36,30.73,30.08,29.43,29.05,28.70,28.34,28.02,27.82,27.64,27.46,27.30,27.18,27.08,26.98,26.88,26.85,26.85,26.86,26.88,26.96,27.04,27.02,26.65,26.17,25.68,25.07,24.39,23.82,23.25,22.80,22.32,21.81,21.30,20.94,20.47,19.99,19.53,19.15,18.86,18.56]
OTTOWN|Athanos|H|3|[33.54,32.99,32.45,31.90,31.28,30.64,29.99,29.34,28.98,28.62,28.26,27.94,27.76,27.59,27.41,27.26,27.16,27.06,26.96,26.92,26.93,26.93,26.93,27.01,27.09,27.17,27.13,26.64,26.16,25.67,25.13,24.56,23.99,23.42,22.90,22.38,21.87,21.35,20.88,20.40,19.92,19.48,19.18,18.89,18.59]
OTTOWN|Athanos|H|4|[33.48,32.93,32.38,31.85,31.23,30.59,29.94,29.33,28.97,28.61,28.25,27.92,27.75,27.57,27.34,27.14,27.04,26.93,26.91,26.92,26.92,26.92,26.97,27.05,27.13,27.21,27.13,26.65,26.16,25.62,25.01,24.44,23.87,23.36,22.85,22.33,21.82,21.46,20.98,20.50,20.01,19.52,19.22,18.93,18.63]
OTTOWN|Athanos|H|5|[33.41,32.87,32.33,31.80,31.19,30.54,29.93,29.33,28.97,28.61,28.24,27.91,27.73,27.50,27.20,27.00,26.90,26.88,26.89,26.90,26.90,26.95,27.01,27.08,27.16,27.21,27.14,26.66,26.11,25.47,24.87,24.30,23.78,23.30,22.79,22.28,21.92,21.58,21.10,20.61,20.05,19.56,19.26,18.97,18.68]
OTTOWN|Athanos|H|6|[33.35,32.82,32.29,31.76,31.14,30.54,29.93,29.33,28.97,28.59,28.22,27.89,27.67,27.37,27.07,26.87,26.84,26.86,26.88,26.89,26.93,26.99,27.04,27.12,27.17,27.22,27.15,26.61,25.97,25.33,24.73,24.21,23.72,23.24,22.73,22.37,22.03,21.69,21.20,20.65,20.09,19.60,19.30,19.01,18.72]
OTTOWN|Athanos|H|7|[33.29,32.76,32.23,31.70,31.12,30.52,29.91,29.32,28.95,28.57,28.20,27.85,27.55,27.25,26.95,26.82,26.84,26.86,26.87,26.92,26.97,27.02,27.07,27.12,27.18,27.23,27.11,26.47,25.83,25.20,24.65,24.16,23.68,23.19,22.81,22.47,22.13,21.78,21.23,20.67,20.12,19.62,19.33,19.04,18.75]
OTTOWN|Athanos|H|8|[33.16,32.64,32.11,31.58,31.00,30.39,29.80,29.27,28.90,28.52,28.17,27.85,27.55,27.25,26.99,26.88,26.90,26.91,26.92,26.96,27.01,27.06,27.08,27.13,27.19,27.20,27.02,26.39,25.75,25.17,24.66,24.17,23.68,23.20,22.82,22.48,22.13,21.75,21.19,20.64,20.08,19.57,19.28,18.99,18.75]
OTTOWN|Athanos|H|9|[33.04,32.51,31.98,31.46,30.87,30.28,29.75,29.23,28.85,28.49,28.17,27.84,27.55,27.29,27.05,26.94,26.95,26.96,26.97,27.01,27.06,27.07,27.09,27.15,27.16,27.12,26.94,26.30,25.72,25.18,24.66,24.18,23.69,23.21,22.83,22.49,22.10,21.71,21.16,20.60,20.03,19.52,19.23,18.99,18.76]
OTTOWN|Athanos|H|10|[32.92,32.39,31.86,31.33,30.76,30.23,29.71,29.18,28.82,28.49,28.16,27.84,27.58,27.35,27.11,26.99,27.00,27.01,27.01,27.05,27.07,27.08,27.10,27.12,27.08,27.03,26.85,26.27,25.73,25.19,24.67,24.19,23.71,23.22,22.84,22.45,22.06,21.68,21.12,20.55,19.98,19.47,19.23,19.00,18.78]
OTTOWN|Athanos|H|11|[32.83,32.30,31.77,31.25,30.74,30.21,29.69,29.16,28.83,28.50,28.17,27.79,27.55,27.31,27.08,27.01,27.01,27.02,27.03,27.05,27.07,27.09,27.09,27.04,27.00,26.96,26.79,26.25,25.70,25.16,24.74,24.26,23.77,23.28,22.86,22.47,22.08,21.68,21.11,20.54,19.97,19.51,19.29,19.07,18.84]
OTTOWN|Athanos|H|12|[32.78,32.25,31.73,31.27,30.76,30.24,29.71,29.18,28.85,28.52,28.07,27.62,27.38,27.15,27.02,26.97,26.98,26.99,27.03,27.06,27.08,27.07,27.03,26.99,26.94,26.89,26.71,26.17,25.62,25.29,24.89,24.41,23.92,23.38,22.95,22.56,22.16,21.74,21.17,20.60,20.07,19.63,19.41,19.19,18.84]
OTTOWN|Athanos|H|13|[32.74,32.22,31.76,31.29,30.78,30.26,29.73,29.21,28.88,28.43,27.91,27.46,27.22,27.10,26.99,26.93,26.94,26.99,27.03,27.06,27.05,27.01,26.97,26.93,26.87,26.81,26.63,26.09,25.75,25.44,25.04,24.55,24.01,23.47,23.04,22.64,22.22,21.79,21.22,20.70,20.19,19.75,19.53,19.18,18.82]
OTTOWN|Athanos|H|14|[32.70,32.24,31.78,31.32,30.81,30.28,29.76,29.23,28.78,28.26,27.74,27.29,27.17,27.06,26.95,26.90,26.95,26.99,27.04,27.04,27.00,26.95,26.91,26.85,26.79,26.73,26.55,26.21,25.90,25.59,25.19,24.65,24.10,23.56,23.12,22.70,22.27,21.85,21.32,20.82,20.32,19.88,19.53,19.16,18.80]
OTTOWN|Athanos|H|15|[32.68,32.22,31.76,31.27,30.74,30.21,29.69,28.90,28.38,27.86,27.34,27.25,27.14,27.03,26.92,26.91,26.95,27.00,27.02,26.99,26.94,26.90,26.84,26.77,26.71,26.64,26.53,26.21,25.90,25.61,25.27,24.73,24.18,23.71,23.30,22.88,22.46,21.93,21.42,20.92,20.41,19.99,19.63,19.26,18.90]
OTTOWN|Athanos|H|16|[32.64,32.18,31.69,31.15,30.62,30.10,29.31,28.37,27.85,27.33,27.26,27.22,27.11,27.01,26.93,26.92,26.96,26.98,26.97,26.94,26.90,26.83,26.75,26.69,26.63,26.57,26.45,26.14,25.85,25.68,25.34,24.80,24.33,23.96,23.56,23.13,22.60,22.01,21.50,21.00,20.57,20.16,19.79,19.43,19.13]
OTTOWN|Athanos|H|17|[32.59,32.10,31.57,31.04,30.51,29.72,28.79,27.85,27.32,27.25,27.23,27.19,27.09,27.01,26.94,26.92,26.95,26.94,26.93,26.89,26.83,26.75,26.67,26.61,26.55,26.49,26.37,26.08,25.92,25.76,25.41,24.94,24.58,24.21,23.81,23.27,22.68,22.09,21.58,21.15,20.73,20.32,19.96,19.65,19.35]
OTTOWN|Athanos|H|18|[32.52,31.99,31.46,30.92,30.13,29.20,28.26,27.32,27.24,27.23,27.21,27.17,27.10,27.02,26.95,26.91,26.90,26.89,26.88,26.82,26.74,26.67,26.59,26.53,26.47,26.41,26.32,26.15,25.99,25.83,25.55,25.19,24.83,24.46,23.95,23.36,22.76,22.17,21.74,21.31,20.89,20.49,20.18,19.88,19.57]
OTTOWN|Athanos|H|19|[32.44,31.91,31.38,30.55,29.59,28.66,27.72,27.35,27.32,27.30,27.25,27.06,26.99,26.91,26.85,26.83,26.82,26.81,26.78,26.72,26.64,26.56,26.51,26.45,26.40,26.33,26.23,26.07,25.91,25.75,25.49,25.13,24.76,24.48,23.98,23.39,22.80,22.48,22.06,21.64,21.21,20.76,20.46,20.15,19.81]
OTTOWN|Athanos|H|20|[32.37,31.84,31.01,30.01,29.06,28.12,27.74,27.43,27.41,27.36,27.13,26.94,26.86,26.81,26.77,26.75,26.74,26.71,26.68,26.61,26.53,26.48,26.44,26.38,26.32,26.24,26.14,25.98,25.81,25.65,25.40,25.03,24.75,24.51,24.01,23.42,23.10,22.82,22.40,21.97,21.49,21.04,20.74,20.39,19.99]
OTTOWN|Athanos|H|21|[32.30,31.46,30.47,29.47,28.52,28.14,27.83,27.52,27.47,27.24,27.01,26.82,26.76,26.73,26.69,26.67,26.64,26.61,26.57,26.50,26.45,26.41,26.36,26.30,26.22,26.14,26.04,25.88,25.72,25.56,25.30,25.02,24.78,24.54,24.04,23.73,23.44,23.16,22.73,22.25,21.77,21.32,20.98,20.58,20.18]
OTTOWN|Athanos|H|22|[31.94,30.94,29.94,28.94,28.53,28.22,27.91,27.59,27.36,27.13,26.90,26.72,26.69,26.66,26.63,26.58,26.54,26.51,26.47,26.43,26.38,26.34,26.28,26.20,26.12,26.04,25.94,25.78,25.62,25.46,25.27,25.03,24.79,24.55,24.30,24.02,23.74,23.47,23.00,22.52,22.03,21.59,21.19,20.79,20.39]
OTTOWN|Athanos|H|23|[31.49,30.49,29.49,28.92,28.55,28.24,27.92,27.56,27.32,27.10,26.88,26.73,26.70,26.67,26.59,26.52,26.48,26.44,26.42,26.38,26.34,26.28,26.16,26.08,26.00,25.91,25.80,25.64,25.48,25.36,25.20,24.96,24.72,24.59,24.36,24.08,23.81,23.68,23.20,22.72,22.28,21.91,21.51,21.11,20.70]
OTTOWN|Athanos|H|24|[31.04,30.04,29.46,28.94,28.57,28.25,27.89,27.52,27.29,27.08,26.89,26.75,26.71,26.63,26.53,26.45,26.42,26.39,26.37,26.33,26.28,26.15,26.03,25.95,25.87,25.77,25.66,25.50,25.38,25.29,25.12,24.88,24.76,24.65,24.41,24.15,24.02,23.88,23.40,22.97,22.61,22.23,21.83,21.43,21.02]
OTTOWN|Athanos|H|25|[30.58,30.01,29.48,28.96,28.58,28.22,27.85,27.49,27.27,27.09,26.90,26.76,26.68,26.57,26.46,26.39,26.37,26.35,26.32,26.27,26.15,26.03,25.91,25.82,25.73,25.63,25.52,25.41,25.31,25.21,25.05,24.92,24.82,24.71,24.49,24.35,24.22,24.08,23.65,23.29,22.93,22.56,22.15,21.74,21.33]
OTTOWN|Athanos|H|26|[30.49,29.96,29.43,28.93,28.56,28.20,27.83,27.52,27.34,27.15,26.97,26.79,26.69,26.58,26.47,26.38,26.36,26.34,26.30,26.17,26.05,25.92,25.81,25.72,25.62,25.53,25.42,25.33,25.23,25.14,25.03,24.92,24.81,24.71,24.59,24.46,24.32,24.18,23.82,23.46,23.10,22.82,22.41,22.00,21.58]
OTTOWN|Athanos|H|27|[30.34,29.81,29.31,28.93,28.57,28.20,27.89,27.66,27.47,27.29,27.09,26.91,26.80,26.69,26.53,26.43,26.41,26.37,26.22,26.09,25.97,25.86,25.75,25.66,25.57,25.46,25.34,25.25,25.15,25.05,24.95,24.84,24.73,24.67,24.55,24.42,24.28,24.12,23.76,23.40,23.19,22.99,22.58,22.17,21.67]
OTTOWN|Athanos|H|28|[30.19,29.68,29.31,28.94,28.57,28.26,28.03,27.80,27.61,27.41,27.21,27.02,26.91,26.75,26.58,26.48,26.44,26.29,26.15,26.02,25.90,25.80,25.70,25.60,25.49,25.37,25.26,25.16,25.06,24.97,24.86,24.76,24.69,24.63,24.51,24.37,24.22,24.07,23.71,23.50,23.36,23.17,22.76,22.26,21.75]
OTTOWN|Athanos|H|29|[30.06,29.69,29.31,28.94,28.62,28.40,28.17,27.94,27.74,27.53,27.32,27.14,26.97,26.80,26.62,26.51,26.36,26.22,26.07,25.95,25.85,25.74,25.64,25.53,25.41,25.29,25.18,25.08,24.98,24.88,24.78,24.72,24.65,24.59,24.47,24.32,24.16,24.01,23.80,23.67,23.54,23.34,22.85,22.34,21.83]
OTTOWN|Athanos|H|30|[30.08,29.71,29.34,28.98,28.72,28.49,28.26,28.00,27.80,27.59,27.38,27.19,27.01,26.84,26.67,26.55,26.40,26.26,26.09,25.95,25.85,25.74,25.59,25.47,25.35,25.23,25.14,25.04,24.94,24.85,24.76,24.70,24.64,24.57,24.44,24.29,24.14,24.05,23.92,23.79,23.66,23.34,22.83,22.32,21.83]
OTTOWN|Athanos|H|31|[30.12,29.75,29.39,29.06,28.80,28.57,28.31,28.03,27.82,27.62,27.42,27.23,27.05,26.89,26.78,26.65,26.50,26.33,26.11,25.98,25.87,25.72,25.54,25.42,25.30,25.22,25.13,25.04,24.94,24.84,24.76,24.69,24.63,24.56,24.44,24.28,24.19,24.14,24.01,23.88,23.61,23.28,22.77,22.28,21.90]
OTTOWN|Athanos|H|32|[30.16,29.80,29.47,29.13,28.88,28.62,28.34,28.06,27.85,27.66,27.46,27.27,27.10,26.99,26.88,26.75,26.58,26.36,26.14,26.00,25.85,25.67,25.50,25.37,25.29,25.21,25.13,25.03,24.93,24.83,24.75,24.68,24.62,24.56,24.43,24.34,24.29,24.23,24.10,23.83,23.55,23.21,22.72,22.34,21.96]
OTTOWN|Athanos|H|33|[30.21,29.88,29.55,29.21,28.92,28.65,28.37,28.09,27.89,27.70,27.50,27.31,27.20,27.09,26.98,26.82,26.60,26.38,26.17,25.98,25.80,25.63,25.45,25.36,25.28,25.20,25.12,25.02,24.92,24.82,24.74,24.68,24.61,24.55,24.48,24.43,24.38,24.32,24.06,23.77,23.48,23.17,22.79,22.41,22.03]
OTTOWN|Athanos|H|34|[31.00,30.67,30.34,30.02,29.73,29.46,29.18,28.84,28.64,28.45,28.21,27.81,27.70,27.59,27.32,26.95,26.73,26.51,26.27,26.07,25.89,25.71,25.57,25.49,25.41,25.31,25.14,25.04,24.94,24.85,24.78,24.72,24.65,24.57,24.50,24.45,24.39,24.37,24.09,23.80,23.53,23.28,22.90,22.52,22.18]
OTTOWN|Athanos|H|35|[31.86,31.53,31.21,30.90,30.62,30.34,30.01,29.66,29.46,29.23,28.74,28.34,28.23,27.96,27.45,27.08,26.86,26.62,26.36,26.16,25.98,25.84,25.70,25.62,25.52,25.33,25.16,25.06,24.97,24.90,24.83,24.76,24.68,24.58,24.51,24.46,24.43,24.41,24.13,23.86,23.65,23.40,23.02,22.67,22.38]
OTTOWN|Athanos|H|36|[32.73,32.41,32.10,31.79,31.50,31.17,30.83,30.49,30.25,29.76,29.27,28.88,28.61,28.10,27.58,27.21,26.97,26.71,26.46,26.26,26.12,25.98,25.84,25.74,25.55,25.35,25.18,25.09,25.02,24.94,24.87,24.78,24.69,24.59,24.52,24.50,24.48,24.45,24.18,23.97,23.76,23.51,23.17,22.87,22.58]
OTTOWN|Athanos|H|37|[33.48,33.17,32.86,32.55,32.23,31.89,31.54,31.21,30.73,30.24,29.76,29.28,28.76,28.25,27.74,27.34,27.08,26.83,26.57,26.38,26.24,26.10,25.97,25.77,25.58,25.39,25.20,25.13,25.05,24.98,24.89,24.79,24.69,24.60,24.56,24.54,24.52,24.48,24.27,24.06,23.85,23.63,23.33,23.04,22.74]
OTTOWN|Athanos|H|38|[33.62,33.31,33.00,32.72,32.40,32.06,31.72,31.42,30.94,30.45,30.00,29.56,29.05,28.54,27.97,27.53,27.28,27.02,26.65,26.45,26.31,26.17,26.07,25.88,25.68,25.45,25.21,25.13,25.06,24.98,24.89,24.79,24.69,24.63,24.60,24.58,24.54,24.41,24.20,23.99,23.80,23.62,23.32,23.02,22.73]
OTTOWN|Athanos|H|39|[33.75,33.44,33.16,32.89,32.57,32.23,31.93,31.63,31.15,30.69,30.28,29.85,29.34,28.77,28.16,27.73,27.47,27.10,26.72,26.51,26.38,26.27,26.17,25.98,25.75,25.45,25.21,25.14,25.06,24.97,24.88,24.78,24.72,24.67,24.64,24.60,24.47,24.34,24.13,23.94,23.79,23.60,23.31,23.01,22.72]
OTTOWN|Athanos|H|40|[33.88,33.61,33.33,33.06,32.74,32.44,32.14,31.84,31.39,30.98,30.57,30.13,29.56,28.96,28.36,27.92,27.55,27.17,26.78,26.58,26.48,26.38,26.27,26.04,25.75,25.46,25.22,25.14,25.05,24.97,24.88,24.82,24.76,24.71,24.66,24.53,24.40,24.26,24.08,23.93,23.77,23.59,23.29,23.00,22.71]
OTTOWN|Athanos|H|41|[34.03,33.76,33.49,33.22,32.93,32.63,32.33,32.05,31.64,31.23,30.82,30.42,29.82,29.21,28.61,28.14,27.76,27.37,26.95,26.70,26.60,26.50,26.34,26.05,25.76,25.47,25.33,25.24,25.16,25.07,24.91,24.86,24.81,24.73,24.59,24.46,24.32,24.21,24.06,23.90,23.75,23.58,23.28,22.99,22.70]
OTTOWN|Athanos|H|42|[34.17,33.89,33.63,33.37,33.08,32.78,32.50,32.25,31.84,31.43,31.10,30.75,30.15,29.55,29.01,28.54,28.16,27.74,27.10,26.85,26.75,26.59,26.36,26.07,25.78,25.65,25.60,25.51,25.43,25.14,24.96,24.90,24.83,24.65,24.51,24.37,24.26,24.17,24.02,23.87,23.73,23.56,23.27,22.98,22.73]
OTTOWN|Athanos|H|43|[34.30,34.03,33.77,33.52,33.23,32.95,32.70,32.45,32.04,31.72,31.44,31.09,30.49,29.94,29.41,28.95,28.52,27.88,27.24,27.00,26.84,26.61,26.39,26.10,25.96,25.92,25.86,25.78,25.49,25.19,25.00,24.93,24.75,24.57,24.42,24.31,24.22,24.13,23.98,23.84,23.72,23.55,23.26,23.01,22.76]
OTTOWN|Athanos|H|44|[34.44,34.18,33.92,33.67,33.40,33.15,32.90,32.65,32.33,32.05,31.78,31.43,30.88,30.35,29.81,29.31,28.67,28.03,27.39,27.09,26.87,26.64,26.41,26.27,26.23,26.18,26.13,25.85,25.54,25.23,25.03,24.85,24.67,24.49,24.36,24.27,24.18,24.09,23.96,23.83,23.70,23.54,23.29,23.04,22.80]
OTTOWN|Athanos|END
